2026-07-19 18:38:21.296 [background-preinit] INFO  [traceId= userId= role=] o.h.validator.internal.util.Version - HV000001: Hibernate Validator 6.2.5.Final
2026-07-19 18:38:21.306 [main] INFO  [traceId= userId= role=] com.kg.KgApplication - Starting KgApplication using Java 1.8.0_271 on LAPTOP-O2F6G5FB with PID 18732 (F:\aiProject\smart-study-system\backend\target\classes started by 86198 in F:\aiProject\smart-study-system\backend)
2026-07-19 18:38:21.312 [main] INFO  [traceId= userId= role=] com.kg.KgApplication - The following 1 profile is active: "dev"
2026-07-19 18:38:23.469 [main] INFO  [traceId= userId= role=] o.s.b.w.e.tomcat.TomcatWebServer - Tomcat initialized with port(s): 8080 (http)
2026-07-19 18:38:23.479 [main] INFO  [traceId= userId= role=] o.a.coyote.http11.Http11NioProtocol - Initializing ProtocolHandler ["http-nio-8080"]
2026-07-19 18:38:23.482 [main] INFO  [traceId= userId= role=] o.a.catalina.core.StandardService - Starting service [Tomcat]
2026-07-19 18:38:23.482 [main] INFO  [traceId= userId= role=] o.a.catalina.core.StandardEngine - Starting Servlet engine: [Apache Tomcat/9.0.83]
2026-07-19 18:38:23.698 [main] INFO  [traceId= userId= role=] o.a.c.c.C.[Tomcat].[localhost].[/] - Initializing Spring embedded WebApplicationContext
2026-07-19 18:38:23.698 [main] INFO  [traceId= userId= role=] o.s.b.w.s.c.ServletWebServerApplicationContext - Root WebApplicationContext: initialization completed in 2319 ms
2026-07-19 18:38:27.441 [main] INFO  [traceId= userId= role=] o.a.coyote.http11.Http11NioProtocol - Starting ProtocolHandler ["http-nio-8080"]
2026-07-19 18:38:27.491 [main] INFO  [traceId= userId= role=] o.s.b.w.e.tomcat.TomcatWebServer - Tomcat started on port(s): 8080 (http) with context path ''
2026-07-19 18:38:27.513 [main] INFO  [traceId= userId= role=] com.kg.KgApplication - Started KgApplication in 6.864 seconds (JVM running for 7.928)
2026-07-19 18:38:27.610 [main] INFO  [traceId= userId= role=] com.zaxxer.hikari.HikariDataSource - HikariPool-1 - Starting...
2026-07-19 18:38:28.703 [main] INFO  [traceId= userId= role=] com.zaxxer.hikari.HikariDataSource - HikariPool-1 - Start completed.
2026-07-19 18:38:28.710 [main] DEBUG [traceId= userId= role=] c.k.i.m.SysUserMapper.selectList - ==>  Preparing: SELECT id,account,name,password,role,gender,email,phone,openid,description,teacher_remark,password_update_time,class_id,status,create_by,create_time,update_by,update_time FROM sys_user WHERE (account = ?)
2026-07-19 18:38:28.733 [main] DEBUG [traceId= userId= role=] c.k.i.m.SysUserMapper.selectList - ==> Parameters: root(String)
2026-07-19 18:38:28.782 [main] DEBUG [traceId= userId= role=] c.k.i.m.SysUserMapper.selectList - <==      Total: 1
2026-07-19 18:38:28.787 [main] INFO  [traceId= userId= role=] com.kg.config.DataInitializer - 默认管理员账号已存在，跳过初始化：account=root
2026-07-19 18:38:28.787 [main] INFO  [traceId= userId= role=] c.k.scheduler.DailyTaskStartupRunner - ====== 开始执行每日任务补偿检查 ======
2026-07-19 18:38:28.806 [main] DEBUG [traceId= userId= role=] c.k.i.mapper.TaskMapper.selectList - ==>  Preparing: SELECT id,task_name,task_type,template_id,round_no,is_mandatory,task_description,task_start_time,task_end_time,priority,class_id,target_type,target_ids,plan_id,plan_date,is_repeat_task,status,create_by,create_time,update_by,update_time FROM task WHERE ((status = ? OR status IS NULL)) ORDER BY id DESC LIMIT 0,500
2026-07-19 18:38:28.807 [main] DEBUG [traceId= userId= role=] c.k.i.mapper.TaskMapper.selectList - ==> Parameters: 1(Integer)
2026-07-19 18:38:28.837 [main] DEBUG [traceId= userId= role=] c.k.i.mapper.TaskMapper.selectList - <==      Total: 73
2026-07-19 18:38:28.839 [main] INFO  [traceId= userId= role=] c.k.a.service.BatchTaskService - 【启动补偿】每日打卡 (2026-07-19) 不存在，开始补生成
2026-07-19 18:38:28.841 [main] DEBUG [traceId= userId= role=] c.k.i.mapper.TaskMapper.selectList - ==>  Preparing: SELECT id,task_name,task_type,template_id,round_no,is_mandatory,task_description,task_start_time,task_end_time,priority,class_id,target_type,target_ids,plan_id,plan_date,is_repeat_task,status,create_by,create_time,update_by,update_time FROM task WHERE ((status = ? OR status IS NULL)) ORDER BY id DESC LIMIT 0,500
2026-07-19 18:38:28.841 [main] DEBUG [traceId= userId= role=] c.k.i.mapper.TaskMapper.selectList - ==> Parameters: 1(Integer)
2026-07-19 18:38:28.855 [main] DEBUG [traceId= userId= role=] c.k.i.mapper.TaskMapper.selectList - <==      Total: 73
2026-07-19 18:38:28.863 [main] DEBUG [traceId= userId= role=] c.k.i.m.ClassInfoMapper.selectList - ==>  Preparing: SELECT id,class_name,description,status,create_by,create_time,update_by,update_time FROM class_info WHERE (status = ?) ORDER BY class_name ASC
2026-07-19 18:38:28.864 [main] DEBUG [traceId= userId= role=] c.k.i.m.ClassInfoMapper.selectList - ==> Parameters: 1(Integer)
2026-07-19 18:38:28.871 [main] DEBUG [traceId= userId= role=] c.k.i.m.ClassInfoMapper.selectList - <==      Total: 3
2026-07-19 18:38:28.885 [main] DEBUG [traceId= userId= role=] c.k.i.mapper.TaskMapper.insert - ==>  Preparing: INSERT INTO task ( task_name, task_type, is_mandatory, task_description, task_start_time, task_end_time, target_type, target_ids, create_by, create_time ) VALUES ( ?, ?, ?, ?, ?, ?, ?, ?, ?, ? )
2026-07-19 18:38:28.887 [main] DEBUG [traceId= userId= role=] c.k.i.mapper.TaskMapper.insert - ==> Parameters: 每日打卡(String), 2(String), 1(Integer), 2026-07-19(String), 2026-07-19T06:00(LocalDateTime), 2026-07-19T23:59(LocalDateTime), 1(Integer), 8,9,10(String), 0(Long), 2026-07-19T18:38:28.874(LocalDateTime)
2026-07-19 18:38:28.901 [main] DEBUG [traceId= userId= role=] c.k.i.mapper.TaskMapper.insert - <==    Updates: 1
2026-07-19 18:38:28.915 [main] DEBUG [traceId= userId= role=] c.k.i.m.SysUserMapper.selectList - ==>  Preparing: SELECT id,account,name,password,role,gender,email,phone,openid,description,teacher_remark,password_update_time,class_id,status,create_by,create_time,update_by,update_time FROM sys_user WHERE (role IN (?,?) AND status = ?)
2026-07-19 18:38:28.915 [main] DEBUG [traceId= userId= role=] c.k.i.m.SysUserMapper.selectList - ==> Parameters: 2(String), 3(String), 1(Integer)
2026-07-19 18:38:28.918 [main] DEBUG [traceId= userId= role=] c.k.i.m.SysUserMapper.selectList - <==      Total: 11
2026-07-19 18:38:28.931 [main] DEBUG [traceId= userId= role=] c.k.i.mapper.TaskUserMapper.insert - ==>  Preparing: INSERT INTO task_user ( task_id, user_id, status ) VALUES ( ?, ?, ? )
2026-07-19 18:38:28.932 [main] DEBUG [traceId= userId= role=] c.k.i.mapper.TaskUserMapper.insert - ==> Parameters: 106(Long), 23(Long), 0(String)
2026-07-19 18:38:28.936 [main] DEBUG [traceId= userId= role=] c.k.i.mapper.TaskUserMapper.insert - <==    Updates: 1
2026-07-19 18:38:28.937 [main] DEBUG [traceId= userId= role=] c.k.i.mapper.TaskUserMapper.insert - ==>  Preparing: INSERT INTO task_user ( task_id, user_id, status ) VALUES ( ?, ?, ? )
2026-07-19 18:38:28.938 [main] DEBUG [traceId= userId= role=] c.k.i.mapper.TaskUserMapper.insert - ==> Parameters: 106(Long), 24(Long), 0(String)
2026-07-19 18:38:28.941 [main] DEBUG [traceId= userId= role=] c.k.i.mapper.TaskUserMapper.insert - <==    Updates: 1
2026-07-19 18:38:28.942 [main] DEBUG [traceId= userId= role=] c.k.i.mapper.TaskUserMapper.insert - ==>  Preparing: INSERT INTO task_user ( task_id, user_id, status ) VALUES ( ?, ?, ? )
2026-07-19 18:38:28.943 [main] DEBUG [traceId= userId= role=] c.k.i.mapper.TaskUserMapper.insert - ==> Parameters: 106(Long), 25(Long), 0(String)
2026-07-19 18:38:28.945 [main] DEBUG [traceId= userId= role=] c.k.i.mapper.TaskUserMapper.insert - <==    Updates: 1
2026-07-19 18:38:28.947 [main] DEBUG [traceId= userId= role=] c.k.i.mapper.TaskUserMapper.insert - ==>  Preparing: INSERT INTO task_user ( task_id, user_id, status ) VALUES ( ?, ?, ? )
2026-07-19 18:38:28.947 [main] DEBUG [traceId= userId= role=] c.k.i.mapper.TaskUserMapper.insert - ==> Parameters: 106(Long), 26(Long), 0(String)
2026-07-19 18:38:28.950 [main] DEBUG [traceId= userId= role=] c.k.i.mapper.TaskUserMapper.insert - <==    Updates: 1
2026-07-19 18:38:28.951 [main] DEBUG [traceId= userId= role=] c.k.i.mapper.TaskUserMapper.insert - ==>  Preparing: INSERT INTO task_user ( task_id, user_id, status ) VALUES ( ?, ?, ? )
2026-07-19 18:38:28.951 [main] DEBUG [traceId= userId= role=] c.k.i.mapper.TaskUserMapper.insert - ==> Parameters: 106(Long), 27(Long), 0(String)
2026-07-19 18:38:28.953 [main] DEBUG [traceId= userId= role=] c.k.i.mapper.TaskUserMapper.insert - <==    Updates: 1
2026-07-19 18:38:28.954 [main] DEBUG [traceId= userId= role=] c.k.i.mapper.TaskUserMapper.insert - ==>  Preparing: INSERT INTO task_user ( task_id, user_id, status ) VALUES ( ?, ?, ? )
2026-07-19 18:38:28.955 [main] DEBUG [traceId= userId= role=] c.k.i.mapper.TaskUserMapper.insert - ==> Parameters: 106(Long), 28(Long), 0(String)
2026-07-19 18:38:28.957 [main] DEBUG [traceId= userId= role=] c.k.i.mapper.TaskUserMapper.insert - <==    Updates: 1
2026-07-19 18:38:28.958 [main] DEBUG [traceId= userId= role=] c.k.i.mapper.TaskUserMapper.insert - ==>  Preparing: INSERT INTO task_user ( task_id, user_id, status ) VALUES ( ?, ?, ? )
2026-07-19 18:38:28.959 [main] DEBUG [traceId= userId= role=] c.k.i.mapper.TaskUserMapper.insert - ==> Parameters: 106(Long), 29(Long), 0(String)
2026-07-19 18:38:28.961 [main] DEBUG [traceId= userId= role=] c.k.i.mapper.TaskUserMapper.insert - <==    Updates: 1
2026-07-19 18:38:28.963 [main] DEBUG [traceId= userId= role=] c.k.i.mapper.TaskUserMapper.insert - ==>  Preparing: INSERT INTO task_user ( task_id, user_id, status ) VALUES ( ?, ?, ? )
2026-07-19 18:38:28.964 [main] DEBUG [traceId= userId= role=] c.k.i.mapper.TaskUserMapper.insert - ==> Parameters: 106(Long), 30(Long), 0(String)
2026-07-19 18:38:28.967 [main] DEBUG [traceId= userId= role=] c.k.i.mapper.TaskUserMapper.insert - <==    Updates: 1
2026-07-19 18:38:28.969 [main] DEBUG [traceId= userId= role=] c.k.i.mapper.TaskUserMapper.insert - ==>  Preparing: INSERT INTO task_user ( task_id, user_id, status ) VALUES ( ?, ?, ? )
2026-07-19 18:38:28.969 [main] DEBUG [traceId= userId= role=] c.k.i.mapper.TaskUserMapper.insert - ==> Parameters: 106(Long), 31(Long), 0(String)
2026-07-19 18:38:28.973 [main] DEBUG [traceId= userId= role=] c.k.i.mapper.TaskUserMapper.insert - <==    Updates: 1
2026-07-19 18:38:28.973 [main] DEBUG [traceId= userId= role=] c.k.i.mapper.TaskUserMapper.insert - ==>  Preparing: INSERT INTO task_user ( task_id, user_id, status ) VALUES ( ?, ?, ? )
2026-07-19 18:38:28.974 [main] DEBUG [traceId= userId= role=] c.k.i.mapper.TaskUserMapper.insert - ==> Parameters: 106(Long), 32(Long), 0(String)
2026-07-19 18:38:28.977 [main] DEBUG [traceId= userId= role=] c.k.i.mapper.TaskUserMapper.insert - <==    Updates: 1
2026-07-19 18:38:28.979 [main] DEBUG [traceId= userId= role=] c.k.i.mapper.TaskUserMapper.insert - ==>  Preparing: INSERT INTO task_user ( task_id, user_id, status ) VALUES ( ?, ?, ? )
2026-07-19 18:38:28.979 [main] DEBUG [traceId= userId= role=] c.k.i.mapper.TaskUserMapper.insert - ==> Parameters: 106(Long), 33(Long), 0(String)
2026-07-19 18:38:28.982 [main] DEBUG [traceId= userId= role=] c.k.i.mapper.TaskUserMapper.insert - <==    Updates: 1
2026-07-19 18:38:28.983 [main] INFO  [traceId= userId= role=] c.k.a.service.BatchTaskService - 每日打卡创建成功: taskId=106, date=2026-07-19, targetType=1, 分配11人
2026-07-19 18:38:28.984 [main] DEBUG [traceId= userId= role=] c.k.i.mapper.TaskMapper.selectList - ==>  Preparing: SELECT id,task_name,task_type,template_id,round_no,is_mandatory,task_description,task_start_time,task_end_time,priority,class_id,target_type,target_ids,plan_id,plan_date,is_repeat_task,status,create_by,create_time,update_by,update_time FROM task WHERE ((status = ? OR status IS NULL)) ORDER BY id DESC LIMIT 0,500
2026-07-19 18:38:28.985 [main] DEBUG [traceId= userId= role=] c.k.i.mapper.TaskMapper.selectList - ==> Parameters: 1(Integer)
2026-07-19 18:38:28.994 [main] DEBUG [traceId= userId= role=] c.k.i.mapper.TaskMapper.selectList - <==      Total: 74
2026-07-19 18:38:28.995 [main] INFO  [traceId= userId= role=] c.k.a.service.BatchTaskService - 【启动补偿】每日复盘 (2026-07-19) 不存在，开始补生成
2026-07-19 18:38:28.997 [main] DEBUG [traceId= userId= role=] c.k.i.mapper.TaskMapper.selectList - ==>  Preparing: SELECT id,task_name,task_type,template_id,round_no,is_mandatory,task_description,task_start_time,task_end_time,priority,class_id,target_type,target_ids,plan_id,plan_date,is_repeat_task,status,create_by,create_time,update_by,update_time FROM task WHERE ((status = ? OR status IS NULL)) ORDER BY id DESC LIMIT 0,500
2026-07-19 18:38:28.997 [main] DEBUG [traceId= userId= role=] c.k.i.mapper.TaskMapper.selectList - ==> Parameters: 1(Integer)
2026-07-19 18:38:29.010 [main] DEBUG [traceId= userId= role=] c.k.i.mapper.TaskMapper.selectList - <==      Total: 74
2026-07-19 18:38:29.012 [main] DEBUG [traceId= userId= role=] c.k.i.m.ClassInfoMapper.selectList - ==>  Preparing: SELECT id,class_name,description,status,create_by,create_time,update_by,update_time FROM class_info WHERE (status = ?) ORDER BY class_name ASC
2026-07-19 18:38:29.012 [main] DEBUG [traceId= userId= role=] c.k.i.m.ClassInfoMapper.selectList - ==> Parameters: 1(Integer)
2026-07-19 18:38:29.015 [main] DEBUG [traceId= userId= role=] c.k.i.m.ClassInfoMapper.selectList - <==      Total: 3
2026-07-19 18:38:29.016 [main] DEBUG [traceId= userId= role=] c.k.i.mapper.TaskMapper.insert - ==>  Preparing: INSERT INTO task ( task_name, task_type, is_mandatory, task_description, task_start_time, task_end_time, target_type, target_ids, create_by, create_time ) VALUES ( ?, ?, ?, ?, ?, ?, ?, ?, ?, ? )
2026-07-19 18:38:29.017 [main] DEBUG [traceId= userId= role=] c.k.i.mapper.TaskMapper.insert - ==> Parameters: 每日复盘(String), 3(String), 1(Integer), 2026-07-19(String), 2026-07-19T08:00(LocalDateTime), 2026-07-19T23:59(LocalDateTime), 1(Integer), 8,9,10(String), 0(Long), 2026-07-19T18:38:29.016(LocalDateTime)
2026-07-19 18:38:29.020 [main] DEBUG [traceId= userId= role=] c.k.i.mapper.TaskMapper.insert - <==    Updates: 1
2026-07-19 18:38:29.022 [main] DEBUG [traceId= userId= role=] c.k.i.m.SysUserMapper.selectList - ==>  Preparing: SELECT id,account,name,password,role,gender,email,phone,openid,description,teacher_remark,password_update_time,class_id,status,create_by,create_time,update_by,update_time FROM sys_user WHERE (role IN (?,?) AND status = ?)
2026-07-19 18:38:29.023 [main] DEBUG [traceId= userId= role=] c.k.i.m.SysUserMapper.selectList - ==> Parameters: 2(String), 3(String), 1(Integer)
2026-07-19 18:38:29.028 [main] DEBUG [traceId= userId= role=] c.k.i.m.SysUserMapper.selectList - <==      Total: 11
2026-07-19 18:38:29.029 [main] DEBUG [traceId= userId= role=] c.k.i.mapper.TaskUserMapper.insert - ==>  Preparing: INSERT INTO task_user ( task_id, user_id, status ) VALUES ( ?, ?, ? )
2026-07-19 18:38:29.030 [main] DEBUG [traceId= userId= role=] c.k.i.mapper.TaskUserMapper.insert - ==> Parameters: 107(Long), 23(Long), 0(String)
2026-07-19 18:38:29.033 [main] DEBUG [traceId= userId= role=] c.k.i.mapper.TaskUserMapper.insert - <==    Updates: 1
2026-07-19 18:38:29.034 [main] DEBUG [traceId= userId= role=] c.k.i.mapper.TaskUserMapper.insert - ==>  Preparing: INSERT INTO task_user ( task_id, user_id, status ) VALUES ( ?, ?, ? )
2026-07-19 18:38:29.035 [main] DEBUG [traceId= userId= role=] c.k.i.mapper.TaskUserMapper.insert - ==> Parameters: 107(Long), 24(Long), 0(String)
2026-07-19 18:38:29.037 [main] DEBUG [traceId= userId= role=] c.k.i.mapper.TaskUserMapper.insert - <==    Updates: 1
2026-07-19 18:38:29.040 [main] DEBUG [traceId= userId= role=] c.k.i.mapper.TaskUserMapper.insert - ==>  Preparing: INSERT INTO task_user ( task_id, user_id, status ) VALUES ( ?, ?, ? )
2026-07-19 18:38:29.040 [main] DEBUG [traceId= userId= role=] c.k.i.mapper.TaskUserMapper.insert - ==> Parameters: 107(Long), 25(Long), 0(String)
2026-07-19 18:38:29.043 [main] DEBUG [traceId= userId= role=] c.k.i.mapper.TaskUserMapper.insert - <==    Updates: 1
2026-07-19 18:38:29.044 [main] DEBUG [traceId= userId= role=] c.k.i.mapper.TaskUserMapper.insert - ==>  Preparing: INSERT INTO task_user ( task_id, user_id, status ) VALUES ( ?, ?, ? )
2026-07-19 18:38:29.044 [main] DEBUG [traceId= userId= role=] c.k.i.mapper.TaskUserMapper.insert - ==> Parameters: 107(Long), 26(Long), 0(String)
2026-07-19 18:38:29.047 [main] DEBUG [traceId= userId= role=] c.k.i.mapper.TaskUserMapper.insert - <==    Updates: 1
2026-07-19 18:38:29.048 [main] DEBUG [traceId= userId= role=] c.k.i.mapper.TaskUserMapper.insert - ==>  Preparing: INSERT INTO task_user ( task_id, user_id, status ) VALUES ( ?, ?, ? )
2026-07-19 18:38:29.049 [main] DEBUG [traceId= userId= role=] c.k.i.mapper.TaskUserMapper.insert - ==> Parameters: 107(Long), 27(Long), 0(String)
2026-07-19 18:38:29.051 [main] DEBUG [traceId= userId= role=] c.k.i.mapper.TaskUserMapper.insert - <==    Updates: 1
2026-07-19 18:38:29.052 [main] DEBUG [traceId= userId= role=] c.k.i.mapper.TaskUserMapper.insert - ==>  Preparing: INSERT INTO task_user ( task_id, user_id, status ) VALUES ( ?, ?, ? )
2026-07-19 18:38:29.052 [main] DEBUG [traceId= userId= role=] c.k.i.mapper.TaskUserMapper.insert - ==> Parameters: 107(Long), 28(Long), 0(String)
2026-07-19 18:38:29.055 [main] DEBUG [traceId= userId= role=] c.k.i.mapper.TaskUserMapper.insert - <==    Updates: 1
2026-07-19 18:38:29.056 [main] DEBUG [traceId= userId= role=] c.k.i.mapper.TaskUserMapper.insert - ==>  Preparing: INSERT INTO task_user ( task_id, user_id, status ) VALUES ( ?, ?, ? )
2026-07-19 18:38:29.056 [main] DEBUG [traceId= userId= role=] c.k.i.mapper.TaskUserMapper.insert - ==> Parameters: 107(Long), 29(Long), 0(String)
2026-07-19 18:38:29.060 [main] DEBUG [traceId= userId= role=] c.k.i.mapper.TaskUserMapper.insert - <==    Updates: 1
2026-07-19 18:38:29.060 [main] DEBUG [traceId= userId= role=] c.k.i.mapper.TaskUserMapper.insert - ==>  Preparing: INSERT INTO task_user ( task_id, user_id, status ) VALUES ( ?, ?, ? )
2026-07-19 18:38:29.061 [main] DEBUG [traceId= userId= role=] c.k.i.mapper.TaskUserMapper.insert - ==> Parameters: 107(Long), 30(Long), 0(String)
2026-07-19 18:38:29.062 [main] DEBUG [traceId= userId= role=] c.k.i.mapper.TaskUserMapper.insert - <==    Updates: 1
2026-07-19 18:38:29.063 [main] DEBUG [traceId= userId= role=] c.k.i.mapper.TaskUserMapper.insert - ==>  Preparing: INSERT INTO task_user ( task_id, user_id, status ) VALUES ( ?, ?, ? )
2026-07-19 18:38:29.063 [main] DEBUG [traceId= userId= role=] c.k.i.mapper.TaskUserMapper.insert - ==> Parameters: 107(Long), 31(Long), 0(String)
2026-07-19 18:38:29.066 [main] DEBUG [traceId= userId= role=] c.k.i.mapper.TaskUserMapper.insert - <==    Updates: 1
2026-07-19 18:38:29.067 [main] DEBUG [traceId= userId= role=] c.k.i.mapper.TaskUserMapper.insert - ==>  Preparing: INSERT INTO task_user ( task_id, user_id, status ) VALUES ( ?, ?, ? )
2026-07-19 18:38:29.067 [main] DEBUG [traceId= userId= role=] c.k.i.mapper.TaskUserMapper.insert - ==> Parameters: 107(Long), 32(Long), 0(String)
2026-07-19 18:38:29.069 [main] DEBUG [traceId= userId= role=] c.k.i.mapper.TaskUserMapper.insert - <==    Updates: 1
2026-07-19 18:38:29.070 [main] DEBUG [traceId= userId= role=] c.k.i.mapper.TaskUserMapper.insert - ==>  Preparing: INSERT INTO task_user ( task_id, user_id, status ) VALUES ( ?, ?, ? )
2026-07-19 18:38:29.070 [main] DEBUG [traceId= userId= role=] c.k.i.mapper.TaskUserMapper.insert - ==> Parameters: 107(Long), 33(Long), 0(String)
2026-07-19 18:38:29.072 [main] DEBUG [traceId= userId= role=] c.k.i.mapper.TaskUserMapper.insert - <==    Updates: 1
2026-07-19 18:38:29.072 [main] INFO  [traceId= userId= role=] c.k.a.service.BatchTaskService - 每日复盘创建成功: taskId=107, date=2026-07-19, targetType=1, 分配11人
2026-07-19 18:38:29.072 [main] INFO  [traceId= userId= role=] c.k.scheduler.DailyTaskStartupRunner - ====== 每日任务补偿检查完成 ======
2026-07-19 18:49:05.530 [http-nio-8080-exec-1] INFO  [traceId= userId= role=] o.a.c.c.C.[Tomcat].[localhost].[/] - Initializing Spring DispatcherServlet 'dispatcherServlet'
2026-07-19 18:49:05.531 [http-nio-8080-exec-1] INFO  [traceId= userId= role=] o.s.web.servlet.DispatcherServlet - Initializing Servlet 'dispatcherServlet'
2026-07-19 18:49:05.532 [http-nio-8080-exec-1] INFO  [traceId= userId= role=] o.s.web.servlet.DispatcherServlet - Completed initialization in 1 ms
2026-07-19 18:49:05.545 [http-nio-8080-exec-2] INFO  [traceId=2bd7eb80129041259053b73539ffe114 userId= role=] com.kg.interceptor.TraceIdFilter - HTTP_REQUEST_START method=GET uri=/notification/unread-count query=null requestBody= ip=0:0:0:0:0:0:0:1 userAgent=Mozilla/5.0 (Windows NT 10.0; Win64; x64) AppleWebKit/537.36 (KHTML, like Gecko) Chrome/123.0.0.0 Safari/537.36
2026-07-19 18:49:05.545 [http-nio-8080-exec-1] INFO  [traceId=62cf45761695457e8a2f294c99a8063c userId= role=] com.kg.interceptor.TraceIdFilter - HTTP_REQUEST_START method=GET uri=/home/stat query=null requestBody= ip=0:0:0:0:0:0:0:1 userAgent=Mozilla/5.0 (Windows NT 10.0; Win64; x64) AppleWebKit/537.36 (KHTML, like Gecko) Chrome/123.0.0.0 Safari/537.36
2026-07-19 18:49:05.645 [http-nio-8080-exec-2] INFO  [traceId=2bd7eb80129041259053b73539ffe114 userId= role=] com.kg.interceptor.TraceIdFilter - HTTP_REQUEST_END method=GET uri=/notification/unread-count status=401 cost=108ms responseBody={"code":401,"message":"Token 无效或已过期"}
2026-07-19 18:49:05.645 [http-nio-8080-exec-1] INFO  [traceId=62cf45761695457e8a2f294c99a8063c userId= role=] com.kg.interceptor.TraceIdFilter - HTTP_REQUEST_END method=GET uri=/home/stat status=401 cost=108ms responseBody={"code":401,"message":"Token 无效或已过期"}
2026-07-19 18:49:55.128 [http-nio-8080-exec-3] INFO  [traceId=3c9c20c1895c4d579f50eb76f4fc989c userId= role=] com.kg.interceptor.TraceIdFilter - HTTP_REQUEST_START method=POST uri=/auth/login query=null requestBody={"account":"root","password":"000000"} ip=0:0:0:0:0:0:0:1 userAgent=Mozilla/5.0 (Windows NT 10.0; Win64; x64) AppleWebKit/537.36 (KHTML, like Gecko) Chrome/123.0.0.0 Safari/537.36
2026-07-19 18:49:55.242 [http-nio-8080-exec-3] DEBUG [traceId=3c9c20c1895c4d579f50eb76f4fc989c userId= role=] c.k.i.m.SysUserMapper.selectList - ==>  Preparing: SELECT id,account,name,password,role,gender,email,phone,openid,description,teacher_remark,password_update_time,class_id,status,create_by,create_time,update_by,update_time FROM sys_user WHERE (account = ?)
2026-07-19 18:49:55.243 [http-nio-8080-exec-3] DEBUG [traceId=3c9c20c1895c4d579f50eb76f4fc989c userId= role=] c.k.i.m.SysUserMapper.selectList - ==> Parameters: root(String)
2026-07-19 18:49:55.243 [http-nio-8080-exec-3] DEBUG [traceId=3c9c20c1895c4d579f50eb76f4fc989c userId= role=] c.k.i.m.SysUserMapper.selectList - <==      Total: 1
2026-07-19 18:49:55.318 [http-nio-8080-exec-3] INFO  [traceId=3c9c20c1895c4d579f50eb76f4fc989c userId= role=] c.k.a.service.AuthApplicationService - 登录成功: userId=21, account=root, role=1
2026-07-19 18:49:55.336 [http-nio-8080-exec-3] INFO  [traceId=3c9c20c1895c4d579f50eb76f4fc989c userId= role=] com.kg.interceptor.TraceIdFilter - HTTP_REQUEST_END method=POST uri=/auth/login status=200 cost=208ms responseBody={"code":200,"message":"登录成功","data":{"token":"eyJhbGciOiJIUzI1NiJ9.eyJyb2xlIjoiMSIsInN1YiI6IjIxIiwiaWF0IjoxNzg0NDU4MTk1LCJleHAiOjE3ODQ1NDQ1OTV9.SUc_OZoCxztHkzIhkdJ4w17taehtDxOxZm9g9ixvLNA","userId":21,"account":"root","name":"管理员","role":"1","classId":null,"className":""}}
2026-07-19 18:49:55.417 [http-nio-8080-exec-4] INFO  [traceId=3f5231b805d3449e96bf806092dcab8f userId= role=] com.kg.interceptor.TraceIdFilter - HTTP_REQUEST_START method=GET uri=/home/stat query=null requestBody= ip=0:0:0:0:0:0:0:1 userAgent=Mozilla/5.0 (Windows NT 10.0; Win64; x64) AppleWebKit/537.36 (KHTML, like Gecko) Chrome/123.0.0.0 Safari/537.36
2026-07-19 18:49:55.418 [http-nio-8080-exec-5] INFO  [traceId=69d042a861314b97a4f379ed4a98bb0d userId= role=] com.kg.interceptor.TraceIdFilter - HTTP_REQUEST_START method=GET uri=/notification/unread-count query=null requestBody= ip=0:0:0:0:0:0:0:1 userAgent=Mozilla/5.0 (Windows NT 10.0; Win64; x64) AppleWebKit/537.36 (KHTML, like Gecko) Chrome/123.0.0.0 Safari/537.36
2026-07-19 18:49:55.423 [http-nio-8080-exec-4] DEBUG [traceId=3f5231b805d3449e96bf806092dcab8f userId= role=] c.k.i.m.SysUserMapper.selectById - ==>  Preparing: SELECT id,account,name,password,role,gender,email,phone,openid,description,teacher_remark,password_update_time,class_id,status,create_by,create_time,update_by,update_time FROM sys_user WHERE id=?
2026-07-19 18:49:55.424 [http-nio-8080-exec-4] DEBUG [traceId=3f5231b805d3449e96bf806092dcab8f userId= role=] c.k.i.m.SysUserMapper.selectById - ==> Parameters: 21(Long)
2026-07-19 18:49:55.424 [http-nio-8080-exec-5] DEBUG [traceId=69d042a861314b97a4f379ed4a98bb0d userId= role=] c.k.i.m.SysUserMapper.selectById - ==>  Preparing: SELECT id,account,name,password,role,gender,email,phone,openid,description,teacher_remark,password_update_time,class_id,status,create_by,create_time,update_by,update_time FROM sys_user WHERE id=?
2026-07-19 18:49:55.424 [http-nio-8080-exec-5] DEBUG [traceId=69d042a861314b97a4f379ed4a98bb0d userId= role=] c.k.i.m.SysUserMapper.selectById - ==> Parameters: 21(Long)
2026-07-19 18:49:55.459 [http-nio-8080-exec-4] DEBUG [traceId=3f5231b805d3449e96bf806092dcab8f userId= role=] c.k.i.m.SysUserMapper.selectById - <==      Total: 1
2026-07-19 18:49:55.462 [http-nio-8080-exec-4] DEBUG [traceId=3f5231b805d3449e96bf806092dcab8f userId=21 role=1] c.k.i.m.H.countCurrentTasksForTeacher - ==>  Preparing: SELECT COUNT(*) FROM task WHERE task_start_time <= NOW() AND task_end_time >= NOW()
2026-07-19 18:49:55.463 [http-nio-8080-exec-4] DEBUG [traceId=3f5231b805d3449e96bf806092dcab8f userId=21 role=1] c.k.i.m.H.countCurrentTasksForTeacher - ==> Parameters: 
2026-07-19 18:49:55.466 [http-nio-8080-exec-5] DEBUG [traceId=69d042a861314b97a4f379ed4a98bb0d userId= role=] c.k.i.m.SysUserMapper.selectById - <==      Total: 1
2026-07-19 18:49:55.467 [http-nio-8080-exec-4] DEBUG [traceId=3f5231b805d3449e96bf806092dcab8f userId=21 role=1] c.k.i.m.H.countCurrentTasksForTeacher - <==      Total: 1
2026-07-19 18:49:55.467 [http-nio-8080-exec-4] DEBUG [traceId=3f5231b805d3449e96bf806092dcab8f userId=21 role=1] c.k.i.m.H.countForceTasksForTeacher - ==>  Preparing: SELECT COUNT(*) FROM task WHERE is_mandatory = 1
2026-07-19 18:49:55.468 [http-nio-8080-exec-4] DEBUG [traceId=3f5231b805d3449e96bf806092dcab8f userId=21 role=1] c.k.i.m.H.countForceTasksForTeacher - ==> Parameters: 
2026-07-19 18:49:55.469 [http-nio-8080-exec-4] DEBUG [traceId=3f5231b805d3449e96bf806092dcab8f userId=21 role=1] c.k.i.m.H.countForceTasksForTeacher - <==      Total: 1
2026-07-19 18:49:55.469 [http-nio-8080-exec-5] DEBUG [traceId=69d042a861314b97a4f379ed4a98bb0d userId=21 role=1] c.k.i.m.N.selectCount - ==>  Preparing: SELECT COUNT( * ) AS total FROM notification_message WHERE (user_id = ? AND is_read = ? AND status = ? AND notify_time <= ?)
2026-07-19 18:49:55.469 [http-nio-8080-exec-4] DEBUG [traceId=3f5231b805d3449e96bf806092dcab8f userId=21 role=1] c.k.i.m.H.countTotalTasksForTeacher - ==>  Preparing: SELECT COUNT(*) FROM task
2026-07-19 18:49:55.469 [http-nio-8080-exec-5] DEBUG [traceId=69d042a861314b97a4f379ed4a98bb0d userId=21 role=1] c.k.i.m.N.selectCount - ==> Parameters: 21(Long), 0(Integer), 0(String), 2026-07-19T18:49:55.468(LocalDateTime)
2026-07-19 18:49:55.469 [http-nio-8080-exec-4] DEBUG [traceId=3f5231b805d3449e96bf806092dcab8f userId=21 role=1] c.k.i.m.H.countTotalTasksForTeacher - ==> Parameters: 
2026-07-19 18:49:55.470 [http-nio-8080-exec-4] DEBUG [traceId=3f5231b805d3449e96bf806092dcab8f userId=21 role=1] c.k.i.m.H.countTotalTasksForTeacher - <==      Total: 1
2026-07-19 18:49:55.470 [http-nio-8080-exec-4] DEBUG [traceId=3f5231b805d3449e96bf806092dcab8f userId=21 role=1] c.k.i.m.H.completionStatsForTeacher - ==>  Preparing: SELECT COUNT(*) AS total, SUM(CASE WHEN tu.status IN ('1','2') THEN 1 ELSE 0 END) AS completed, SUM(CASE WHEN tu.status = '0' THEN 1 ELSE 0 END) AS uncompleted FROM task_user tu JOIN task t ON t.id = tu.task_id
2026-07-19 18:49:55.470 [http-nio-8080-exec-4] DEBUG [traceId=3f5231b805d3449e96bf806092dcab8f userId=21 role=1] c.k.i.m.H.completionStatsForTeacher - ==> Parameters: 
2026-07-19 18:49:55.476 [http-nio-8080-exec-4] DEBUG [traceId=3f5231b805d3449e96bf806092dcab8f userId=21 role=1] c.k.i.m.H.completionStatsForTeacher - <==      Total: 1
2026-07-19 18:49:55.477 [http-nio-8080-exec-4] DEBUG [traceId=3f5231b805d3449e96bf806092dcab8f userId=21 role=1] c.k.i.m.H.lowCompletedTop3ForTeacher - ==>  Preparing: SELECT t.id AS task_id, t.task_name, t.task_end_time AS end_time, COUNT(*) AS total, SUM(CASE WHEN tu.status IN ('1','2') THEN 1 ELSE 0 END) AS completed, SUM(CASE WHEN tu.status = '0' THEN 1 ELSE 0 END) AS uncompleted FROM task t JOIN task_user tu ON tu.task_id = t.id GROUP BY t.id, t.task_name, t.task_end_time ORDER BY (SUM(CASE WHEN tu.status IN ('1','2') THEN 1 ELSE 0 END) * 1.0 / COUNT(*)) ASC LIMIT 3
2026-07-19 18:49:55.477 [http-nio-8080-exec-4] DEBUG [traceId=3f5231b805d3449e96bf806092dcab8f userId=21 role=1] c.k.i.m.H.lowCompletedTop3ForTeacher - ==> Parameters: 
2026-07-19 18:49:55.479 [http-nio-8080-exec-5] DEBUG [traceId=69d042a861314b97a4f379ed4a98bb0d userId=21 role=1] c.k.i.m.N.selectCount - <==      Total: 1
2026-07-19 18:49:55.480 [http-nio-8080-exec-5] INFO  [traceId=69d042a861314b97a4f379ed4a98bb0d userId=21 role=1] com.kg.interceptor.TraceIdFilter - HTTP_REQUEST_END method=GET uri=/notification/unread-count status=200 cost=63ms responseBody={"code":200,"message":"查询成功","data":0}
2026-07-19 18:49:55.482 [http-nio-8080-exec-4] DEBUG [traceId=3f5231b805d3449e96bf806092dcab8f userId=21 role=1] c.k.i.m.H.lowCompletedTop3ForTeacher - <==      Total: 3
2026-07-19 18:49:55.488 [http-nio-8080-exec-4] INFO  [traceId=3f5231b805d3449e96bf806092dcab8f userId=21 role=1] com.kg.interceptor.TraceIdFilter - HTTP_REQUEST_END method=GET uri=/home/stat status=200 cost=71ms responseBody={"code":200,"message":"查询成功","data":{"currentTaskCount":3,"forceTaskCount":82,"totalTaskCount":84,"completedTaskUserCount":37,"unCompletedTaskUserCount":513,"completedRate":7,"lowCompletedTasks":[{"taskId":105,"taskName":"每日复盘","totalUserCount":11,"completedUserCount":0,"unCompletedUserCount":11,"completedRate":0,"endTime":"2026-07-15T23:59"},{"taskId":44,"taskName":"测试颜色4","totalUserCount":4,"completedUserCount":0,"unCompletedUserCount":4,"completedRate":0,"endTime":"2026-06-13T23:59:59"},{"taskId":49,"taskName":"测试颜色613","totalUserCount":9,"completedUserCount":0,"unCompletedUserCount":9,"completedRate":0,"endTime":"2026-06-13T23:59:59"}]}}
2026-07-19 18:49:55.605 [http-nio-8080-exec-6] INFO  [traceId=8f185023e5c648d4a9c7d09bd15c2872 userId= role=] com.kg.interceptor.TraceIdFilter - HTTP_REQUEST_START method=GET uri=/class/options query=null requestBody= ip=0:0:0:0:0:0:0:1 userAgent=Mozilla/5.0 (Windows NT 10.0; Win64; x64) AppleWebKit/537.36 (KHTML, like Gecko) Chrome/123.0.0.0 Safari/537.36
2026-07-19 18:49:55.609 [http-nio-8080-exec-6] DEBUG [traceId=8f185023e5c648d4a9c7d09bd15c2872 userId= role=] c.k.i.m.SysUserMapper.selectById - ==>  Preparing: SELECT id,account,name,password,role,gender,email,phone,openid,description,teacher_remark,password_update_time,class_id,status,create_by,create_time,update_by,update_time FROM sys_user WHERE id=?
2026-07-19 18:49:55.609 [http-nio-8080-exec-6] DEBUG [traceId=8f185023e5c648d4a9c7d09bd15c2872 userId= role=] c.k.i.m.SysUserMapper.selectById - ==> Parameters: 21(Long)
2026-07-19 18:49:55.611 [http-nio-8080-exec-6] DEBUG [traceId=8f185023e5c648d4a9c7d09bd15c2872 userId= role=] c.k.i.m.SysUserMapper.selectById - <==      Total: 1
2026-07-19 18:49:55.613 [http-nio-8080-exec-6] DEBUG [traceId=8f185023e5c648d4a9c7d09bd15c2872 userId=21 role=1] c.k.i.m.ClassInfoMapper.selectList - ==>  Preparing: SELECT id,class_name,description,status,create_by,create_time,update_by,update_time FROM class_info WHERE (status = ?) ORDER BY class_name ASC
2026-07-19 18:49:55.613 [http-nio-8080-exec-6] DEBUG [traceId=8f185023e5c648d4a9c7d09bd15c2872 userId=21 role=1] c.k.i.m.ClassInfoMapper.selectList - ==> Parameters: 1(Integer)
2026-07-19 18:49:55.614 [http-nio-8080-exec-6] DEBUG [traceId=8f185023e5c648d4a9c7d09bd15c2872 userId=21 role=1] c.k.i.m.ClassInfoMapper.selectList - <==      Total: 3
2026-07-19 18:49:55.617 [http-nio-8080-exec-6] INFO  [traceId=8f185023e5c648d4a9c7d09bd15c2872 userId=21 role=1] com.kg.interceptor.TraceIdFilter - HTTP_REQUEST_END method=GET uri=/class/options status=200 cost=12ms responseBody={"code":200,"message":"查询成功","data":[{"id":8,"className":"1班"},{"id":9,"className":"2班"},{"id":10,"className":"线上学习1班"}]}
2026-07-19 18:49:55.633 [http-nio-8080-exec-7] INFO  [traceId=c7d206a5f1d340f19487c5de79b42084 userId= role=] com.kg.interceptor.TraceIdFilter - HTTP_REQUEST_START method=GET uri=/study-phase/calendar query=startDate=2026-07-01&endDate=2026-07-31&classId=8 requestBody= ip=0:0:0:0:0:0:0:1 userAgent=Mozilla/5.0 (Windows NT 10.0; Win64; x64) AppleWebKit/537.36 (KHTML, like Gecko) Chrome/123.0.0.0 Safari/537.36
2026-07-19 18:49:55.638 [http-nio-8080-exec-7] DEBUG [traceId=c7d206a5f1d340f19487c5de79b42084 userId= role=] c.k.i.m.SysUserMapper.selectById - ==>  Preparing: SELECT id,account,name,password,role,gender,email,phone,openid,description,teacher_remark,password_update_time,class_id,status,create_by,create_time,update_by,update_time FROM sys_user WHERE id=?
2026-07-19 18:49:55.639 [http-nio-8080-exec-7] DEBUG [traceId=c7d206a5f1d340f19487c5de79b42084 userId= role=] c.k.i.m.SysUserMapper.selectById - ==> Parameters: 21(Long)
2026-07-19 18:49:55.641 [http-nio-8080-exec-7] DEBUG [traceId=c7d206a5f1d340f19487c5de79b42084 userId= role=] c.k.i.m.SysUserMapper.selectById - <==      Total: 1
2026-07-19 18:49:55.652 [http-nio-8080-exec-7] DEBUG [traceId=c7d206a5f1d340f19487c5de79b42084 userId=21 role=1] c.k.i.m.S.selectList - ==>  Preparing: SELECT id,phase_id,class_id,create_time FROM study_phase_class WHERE (class_id = ?)
2026-07-19 18:49:55.653 [http-nio-8080-exec-7] DEBUG [traceId=c7d206a5f1d340f19487c5de79b42084 userId=21 role=1] c.k.i.m.S.selectList - ==> Parameters: 8(Long)
2026-07-19 18:49:55.656 [http-nio-8080-exec-7] DEBUG [traceId=c7d206a5f1d340f19487c5de79b42084 userId=21 role=1] c.k.i.m.S.selectList - <==      Total: 2
2026-07-19 18:49:55.660 [http-nio-8080-exec-7] DEBUG [traceId=c7d206a5f1d340f19487c5de79b42084 userId=21 role=1] c.k.i.m.StudyPhaseMapper.selectList - ==>  Preparing: SELECT id,phase_title,phase_content,start_date,end_date,display_color,status,create_by,create_time,update_by,update_time FROM study_phase WHERE (id IN (?,?) AND status = ? AND start_date <= ? AND end_date >= ?) ORDER BY start_date ASC
2026-07-19 18:49:55.660 [http-nio-8080-exec-7] DEBUG [traceId=c7d206a5f1d340f19487c5de79b42084 userId=21 role=1] c.k.i.m.StudyPhaseMapper.selectList - ==> Parameters: 2(Long), 1(Long), 1(Integer), 2026-07-31(LocalDate), 2026-07-01(LocalDate)
2026-07-19 18:49:55.667 [http-nio-8080-exec-7] DEBUG [traceId=c7d206a5f1d340f19487c5de79b42084 userId=21 role=1] c.k.i.m.StudyPhaseMapper.selectList - <==      Total: 2
2026-07-19 18:49:55.669 [http-nio-8080-exec-7] DEBUG [traceId=c7d206a5f1d340f19487c5de79b42084 userId=21 role=1] c.k.i.m.S.selectList - ==>  Preparing: SELECT id,phase_id,class_id,create_time FROM study_phase_class WHERE (phase_id = ?)
2026-07-19 18:49:55.669 [http-nio-8080-exec-7] DEBUG [traceId=c7d206a5f1d340f19487c5de79b42084 userId=21 role=1] c.k.i.m.S.selectList - ==> Parameters: 1(Long)
2026-07-19 18:49:55.670 [http-nio-8080-exec-7] DEBUG [traceId=c7d206a5f1d340f19487c5de79b42084 userId=21 role=1] c.k.i.m.S.selectList - <==      Total: 3
2026-07-19 18:49:55.671 [http-nio-8080-exec-7] DEBUG [traceId=c7d206a5f1d340f19487c5de79b42084 userId=21 role=1] c.k.i.m.ClassInfoMapper.selectById - ==>  Preparing: SELECT id,class_name,description,status,create_by,create_time,update_by,update_time FROM class_info WHERE id=?
2026-07-19 18:49:55.671 [http-nio-8080-exec-7] DEBUG [traceId=c7d206a5f1d340f19487c5de79b42084 userId=21 role=1] c.k.i.m.ClassInfoMapper.selectById - ==> Parameters: 8(Long)
2026-07-19 18:49:55.672 [http-nio-8080-exec-7] DEBUG [traceId=c7d206a5f1d340f19487c5de79b42084 userId=21 role=1] c.k.i.m.ClassInfoMapper.selectById - <==      Total: 1
2026-07-19 18:49:55.673 [http-nio-8080-exec-7] DEBUG [traceId=c7d206a5f1d340f19487c5de79b42084 userId=21 role=1] c.k.i.m.ClassInfoMapper.selectById - ==>  Preparing: SELECT id,class_name,description,status,create_by,create_time,update_by,update_time FROM class_info WHERE id=?
2026-07-19 18:49:55.673 [http-nio-8080-exec-7] DEBUG [traceId=c7d206a5f1d340f19487c5de79b42084 userId=21 role=1] c.k.i.m.ClassInfoMapper.selectById - ==> Parameters: 9(Long)
2026-07-19 18:49:55.674 [http-nio-8080-exec-7] DEBUG [traceId=c7d206a5f1d340f19487c5de79b42084 userId=21 role=1] c.k.i.m.ClassInfoMapper.selectById - <==      Total: 1
2026-07-19 18:49:55.674 [http-nio-8080-exec-7] DEBUG [traceId=c7d206a5f1d340f19487c5de79b42084 userId=21 role=1] c.k.i.m.ClassInfoMapper.selectById - ==>  Preparing: SELECT id,class_name,description,status,create_by,create_time,update_by,update_time FROM class_info WHERE id=?
2026-07-19 18:49:55.675 [http-nio-8080-exec-7] DEBUG [traceId=c7d206a5f1d340f19487c5de79b42084 userId=21 role=1] c.k.i.m.ClassInfoMapper.selectById - ==> Parameters: 10(Long)
2026-07-19 18:49:55.675 [http-nio-8080-exec-7] DEBUG [traceId=c7d206a5f1d340f19487c5de79b42084 userId=21 role=1] c.k.i.m.ClassInfoMapper.selectById - <==      Total: 1
2026-07-19 18:49:55.678 [http-nio-8080-exec-7] DEBUG [traceId=c7d206a5f1d340f19487c5de79b42084 userId=21 role=1] c.k.i.m.S.selectList - ==>  Preparing: SELECT id,phase_id,class_id,create_time FROM study_phase_class WHERE (phase_id = ?)
2026-07-19 18:49:55.678 [http-nio-8080-exec-7] DEBUG [traceId=c7d206a5f1d340f19487c5de79b42084 userId=21 role=1] c.k.i.m.S.selectList - ==> Parameters: 2(Long)
2026-07-19 18:49:55.679 [http-nio-8080-exec-7] DEBUG [traceId=c7d206a5f1d340f19487c5de79b42084 userId=21 role=1] c.k.i.m.S.selectList - <==      Total: 1
2026-07-19 18:49:55.680 [http-nio-8080-exec-7] DEBUG [traceId=c7d206a5f1d340f19487c5de79b42084 userId=21 role=1] c.k.i.m.ClassInfoMapper.selectById - ==>  Preparing: SELECT id,class_name,description,status,create_by,create_time,update_by,update_time FROM class_info WHERE id=?
2026-07-19 18:49:55.680 [http-nio-8080-exec-7] DEBUG [traceId=c7d206a5f1d340f19487c5de79b42084 userId=21 role=1] c.k.i.m.ClassInfoMapper.selectById - ==> Parameters: 8(Long)
2026-07-19 18:49:55.681 [http-nio-8080-exec-7] DEBUG [traceId=c7d206a5f1d340f19487c5de79b42084 userId=21 role=1] c.k.i.m.ClassInfoMapper.selectById - <==      Total: 1
2026-07-19 18:49:55.684 [http-nio-8080-exec-7] INFO  [traceId=c7d206a5f1d340f19487c5de79b42084 userId=21 role=1] com.kg.interceptor.TraceIdFilter - HTTP_REQUEST_END method=GET uri=/study-phase/calendar status=200 cost=51ms responseBody={"code":200,"message":"查询成功","data":[{"id":1,"phaseTitle":"测试阶段","phaseContent":"这是一条描述","startDate":"2026-07-01","endDate":"2026-07-03","displayColor":"#ee6262","status":1,"classIds":[8,9,10],"classNames":["1班","2班","线上学习1班"],"createTime":"2026-07-02 21:13:33"},{"id":2,"phaseTitle":"测试阶段2","phaseContent":"这是测试阶段2的描述","startDate":"2026-07-02","endDate":"2026-07-09","displayColor":"#6367d4","status":1,"classIds":[8],"classNames":["1班"],"createTime":"2026-07-02 21:23:49"}]}
2026-07-19 18:49:57.872 [http-nio-8080-exec-8] INFO  [traceId=1e8c3090cf7343fa936608e3315bed2d userId= role=] com.kg.interceptor.TraceIdFilter - HTTP_REQUEST_START method=POST uri=/notification/list query=null requestBody={"pageNum":1,"pageSize":50,"isRead":0} ip=0:0:0:0:0:0:0:1 userAgent=Mozilla/5.0 (Windows NT 10.0; Win64; x64) AppleWebKit/537.36 (KHTML, like Gecko) Chrome/123.0.0.0 Safari/537.36
2026-07-19 18:49:57.876 [http-nio-8080-exec-8] DEBUG [traceId=1e8c3090cf7343fa936608e3315bed2d userId= role=] c.k.i.m.SysUserMapper.selectById - ==>  Preparing: SELECT id,account,name,password,role,gender,email,phone,openid,description,teacher_remark,password_update_time,class_id,status,create_by,create_time,update_by,update_time FROM sys_user WHERE id=?
2026-07-19 18:49:57.876 [http-nio-8080-exec-8] DEBUG [traceId=1e8c3090cf7343fa936608e3315bed2d userId= role=] c.k.i.m.SysUserMapper.selectById - ==> Parameters: 21(Long)
2026-07-19 18:49:57.877 [http-nio-8080-exec-8] DEBUG [traceId=1e8c3090cf7343fa936608e3315bed2d userId= role=] c.k.i.m.SysUserMapper.selectById - <==      Total: 1
2026-07-19 18:49:57.887 [http-nio-8080-exec-8] DEBUG [traceId=1e8c3090cf7343fa936608e3315bed2d userId=21 role=1] c.k.i.m.N.selectCount - ==>  Preparing: SELECT COUNT( * ) AS total FROM notification_message WHERE (user_id = ? AND notify_time <= ? AND status = ? AND is_read = ?) ORDER BY notify_time DESC
2026-07-19 18:49:57.888 [http-nio-8080-exec-8] DEBUG [traceId=1e8c3090cf7343fa936608e3315bed2d userId=21 role=1] c.k.i.m.N.selectCount - ==> Parameters: 21(Long), 2026-07-19T18:49:57.886(LocalDateTime), 0(String), 0(Integer)
2026-07-19 18:49:57.892 [http-nio-8080-exec-8] DEBUG [traceId=1e8c3090cf7343fa936608e3315bed2d userId=21 role=1] c.k.i.m.N.selectCount - <==      Total: 1
2026-07-19 18:49:57.893 [http-nio-8080-exec-8] DEBUG [traceId=1e8c3090cf7343fa936608e3315bed2d userId=21 role=1] c.k.i.m.N.selectList - ==>  Preparing: SELECT id,user_id,title,content,priority,type,related_id,status,is_read,created_at,notify_time FROM notification_message WHERE (user_id = ? AND notify_time <= ? AND status = ? AND is_read = ?) ORDER BY notify_time DESC LIMIT 0,50
2026-07-19 18:49:57.893 [http-nio-8080-exec-8] DEBUG [traceId=1e8c3090cf7343fa936608e3315bed2d userId=21 role=1] c.k.i.m.N.selectList - ==> Parameters: 21(Long), 2026-07-19T18:49:57.886(LocalDateTime), 0(String), 0(Integer)
2026-07-19 18:49:57.894 [http-nio-8080-exec-8] DEBUG [traceId=1e8c3090cf7343fa936608e3315bed2d userId=21 role=1] c.k.i.m.N.selectList - <==      Total: 0
2026-07-19 18:49:57.895 [http-nio-8080-exec-8] INFO  [traceId=1e8c3090cf7343fa936608e3315bed2d userId=21 role=1] com.kg.interceptor.TraceIdFilter - HTTP_REQUEST_END method=POST uri=/notification/list status=200 cost=24ms responseBody={"code":200,"message":"查询成功","data":{"total":0,"list":[]}}
2026-07-19 18:49:59.431 [http-nio-8080-exec-9] INFO  [traceId=565da1ede4fb4ebeb4bba06535918b62 userId= role=] com.kg.interceptor.TraceIdFilter - HTTP_REQUEST_START method=GET uri=/profile query=null requestBody= ip=0:0:0:0:0:0:0:1 userAgent=Mozilla/5.0 (Windows NT 10.0; Win64; x64) AppleWebKit/537.36 (KHTML, like Gecko) Chrome/123.0.0.0 Safari/537.36
2026-07-19 18:49:59.434 [http-nio-8080-exec-9] DEBUG [traceId=565da1ede4fb4ebeb4bba06535918b62 userId= role=] c.k.i.m.SysUserMapper.selectById - ==>  Preparing: SELECT id,account,name,password,role,gender,email,phone,openid,description,teacher_remark,password_update_time,class_id,status,create_by,create_time,update_by,update_time FROM sys_user WHERE id=?
2026-07-19 18:49:59.434 [http-nio-8080-exec-9] DEBUG [traceId=565da1ede4fb4ebeb4bba06535918b62 userId= role=] c.k.i.m.SysUserMapper.selectById - ==> Parameters: 21(Long)
2026-07-19 18:49:59.435 [http-nio-8080-exec-9] DEBUG [traceId=565da1ede4fb4ebeb4bba06535918b62 userId= role=] c.k.i.m.SysUserMapper.selectById - <==      Total: 1
2026-07-19 18:49:59.436 [http-nio-8080-exec-9] DEBUG [traceId=565da1ede4fb4ebeb4bba06535918b62 userId=21 role=1] c.k.i.m.SysUserMapper.selectById - ==>  Preparing: SELECT id,account,name,password,role,gender,email,phone,openid,description,teacher_remark,password_update_time,class_id,status,create_by,create_time,update_by,update_time FROM sys_user WHERE id=?
2026-07-19 18:49:59.436 [http-nio-8080-exec-9] DEBUG [traceId=565da1ede4fb4ebeb4bba06535918b62 userId=21 role=1] c.k.i.m.SysUserMapper.selectById - ==> Parameters: 21(Long)
2026-07-19 18:49:59.436 [http-nio-8080-exec-9] DEBUG [traceId=565da1ede4fb4ebeb4bba06535918b62 userId=21 role=1] c.k.i.m.SysUserMapper.selectById - <==      Total: 1
2026-07-19 18:49:59.439 [http-nio-8080-exec-9] INFO  [traceId=565da1ede4fb4ebeb4bba06535918b62 userId=21 role=1] com.kg.interceptor.TraceIdFilter - HTTP_REQUEST_END method=GET uri=/profile status=200 cost=8ms responseBody={"code":200,"message":"查询成功","data":{"id":21,"account":"root","name":"管理员","role":"1","gender":0,"email":null,"phone":null,"description":null,"classId":null,"className":null,"status":1,"createTime":"2026-06-01 00:11:49"}}
2026-07-19 18:50:12.960 [http-nio-8080-exec-10] INFO  [traceId=0044f69302d14266a97e5b60a504895a userId= role=] com.kg.interceptor.TraceIdFilter - HTTP_REQUEST_START method=PUT uri=/profile/password query=null requestBody={"oldPassword":"000000","newPassword":"bd000000"} ip=0:0:0:0:0:0:0:1 userAgent=Mozilla/5.0 (Windows NT 10.0; Win64; x64) AppleWebKit/537.36 (KHTML, like Gecko) Chrome/123.0.0.0 Safari/537.36
2026-07-19 18:50:12.966 [http-nio-8080-exec-10] DEBUG [traceId=0044f69302d14266a97e5b60a504895a userId= role=] c.k.i.m.SysUserMapper.selectById - ==>  Preparing: SELECT id,account,name,password,role,gender,email,phone,openid,description,teacher_remark,password_update_time,class_id,status,create_by,create_time,update_by,update_time FROM sys_user WHERE id=?
2026-07-19 18:50:12.966 [http-nio-8080-exec-10] DEBUG [traceId=0044f69302d14266a97e5b60a504895a userId= role=] c.k.i.m.SysUserMapper.selectById - ==> Parameters: 21(Long)
2026-07-19 18:50:12.967 [http-nio-8080-exec-10] DEBUG [traceId=0044f69302d14266a97e5b60a504895a userId= role=] c.k.i.m.SysUserMapper.selectById - <==      Total: 1
2026-07-19 18:50:12.971 [http-nio-8080-exec-10] DEBUG [traceId=0044f69302d14266a97e5b60a504895a userId=21 role=1] c.k.i.m.SysUserMapper.selectById - ==>  Preparing: SELECT id,account,name,password,role,gender,email,phone,openid,description,teacher_remark,password_update_time,class_id,status,create_by,create_time,update_by,update_time FROM sys_user WHERE id=?
2026-07-19 18:50:12.971 [http-nio-8080-exec-10] DEBUG [traceId=0044f69302d14266a97e5b60a504895a userId=21 role=1] c.k.i.m.SysUserMapper.selectById - ==> Parameters: 21(Long)
2026-07-19 18:50:12.972 [http-nio-8080-exec-10] DEBUG [traceId=0044f69302d14266a97e5b60a504895a userId=21 role=1] c.k.i.m.SysUserMapper.selectById - <==      Total: 1
2026-07-19 18:50:13.092 [http-nio-8080-exec-10] DEBUG [traceId=0044f69302d14266a97e5b60a504895a userId=21 role=1] c.k.i.mapper.SysUserMapper.update - ==>  Preparing: UPDATE sys_user SET password=?,password_update_time=?,update_by=? WHERE (id = ?)
2026-07-19 18:50:13.093 [http-nio-8080-exec-10] DEBUG [traceId=0044f69302d14266a97e5b60a504895a userId=21 role=1] c.k.i.mapper.SysUserMapper.update - ==> Parameters: $2a$10$VhqEQuTQTfQdGoCACIqASeYEs/k0ZGsm78g5u2h5mcBOmM8zvHNFK(String), 2026-07-19T18:50:13.088(LocalDateTime), 21(Long), 21(Long)
2026-07-19 18:50:13.096 [http-nio-8080-exec-10] DEBUG [traceId=0044f69302d14266a97e5b60a504895a userId=21 role=1] c.k.i.mapper.SysUserMapper.update - <==    Updates: 1
2026-07-19 18:50:13.097 [http-nio-8080-exec-10] INFO  [traceId=0044f69302d14266a97e5b60a504895a userId=21 role=1] c.k.a.s.ProfileApplicationService - 修改密码成功: userId=21
2026-07-19 18:50:13.097 [http-nio-8080-exec-10] INFO  [traceId=0044f69302d14266a97e5b60a504895a userId=21 role=1] com.kg.interceptor.TraceIdFilter - HTTP_REQUEST_END method=PUT uri=/profile/password status=200 cost=137ms responseBody={"code":200,"message":"密码修改成功"}
2026-07-19 18:50:15.399 [http-nio-8080-exec-2] INFO  [traceId=ff3def16d4704d1797122a22427206f1 userId= role=] com.kg.interceptor.TraceIdFilter - HTTP_REQUEST_START method=POST uri=/auth/login query=null requestBody={"account":"root","password":"bd000000"} ip=0:0:0:0:0:0:0:1 userAgent=Mozilla/5.0 (Windows NT 10.0; Win64; x64) AppleWebKit/537.36 (KHTML, like Gecko) Chrome/123.0.0.0 Safari/537.36
2026-07-19 18:50:15.402 [http-nio-8080-exec-2] DEBUG [traceId=ff3def16d4704d1797122a22427206f1 userId= role=] c.k.i.m.SysUserMapper.selectList - ==>  Preparing: SELECT id,account,name,password,role,gender,email,phone,openid,description,teacher_remark,password_update_time,class_id,status,create_by,create_time,update_by,update_time FROM sys_user WHERE (account = ?)
2026-07-19 18:50:15.402 [http-nio-8080-exec-2] DEBUG [traceId=ff3def16d4704d1797122a22427206f1 userId= role=] c.k.i.m.SysUserMapper.selectList - ==> Parameters: root(String)
2026-07-19 18:50:15.403 [http-nio-8080-exec-2] DEBUG [traceId=ff3def16d4704d1797122a22427206f1 userId= role=] c.k.i.m.SysUserMapper.selectList - <==      Total: 1
2026-07-19 18:50:15.462 [http-nio-8080-exec-2] INFO  [traceId=ff3def16d4704d1797122a22427206f1 userId= role=] c.k.a.service.AuthApplicationService - 登录成功: userId=21, account=root, role=1
2026-07-19 18:50:15.463 [http-nio-8080-exec-2] INFO  [traceId=ff3def16d4704d1797122a22427206f1 userId= role=] com.kg.interceptor.TraceIdFilter - HTTP_REQUEST_END method=POST uri=/auth/login status=200 cost=64ms responseBody={"code":200,"message":"登录成功","data":{"token":"eyJhbGciOiJIUzI1NiJ9.eyJyb2xlIjoiMSIsInN1YiI6IjIxIiwiaWF0IjoxNzg0NDU4MjE1LCJleHAiOjE3ODQ1NDQ2MTV9.hhv64TqeRhI0xbGb8sxipVYBbSf1czXql7vxmf62p_c","userId":21,"account":"root","name":"管理员","role":"1","classId":null,"className":""}}
2026-07-19 18:50:15.524 [http-nio-8080-exec-3] INFO  [traceId=9509a8ff696543a2ba9ff6e363f0d9e7 userId= role=] com.kg.interceptor.TraceIdFilter - HTTP_REQUEST_START method=GET uri=/home/stat query=null requestBody= ip=0:0:0:0:0:0:0:1 userAgent=Mozilla/5.0 (Windows NT 10.0; Win64; x64) AppleWebKit/537.36 (KHTML, like Gecko) Chrome/123.0.0.0 Safari/537.36
2026-07-19 18:50:15.524 [http-nio-8080-exec-1] INFO  [traceId=5769ee3608f3459588d96f8a2b3b04ab userId= role=] com.kg.interceptor.TraceIdFilter - HTTP_REQUEST_START method=GET uri=/notification/unread-count query=null requestBody= ip=0:0:0:0:0:0:0:1 userAgent=Mozilla/5.0 (Windows NT 10.0; Win64; x64) AppleWebKit/537.36 (KHTML, like Gecko) Chrome/123.0.0.0 Safari/537.36
2026-07-19 18:50:15.528 [http-nio-8080-exec-1] DEBUG [traceId=5769ee3608f3459588d96f8a2b3b04ab userId= role=] c.k.i.m.SysUserMapper.selectById - ==>  Preparing: SELECT id,account,name,password,role,gender,email,phone,openid,description,teacher_remark,password_update_time,class_id,status,create_by,create_time,update_by,update_time FROM sys_user WHERE id=?
2026-07-19 18:50:15.528 [http-nio-8080-exec-1] DEBUG [traceId=5769ee3608f3459588d96f8a2b3b04ab userId= role=] c.k.i.m.SysUserMapper.selectById - ==> Parameters: 21(Long)
2026-07-19 18:50:15.528 [http-nio-8080-exec-3] DEBUG [traceId=9509a8ff696543a2ba9ff6e363f0d9e7 userId= role=] c.k.i.m.SysUserMapper.selectById - ==>  Preparing: SELECT id,account,name,password,role,gender,email,phone,openid,description,teacher_remark,password_update_time,class_id,status,create_by,create_time,update_by,update_time FROM sys_user WHERE id=?
2026-07-19 18:50:15.528 [http-nio-8080-exec-3] DEBUG [traceId=9509a8ff696543a2ba9ff6e363f0d9e7 userId= role=] c.k.i.m.SysUserMapper.selectById - ==> Parameters: 21(Long)
2026-07-19 18:50:15.529 [http-nio-8080-exec-1] DEBUG [traceId=5769ee3608f3459588d96f8a2b3b04ab userId= role=] c.k.i.m.SysUserMapper.selectById - <==      Total: 1
2026-07-19 18:50:15.529 [http-nio-8080-exec-3] DEBUG [traceId=9509a8ff696543a2ba9ff6e363f0d9e7 userId= role=] c.k.i.m.SysUserMapper.selectById - <==      Total: 1
2026-07-19 18:50:15.531 [http-nio-8080-exec-3] DEBUG [traceId=9509a8ff696543a2ba9ff6e363f0d9e7 userId=21 role=1] c.k.i.m.H.countCurrentTasksForTeacher - ==>  Preparing: SELECT COUNT(*) FROM task WHERE task_start_time <= NOW() AND task_end_time >= NOW()
2026-07-19 18:50:15.531 [http-nio-8080-exec-3] DEBUG [traceId=9509a8ff696543a2ba9ff6e363f0d9e7 userId=21 role=1] c.k.i.m.H.countCurrentTasksForTeacher - ==> Parameters: 
2026-07-19 18:50:15.531 [http-nio-8080-exec-1] DEBUG [traceId=5769ee3608f3459588d96f8a2b3b04ab userId=21 role=1] c.k.i.m.N.selectCount - ==>  Preparing: SELECT COUNT( * ) AS total FROM notification_message WHERE (user_id = ? AND is_read = ? AND status = ? AND notify_time <= ?)
2026-07-19 18:50:15.532 [http-nio-8080-exec-1] DEBUG [traceId=5769ee3608f3459588d96f8a2b3b04ab userId=21 role=1] c.k.i.m.N.selectCount - ==> Parameters: 21(Long), 0(Integer), 0(String), 2026-07-19T18:50:15.530(LocalDateTime)
2026-07-19 18:50:15.532 [http-nio-8080-exec-1] DEBUG [traceId=5769ee3608f3459588d96f8a2b3b04ab userId=21 role=1] c.k.i.m.N.selectCount - <==      Total: 1
2026-07-19 18:50:15.533 [http-nio-8080-exec-3] DEBUG [traceId=9509a8ff696543a2ba9ff6e363f0d9e7 userId=21 role=1] c.k.i.m.H.countCurrentTasksForTeacher - <==      Total: 1
2026-07-19 18:50:15.533 [http-nio-8080-exec-1] INFO  [traceId=5769ee3608f3459588d96f8a2b3b04ab userId=21 role=1] com.kg.interceptor.TraceIdFilter - HTTP_REQUEST_END method=GET uri=/notification/unread-count status=200 cost=9ms responseBody={"code":200,"message":"查询成功","data":0}
2026-07-19 18:50:15.533 [http-nio-8080-exec-3] DEBUG [traceId=9509a8ff696543a2ba9ff6e363f0d9e7 userId=21 role=1] c.k.i.m.H.countForceTasksForTeacher - ==>  Preparing: SELECT COUNT(*) FROM task WHERE is_mandatory = 1
2026-07-19 18:50:15.535 [http-nio-8080-exec-3] DEBUG [traceId=9509a8ff696543a2ba9ff6e363f0d9e7 userId=21 role=1] c.k.i.m.H.countForceTasksForTeacher - ==> Parameters: 
2026-07-19 18:50:15.535 [http-nio-8080-exec-3] DEBUG [traceId=9509a8ff696543a2ba9ff6e363f0d9e7 userId=21 role=1] c.k.i.m.H.countForceTasksForTeacher - <==      Total: 1
2026-07-19 18:50:15.535 [http-nio-8080-exec-3] DEBUG [traceId=9509a8ff696543a2ba9ff6e363f0d9e7 userId=21 role=1] c.k.i.m.H.countTotalTasksForTeacher - ==>  Preparing: SELECT COUNT(*) FROM task
2026-07-19 18:50:15.536 [http-nio-8080-exec-3] DEBUG [traceId=9509a8ff696543a2ba9ff6e363f0d9e7 userId=21 role=1] c.k.i.m.H.countTotalTasksForTeacher - ==> Parameters: 
2026-07-19 18:50:15.536 [http-nio-8080-exec-3] DEBUG [traceId=9509a8ff696543a2ba9ff6e363f0d9e7 userId=21 role=1] c.k.i.m.H.countTotalTasksForTeacher - <==      Total: 1
2026-07-19 18:50:15.536 [http-nio-8080-exec-3] DEBUG [traceId=9509a8ff696543a2ba9ff6e363f0d9e7 userId=21 role=1] c.k.i.m.H.completionStatsForTeacher - ==>  Preparing: SELECT COUNT(*) AS total, SUM(CASE WHEN tu.status IN ('1','2') THEN 1 ELSE 0 END) AS completed, SUM(CASE WHEN tu.status = '0' THEN 1 ELSE 0 END) AS uncompleted FROM task_user tu JOIN task t ON t.id = tu.task_id
2026-07-19 18:50:15.536 [http-nio-8080-exec-3] DEBUG [traceId=9509a8ff696543a2ba9ff6e363f0d9e7 userId=21 role=1] c.k.i.m.H.completionStatsForTeacher - ==> Parameters: 
2026-07-19 18:50:15.539 [http-nio-8080-exec-3] DEBUG [traceId=9509a8ff696543a2ba9ff6e363f0d9e7 userId=21 role=1] c.k.i.m.H.completionStatsForTeacher - <==      Total: 1
2026-07-19 18:50:15.539 [http-nio-8080-exec-3] DEBUG [traceId=9509a8ff696543a2ba9ff6e363f0d9e7 userId=21 role=1] c.k.i.m.H.lowCompletedTop3ForTeacher - ==>  Preparing: SELECT t.id AS task_id, t.task_name, t.task_end_time AS end_time, COUNT(*) AS total, SUM(CASE WHEN tu.status IN ('1','2') THEN 1 ELSE 0 END) AS completed, SUM(CASE WHEN tu.status = '0' THEN 1 ELSE 0 END) AS uncompleted FROM task t JOIN task_user tu ON tu.task_id = t.id GROUP BY t.id, t.task_name, t.task_end_time ORDER BY (SUM(CASE WHEN tu.status IN ('1','2') THEN 1 ELSE 0 END) * 1.0 / COUNT(*)) ASC LIMIT 3
2026-07-19 18:50:15.539 [http-nio-8080-exec-3] DEBUG [traceId=9509a8ff696543a2ba9ff6e363f0d9e7 userId=21 role=1] c.k.i.m.H.lowCompletedTop3ForTeacher - ==> Parameters: 
2026-07-19 18:50:15.541 [http-nio-8080-exec-3] DEBUG [traceId=9509a8ff696543a2ba9ff6e363f0d9e7 userId=21 role=1] c.k.i.m.H.lowCompletedTop3ForTeacher - <==      Total: 3
2026-07-19 18:50:15.542 [http-nio-8080-exec-3] INFO  [traceId=9509a8ff696543a2ba9ff6e363f0d9e7 userId=21 role=1] com.kg.interceptor.TraceIdFilter - HTTP_REQUEST_END method=GET uri=/home/stat status=200 cost=18ms responseBody={"code":200,"message":"查询成功","data":{"currentTaskCount":3,"forceTaskCount":82,"totalTaskCount":84,"completedTaskUserCount":37,"unCompletedTaskUserCount":513,"completedRate":7,"lowCompletedTasks":[{"taskId":80,"taskName":"测试重复任务 07-04","totalUserCount":7,"completedUserCount":0,"unCompletedUserCount":7,"completedRate":0,"endTime":"2026-07-04T23:59"},{"taskId":97,"taskName":"每日复盘","totalUserCount":11,"completedUserCount":0,"unCompletedUserCount":11,"completedRate":0,"endTime":"2026-07-06T23:59"},{"taskId":20,"taskName":"模板任务1 第1轮","totalUserCount":4,"completedUserCount":0,"unCompletedUserCount":4,"completedRate":0,"endTime":"2026-06-02T00:00"}]}}
2026-07-19 18:50:15.561 [http-nio-8080-exec-5] INFO  [traceId=1133298cb1524e63b679f2e79d7f9219 userId= role=] com.kg.interceptor.TraceIdFilter - HTTP_REQUEST_START method=GET uri=/class/options query=null requestBody= ip=0:0:0:0:0:0:0:1 userAgent=Mozilla/5.0 (Windows NT 10.0; Win64; x64) AppleWebKit/537.36 (KHTML, like Gecko) Chrome/123.0.0.0 Safari/537.36
2026-07-19 18:50:15.564 [http-nio-8080-exec-5] DEBUG [traceId=1133298cb1524e63b679f2e79d7f9219 userId= role=] c.k.i.m.SysUserMapper.selectById - ==>  Preparing: SELECT id,account,name,password,role,gender,email,phone,openid,description,teacher_remark,password_update_time,class_id,status,create_by,create_time,update_by,update_time FROM sys_user WHERE id=?
2026-07-19 18:50:15.564 [http-nio-8080-exec-5] DEBUG [traceId=1133298cb1524e63b679f2e79d7f9219 userId= role=] c.k.i.m.SysUserMapper.selectById - ==> Parameters: 21(Long)
2026-07-19 18:50:15.565 [http-nio-8080-exec-5] DEBUG [traceId=1133298cb1524e63b679f2e79d7f9219 userId= role=] c.k.i.m.SysUserMapper.selectById - <==      Total: 1
2026-07-19 18:50:15.566 [http-nio-8080-exec-5] DEBUG [traceId=1133298cb1524e63b679f2e79d7f9219 userId=21 role=1] c.k.i.m.ClassInfoMapper.selectList - ==>  Preparing: SELECT id,class_name,description,status,create_by,create_time,update_by,update_time FROM class_info WHERE (status = ?) ORDER BY class_name ASC
2026-07-19 18:50:15.567 [http-nio-8080-exec-5] DEBUG [traceId=1133298cb1524e63b679f2e79d7f9219 userId=21 role=1] c.k.i.m.ClassInfoMapper.selectList - ==> Parameters: 1(Integer)
2026-07-19 18:50:15.570 [http-nio-8080-exec-5] DEBUG [traceId=1133298cb1524e63b679f2e79d7f9219 userId=21 role=1] c.k.i.m.ClassInfoMapper.selectList - <==      Total: 3
2026-07-19 18:50:15.571 [http-nio-8080-exec-5] INFO  [traceId=1133298cb1524e63b679f2e79d7f9219 userId=21 role=1] com.kg.interceptor.TraceIdFilter - HTTP_REQUEST_END method=GET uri=/class/options status=200 cost=10ms responseBody={"code":200,"message":"查询成功","data":[{"id":8,"className":"1班"},{"id":9,"className":"2班"},{"id":10,"className":"线上学习1班"}]}
2026-07-19 18:50:15.591 [http-nio-8080-exec-4] INFO  [traceId=82f57c09f7e243c0b2837d76c3897c87 userId= role=] com.kg.interceptor.TraceIdFilter - HTTP_REQUEST_START method=GET uri=/study-phase/calendar query=startDate=2026-07-01&endDate=2026-07-31&classId=8 requestBody= ip=0:0:0:0:0:0:0:1 userAgent=Mozilla/5.0 (Windows NT 10.0; Win64; x64) AppleWebKit/537.36 (KHTML, like Gecko) Chrome/123.0.0.0 Safari/537.36
2026-07-19 18:50:15.594 [http-nio-8080-exec-4] DEBUG [traceId=82f57c09f7e243c0b2837d76c3897c87 userId= role=] c.k.i.m.SysUserMapper.selectById - ==>  Preparing: SELECT id,account,name,password,role,gender,email,phone,openid,description,teacher_remark,password_update_time,class_id,status,create_by,create_time,update_by,update_time FROM sys_user WHERE id=?
2026-07-19 18:50:15.595 [http-nio-8080-exec-4] DEBUG [traceId=82f57c09f7e243c0b2837d76c3897c87 userId= role=] c.k.i.m.SysUserMapper.selectById - ==> Parameters: 21(Long)
2026-07-19 18:50:15.595 [http-nio-8080-exec-4] DEBUG [traceId=82f57c09f7e243c0b2837d76c3897c87 userId= role=] c.k.i.m.SysUserMapper.selectById - <==      Total: 1
2026-07-19 18:50:15.597 [http-nio-8080-exec-4] DEBUG [traceId=82f57c09f7e243c0b2837d76c3897c87 userId=21 role=1] c.k.i.m.S.selectList - ==>  Preparing: SELECT id,phase_id,class_id,create_time FROM study_phase_class WHERE (class_id = ?)
2026-07-19 18:50:15.598 [http-nio-8080-exec-4] DEBUG [traceId=82f57c09f7e243c0b2837d76c3897c87 userId=21 role=1] c.k.i.m.S.selectList - ==> Parameters: 8(Long)
2026-07-19 18:50:15.598 [http-nio-8080-exec-4] DEBUG [traceId=82f57c09f7e243c0b2837d76c3897c87 userId=21 role=1] c.k.i.m.S.selectList - <==      Total: 2
2026-07-19 18:50:15.600 [http-nio-8080-exec-4] DEBUG [traceId=82f57c09f7e243c0b2837d76c3897c87 userId=21 role=1] c.k.i.m.StudyPhaseMapper.selectList - ==>  Preparing: SELECT id,phase_title,phase_content,start_date,end_date,display_color,status,create_by,create_time,update_by,update_time FROM study_phase WHERE (id IN (?,?) AND status = ? AND start_date <= ? AND end_date >= ?) ORDER BY start_date ASC
2026-07-19 18:50:15.600 [http-nio-8080-exec-4] DEBUG [traceId=82f57c09f7e243c0b2837d76c3897c87 userId=21 role=1] c.k.i.m.StudyPhaseMapper.selectList - ==> Parameters: 2(Long), 1(Long), 1(Integer), 2026-07-31(LocalDate), 2026-07-01(LocalDate)
2026-07-19 18:50:15.601 [http-nio-8080-exec-4] DEBUG [traceId=82f57c09f7e243c0b2837d76c3897c87 userId=21 role=1] c.k.i.m.StudyPhaseMapper.selectList - <==      Total: 2
2026-07-19 18:50:15.602 [http-nio-8080-exec-4] DEBUG [traceId=82f57c09f7e243c0b2837d76c3897c87 userId=21 role=1] c.k.i.m.S.selectList - ==>  Preparing: SELECT id,phase_id,class_id,create_time FROM study_phase_class WHERE (phase_id = ?)
2026-07-19 18:50:15.602 [http-nio-8080-exec-4] DEBUG [traceId=82f57c09f7e243c0b2837d76c3897c87 userId=21 role=1] c.k.i.m.S.selectList - ==> Parameters: 1(Long)
2026-07-19 18:50:15.602 [http-nio-8080-exec-4] DEBUG [traceId=82f57c09f7e243c0b2837d76c3897c87 userId=21 role=1] c.k.i.m.S.selectList - <==      Total: 3
2026-07-19 18:50:15.603 [http-nio-8080-exec-4] DEBUG [traceId=82f57c09f7e243c0b2837d76c3897c87 userId=21 role=1] c.k.i.m.ClassInfoMapper.selectById - ==>  Preparing: SELECT id,class_name,description,status,create_by,create_time,update_by,update_time FROM class_info WHERE id=?
2026-07-19 18:50:15.603 [http-nio-8080-exec-4] DEBUG [traceId=82f57c09f7e243c0b2837d76c3897c87 userId=21 role=1] c.k.i.m.ClassInfoMapper.selectById - ==> Parameters: 8(Long)
2026-07-19 18:50:15.603 [http-nio-8080-exec-4] DEBUG [traceId=82f57c09f7e243c0b2837d76c3897c87 userId=21 role=1] c.k.i.m.ClassInfoMapper.selectById - <==      Total: 1
2026-07-19 18:50:15.603 [http-nio-8080-exec-4] DEBUG [traceId=82f57c09f7e243c0b2837d76c3897c87 userId=21 role=1] c.k.i.m.ClassInfoMapper.selectById - ==>  Preparing: SELECT id,class_name,description,status,create_by,create_time,update_by,update_time FROM class_info WHERE id=?
2026-07-19 18:50:15.604 [http-nio-8080-exec-4] DEBUG [traceId=82f57c09f7e243c0b2837d76c3897c87 userId=21 role=1] c.k.i.m.ClassInfoMapper.selectById - ==> Parameters: 9(Long)
2026-07-19 18:50:15.604 [http-nio-8080-exec-4] DEBUG [traceId=82f57c09f7e243c0b2837d76c3897c87 userId=21 role=1] c.k.i.m.ClassInfoMapper.selectById - <==      Total: 1
2026-07-19 18:50:15.604 [http-nio-8080-exec-4] DEBUG [traceId=82f57c09f7e243c0b2837d76c3897c87 userId=21 role=1] c.k.i.m.ClassInfoMapper.selectById - ==>  Preparing: SELECT id,class_name,description,status,create_by,create_time,update_by,update_time FROM class_info WHERE id=?
2026-07-19 18:50:15.605 [http-nio-8080-exec-4] DEBUG [traceId=82f57c09f7e243c0b2837d76c3897c87 userId=21 role=1] c.k.i.m.ClassInfoMapper.selectById - ==> Parameters: 10(Long)
2026-07-19 18:50:15.605 [http-nio-8080-exec-4] DEBUG [traceId=82f57c09f7e243c0b2837d76c3897c87 userId=21 role=1] c.k.i.m.ClassInfoMapper.selectById - <==      Total: 1
2026-07-19 18:50:15.606 [http-nio-8080-exec-4] DEBUG [traceId=82f57c09f7e243c0b2837d76c3897c87 userId=21 role=1] c.k.i.m.S.selectList - ==>  Preparing: SELECT id,phase_id,class_id,create_time FROM study_phase_class WHERE (phase_id = ?)
2026-07-19 18:50:15.606 [http-nio-8080-exec-4] DEBUG [traceId=82f57c09f7e243c0b2837d76c3897c87 userId=21 role=1] c.k.i.m.S.selectList - ==> Parameters: 2(Long)
2026-07-19 18:50:15.606 [http-nio-8080-exec-4] DEBUG [traceId=82f57c09f7e243c0b2837d76c3897c87 userId=21 role=1] c.k.i.m.S.selectList - <==      Total: 1
2026-07-19 18:50:15.607 [http-nio-8080-exec-4] DEBUG [traceId=82f57c09f7e243c0b2837d76c3897c87 userId=21 role=1] c.k.i.m.ClassInfoMapper.selectById - ==>  Preparing: SELECT id,class_name,description,status,create_by,create_time,update_by,update_time FROM class_info WHERE id=?
2026-07-19 18:50:15.607 [http-nio-8080-exec-4] DEBUG [traceId=82f57c09f7e243c0b2837d76c3897c87 userId=21 role=1] c.k.i.m.ClassInfoMapper.selectById - ==> Parameters: 8(Long)
2026-07-19 18:50:15.607 [http-nio-8080-exec-4] DEBUG [traceId=82f57c09f7e243c0b2837d76c3897c87 userId=21 role=1] c.k.i.m.ClassInfoMapper.selectById - <==      Total: 1
2026-07-19 18:50:15.608 [http-nio-8080-exec-4] INFO  [traceId=82f57c09f7e243c0b2837d76c3897c87 userId=21 role=1] com.kg.interceptor.TraceIdFilter - HTTP_REQUEST_END method=GET uri=/study-phase/calendar status=200 cost=17ms responseBody={"code":200,"message":"查询成功","data":[{"id":1,"phaseTitle":"测试阶段","phaseContent":"这是一条描述","startDate":"2026-07-01","endDate":"2026-07-03","displayColor":"#ee6262","status":1,"classIds":[8,9,10],"classNames":["1班","2班","线上学习1班"],"createTime":"2026-07-02 21:13:33"},{"id":2,"phaseTitle":"测试阶段2","phaseContent":"这是测试阶段2的描述","startDate":"2026-07-02","endDate":"2026-07-09","displayColor":"#6367d4","status":1,"classIds":[8],"classNames":["1班"],"createTime":"2026-07-02 21:23:49"}]}
2026-07-19 19:54:18.168 [http-nio-8080-exec-7] INFO  [traceId=fbd33a9be1f642e4bb38611eee056f5a userId= role=] com.kg.interceptor.TraceIdFilter - HTTP_REQUEST_START method=GET uri=/dict/ROLE query=null requestBody= ip=0:0:0:0:0:0:0:1 userAgent=Mozilla/5.0 (Windows NT 10.0; Win64; x64) AppleWebKit/537.36 (KHTML, like Gecko) Chrome/123.0.0.0 Safari/537.36
2026-07-19 19:54:18.168 [http-nio-8080-exec-8] INFO  [traceId=84233e248814422f8cfeb83c16717551 userId= role=] com.kg.interceptor.TraceIdFilter - HTTP_REQUEST_START method=POST uri=/student/page query=null requestBody={"pageNum":1,"pageSize":10} ip=0:0:0:0:0:0:0:1 userAgent=Mozilla/5.0 (Windows NT 10.0; Win64; x64) AppleWebKit/537.36 (KHTML, like Gecko) Chrome/123.0.0.0 Safari/537.36
2026-07-19 19:54:18.168 [http-nio-8080-exec-9] INFO  [traceId=302db4e43e034abbaf1bb38374ba3be5 userId= role=] com.kg.interceptor.TraceIdFilter - HTTP_REQUEST_START method=GET uri=/class/options query=null requestBody= ip=0:0:0:0:0:0:0:1 userAgent=Mozilla/5.0 (Windows NT 10.0; Win64; x64) AppleWebKit/537.36 (KHTML, like Gecko) Chrome/123.0.0.0 Safari/537.36
2026-07-19 19:54:18.168 [http-nio-8080-exec-6] INFO  [traceId=e3025e0257bd4d51bbfe20672969a764 userId= role=] com.kg.interceptor.TraceIdFilter - HTTP_REQUEST_START method=GET uri=/dict/group/task_type query=null requestBody= ip=0:0:0:0:0:0:0:1 userAgent=Mozilla/5.0 (Windows NT 10.0; Win64; x64) AppleWebKit/537.36 (KHTML, like Gecko) Chrome/123.0.0.0 Safari/537.36
2026-07-19 19:54:18.210 [http-nio-8080-exec-8] DEBUG [traceId=84233e248814422f8cfeb83c16717551 userId= role=] c.k.i.m.SysUserMapper.selectById - ==>  Preparing: SELECT id,account,name,password,role,gender,email,phone,openid,description,teacher_remark,password_update_time,class_id,status,create_by,create_time,update_by,update_time FROM sys_user WHERE id=?
2026-07-19 19:54:18.210 [http-nio-8080-exec-6] DEBUG [traceId=e3025e0257bd4d51bbfe20672969a764 userId= role=] c.k.i.m.SysUserMapper.selectById - ==>  Preparing: SELECT id,account,name,password,role,gender,email,phone,openid,description,teacher_remark,password_update_time,class_id,status,create_by,create_time,update_by,update_time FROM sys_user WHERE id=?
2026-07-19 19:54:18.210 [http-nio-8080-exec-7] DEBUG [traceId=fbd33a9be1f642e4bb38611eee056f5a userId= role=] c.k.i.m.SysUserMapper.selectById - ==>  Preparing: SELECT id,account,name,password,role,gender,email,phone,openid,description,teacher_remark,password_update_time,class_id,status,create_by,create_time,update_by,update_time FROM sys_user WHERE id=?
2026-07-19 19:54:18.210 [http-nio-8080-exec-9] DEBUG [traceId=302db4e43e034abbaf1bb38374ba3be5 userId= role=] c.k.i.m.SysUserMapper.selectById - ==>  Preparing: SELECT id,account,name,password,role,gender,email,phone,openid,description,teacher_remark,password_update_time,class_id,status,create_by,create_time,update_by,update_time FROM sys_user WHERE id=?
2026-07-19 19:54:18.212 [http-nio-8080-exec-6] DEBUG [traceId=e3025e0257bd4d51bbfe20672969a764 userId= role=] c.k.i.m.SysUserMapper.selectById - ==> Parameters: 21(Long)
2026-07-19 19:54:18.212 [http-nio-8080-exec-9] DEBUG [traceId=302db4e43e034abbaf1bb38374ba3be5 userId= role=] c.k.i.m.SysUserMapper.selectById - ==> Parameters: 21(Long)
2026-07-19 19:54:18.212 [http-nio-8080-exec-7] DEBUG [traceId=fbd33a9be1f642e4bb38611eee056f5a userId= role=] c.k.i.m.SysUserMapper.selectById - ==> Parameters: 21(Long)
2026-07-19 19:54:18.212 [http-nio-8080-exec-8] DEBUG [traceId=84233e248814422f8cfeb83c16717551 userId= role=] c.k.i.m.SysUserMapper.selectById - ==> Parameters: 21(Long)
2026-07-19 19:54:18.234 [http-nio-8080-exec-8] DEBUG [traceId=84233e248814422f8cfeb83c16717551 userId= role=] c.k.i.m.SysUserMapper.selectById - <==      Total: 1
2026-07-19 19:54:18.234 [http-nio-8080-exec-9] DEBUG [traceId=302db4e43e034abbaf1bb38374ba3be5 userId= role=] c.k.i.m.SysUserMapper.selectById - <==      Total: 1
2026-07-19 19:54:18.234 [http-nio-8080-exec-6] DEBUG [traceId=e3025e0257bd4d51bbfe20672969a764 userId= role=] c.k.i.m.SysUserMapper.selectById - <==      Total: 1
2026-07-19 19:54:18.239 [http-nio-8080-exec-7] DEBUG [traceId=fbd33a9be1f642e4bb38611eee056f5a userId= role=] c.k.i.m.SysUserMapper.selectById - <==      Total: 1
2026-07-19 19:54:18.245 [http-nio-8080-exec-9] DEBUG [traceId=302db4e43e034abbaf1bb38374ba3be5 userId=21 role=1] c.k.i.m.ClassInfoMapper.selectList - ==>  Preparing: SELECT id,class_name,description,status,create_by,create_time,update_by,update_time FROM class_info WHERE (status = ?) ORDER BY class_name ASC
2026-07-19 19:54:18.246 [http-nio-8080-exec-9] DEBUG [traceId=302db4e43e034abbaf1bb38374ba3be5 userId=21 role=1] c.k.i.m.ClassInfoMapper.selectList - ==> Parameters: 1(Integer)
2026-07-19 19:54:18.250 [http-nio-8080-exec-9] DEBUG [traceId=302db4e43e034abbaf1bb38374ba3be5 userId=21 role=1] c.k.i.m.ClassInfoMapper.selectList - <==      Total: 3
2026-07-19 19:54:18.256 [http-nio-8080-exec-9] INFO  [traceId=302db4e43e034abbaf1bb38374ba3be5 userId=21 role=1] com.kg.interceptor.TraceIdFilter - HTTP_REQUEST_END method=GET uri=/class/options status=200 cost=89ms responseBody={"code":200,"message":"查询成功","data":[{"id":8,"className":"1班"},{"id":9,"className":"2班"},{"id":10,"className":"线上学习1班"}]}
2026-07-19 19:54:18.266 [http-nio-8080-exec-7] DEBUG [traceId=fbd33a9be1f642e4bb38611eee056f5a userId=21 role=1] c.k.i.mapper.DictMapper.selectList - ==>  Preparing: SELECT id,dict_code,dict_name,dict_label,dict_value,display_color,sort_no,status,create_by,create_time,update_by,update_time FROM sys_dict WHERE (dict_code = ? AND status = ?) ORDER BY sort_no ASC
2026-07-19 19:54:18.267 [http-nio-8080-exec-7] DEBUG [traceId=fbd33a9be1f642e4bb38611eee056f5a userId=21 role=1] c.k.i.mapper.DictMapper.selectList - ==> Parameters: ROLE(String), 1(Integer)
2026-07-19 19:54:18.272 [http-nio-8080-exec-7] DEBUG [traceId=fbd33a9be1f642e4bb38611eee056f5a userId=21 role=1] c.k.i.mapper.DictMapper.selectList - <==      Total: 3
2026-07-19 19:54:18.276 [http-nio-8080-exec-7] INFO  [traceId=fbd33a9be1f642e4bb38611eee056f5a userId=21 role=1] com.kg.interceptor.TraceIdFilter - HTTP_REQUEST_END method=GET uri=/dict/ROLE status=200 cost=109ms responseBody={"code":200,"message":"查询成功","data":[{"value":"1","label":"老师"},{"value":"2","label":"班长"},{"value":"3","label":"学生"}]}
2026-07-19 19:54:18.281 [http-nio-8080-exec-6] DEBUG [traceId=e3025e0257bd4d51bbfe20672969a764 userId=21 role=1] c.k.i.mapper.DictMapper.selectList - ==>  Preparing: SELECT id,dict_code,dict_name,dict_label,dict_value,display_color,sort_no,status,create_by,create_time,update_by,update_time FROM sys_dict WHERE (dict_code = ?) ORDER BY sort_no ASC
2026-07-19 19:54:18.281 [http-nio-8080-exec-6] DEBUG [traceId=e3025e0257bd4d51bbfe20672969a764 userId=21 role=1] c.k.i.mapper.DictMapper.selectList - ==> Parameters: task_type(String)
2026-07-19 19:54:18.284 [http-nio-8080-exec-6] DEBUG [traceId=e3025e0257bd4d51bbfe20672969a764 userId=21 role=1] c.k.i.mapper.DictMapper.selectList - <==      Total: 4
2026-07-19 19:54:18.287 [http-nio-8080-exec-8] DEBUG [traceId=84233e248814422f8cfeb83c16717551 userId=21 role=1] c.k.i.m.SysUserMapper.selectCount - ==>  Preparing: SELECT COUNT( * ) AS total FROM sys_user WHERE (role IN (?,?,?))
2026-07-19 19:54:18.287 [http-nio-8080-exec-8] DEBUG [traceId=84233e248814422f8cfeb83c16717551 userId=21 role=1] c.k.i.m.SysUserMapper.selectCount - ==> Parameters: 1(String), 2(String), 3(String)
2026-07-19 19:54:18.294 [http-nio-8080-exec-8] DEBUG [traceId=84233e248814422f8cfeb83c16717551 userId=21 role=1] c.k.i.m.SysUserMapper.selectCount - <==      Total: 1
2026-07-19 19:54:18.295 [http-nio-8080-exec-6] INFO  [traceId=e3025e0257bd4d51bbfe20672969a764 userId=21 role=1] com.kg.interceptor.TraceIdFilter - HTTP_REQUEST_END method=GET uri=/dict/group/task_type status=200 cost=127ms responseBody={"code":200,"message":"查询成功","data":{"dictCode":"task_type","dictName":"任务类型","items":[{"dictValue":"0","dictLabel":"刷题","sortNo":0,"status":1,"displayColor":"#ff6f00"},{"dictValue":"1","dictLabel":"学习","sortNo":1,"status":1,"displayColor":"#f7ff00"},{"dictValue":"2","dictLabel":"打卡","sortNo":2,"status":1,"displayColor":"#66ff00"},{"dictValue":"3","dictLabel":"每日复盘","sortNo":3,"status":1,"displayColor":"#00bfff"}]}}
2026-07-19 19:54:18.297 [http-nio-8080-exec-8] DEBUG [traceId=84233e248814422f8cfeb83c16717551 userId=21 role=1] c.k.i.m.SysUserMapper.selectList - ==>  Preparing: SELECT id,account,name,password,role,gender,email,phone,openid,description,teacher_remark,password_update_time,class_id,status,create_by,create_time,update_by,update_time FROM sys_user WHERE (role IN (?,?,?)) ORDER BY id DESC LIMIT 0,10
2026-07-19 19:54:18.297 [http-nio-8080-exec-8] DEBUG [traceId=84233e248814422f8cfeb83c16717551 userId=21 role=1] c.k.i.m.SysUserMapper.selectList - ==> Parameters: 1(String), 2(String), 3(String)
2026-07-19 19:54:18.301 [http-nio-8080-exec-8] DEBUG [traceId=84233e248814422f8cfeb83c16717551 userId=21 role=1] c.k.i.m.SysUserMapper.selectList - <==      Total: 10
2026-07-19 19:54:18.307 [http-nio-8080-exec-8] INFO  [traceId=84233e248814422f8cfeb83c16717551 userId=21 role=1] com.kg.interceptor.TraceIdFilter - HTTP_REQUEST_END method=POST uri=/student/page status=200 cost=140ms responseBody={"code":200,"message":"查询成功","data":{"total":13,"list":[{"id":33,"name":"五四","role":"3","phone":"18135257653","classId":10,"gender":1,"email":"","status":1,"teacherRemark":"此人资料分析很强","createTime":"2026-07-02 17:26:00"},{"id":32,"name":"11","role":"3","phone":"123","classId":8,"gender":1,"email":"","status":1,"teacherRemark":null,"createTime":"2026-06-12 23:07:07"},{"id":31,"name":"11","role":"3","phone":"111122223333","classId":8,"gender":1,"email":"","status":1,"teacherRemark":null,"createTime":"2026-06-12 23:00:58"},{"id":30,"name":"测试新增用户任务","role":"3","phone":"13233571111","classId":8,"gender":1,"email":"","status":1,"teacherRemark":null,"createTime":"2026-06-12 22:58:24"},{"id":29,"name":"杨少伟","role":"2","phone":"18295917653","classId":8,"gender":1,"email":"2739244843@qq.com","status":1,"teacherRemark":"资料不行","createTime":"2026-06-08 10:51:02"},{"id":28,"name":"赵八","role":"2","phone":"17200615566","classId":8,"gender":1,"email":"","status":1,"teacherRemark":null,"createTime":"2026-06-01 00:25:25"},{"id":27,"name":"赵七","role":"2","phone":"17200615565","classId":null,"gender":1,"email":null,"status":1,"teacherRemark":null,"createTime":"2026-06-01 00:22:14"},{"id":26,"name":"赵六","role":"2","phone":"17200615564","classId":9,"gender":1,"email":null,"status":1,"teacherRemark":null,"createTime":"2026-06-01 00:14:23"},{"id":25,"name":"王五","role":"3","phone":"17200615560","classId":8,"gender":1,"email":"","status":1,"teacherRemark":"这是老师的备注","createTime":"2026-06-01 00:13:01"},{"id":24,"name":"李四","role":"3","phone":"17200615561","classId":9,"gender":2,"email":"","status":1,"teacherRemark":null,"createTime":"2026-06-01 00:12:50"}]}}
2026-07-19 19:54:34.994 [http-nio-8080-exec-10] INFO  [traceId=4fccada7374a43aa97008b0c8a3dd571 userId= role=] com.kg.interceptor.TraceIdFilter - HTTP_REQUEST_START method=POST uri=/class/page query=null requestBody={"pageNum":1,"pageSize":10} ip=0:0:0:0:0:0:0:1 userAgent=Mozilla/5.0 (Windows NT 10.0; Win64; x64) AppleWebKit/537.36 (KHTML, like Gecko) Chrome/123.0.0.0 Safari/537.36
2026-07-19 19:54:34.994 [http-nio-8080-exec-2] INFO  [traceId=d7f0931c1134480cb626763578ea4d9b userId= role=] com.kg.interceptor.TraceIdFilter - HTTP_REQUEST_START method=GET uri=/dict/ROLE query=null requestBody= ip=0:0:0:0:0:0:0:1 userAgent=Mozilla/5.0 (Windows NT 10.0; Win64; x64) AppleWebKit/537.36 (KHTML, like Gecko) Chrome/123.0.0.0 Safari/537.36
2026-07-19 19:54:35.003 [http-nio-8080-exec-10] DEBUG [traceId=4fccada7374a43aa97008b0c8a3dd571 userId= role=] c.k.i.m.SysUserMapper.selectById - ==>  Preparing: SELECT id,account,name,password,role,gender,email,phone,openid,description,teacher_remark,password_update_time,class_id,status,create_by,create_time,update_by,update_time FROM sys_user WHERE id=?
2026-07-19 19:54:35.003 [http-nio-8080-exec-10] DEBUG [traceId=4fccada7374a43aa97008b0c8a3dd571 userId= role=] c.k.i.m.SysUserMapper.selectById - ==> Parameters: 21(Long)
2026-07-19 19:54:35.005 [http-nio-8080-exec-2] DEBUG [traceId=d7f0931c1134480cb626763578ea4d9b userId= role=] c.k.i.m.SysUserMapper.selectById - ==>  Preparing: SELECT id,account,name,password,role,gender,email,phone,openid,description,teacher_remark,password_update_time,class_id,status,create_by,create_time,update_by,update_time FROM sys_user WHERE id=?
2026-07-19 19:54:35.005 [http-nio-8080-exec-2] DEBUG [traceId=d7f0931c1134480cb626763578ea4d9b userId= role=] c.k.i.m.SysUserMapper.selectById - ==> Parameters: 21(Long)
2026-07-19 19:54:35.006 [http-nio-8080-exec-10] DEBUG [traceId=4fccada7374a43aa97008b0c8a3dd571 userId= role=] c.k.i.m.SysUserMapper.selectById - <==      Total: 1
2026-07-19 19:54:35.008 [http-nio-8080-exec-2] DEBUG [traceId=d7f0931c1134480cb626763578ea4d9b userId= role=] c.k.i.m.SysUserMapper.selectById - <==      Total: 1
2026-07-19 19:54:35.012 [http-nio-8080-exec-2] DEBUG [traceId=d7f0931c1134480cb626763578ea4d9b userId=21 role=1] c.k.i.mapper.DictMapper.selectList - ==>  Preparing: SELECT id,dict_code,dict_name,dict_label,dict_value,display_color,sort_no,status,create_by,create_time,update_by,update_time FROM sys_dict WHERE (dict_code = ? AND status = ?) ORDER BY sort_no ASC
2026-07-19 19:54:35.013 [http-nio-8080-exec-2] DEBUG [traceId=d7f0931c1134480cb626763578ea4d9b userId=21 role=1] c.k.i.mapper.DictMapper.selectList - ==> Parameters: ROLE(String), 1(Integer)
2026-07-19 19:54:35.015 [http-nio-8080-exec-2] DEBUG [traceId=d7f0931c1134480cb626763578ea4d9b userId=21 role=1] c.k.i.mapper.DictMapper.selectList - <==      Total: 3
2026-07-19 19:54:35.017 [http-nio-8080-exec-2] INFO  [traceId=d7f0931c1134480cb626763578ea4d9b userId=21 role=1] com.kg.interceptor.TraceIdFilter - HTTP_REQUEST_END method=GET uri=/dict/ROLE status=200 cost=23ms responseBody={"code":200,"message":"查询成功","data":[{"value":"1","label":"老师"},{"value":"2","label":"班长"},{"value":"3","label":"学生"}]}
2026-07-19 19:54:35.027 [http-nio-8080-exec-10] DEBUG [traceId=4fccada7374a43aa97008b0c8a3dd571 userId=21 role=1] c.k.i.m.ClassInfoMapper.selectCount - ==>  Preparing: SELECT COUNT( * ) AS total FROM class_info
2026-07-19 19:54:35.028 [http-nio-8080-exec-10] DEBUG [traceId=4fccada7374a43aa97008b0c8a3dd571 userId=21 role=1] c.k.i.m.ClassInfoMapper.selectCount - ==> Parameters: 
2026-07-19 19:54:35.029 [http-nio-8080-exec-10] DEBUG [traceId=4fccada7374a43aa97008b0c8a3dd571 userId=21 role=1] c.k.i.m.ClassInfoMapper.selectCount - <==      Total: 1
2026-07-19 19:54:35.031 [http-nio-8080-exec-10] DEBUG [traceId=4fccada7374a43aa97008b0c8a3dd571 userId=21 role=1] c.k.i.m.ClassInfoMapper.selectList - ==>  Preparing: SELECT id,class_name,description,status,create_by,create_time,update_by,update_time FROM class_info ORDER BY id DESC LIMIT 0,10
2026-07-19 19:54:35.031 [http-nio-8080-exec-10] DEBUG [traceId=4fccada7374a43aa97008b0c8a3dd571 userId=21 role=1] c.k.i.m.ClassInfoMapper.selectList - ==> Parameters: 
2026-07-19 19:54:35.033 [http-nio-8080-exec-10] DEBUG [traceId=4fccada7374a43aa97008b0c8a3dd571 userId=21 role=1] c.k.i.m.ClassInfoMapper.selectList - <==      Total: 3
2026-07-19 19:54:35.037 [http-nio-8080-exec-10] DEBUG [traceId=4fccada7374a43aa97008b0c8a3dd571 userId=21 role=1] c.k.i.m.SysUserMapper.selectCount - ==>  Preparing: SELECT COUNT( * ) AS total FROM sys_user WHERE (class_id = ?)
2026-07-19 19:54:35.037 [http-nio-8080-exec-10] DEBUG [traceId=4fccada7374a43aa97008b0c8a3dd571 userId=21 role=1] c.k.i.m.SysUserMapper.selectCount - ==> Parameters: 10(Long)
2026-07-19 19:54:35.038 [http-nio-8080-exec-10] DEBUG [traceId=4fccada7374a43aa97008b0c8a3dd571 userId=21 role=1] c.k.i.m.SysUserMapper.selectCount - <==      Total: 1
2026-07-19 19:54:35.040 [http-nio-8080-exec-10] DEBUG [traceId=4fccada7374a43aa97008b0c8a3dd571 userId=21 role=1] c.k.i.m.SysUserMapper.selectCount - ==>  Preparing: SELECT COUNT( * ) AS total FROM sys_user WHERE (class_id = ?)
2026-07-19 19:54:35.040 [http-nio-8080-exec-10] DEBUG [traceId=4fccada7374a43aa97008b0c8a3dd571 userId=21 role=1] c.k.i.m.SysUserMapper.selectCount - ==> Parameters: 9(Long)
2026-07-19 19:54:35.042 [http-nio-8080-exec-10] DEBUG [traceId=4fccada7374a43aa97008b0c8a3dd571 userId=21 role=1] c.k.i.m.SysUserMapper.selectCount - <==      Total: 1
2026-07-19 19:54:35.044 [http-nio-8080-exec-10] DEBUG [traceId=4fccada7374a43aa97008b0c8a3dd571 userId=21 role=1] c.k.i.m.SysUserMapper.selectCount - ==>  Preparing: SELECT COUNT( * ) AS total FROM sys_user WHERE (class_id = ?)
2026-07-19 19:54:35.044 [http-nio-8080-exec-10] DEBUG [traceId=4fccada7374a43aa97008b0c8a3dd571 userId=21 role=1] c.k.i.m.SysUserMapper.selectCount - ==> Parameters: 8(Long)
2026-07-19 19:54:35.045 [http-nio-8080-exec-10] DEBUG [traceId=4fccada7374a43aa97008b0c8a3dd571 userId=21 role=1] c.k.i.m.SysUserMapper.selectCount - <==      Total: 1
2026-07-19 19:54:35.047 [http-nio-8080-exec-10] INFO  [traceId=4fccada7374a43aa97008b0c8a3dd571 userId=21 role=1] com.kg.interceptor.TraceIdFilter - HTTP_REQUEST_END method=POST uri=/class/page status=200 cost=53ms responseBody={"code":200,"message":"查询成功","data":{"total":3,"list":[{"id":10,"className":"线上学习1班","description":"初创学员","studentCount":1,"createTime":"2026-07-02 17:25:28"},{"id":9,"className":"2班","description":"","studentCount":2,"createTime":"2026-06-01 00:20:21"},{"id":8,"className":"1班","description":"","studentCount":7,"createTime":"2026-06-01 00:20:12"}]}}
2026-07-19 19:54:38.072 [http-nio-8080-exec-1] INFO  [traceId=4b6fd74742644aaa8413e4d3822f0398 userId= role=] com.kg.interceptor.TraceIdFilter - HTTP_REQUEST_START method=GET uri=/home/stat query=null requestBody= ip=0:0:0:0:0:0:0:1 userAgent=Mozilla/5.0 (Windows NT 10.0; Win64; x64) AppleWebKit/537.36 (KHTML, like Gecko) Chrome/123.0.0.0 Safari/537.36
2026-07-19 19:54:38.079 [http-nio-8080-exec-1] DEBUG [traceId=4b6fd74742644aaa8413e4d3822f0398 userId= role=] c.k.i.m.SysUserMapper.selectById - ==>  Preparing: SELECT id,account,name,password,role,gender,email,phone,openid,description,teacher_remark,password_update_time,class_id,status,create_by,create_time,update_by,update_time FROM sys_user WHERE id=?
2026-07-19 19:54:38.079 [http-nio-8080-exec-1] DEBUG [traceId=4b6fd74742644aaa8413e4d3822f0398 userId= role=] c.k.i.m.SysUserMapper.selectById - ==> Parameters: 21(Long)
2026-07-19 19:54:38.082 [http-nio-8080-exec-1] DEBUG [traceId=4b6fd74742644aaa8413e4d3822f0398 userId= role=] c.k.i.m.SysUserMapper.selectById - <==      Total: 1
2026-07-19 19:54:38.084 [http-nio-8080-exec-1] DEBUG [traceId=4b6fd74742644aaa8413e4d3822f0398 userId=21 role=1] c.k.i.m.H.countCurrentTasksForTeacher - ==>  Preparing: SELECT COUNT(*) FROM task WHERE task_start_time <= NOW() AND task_end_time >= NOW()
2026-07-19 19:54:38.084 [http-nio-8080-exec-1] DEBUG [traceId=4b6fd74742644aaa8413e4d3822f0398 userId=21 role=1] c.k.i.m.H.countCurrentTasksForTeacher - ==> Parameters: 
2026-07-19 19:54:38.089 [http-nio-8080-exec-1] DEBUG [traceId=4b6fd74742644aaa8413e4d3822f0398 userId=21 role=1] c.k.i.m.H.countCurrentTasksForTeacher - <==      Total: 1
2026-07-19 19:54:38.089 [http-nio-8080-exec-1] DEBUG [traceId=4b6fd74742644aaa8413e4d3822f0398 userId=21 role=1] c.k.i.m.H.countForceTasksForTeacher - ==>  Preparing: SELECT COUNT(*) FROM task WHERE is_mandatory = 1
2026-07-19 19:54:38.089 [http-nio-8080-exec-1] DEBUG [traceId=4b6fd74742644aaa8413e4d3822f0398 userId=21 role=1] c.k.i.m.H.countForceTasksForTeacher - ==> Parameters: 
2026-07-19 19:54:38.090 [http-nio-8080-exec-1] DEBUG [traceId=4b6fd74742644aaa8413e4d3822f0398 userId=21 role=1] c.k.i.m.H.countForceTasksForTeacher - <==      Total: 1
2026-07-19 19:54:38.091 [http-nio-8080-exec-1] DEBUG [traceId=4b6fd74742644aaa8413e4d3822f0398 userId=21 role=1] c.k.i.m.H.countTotalTasksForTeacher - ==>  Preparing: SELECT COUNT(*) FROM task
2026-07-19 19:54:38.091 [http-nio-8080-exec-1] DEBUG [traceId=4b6fd74742644aaa8413e4d3822f0398 userId=21 role=1] c.k.i.m.H.countTotalTasksForTeacher - ==> Parameters: 
2026-07-19 19:54:38.091 [http-nio-8080-exec-1] DEBUG [traceId=4b6fd74742644aaa8413e4d3822f0398 userId=21 role=1] c.k.i.m.H.countTotalTasksForTeacher - <==      Total: 1
2026-07-19 19:54:38.091 [http-nio-8080-exec-1] DEBUG [traceId=4b6fd74742644aaa8413e4d3822f0398 userId=21 role=1] c.k.i.m.H.completionStatsForTeacher - ==>  Preparing: SELECT COUNT(*) AS total, SUM(CASE WHEN tu.status IN ('1','2') THEN 1 ELSE 0 END) AS completed, SUM(CASE WHEN tu.status = '0' THEN 1 ELSE 0 END) AS uncompleted FROM task_user tu JOIN task t ON t.id = tu.task_id
2026-07-19 19:54:38.093 [http-nio-8080-exec-1] DEBUG [traceId=4b6fd74742644aaa8413e4d3822f0398 userId=21 role=1] c.k.i.m.H.completionStatsForTeacher - ==> Parameters: 
2026-07-19 19:54:38.098 [http-nio-8080-exec-1] DEBUG [traceId=4b6fd74742644aaa8413e4d3822f0398 userId=21 role=1] c.k.i.m.H.completionStatsForTeacher - <==      Total: 1
2026-07-19 19:54:38.098 [http-nio-8080-exec-1] DEBUG [traceId=4b6fd74742644aaa8413e4d3822f0398 userId=21 role=1] c.k.i.m.H.lowCompletedTop3ForTeacher - ==>  Preparing: SELECT t.id AS task_id, t.task_name, t.task_end_time AS end_time, COUNT(*) AS total, SUM(CASE WHEN tu.status IN ('1','2') THEN 1 ELSE 0 END) AS completed, SUM(CASE WHEN tu.status = '0' THEN 1 ELSE 0 END) AS uncompleted FROM task t JOIN task_user tu ON tu.task_id = t.id GROUP BY t.id, t.task_name, t.task_end_time ORDER BY (SUM(CASE WHEN tu.status IN ('1','2') THEN 1 ELSE 0 END) * 1.0 / COUNT(*)) ASC LIMIT 3
2026-07-19 19:54:38.099 [http-nio-8080-exec-1] DEBUG [traceId=4b6fd74742644aaa8413e4d3822f0398 userId=21 role=1] c.k.i.m.H.lowCompletedTop3ForTeacher - ==> Parameters: 
2026-07-19 19:54:38.105 [http-nio-8080-exec-1] DEBUG [traceId=4b6fd74742644aaa8413e4d3822f0398 userId=21 role=1] c.k.i.m.H.lowCompletedTop3ForTeacher - <==      Total: 3
2026-07-19 19:54:38.106 [http-nio-8080-exec-1] INFO  [traceId=4b6fd74742644aaa8413e4d3822f0398 userId=21 role=1] com.kg.interceptor.TraceIdFilter - HTTP_REQUEST_END method=GET uri=/home/stat status=200 cost=34ms responseBody={"code":200,"message":"查询成功","data":{"currentTaskCount":3,"forceTaskCount":82,"totalTaskCount":84,"completedTaskUserCount":37,"unCompletedTaskUserCount":513,"completedRate":7,"lowCompletedTasks":[{"taskId":46,"taskName":"111","totalUserCount":7,"completedUserCount":0,"unCompletedUserCount":7,"completedRate":0,"endTime":"2026-06-13T23:59:59"},{"taskId":51,"taskName":"每日复盘","totalUserCount":10,"completedUserCount":0,"unCompletedUserCount":10,"completedRate":0,"endTime":"2026-06-14T23:59"},{"taskId":56,"taskName":"每日复盘","totalUserCount":10,"completedUserCount":0,"unCompletedUserCount":10,"completedRate":0,"endTime":"2026-06-16T23:59"}]}}
2026-07-19 19:54:38.129 [http-nio-8080-exec-3] INFO  [traceId=46bb34579b90488ba009606c00f9ec50 userId= role=] com.kg.interceptor.TraceIdFilter - HTTP_REQUEST_START method=GET uri=/class/options query=null requestBody= ip=0:0:0:0:0:0:0:1 userAgent=Mozilla/5.0 (Windows NT 10.0; Win64; x64) AppleWebKit/537.36 (KHTML, like Gecko) Chrome/123.0.0.0 Safari/537.36
2026-07-19 19:54:38.138 [http-nio-8080-exec-3] DEBUG [traceId=46bb34579b90488ba009606c00f9ec50 userId= role=] c.k.i.m.SysUserMapper.selectById - ==>  Preparing: SELECT id,account,name,password,role,gender,email,phone,openid,description,teacher_remark,password_update_time,class_id,status,create_by,create_time,update_by,update_time FROM sys_user WHERE id=?
2026-07-19 19:54:38.138 [http-nio-8080-exec-3] DEBUG [traceId=46bb34579b90488ba009606c00f9ec50 userId= role=] c.k.i.m.SysUserMapper.selectById - ==> Parameters: 21(Long)
2026-07-19 19:54:38.140 [http-nio-8080-exec-3] DEBUG [traceId=46bb34579b90488ba009606c00f9ec50 userId= role=] c.k.i.m.SysUserMapper.selectById - <==      Total: 1
2026-07-19 19:54:38.145 [http-nio-8080-exec-3] DEBUG [traceId=46bb34579b90488ba009606c00f9ec50 userId=21 role=1] c.k.i.m.ClassInfoMapper.selectList - ==>  Preparing: SELECT id,class_name,description,status,create_by,create_time,update_by,update_time FROM class_info WHERE (status = ?) ORDER BY class_name ASC
2026-07-19 19:54:38.145 [http-nio-8080-exec-3] DEBUG [traceId=46bb34579b90488ba009606c00f9ec50 userId=21 role=1] c.k.i.m.ClassInfoMapper.selectList - ==> Parameters: 1(Integer)
2026-07-19 19:54:38.146 [http-nio-8080-exec-3] DEBUG [traceId=46bb34579b90488ba009606c00f9ec50 userId=21 role=1] c.k.i.m.ClassInfoMapper.selectList - <==      Total: 3
2026-07-19 19:54:38.147 [http-nio-8080-exec-3] INFO  [traceId=46bb34579b90488ba009606c00f9ec50 userId=21 role=1] com.kg.interceptor.TraceIdFilter - HTTP_REQUEST_END method=GET uri=/class/options status=200 cost=18ms responseBody={"code":200,"message":"查询成功","data":[{"id":8,"className":"1班"},{"id":9,"className":"2班"},{"id":10,"className":"线上学习1班"}]}
2026-07-19 19:54:38.160 [http-nio-8080-exec-5] INFO  [traceId=9b29c7b68213499fa7f62c824f47f702 userId= role=] com.kg.interceptor.TraceIdFilter - HTTP_REQUEST_START method=GET uri=/study-phase/calendar query=startDate=2026-07-01&endDate=2026-07-31&classId=8 requestBody= ip=0:0:0:0:0:0:0:1 userAgent=Mozilla/5.0 (Windows NT 10.0; Win64; x64) AppleWebKit/537.36 (KHTML, like Gecko) Chrome/123.0.0.0 Safari/537.36
2026-07-19 19:54:38.167 [http-nio-8080-exec-5] DEBUG [traceId=9b29c7b68213499fa7f62c824f47f702 userId= role=] c.k.i.m.SysUserMapper.selectById - ==>  Preparing: SELECT id,account,name,password,role,gender,email,phone,openid,description,teacher_remark,password_update_time,class_id,status,create_by,create_time,update_by,update_time FROM sys_user WHERE id=?
2026-07-19 19:54:38.168 [http-nio-8080-exec-5] DEBUG [traceId=9b29c7b68213499fa7f62c824f47f702 userId= role=] c.k.i.m.SysUserMapper.selectById - ==> Parameters: 21(Long)
2026-07-19 19:54:38.169 [http-nio-8080-exec-5] DEBUG [traceId=9b29c7b68213499fa7f62c824f47f702 userId= role=] c.k.i.m.SysUserMapper.selectById - <==      Total: 1
2026-07-19 19:54:38.174 [http-nio-8080-exec-5] DEBUG [traceId=9b29c7b68213499fa7f62c824f47f702 userId=21 role=1] c.k.i.m.S.selectList - ==>  Preparing: SELECT id,phase_id,class_id,create_time FROM study_phase_class WHERE (class_id = ?)
2026-07-19 19:54:38.175 [http-nio-8080-exec-5] DEBUG [traceId=9b29c7b68213499fa7f62c824f47f702 userId=21 role=1] c.k.i.m.S.selectList - ==> Parameters: 8(Long)
2026-07-19 19:54:38.176 [http-nio-8080-exec-5] DEBUG [traceId=9b29c7b68213499fa7f62c824f47f702 userId=21 role=1] c.k.i.m.S.selectList - <==      Total: 2
2026-07-19 19:54:38.179 [http-nio-8080-exec-5] DEBUG [traceId=9b29c7b68213499fa7f62c824f47f702 userId=21 role=1] c.k.i.m.StudyPhaseMapper.selectList - ==>  Preparing: SELECT id,phase_title,phase_content,start_date,end_date,display_color,status,create_by,create_time,update_by,update_time FROM study_phase WHERE (id IN (?,?) AND status = ? AND start_date <= ? AND end_date >= ?) ORDER BY start_date ASC
2026-07-19 19:54:38.180 [http-nio-8080-exec-5] DEBUG [traceId=9b29c7b68213499fa7f62c824f47f702 userId=21 role=1] c.k.i.m.StudyPhaseMapper.selectList - ==> Parameters: 2(Long), 1(Long), 1(Integer), 2026-07-31(LocalDate), 2026-07-01(LocalDate)
2026-07-19 19:54:38.182 [http-nio-8080-exec-5] DEBUG [traceId=9b29c7b68213499fa7f62c824f47f702 userId=21 role=1] c.k.i.m.StudyPhaseMapper.selectList - <==      Total: 2
2026-07-19 19:54:38.185 [http-nio-8080-exec-5] DEBUG [traceId=9b29c7b68213499fa7f62c824f47f702 userId=21 role=1] c.k.i.m.S.selectList - ==>  Preparing: SELECT id,phase_id,class_id,create_time FROM study_phase_class WHERE (phase_id = ?)
2026-07-19 19:54:38.185 [http-nio-8080-exec-5] DEBUG [traceId=9b29c7b68213499fa7f62c824f47f702 userId=21 role=1] c.k.i.m.S.selectList - ==> Parameters: 1(Long)
2026-07-19 19:54:38.187 [http-nio-8080-exec-5] DEBUG [traceId=9b29c7b68213499fa7f62c824f47f702 userId=21 role=1] c.k.i.m.S.selectList - <==      Total: 3
2026-07-19 19:54:38.189 [http-nio-8080-exec-5] DEBUG [traceId=9b29c7b68213499fa7f62c824f47f702 userId=21 role=1] c.k.i.m.ClassInfoMapper.selectById - ==>  Preparing: SELECT id,class_name,description,status,create_by,create_time,update_by,update_time FROM class_info WHERE id=?
2026-07-19 19:54:38.189 [http-nio-8080-exec-5] DEBUG [traceId=9b29c7b68213499fa7f62c824f47f702 userId=21 role=1] c.k.i.m.ClassInfoMapper.selectById - ==> Parameters: 8(Long)
2026-07-19 19:54:38.190 [http-nio-8080-exec-5] DEBUG [traceId=9b29c7b68213499fa7f62c824f47f702 userId=21 role=1] c.k.i.m.ClassInfoMapper.selectById - <==      Total: 1
2026-07-19 19:54:38.190 [http-nio-8080-exec-5] DEBUG [traceId=9b29c7b68213499fa7f62c824f47f702 userId=21 role=1] c.k.i.m.ClassInfoMapper.selectById - ==>  Preparing: SELECT id,class_name,description,status,create_by,create_time,update_by,update_time FROM class_info WHERE id=?
2026-07-19 19:54:38.191 [http-nio-8080-exec-5] DEBUG [traceId=9b29c7b68213499fa7f62c824f47f702 userId=21 role=1] c.k.i.m.ClassInfoMapper.selectById - ==> Parameters: 9(Long)
2026-07-19 19:54:38.191 [http-nio-8080-exec-5] DEBUG [traceId=9b29c7b68213499fa7f62c824f47f702 userId=21 role=1] c.k.i.m.ClassInfoMapper.selectById - <==      Total: 1
2026-07-19 19:54:38.191 [http-nio-8080-exec-5] DEBUG [traceId=9b29c7b68213499fa7f62c824f47f702 userId=21 role=1] c.k.i.m.ClassInfoMapper.selectById - ==>  Preparing: SELECT id,class_name,description,status,create_by,create_time,update_by,update_time FROM class_info WHERE id=?
2026-07-19 19:54:38.191 [http-nio-8080-exec-5] DEBUG [traceId=9b29c7b68213499fa7f62c824f47f702 userId=21 role=1] c.k.i.m.ClassInfoMapper.selectById - ==> Parameters: 10(Long)
2026-07-19 19:54:38.193 [http-nio-8080-exec-5] DEBUG [traceId=9b29c7b68213499fa7f62c824f47f702 userId=21 role=1] c.k.i.m.ClassInfoMapper.selectById - <==      Total: 1
2026-07-19 19:54:38.195 [http-nio-8080-exec-5] DEBUG [traceId=9b29c7b68213499fa7f62c824f47f702 userId=21 role=1] c.k.i.m.S.selectList - ==>  Preparing: SELECT id,phase_id,class_id,create_time FROM study_phase_class WHERE (phase_id = ?)
2026-07-19 19:54:38.195 [http-nio-8080-exec-5] DEBUG [traceId=9b29c7b68213499fa7f62c824f47f702 userId=21 role=1] c.k.i.m.S.selectList - ==> Parameters: 2(Long)
2026-07-19 19:54:38.196 [http-nio-8080-exec-5] DEBUG [traceId=9b29c7b68213499fa7f62c824f47f702 userId=21 role=1] c.k.i.m.S.selectList - <==      Total: 1
2026-07-19 19:54:38.196 [http-nio-8080-exec-5] DEBUG [traceId=9b29c7b68213499fa7f62c824f47f702 userId=21 role=1] c.k.i.m.ClassInfoMapper.selectById - ==>  Preparing: SELECT id,class_name,description,status,create_by,create_time,update_by,update_time FROM class_info WHERE id=?
2026-07-19 19:54:38.196 [http-nio-8080-exec-5] DEBUG [traceId=9b29c7b68213499fa7f62c824f47f702 userId=21 role=1] c.k.i.m.ClassInfoMapper.selectById - ==> Parameters: 8(Long)
2026-07-19 19:54:38.196 [http-nio-8080-exec-5] DEBUG [traceId=9b29c7b68213499fa7f62c824f47f702 userId=21 role=1] c.k.i.m.ClassInfoMapper.selectById - <==      Total: 1
2026-07-19 19:54:38.197 [http-nio-8080-exec-5] INFO  [traceId=9b29c7b68213499fa7f62c824f47f702 userId=21 role=1] com.kg.interceptor.TraceIdFilter - HTTP_REQUEST_END method=GET uri=/study-phase/calendar status=200 cost=37ms responseBody={"code":200,"message":"查询成功","data":[{"id":1,"phaseTitle":"测试阶段","phaseContent":"这是一条描述","startDate":"2026-07-01","endDate":"2026-07-03","displayColor":"#ee6262","status":1,"classIds":[8,9,10],"classNames":["1班","2班","线上学习1班"],"createTime":"2026-07-02 21:13:33"},{"id":2,"phaseTitle":"测试阶段2","phaseContent":"这是测试阶段2的描述","startDate":"2026-07-02","endDate":"2026-07-09","displayColor":"#6367d4","status":1,"classIds":[8],"classNames":["1班"],"createTime":"2026-07-02 21:23:49"}]}
2026-07-19 19:54:43.056 [http-nio-8080-exec-9] INFO  [traceId=8a7a2508d5e74f15860ad3587b6a8f96 userId= role=] com.kg.interceptor.TraceIdFilter - HTTP_REQUEST_START method=GET uri=/notification/unread-count query=null requestBody= ip=0:0:0:0:0:0:0:1 userAgent=Mozilla/5.0 (Windows NT 10.0; Win64; x64) AppleWebKit/537.36 (KHTML, like Gecko) Chrome/123.0.0.0 Safari/537.36
2026-07-19 19:54:43.056 [http-nio-8080-exec-4] INFO  [traceId=c7fb931c92cf473cb10ee1c8fd2a61ed userId= role=] com.kg.interceptor.TraceIdFilter - HTTP_REQUEST_START method=GET uri=/home/stat query=null requestBody= ip=0:0:0:0:0:0:0:1 userAgent=Mozilla/5.0 (Windows NT 10.0; Win64; x64) AppleWebKit/537.36 (KHTML, like Gecko) Chrome/123.0.0.0 Safari/537.36
2026-07-19 19:54:43.062 [http-nio-8080-exec-4] DEBUG [traceId=c7fb931c92cf473cb10ee1c8fd2a61ed userId= role=] c.k.i.m.SysUserMapper.selectById - ==>  Preparing: SELECT id,account,name,password,role,gender,email,phone,openid,description,teacher_remark,password_update_time,class_id,status,create_by,create_time,update_by,update_time FROM sys_user WHERE id=?
2026-07-19 19:54:43.062 [http-nio-8080-exec-9] DEBUG [traceId=8a7a2508d5e74f15860ad3587b6a8f96 userId= role=] c.k.i.m.SysUserMapper.selectById - ==>  Preparing: SELECT id,account,name,password,role,gender,email,phone,openid,description,teacher_remark,password_update_time,class_id,status,create_by,create_time,update_by,update_time FROM sys_user WHERE id=?
2026-07-19 19:54:43.062 [http-nio-8080-exec-4] DEBUG [traceId=c7fb931c92cf473cb10ee1c8fd2a61ed userId= role=] c.k.i.m.SysUserMapper.selectById - ==> Parameters: 21(Long)
2026-07-19 19:54:43.062 [http-nio-8080-exec-9] DEBUG [traceId=8a7a2508d5e74f15860ad3587b6a8f96 userId= role=] c.k.i.m.SysUserMapper.selectById - ==> Parameters: 21(Long)
2026-07-19 19:54:43.063 [http-nio-8080-exec-4] DEBUG [traceId=c7fb931c92cf473cb10ee1c8fd2a61ed userId= role=] c.k.i.m.SysUserMapper.selectById - <==      Total: 1
2026-07-19 19:54:43.063 [http-nio-8080-exec-9] DEBUG [traceId=8a7a2508d5e74f15860ad3587b6a8f96 userId= role=] c.k.i.m.SysUserMapper.selectById - <==      Total: 1
2026-07-19 19:54:43.066 [http-nio-8080-exec-4] DEBUG [traceId=c7fb931c92cf473cb10ee1c8fd2a61ed userId=21 role=1] c.k.i.m.H.countCurrentTasksForTeacher - ==>  Preparing: SELECT COUNT(*) FROM task WHERE task_start_time <= NOW() AND task_end_time >= NOW()
2026-07-19 19:54:43.066 [http-nio-8080-exec-4] DEBUG [traceId=c7fb931c92cf473cb10ee1c8fd2a61ed userId=21 role=1] c.k.i.m.H.countCurrentTasksForTeacher - ==> Parameters: 
2026-07-19 19:54:43.067 [http-nio-8080-exec-4] DEBUG [traceId=c7fb931c92cf473cb10ee1c8fd2a61ed userId=21 role=1] c.k.i.m.H.countCurrentTasksForTeacher - <==      Total: 1
2026-07-19 19:54:43.068 [http-nio-8080-exec-4] DEBUG [traceId=c7fb931c92cf473cb10ee1c8fd2a61ed userId=21 role=1] c.k.i.m.H.countForceTasksForTeacher - ==>  Preparing: SELECT COUNT(*) FROM task WHERE is_mandatory = 1
2026-07-19 19:54:43.068 [http-nio-8080-exec-4] DEBUG [traceId=c7fb931c92cf473cb10ee1c8fd2a61ed userId=21 role=1] c.k.i.m.H.countForceTasksForTeacher - ==> Parameters: 
2026-07-19 19:54:43.069 [http-nio-8080-exec-4] DEBUG [traceId=c7fb931c92cf473cb10ee1c8fd2a61ed userId=21 role=1] c.k.i.m.H.countForceTasksForTeacher - <==      Total: 1
2026-07-19 19:54:43.069 [http-nio-8080-exec-4] DEBUG [traceId=c7fb931c92cf473cb10ee1c8fd2a61ed userId=21 role=1] c.k.i.m.H.countTotalTasksForTeacher - ==>  Preparing: SELECT COUNT(*) FROM task
2026-07-19 19:54:43.069 [http-nio-8080-exec-4] DEBUG [traceId=c7fb931c92cf473cb10ee1c8fd2a61ed userId=21 role=1] c.k.i.m.H.countTotalTasksForTeacher - ==> Parameters: 
2026-07-19 19:54:43.070 [http-nio-8080-exec-9] DEBUG [traceId=8a7a2508d5e74f15860ad3587b6a8f96 userId=21 role=1] c.k.i.m.N.selectCount - ==>  Preparing: SELECT COUNT( * ) AS total FROM notification_message WHERE (user_id = ? AND is_read = ? AND status = ? AND notify_time <= ?)
2026-07-19 19:54:43.070 [http-nio-8080-exec-4] DEBUG [traceId=c7fb931c92cf473cb10ee1c8fd2a61ed userId=21 role=1] c.k.i.m.H.countTotalTasksForTeacher - <==      Total: 1
2026-07-19 19:54:43.070 [http-nio-8080-exec-4] DEBUG [traceId=c7fb931c92cf473cb10ee1c8fd2a61ed userId=21 role=1] c.k.i.m.H.completionStatsForTeacher - ==>  Preparing: SELECT COUNT(*) AS total, SUM(CASE WHEN tu.status IN ('1','2') THEN 1 ELSE 0 END) AS completed, SUM(CASE WHEN tu.status = '0' THEN 1 ELSE 0 END) AS uncompleted FROM task_user tu JOIN task t ON t.id = tu.task_id
2026-07-19 19:54:43.070 [http-nio-8080-exec-9] DEBUG [traceId=8a7a2508d5e74f15860ad3587b6a8f96 userId=21 role=1] c.k.i.m.N.selectCount - ==> Parameters: 21(Long), 0(Integer), 0(String), 2026-07-19T19:54:43.067(LocalDateTime)
2026-07-19 19:54:43.070 [http-nio-8080-exec-4] DEBUG [traceId=c7fb931c92cf473cb10ee1c8fd2a61ed userId=21 role=1] c.k.i.m.H.completionStatsForTeacher - ==> Parameters: 
2026-07-19 19:54:43.071 [http-nio-8080-exec-4] DEBUG [traceId=c7fb931c92cf473cb10ee1c8fd2a61ed userId=21 role=1] c.k.i.m.H.completionStatsForTeacher - <==      Total: 1
2026-07-19 19:54:43.073 [http-nio-8080-exec-4] DEBUG [traceId=c7fb931c92cf473cb10ee1c8fd2a61ed userId=21 role=1] c.k.i.m.H.lowCompletedTop3ForTeacher - ==>  Preparing: SELECT t.id AS task_id, t.task_name, t.task_end_time AS end_time, COUNT(*) AS total, SUM(CASE WHEN tu.status IN ('1','2') THEN 1 ELSE 0 END) AS completed, SUM(CASE WHEN tu.status = '0' THEN 1 ELSE 0 END) AS uncompleted FROM task t JOIN task_user tu ON tu.task_id = t.id GROUP BY t.id, t.task_name, t.task_end_time ORDER BY (SUM(CASE WHEN tu.status IN ('1','2') THEN 1 ELSE 0 END) * 1.0 / COUNT(*)) ASC LIMIT 3
2026-07-19 19:54:43.073 [http-nio-8080-exec-4] DEBUG [traceId=c7fb931c92cf473cb10ee1c8fd2a61ed userId=21 role=1] c.k.i.m.H.lowCompletedTop3ForTeacher - ==> Parameters: 
2026-07-19 19:54:43.073 [http-nio-8080-exec-9] DEBUG [traceId=8a7a2508d5e74f15860ad3587b6a8f96 userId=21 role=1] c.k.i.m.N.selectCount - <==      Total: 1
2026-07-19 19:54:43.074 [http-nio-8080-exec-9] INFO  [traceId=8a7a2508d5e74f15860ad3587b6a8f96 userId=21 role=1] com.kg.interceptor.TraceIdFilter - HTTP_REQUEST_END method=GET uri=/notification/unread-count status=200 cost=18ms responseBody={"code":200,"message":"查询成功","data":0}
2026-07-19 19:54:43.076 [http-nio-8080-exec-4] DEBUG [traceId=c7fb931c92cf473cb10ee1c8fd2a61ed userId=21 role=1] c.k.i.m.H.lowCompletedTop3ForTeacher - <==      Total: 3
2026-07-19 19:54:43.077 [http-nio-8080-exec-4] INFO  [traceId=c7fb931c92cf473cb10ee1c8fd2a61ed userId=21 role=1] com.kg.interceptor.TraceIdFilter - HTTP_REQUEST_END method=GET uri=/home/stat status=200 cost=21ms responseBody={"code":200,"message":"查询成功","data":{"currentTaskCount":3,"forceTaskCount":82,"totalTaskCount":84,"completedTaskUserCount":37,"unCompletedTaskUserCount":513,"completedRate":7,"lowCompletedTasks":[{"taskId":107,"taskName":"每日复盘","totalUserCount":11,"completedUserCount":0,"unCompletedUserCount":11,"completedRate":0,"endTime":"2026-07-19T23:59"},{"taskId":66,"taskName":"145测试","totalUserCount":7,"completedUserCount":0,"unCompletedUserCount":7,"completedRate":0,"endTime":"2026-06-23T23:59:59"},{"taskId":46,"taskName":"111","totalUserCount":7,"completedUserCount":0,"unCompletedUserCount":7,"completedRate":0,"endTime":"2026-06-13T23:59:59"}]}}
2026-07-19 19:54:43.124 [http-nio-8080-exec-7] INFO  [traceId=9f480d6acc5e472fa30946d250bb1690 userId= role=] com.kg.interceptor.TraceIdFilter - HTTP_REQUEST_START method=GET uri=/class/options query=null requestBody= ip=0:0:0:0:0:0:0:1 userAgent=Mozilla/5.0 (Windows NT 10.0; Win64; x64) AppleWebKit/537.36 (KHTML, like Gecko) Chrome/123.0.0.0 Safari/537.36
2026-07-19 19:54:43.131 [http-nio-8080-exec-7] DEBUG [traceId=9f480d6acc5e472fa30946d250bb1690 userId= role=] c.k.i.m.SysUserMapper.selectById - ==>  Preparing: SELECT id,account,name,password,role,gender,email,phone,openid,description,teacher_remark,password_update_time,class_id,status,create_by,create_time,update_by,update_time FROM sys_user WHERE id=?
2026-07-19 19:54:43.131 [http-nio-8080-exec-7] DEBUG [traceId=9f480d6acc5e472fa30946d250bb1690 userId= role=] c.k.i.m.SysUserMapper.selectById - ==> Parameters: 21(Long)
2026-07-19 19:54:43.134 [http-nio-8080-exec-7] DEBUG [traceId=9f480d6acc5e472fa30946d250bb1690 userId= role=] c.k.i.m.SysUserMapper.selectById - <==      Total: 1
2026-07-19 19:54:43.139 [http-nio-8080-exec-7] DEBUG [traceId=9f480d6acc5e472fa30946d250bb1690 userId=21 role=1] c.k.i.m.ClassInfoMapper.selectList - ==>  Preparing: SELECT id,class_name,description,status,create_by,create_time,update_by,update_time FROM class_info WHERE (status = ?) ORDER BY class_name ASC
2026-07-19 19:54:43.139 [http-nio-8080-exec-7] DEBUG [traceId=9f480d6acc5e472fa30946d250bb1690 userId=21 role=1] c.k.i.m.ClassInfoMapper.selectList - ==> Parameters: 1(Integer)
2026-07-19 19:54:43.141 [http-nio-8080-exec-7] DEBUG [traceId=9f480d6acc5e472fa30946d250bb1690 userId=21 role=1] c.k.i.m.ClassInfoMapper.selectList - <==      Total: 3
2026-07-19 19:54:43.142 [http-nio-8080-exec-7] INFO  [traceId=9f480d6acc5e472fa30946d250bb1690 userId=21 role=1] com.kg.interceptor.TraceIdFilter - HTTP_REQUEST_END method=GET uri=/class/options status=200 cost=18ms responseBody={"code":200,"message":"查询成功","data":[{"id":8,"className":"1班"},{"id":9,"className":"2班"},{"id":10,"className":"线上学习1班"}]}
2026-07-19 19:54:43.301 [http-nio-8080-exec-6] INFO  [traceId=0b1650f3776342c8b0820f18ce483e75 userId= role=] com.kg.interceptor.TraceIdFilter - HTTP_REQUEST_START method=GET uri=/study-phase/calendar query=startDate=2026-07-01&endDate=2026-07-31&classId=8 requestBody= ip=0:0:0:0:0:0:0:1 userAgent=Mozilla/5.0 (Windows NT 10.0; Win64; x64) AppleWebKit/537.36 (KHTML, like Gecko) Chrome/123.0.0.0 Safari/537.36
2026-07-19 19:54:43.310 [http-nio-8080-exec-6] DEBUG [traceId=0b1650f3776342c8b0820f18ce483e75 userId= role=] c.k.i.m.SysUserMapper.selectById - ==>  Preparing: SELECT id,account,name,password,role,gender,email,phone,openid,description,teacher_remark,password_update_time,class_id,status,create_by,create_time,update_by,update_time FROM sys_user WHERE id=?
2026-07-19 19:54:43.310 [http-nio-8080-exec-6] DEBUG [traceId=0b1650f3776342c8b0820f18ce483e75 userId= role=] c.k.i.m.SysUserMapper.selectById - ==> Parameters: 21(Long)
2026-07-19 19:54:43.311 [http-nio-8080-exec-6] DEBUG [traceId=0b1650f3776342c8b0820f18ce483e75 userId= role=] c.k.i.m.SysUserMapper.selectById - <==      Total: 1
2026-07-19 19:54:43.316 [http-nio-8080-exec-6] DEBUG [traceId=0b1650f3776342c8b0820f18ce483e75 userId=21 role=1] c.k.i.m.S.selectList - ==>  Preparing: SELECT id,phase_id,class_id,create_time FROM study_phase_class WHERE (class_id = ?)
2026-07-19 19:54:43.316 [http-nio-8080-exec-6] DEBUG [traceId=0b1650f3776342c8b0820f18ce483e75 userId=21 role=1] c.k.i.m.S.selectList - ==> Parameters: 8(Long)
2026-07-19 19:54:43.317 [http-nio-8080-exec-6] DEBUG [traceId=0b1650f3776342c8b0820f18ce483e75 userId=21 role=1] c.k.i.m.S.selectList - <==      Total: 2
2026-07-19 19:54:43.320 [http-nio-8080-exec-6] DEBUG [traceId=0b1650f3776342c8b0820f18ce483e75 userId=21 role=1] c.k.i.m.StudyPhaseMapper.selectList - ==>  Preparing: SELECT id,phase_title,phase_content,start_date,end_date,display_color,status,create_by,create_time,update_by,update_time FROM study_phase WHERE (id IN (?,?) AND status = ? AND start_date <= ? AND end_date >= ?) ORDER BY start_date ASC
2026-07-19 19:54:43.321 [http-nio-8080-exec-6] DEBUG [traceId=0b1650f3776342c8b0820f18ce483e75 userId=21 role=1] c.k.i.m.StudyPhaseMapper.selectList - ==> Parameters: 2(Long), 1(Long), 1(Integer), 2026-07-31(LocalDate), 2026-07-01(LocalDate)
2026-07-19 19:54:43.322 [http-nio-8080-exec-6] DEBUG [traceId=0b1650f3776342c8b0820f18ce483e75 userId=21 role=1] c.k.i.m.StudyPhaseMapper.selectList - <==      Total: 2
2026-07-19 19:54:43.325 [http-nio-8080-exec-6] DEBUG [traceId=0b1650f3776342c8b0820f18ce483e75 userId=21 role=1] c.k.i.m.S.selectList - ==>  Preparing: SELECT id,phase_id,class_id,create_time FROM study_phase_class WHERE (phase_id = ?)
2026-07-19 19:54:43.325 [http-nio-8080-exec-6] DEBUG [traceId=0b1650f3776342c8b0820f18ce483e75 userId=21 role=1] c.k.i.m.S.selectList - ==> Parameters: 1(Long)
2026-07-19 19:54:43.326 [http-nio-8080-exec-6] DEBUG [traceId=0b1650f3776342c8b0820f18ce483e75 userId=21 role=1] c.k.i.m.S.selectList - <==      Total: 3
2026-07-19 19:54:43.327 [http-nio-8080-exec-6] DEBUG [traceId=0b1650f3776342c8b0820f18ce483e75 userId=21 role=1] c.k.i.m.ClassInfoMapper.selectById - ==>  Preparing: SELECT id,class_name,description,status,create_by,create_time,update_by,update_time FROM class_info WHERE id=?
2026-07-19 19:54:43.327 [http-nio-8080-exec-6] DEBUG [traceId=0b1650f3776342c8b0820f18ce483e75 userId=21 role=1] c.k.i.m.ClassInfoMapper.selectById - ==> Parameters: 8(Long)
2026-07-19 19:54:43.328 [http-nio-8080-exec-6] DEBUG [traceId=0b1650f3776342c8b0820f18ce483e75 userId=21 role=1] c.k.i.m.ClassInfoMapper.selectById - <==      Total: 1
2026-07-19 19:54:43.328 [http-nio-8080-exec-6] DEBUG [traceId=0b1650f3776342c8b0820f18ce483e75 userId=21 role=1] c.k.i.m.ClassInfoMapper.selectById - ==>  Preparing: SELECT id,class_name,description,status,create_by,create_time,update_by,update_time FROM class_info WHERE id=?
2026-07-19 19:54:43.328 [http-nio-8080-exec-6] DEBUG [traceId=0b1650f3776342c8b0820f18ce483e75 userId=21 role=1] c.k.i.m.ClassInfoMapper.selectById - ==> Parameters: 9(Long)
2026-07-19 19:54:43.330 [http-nio-8080-exec-6] DEBUG [traceId=0b1650f3776342c8b0820f18ce483e75 userId=21 role=1] c.k.i.m.ClassInfoMapper.selectById - <==      Total: 1
2026-07-19 19:54:43.330 [http-nio-8080-exec-6] DEBUG [traceId=0b1650f3776342c8b0820f18ce483e75 userId=21 role=1] c.k.i.m.ClassInfoMapper.selectById - ==>  Preparing: SELECT id,class_name,description,status,create_by,create_time,update_by,update_time FROM class_info WHERE id=?
2026-07-19 19:54:43.330 [http-nio-8080-exec-6] DEBUG [traceId=0b1650f3776342c8b0820f18ce483e75 userId=21 role=1] c.k.i.m.ClassInfoMapper.selectById - ==> Parameters: 10(Long)
2026-07-19 19:54:43.330 [http-nio-8080-exec-6] DEBUG [traceId=0b1650f3776342c8b0820f18ce483e75 userId=21 role=1] c.k.i.m.ClassInfoMapper.selectById - <==      Total: 1
2026-07-19 19:54:43.331 [http-nio-8080-exec-6] DEBUG [traceId=0b1650f3776342c8b0820f18ce483e75 userId=21 role=1] c.k.i.m.S.selectList - ==>  Preparing: SELECT id,phase_id,class_id,create_time FROM study_phase_class WHERE (phase_id = ?)
2026-07-19 19:54:43.331 [http-nio-8080-exec-6] DEBUG [traceId=0b1650f3776342c8b0820f18ce483e75 userId=21 role=1] c.k.i.m.S.selectList - ==> Parameters: 2(Long)
2026-07-19 19:54:43.334 [http-nio-8080-exec-6] DEBUG [traceId=0b1650f3776342c8b0820f18ce483e75 userId=21 role=1] c.k.i.m.S.selectList - <==      Total: 1
2026-07-19 19:54:43.334 [http-nio-8080-exec-6] DEBUG [traceId=0b1650f3776342c8b0820f18ce483e75 userId=21 role=1] c.k.i.m.ClassInfoMapper.selectById - ==>  Preparing: SELECT id,class_name,description,status,create_by,create_time,update_by,update_time FROM class_info WHERE id=?
2026-07-19 19:54:43.334 [http-nio-8080-exec-6] DEBUG [traceId=0b1650f3776342c8b0820f18ce483e75 userId=21 role=1] c.k.i.m.ClassInfoMapper.selectById - ==> Parameters: 8(Long)
2026-07-19 19:54:43.335 [http-nio-8080-exec-6] DEBUG [traceId=0b1650f3776342c8b0820f18ce483e75 userId=21 role=1] c.k.i.m.ClassInfoMapper.selectById - <==      Total: 1
2026-07-19 19:54:43.336 [http-nio-8080-exec-6] INFO  [traceId=0b1650f3776342c8b0820f18ce483e75 userId=21 role=1] com.kg.interceptor.TraceIdFilter - HTTP_REQUEST_END method=GET uri=/study-phase/calendar status=200 cost=35ms responseBody={"code":200,"message":"查询成功","data":[{"id":1,"phaseTitle":"测试阶段","phaseContent":"这是一条描述","startDate":"2026-07-01","endDate":"2026-07-03","displayColor":"#ee6262","status":1,"classIds":[8,9,10],"classNames":["1班","2班","线上学习1班"],"createTime":"2026-07-02 21:13:33"},{"id":2,"phaseTitle":"测试阶段2","phaseContent":"这是测试阶段2的描述","startDate":"2026-07-02","endDate":"2026-07-09","displayColor":"#6367d4","status":1,"classIds":[8],"classNames":["1班"],"createTime":"2026-07-02 21:23:49"}]}
2026-07-19 19:54:48.717 [http-nio-8080-exec-2] INFO  [traceId=e2acf46bcfd440cca6a6bd3d4518be6d userId= role=] com.kg.interceptor.TraceIdFilter - HTTP_REQUEST_START method=GET uri=/dict/group/task_type query=null requestBody= ip=0:0:0:0:0:0:0:1 userAgent=Mozilla/5.0 (Windows NT 10.0; Win64; x64) AppleWebKit/537.36 (KHTML, like Gecko) Chrome/123.0.0.0 Safari/537.36
2026-07-19 19:54:48.717 [http-nio-8080-exec-8] INFO  [traceId=5ce8c452958f4c68aff31518681c98f0 userId= role=] com.kg.interceptor.TraceIdFilter - HTTP_REQUEST_START method=POST uri=/student/page query=null requestBody={"pageNum":1,"pageSize":10} ip=0:0:0:0:0:0:0:1 userAgent=Mozilla/5.0 (Windows NT 10.0; Win64; x64) AppleWebKit/537.36 (KHTML, like Gecko) Chrome/123.0.0.0 Safari/537.36
2026-07-19 19:54:48.717 [http-nio-8080-exec-10] INFO  [traceId=a9f0f6eaf3a944998d56a1fed0e5265d userId= role=] com.kg.interceptor.TraceIdFilter - HTTP_REQUEST_START method=GET uri=/class/options query=null requestBody= ip=0:0:0:0:0:0:0:1 userAgent=Mozilla/5.0 (Windows NT 10.0; Win64; x64) AppleWebKit/537.36 (KHTML, like Gecko) Chrome/123.0.0.0 Safari/537.36
2026-07-19 19:54:48.717 [http-nio-8080-exec-1] INFO  [traceId=241c034629a242b6ab353c773a42d16a userId= role=] com.kg.interceptor.TraceIdFilter - HTTP_REQUEST_START method=GET uri=/dict/ROLE query=null requestBody= ip=0:0:0:0:0:0:0:1 userAgent=Mozilla/5.0 (Windows NT 10.0; Win64; x64) AppleWebKit/537.36 (KHTML, like Gecko) Chrome/123.0.0.0 Safari/537.36
2026-07-19 19:54:48.728 [http-nio-8080-exec-1] DEBUG [traceId=241c034629a242b6ab353c773a42d16a userId= role=] c.k.i.m.SysUserMapper.selectById - ==>  Preparing: SELECT id,account,name,password,role,gender,email,phone,openid,description,teacher_remark,password_update_time,class_id,status,create_by,create_time,update_by,update_time FROM sys_user WHERE id=?
2026-07-19 19:54:48.728 [http-nio-8080-exec-2] DEBUG [traceId=e2acf46bcfd440cca6a6bd3d4518be6d userId= role=] c.k.i.m.SysUserMapper.selectById - ==>  Preparing: SELECT id,account,name,password,role,gender,email,phone,openid,description,teacher_remark,password_update_time,class_id,status,create_by,create_time,update_by,update_time FROM sys_user WHERE id=?
2026-07-19 19:54:48.728 [http-nio-8080-exec-2] DEBUG [traceId=e2acf46bcfd440cca6a6bd3d4518be6d userId= role=] c.k.i.m.SysUserMapper.selectById - ==> Parameters: 21(Long)
2026-07-19 19:54:48.728 [http-nio-8080-exec-1] DEBUG [traceId=241c034629a242b6ab353c773a42d16a userId= role=] c.k.i.m.SysUserMapper.selectById - ==> Parameters: 21(Long)
2026-07-19 19:54:48.729 [http-nio-8080-exec-8] DEBUG [traceId=5ce8c452958f4c68aff31518681c98f0 userId= role=] c.k.i.m.SysUserMapper.selectById - ==>  Preparing: SELECT id,account,name,password,role,gender,email,phone,openid,description,teacher_remark,password_update_time,class_id,status,create_by,create_time,update_by,update_time FROM sys_user WHERE id=?
2026-07-19 19:54:48.730 [http-nio-8080-exec-8] DEBUG [traceId=5ce8c452958f4c68aff31518681c98f0 userId= role=] c.k.i.m.SysUserMapper.selectById - ==> Parameters: 21(Long)
2026-07-19 19:54:48.732 [http-nio-8080-exec-10] DEBUG [traceId=a9f0f6eaf3a944998d56a1fed0e5265d userId= role=] c.k.i.m.SysUserMapper.selectById - ==>  Preparing: SELECT id,account,name,password,role,gender,email,phone,openid,description,teacher_remark,password_update_time,class_id,status,create_by,create_time,update_by,update_time FROM sys_user WHERE id=?
2026-07-19 19:54:48.732 [http-nio-8080-exec-1] DEBUG [traceId=241c034629a242b6ab353c773a42d16a userId= role=] c.k.i.m.SysUserMapper.selectById - <==      Total: 1
2026-07-19 19:54:48.732 [http-nio-8080-exec-10] DEBUG [traceId=a9f0f6eaf3a944998d56a1fed0e5265d userId= role=] c.k.i.m.SysUserMapper.selectById - ==> Parameters: 21(Long)
2026-07-19 19:54:48.732 [http-nio-8080-exec-2] DEBUG [traceId=e2acf46bcfd440cca6a6bd3d4518be6d userId= role=] c.k.i.m.SysUserMapper.selectById - <==      Total: 1
2026-07-19 19:54:48.734 [http-nio-8080-exec-8] DEBUG [traceId=5ce8c452958f4c68aff31518681c98f0 userId= role=] c.k.i.m.SysUserMapper.selectById - <==      Total: 1
2026-07-19 19:54:48.735 [http-nio-8080-exec-10] DEBUG [traceId=a9f0f6eaf3a944998d56a1fed0e5265d userId= role=] c.k.i.m.SysUserMapper.selectById - <==      Total: 1
2026-07-19 19:54:48.741 [http-nio-8080-exec-1] DEBUG [traceId=241c034629a242b6ab353c773a42d16a userId=21 role=1] c.k.i.mapper.DictMapper.selectList - ==>  Preparing: SELECT id,dict_code,dict_name,dict_label,dict_value,display_color,sort_no,status,create_by,create_time,update_by,update_time FROM sys_dict WHERE (dict_code = ? AND status = ?) ORDER BY sort_no ASC
2026-07-19 19:54:48.741 [http-nio-8080-exec-1] DEBUG [traceId=241c034629a242b6ab353c773a42d16a userId=21 role=1] c.k.i.mapper.DictMapper.selectList - ==> Parameters: ROLE(String), 1(Integer)
2026-07-19 19:54:48.743 [http-nio-8080-exec-2] DEBUG [traceId=e2acf46bcfd440cca6a6bd3d4518be6d userId=21 role=1] c.k.i.mapper.DictMapper.selectList - ==>  Preparing: SELECT id,dict_code,dict_name,dict_label,dict_value,display_color,sort_no,status,create_by,create_time,update_by,update_time FROM sys_dict WHERE (dict_code = ?) ORDER BY sort_no ASC
2026-07-19 19:54:48.743 [http-nio-8080-exec-2] DEBUG [traceId=e2acf46bcfd440cca6a6bd3d4518be6d userId=21 role=1] c.k.i.mapper.DictMapper.selectList - ==> Parameters: task_type(String)
2026-07-19 19:54:48.743 [http-nio-8080-exec-8] DEBUG [traceId=5ce8c452958f4c68aff31518681c98f0 userId=21 role=1] c.k.i.m.SysUserMapper.selectCount - ==>  Preparing: SELECT COUNT( * ) AS total FROM sys_user WHERE (role IN (?,?,?))
2026-07-19 19:54:48.743 [http-nio-8080-exec-8] DEBUG [traceId=5ce8c452958f4c68aff31518681c98f0 userId=21 role=1] c.k.i.m.SysUserMapper.selectCount - ==> Parameters: 1(String), 2(String), 3(String)
2026-07-19 19:54:48.743 [http-nio-8080-exec-10] DEBUG [traceId=a9f0f6eaf3a944998d56a1fed0e5265d userId=21 role=1] c.k.i.m.ClassInfoMapper.selectList - ==>  Preparing: SELECT id,class_name,description,status,create_by,create_time,update_by,update_time FROM class_info WHERE (status = ?) ORDER BY class_name ASC
2026-07-19 19:54:48.743 [http-nio-8080-exec-10] DEBUG [traceId=a9f0f6eaf3a944998d56a1fed0e5265d userId=21 role=1] c.k.i.m.ClassInfoMapper.selectList - ==> Parameters: 1(Integer)
2026-07-19 19:54:48.744 [http-nio-8080-exec-8] DEBUG [traceId=5ce8c452958f4c68aff31518681c98f0 userId=21 role=1] c.k.i.m.SysUserMapper.selectCount - <==      Total: 1
2026-07-19 19:54:48.744 [http-nio-8080-exec-1] DEBUG [traceId=241c034629a242b6ab353c773a42d16a userId=21 role=1] c.k.i.mapper.DictMapper.selectList - <==      Total: 3
2026-07-19 19:54:48.745 [http-nio-8080-exec-10] DEBUG [traceId=a9f0f6eaf3a944998d56a1fed0e5265d userId=21 role=1] c.k.i.m.ClassInfoMapper.selectList - <==      Total: 3
2026-07-19 19:54:48.745 [http-nio-8080-exec-1] INFO  [traceId=241c034629a242b6ab353c773a42d16a userId=21 role=1] com.kg.interceptor.TraceIdFilter - HTTP_REQUEST_END method=GET uri=/dict/ROLE status=200 cost=28ms responseBody={"code":200,"message":"查询成功","data":[{"value":"1","label":"老师"},{"value":"2","label":"班长"},{"value":"3","label":"学生"}]}
2026-07-19 19:54:48.750 [http-nio-8080-exec-10] INFO  [traceId=a9f0f6eaf3a944998d56a1fed0e5265d userId=21 role=1] com.kg.interceptor.TraceIdFilter - HTTP_REQUEST_END method=GET uri=/class/options status=200 cost=34ms responseBody={"code":200,"message":"查询成功","data":[{"id":8,"className":"1班"},{"id":9,"className":"2班"},{"id":10,"className":"线上学习1班"}]}
2026-07-19 19:54:48.751 [http-nio-8080-exec-8] DEBUG [traceId=5ce8c452958f4c68aff31518681c98f0 userId=21 role=1] c.k.i.m.SysUserMapper.selectList - ==>  Preparing: SELECT id,account,name,password,role,gender,email,phone,openid,description,teacher_remark,password_update_time,class_id,status,create_by,create_time,update_by,update_time FROM sys_user WHERE (role IN (?,?,?)) ORDER BY id DESC LIMIT 0,10
2026-07-19 19:54:48.752 [http-nio-8080-exec-8] DEBUG [traceId=5ce8c452958f4c68aff31518681c98f0 userId=21 role=1] c.k.i.m.SysUserMapper.selectList - ==> Parameters: 1(String), 2(String), 3(String)
2026-07-19 19:54:48.754 [http-nio-8080-exec-2] DEBUG [traceId=e2acf46bcfd440cca6a6bd3d4518be6d userId=21 role=1] c.k.i.mapper.DictMapper.selectList - <==      Total: 4
2026-07-19 19:54:48.756 [http-nio-8080-exec-2] INFO  [traceId=e2acf46bcfd440cca6a6bd3d4518be6d userId=21 role=1] com.kg.interceptor.TraceIdFilter - HTTP_REQUEST_END method=GET uri=/dict/group/task_type status=200 cost=40ms responseBody={"code":200,"message":"查询成功","data":{"dictCode":"task_type","dictName":"任务类型","items":[{"dictValue":"0","dictLabel":"刷题","sortNo":0,"status":1,"displayColor":"#ff6f00"},{"dictValue":"1","dictLabel":"学习","sortNo":1,"status":1,"displayColor":"#f7ff00"},{"dictValue":"2","dictLabel":"打卡","sortNo":2,"status":1,"displayColor":"#66ff00"},{"dictValue":"3","dictLabel":"每日复盘","sortNo":3,"status":1,"displayColor":"#00bfff"}]}}
2026-07-19 19:54:48.756 [http-nio-8080-exec-8] DEBUG [traceId=5ce8c452958f4c68aff31518681c98f0 userId=21 role=1] c.k.i.m.SysUserMapper.selectList - <==      Total: 10
2026-07-19 19:54:48.761 [http-nio-8080-exec-8] INFO  [traceId=5ce8c452958f4c68aff31518681c98f0 userId=21 role=1] com.kg.interceptor.TraceIdFilter - HTTP_REQUEST_END method=POST uri=/student/page status=200 cost=45ms responseBody={"code":200,"message":"查询成功","data":{"total":13,"list":[{"id":33,"name":"五四","role":"3","phone":"18135257653","classId":10,"gender":1,"email":"","status":1,"teacherRemark":"此人资料分析很强","createTime":"2026-07-02 17:26:00"},{"id":32,"name":"11","role":"3","phone":"123","classId":8,"gender":1,"email":"","status":1,"teacherRemark":null,"createTime":"2026-06-12 23:07:07"},{"id":31,"name":"11","role":"3","phone":"111122223333","classId":8,"gender":1,"email":"","status":1,"teacherRemark":null,"createTime":"2026-06-12 23:00:58"},{"id":30,"name":"测试新增用户任务","role":"3","phone":"13233571111","classId":8,"gender":1,"email":"","status":1,"teacherRemark":null,"createTime":"2026-06-12 22:58:24"},{"id":29,"name":"杨少伟","role":"2","phone":"18295917653","classId":8,"gender":1,"email":"2739244843@qq.com","status":1,"teacherRemark":"资料不行","createTime":"2026-06-08 10:51:02"},{"id":28,"name":"赵八","role":"2","phone":"17200615566","classId":8,"gender":1,"email":"","status":1,"teacherRemark":null,"createTime":"2026-06-01 00:25:25"},{"id":27,"name":"赵七","role":"2","phone":"17200615565","classId":null,"gender":1,"email":null,"status":1,"teacherRemark":null,"createTime":"2026-06-01 00:22:14"},{"id":26,"name":"赵六","role":"2","phone":"17200615564","classId":9,"gender":1,"email":null,"status":1,"teacherRemark":null,"createTime":"2026-06-01 00:14:23"},{"id":25,"name":"王五","role":"3","phone":"17200615560","classId":8,"gender":1,"email":"","status":1,"teacherRemark":"这是老师的备注","createTime":"2026-06-01 00:13:01"},{"id":24,"name":"李四","role":"3","phone":"17200615561","classId":9,"gender":2,"email":"","status":1,"teacherRemark":null,"createTime":"2026-06-01 00:12:50"}]}}
2026-07-19 23:31:47.629 [SpringApplicationShutdownHook] INFO  [traceId= userId= role=] com.zaxxer.hikari.HikariDataSource - HikariPool-1 - Shutdown initiated...
2026-07-19 23:31:47.643 [SpringApplicationShutdownHook] INFO  [traceId= userId= role=] com.zaxxer.hikari.HikariDataSource - HikariPool-1 - Shutdown completed.
