2026-07-20 22:11:36.606 [background-preinit] INFO  [traceId= userId= role=] o.h.validator.internal.util.Version - HV000001: Hibernate Validator 6.2.5.Final
2026-07-20 22:11:36.614 [main] INFO  [traceId= userId= role=] com.kg.KgApplication - Starting KgApplication using Java 1.8.0_271 on LAPTOP-O2F6G5FB with PID 31800 (F:\aiProject\smart-study-system\backend\target\classes started by 86198 in F:\aiProject\smart-study-system\backend)
2026-07-20 22:11:36.620 [main] INFO  [traceId= userId= role=] com.kg.KgApplication - The following 1 profile is active: "dev"
2026-07-20 22:11:38.889 [main] INFO  [traceId= userId= role=] o.s.b.w.e.tomcat.TomcatWebServer - Tomcat initialized with port(s): 8080 (http)
2026-07-20 22:11:38.899 [main] INFO  [traceId= userId= role=] o.a.coyote.http11.Http11NioProtocol - Initializing ProtocolHandler ["http-nio-8080"]
2026-07-20 22:11:38.903 [main] INFO  [traceId= userId= role=] o.a.catalina.core.StandardService - Starting service [Tomcat]
2026-07-20 22:11:38.903 [main] INFO  [traceId= userId= role=] o.a.catalina.core.StandardEngine - Starting Servlet engine: [Apache Tomcat/9.0.83]
2026-07-20 22:11:39.194 [main] INFO  [traceId= userId= role=] o.a.c.c.C.[Tomcat].[localhost].[/] - Initializing Spring embedded WebApplicationContext
2026-07-20 22:11:39.195 [main] INFO  [traceId= userId= role=] o.s.b.w.s.c.ServletWebServerApplicationContext - Root WebApplicationContext: initialization completed in 2508 ms
2026-07-20 22:11:44.147 [main] INFO  [traceId= userId= role=] o.a.coyote.http11.Http11NioProtocol - Starting ProtocolHandler ["http-nio-8080"]
2026-07-20 22:11:44.272 [main] INFO  [traceId= userId= role=] o.s.b.w.e.tomcat.TomcatWebServer - Tomcat started on port(s): 8080 (http) with context path ''
2026-07-20 22:11:44.314 [main] INFO  [traceId= userId= role=] com.kg.KgApplication - Started KgApplication in 8.364 seconds (JVM running for 9.453)
2026-07-20 22:11:44.486 [main] INFO  [traceId= userId= role=] com.zaxxer.hikari.HikariDataSource - HikariPool-1 - Starting...
2026-07-20 22:11:46.808 [main] INFO  [traceId= userId= role=] com.zaxxer.hikari.HikariDataSource - HikariPool-1 - Start completed.
2026-07-20 22:11:46.818 [main] DEBUG [traceId= userId= role=] c.k.i.m.SysUserMapper.selectList - ==>  Preparing: SELECT id,account,name,password,role,gender,email,phone,openid,description,teacher_remark,password_update_time,class_id,status,create_by,create_time,update_by,update_time FROM sys_user WHERE (account = ?)
2026-07-20 22:11:46.846 [main] DEBUG [traceId= userId= role=] c.k.i.m.SysUserMapper.selectList - ==> Parameters: root(String)
2026-07-20 22:11:46.887 [main] DEBUG [traceId= userId= role=] c.k.i.m.SysUserMapper.selectList - <==      Total: 1
2026-07-20 22:11:46.894 [main] INFO  [traceId= userId= role=] com.kg.config.DataInitializer - 默认管理员账号已存在，跳过初始化：account=root
2026-07-20 22:11:46.894 [main] INFO  [traceId= userId= role=] c.k.scheduler.DailyTaskStartupRunner - ====== 开始执行每日任务补偿检查 ======
2026-07-20 22:11:46.921 [main] DEBUG [traceId= userId= role=] c.k.i.mapper.TaskMapper.selectList - ==>  Preparing: SELECT id,task_name,task_type,template_id,round_no,is_mandatory,task_description,task_start_time,task_end_time,priority,class_id,target_type,target_ids,plan_id,plan_date,is_repeat_task,status,create_by,create_time,update_by,update_time FROM task WHERE ((status = ? OR status IS NULL)) ORDER BY id DESC LIMIT 0,500
2026-07-20 22:11:46.922 [main] DEBUG [traceId= userId= role=] c.k.i.mapper.TaskMapper.selectList - ==> Parameters: 1(Integer)
2026-07-20 22:11:47.158 [main] DEBUG [traceId= userId= role=] c.k.i.mapper.TaskMapper.selectList - <==      Total: 75
2026-07-20 22:11:47.162 [main] INFO  [traceId= userId= role=] c.k.a.service.BatchTaskService - 【启动补偿】每日打卡 (2026-07-20) 不存在，开始补生成
2026-07-20 22:11:47.164 [main] DEBUG [traceId= userId= role=] c.k.i.mapper.TaskMapper.selectList - ==>  Preparing: SELECT id,task_name,task_type,template_id,round_no,is_mandatory,task_description,task_start_time,task_end_time,priority,class_id,target_type,target_ids,plan_id,plan_date,is_repeat_task,status,create_by,create_time,update_by,update_time FROM task WHERE ((status = ? OR status IS NULL)) ORDER BY id DESC LIMIT 0,500
2026-07-20 22:11:47.164 [main] DEBUG [traceId= userId= role=] c.k.i.mapper.TaskMapper.selectList - ==> Parameters: 1(Integer)
2026-07-20 22:11:47.178 [main] DEBUG [traceId= userId= role=] c.k.i.mapper.TaskMapper.selectList - <==      Total: 75
2026-07-20 22:11:47.192 [main] DEBUG [traceId= userId= role=] c.k.i.m.ClassInfoMapper.selectList - ==>  Preparing: SELECT id,class_name,description,status,create_by,create_time,update_by,update_time FROM class_info WHERE (status = ?) ORDER BY class_name ASC
2026-07-20 22:11:47.193 [main] DEBUG [traceId= userId= role=] c.k.i.m.ClassInfoMapper.selectList - ==> Parameters: 1(Integer)
2026-07-20 22:11:47.198 [main] DEBUG [traceId= userId= role=] c.k.i.m.ClassInfoMapper.selectList - <==      Total: 3
2026-07-20 22:11:47.216 [main] DEBUG [traceId= userId= role=] c.k.i.mapper.TaskMapper.insert - ==>  Preparing: INSERT INTO task ( task_name, task_type, is_mandatory, task_description, task_start_time, task_end_time, target_type, target_ids, create_by, create_time ) VALUES ( ?, ?, ?, ?, ?, ?, ?, ?, ?, ? )
2026-07-20 22:11:47.218 [main] DEBUG [traceId= userId= role=] c.k.i.mapper.TaskMapper.insert - ==> Parameters: 每日打卡(String), 2(String), 1(Integer), 2026-07-20(String), 2026-07-20T06:00(LocalDateTime), 2026-07-20T23:59(LocalDateTime), 1(Integer), 8,9,10(String), 0(Long), 2026-07-20T22:11:47.202(LocalDateTime)
2026-07-20 22:11:47.231 [main] DEBUG [traceId= userId= role=] c.k.i.mapper.TaskMapper.insert - <==    Updates: 1
2026-07-20 22:11:47.255 [main] DEBUG [traceId= userId= role=] c.k.i.m.SysUserMapper.selectList - ==>  Preparing: SELECT id,account,name,password,role,gender,email,phone,openid,description,teacher_remark,password_update_time,class_id,status,create_by,create_time,update_by,update_time FROM sys_user WHERE (role IN (?,?) AND status = ?)
2026-07-20 22:11:47.257 [main] DEBUG [traceId= userId= role=] c.k.i.m.SysUserMapper.selectList - ==> Parameters: 2(String), 3(String), 1(Integer)
2026-07-20 22:11:47.260 [main] DEBUG [traceId= userId= role=] c.k.i.m.SysUserMapper.selectList - <==      Total: 11
2026-07-20 22:11:47.278 [main] DEBUG [traceId= userId= role=] c.k.i.mapper.TaskUserMapper.insert - ==>  Preparing: INSERT INTO task_user ( task_id, user_id, status ) VALUES ( ?, ?, ? )
2026-07-20 22:11:47.278 [main] DEBUG [traceId= userId= role=] c.k.i.mapper.TaskUserMapper.insert - ==> Parameters: 108(Long), 23(Long), 0(String)
2026-07-20 22:11:47.288 [main] DEBUG [traceId= userId= role=] c.k.i.mapper.TaskUserMapper.insert - <==    Updates: 1
2026-07-20 22:11:47.289 [main] DEBUG [traceId= userId= role=] c.k.i.mapper.TaskUserMapper.insert - ==>  Preparing: INSERT INTO task_user ( task_id, user_id, status ) VALUES ( ?, ?, ? )
2026-07-20 22:11:47.290 [main] DEBUG [traceId= userId= role=] c.k.i.mapper.TaskUserMapper.insert - ==> Parameters: 108(Long), 24(Long), 0(String)
2026-07-20 22:11:47.293 [main] DEBUG [traceId= userId= role=] c.k.i.mapper.TaskUserMapper.insert - <==    Updates: 1
2026-07-20 22:11:47.295 [main] DEBUG [traceId= userId= role=] c.k.i.mapper.TaskUserMapper.insert - ==>  Preparing: INSERT INTO task_user ( task_id, user_id, status ) VALUES ( ?, ?, ? )
2026-07-20 22:11:47.296 [main] DEBUG [traceId= userId= role=] c.k.i.mapper.TaskUserMapper.insert - ==> Parameters: 108(Long), 25(Long), 0(String)
2026-07-20 22:11:47.299 [main] DEBUG [traceId= userId= role=] c.k.i.mapper.TaskUserMapper.insert - <==    Updates: 1
2026-07-20 22:11:47.300 [main] DEBUG [traceId= userId= role=] c.k.i.mapper.TaskUserMapper.insert - ==>  Preparing: INSERT INTO task_user ( task_id, user_id, status ) VALUES ( ?, ?, ? )
2026-07-20 22:11:47.302 [main] DEBUG [traceId= userId= role=] c.k.i.mapper.TaskUserMapper.insert - ==> Parameters: 108(Long), 26(Long), 0(String)
2026-07-20 22:11:47.304 [main] DEBUG [traceId= userId= role=] c.k.i.mapper.TaskUserMapper.insert - <==    Updates: 1
2026-07-20 22:11:47.305 [main] DEBUG [traceId= userId= role=] c.k.i.mapper.TaskUserMapper.insert - ==>  Preparing: INSERT INTO task_user ( task_id, user_id, status ) VALUES ( ?, ?, ? )
2026-07-20 22:11:47.306 [main] DEBUG [traceId= userId= role=] c.k.i.mapper.TaskUserMapper.insert - ==> Parameters: 108(Long), 27(Long), 0(String)
2026-07-20 22:11:47.309 [main] DEBUG [traceId= userId= role=] c.k.i.mapper.TaskUserMapper.insert - <==    Updates: 1
2026-07-20 22:11:47.311 [main] DEBUG [traceId= userId= role=] c.k.i.mapper.TaskUserMapper.insert - ==>  Preparing: INSERT INTO task_user ( task_id, user_id, status ) VALUES ( ?, ?, ? )
2026-07-20 22:11:47.312 [main] DEBUG [traceId= userId= role=] c.k.i.mapper.TaskUserMapper.insert - ==> Parameters: 108(Long), 28(Long), 0(String)
2026-07-20 22:11:47.315 [main] DEBUG [traceId= userId= role=] c.k.i.mapper.TaskUserMapper.insert - <==    Updates: 1
2026-07-20 22:11:47.316 [main] DEBUG [traceId= userId= role=] c.k.i.mapper.TaskUserMapper.insert - ==>  Preparing: INSERT INTO task_user ( task_id, user_id, status ) VALUES ( ?, ?, ? )
2026-07-20 22:11:47.317 [main] DEBUG [traceId= userId= role=] c.k.i.mapper.TaskUserMapper.insert - ==> Parameters: 108(Long), 29(Long), 0(String)
2026-07-20 22:11:47.320 [main] DEBUG [traceId= userId= role=] c.k.i.mapper.TaskUserMapper.insert - <==    Updates: 1
2026-07-20 22:11:47.326 [main] DEBUG [traceId= userId= role=] c.k.i.mapper.TaskUserMapper.insert - ==>  Preparing: INSERT INTO task_user ( task_id, user_id, status ) VALUES ( ?, ?, ? )
2026-07-20 22:11:47.331 [main] DEBUG [traceId= userId= role=] c.k.i.mapper.TaskUserMapper.insert - ==> Parameters: 108(Long), 30(Long), 0(String)
2026-07-20 22:11:47.334 [main] DEBUG [traceId= userId= role=] c.k.i.mapper.TaskUserMapper.insert - <==    Updates: 1
2026-07-20 22:11:47.336 [main] DEBUG [traceId= userId= role=] c.k.i.mapper.TaskUserMapper.insert - ==>  Preparing: INSERT INTO task_user ( task_id, user_id, status ) VALUES ( ?, ?, ? )
2026-07-20 22:11:47.337 [main] DEBUG [traceId= userId= role=] c.k.i.mapper.TaskUserMapper.insert - ==> Parameters: 108(Long), 31(Long), 0(String)
2026-07-20 22:11:47.341 [main] DEBUG [traceId= userId= role=] c.k.i.mapper.TaskUserMapper.insert - <==    Updates: 1
2026-07-20 22:11:47.342 [main] DEBUG [traceId= userId= role=] c.k.i.mapper.TaskUserMapper.insert - ==>  Preparing: INSERT INTO task_user ( task_id, user_id, status ) VALUES ( ?, ?, ? )
2026-07-20 22:11:47.344 [main] DEBUG [traceId= userId= role=] c.k.i.mapper.TaskUserMapper.insert - ==> Parameters: 108(Long), 32(Long), 0(String)
2026-07-20 22:11:47.349 [main] DEBUG [traceId= userId= role=] c.k.i.mapper.TaskUserMapper.insert - <==    Updates: 1
2026-07-20 22:11:47.353 [main] DEBUG [traceId= userId= role=] c.k.i.mapper.TaskUserMapper.insert - ==>  Preparing: INSERT INTO task_user ( task_id, user_id, status ) VALUES ( ?, ?, ? )
2026-07-20 22:11:47.354 [main] DEBUG [traceId= userId= role=] c.k.i.mapper.TaskUserMapper.insert - ==> Parameters: 108(Long), 33(Long), 0(String)
2026-07-20 22:11:47.359 [main] DEBUG [traceId= userId= role=] c.k.i.mapper.TaskUserMapper.insert - <==    Updates: 1
2026-07-20 22:11:47.360 [main] INFO  [traceId= userId= role=] c.k.a.service.BatchTaskService - 每日打卡创建成功: taskId=108, date=2026-07-20, targetType=1, 分配11人
2026-07-20 22:11:47.363 [main] DEBUG [traceId= userId= role=] c.k.i.mapper.TaskMapper.selectList - ==>  Preparing: SELECT id,task_name,task_type,template_id,round_no,is_mandatory,task_description,task_start_time,task_end_time,priority,class_id,target_type,target_ids,plan_id,plan_date,is_repeat_task,status,create_by,create_time,update_by,update_time FROM task WHERE ((status = ? OR status IS NULL)) ORDER BY id DESC LIMIT 0,500
2026-07-20 22:11:47.364 [main] DEBUG [traceId= userId= role=] c.k.i.mapper.TaskMapper.selectList - ==> Parameters: 1(Integer)
2026-07-20 22:11:47.385 [main] DEBUG [traceId= userId= role=] c.k.i.mapper.TaskMapper.selectList - <==      Total: 76
2026-07-20 22:11:47.386 [main] INFO  [traceId= userId= role=] c.k.a.service.BatchTaskService - 【启动补偿】每日复盘 (2026-07-20) 不存在，开始补生成
2026-07-20 22:11:47.388 [main] DEBUG [traceId= userId= role=] c.k.i.mapper.TaskMapper.selectList - ==>  Preparing: SELECT id,task_name,task_type,template_id,round_no,is_mandatory,task_description,task_start_time,task_end_time,priority,class_id,target_type,target_ids,plan_id,plan_date,is_repeat_task,status,create_by,create_time,update_by,update_time FROM task WHERE ((status = ? OR status IS NULL)) ORDER BY id DESC LIMIT 0,500
2026-07-20 22:11:47.389 [main] DEBUG [traceId= userId= role=] c.k.i.mapper.TaskMapper.selectList - ==> Parameters: 1(Integer)
2026-07-20 22:11:47.414 [main] DEBUG [traceId= userId= role=] c.k.i.mapper.TaskMapper.selectList - <==      Total: 76
2026-07-20 22:11:47.421 [main] DEBUG [traceId= userId= role=] c.k.i.m.ClassInfoMapper.selectList - ==>  Preparing: SELECT id,class_name,description,status,create_by,create_time,update_by,update_time FROM class_info WHERE (status = ?) ORDER BY class_name ASC
2026-07-20 22:11:47.422 [main] DEBUG [traceId= userId= role=] c.k.i.m.ClassInfoMapper.selectList - ==> Parameters: 1(Integer)
2026-07-20 22:11:47.424 [main] DEBUG [traceId= userId= role=] c.k.i.m.ClassInfoMapper.selectList - <==      Total: 3
2026-07-20 22:11:47.426 [main] DEBUG [traceId= userId= role=] c.k.i.mapper.TaskMapper.insert - ==>  Preparing: INSERT INTO task ( task_name, task_type, is_mandatory, task_description, task_start_time, task_end_time, target_type, target_ids, create_by, create_time ) VALUES ( ?, ?, ?, ?, ?, ?, ?, ?, ?, ? )
2026-07-20 22:11:47.426 [main] DEBUG [traceId= userId= role=] c.k.i.mapper.TaskMapper.insert - ==> Parameters: 每日复盘(String), 3(String), 1(Integer), 2026-07-20(String), 2026-07-20T08:00(LocalDateTime), 2026-07-20T23:59(LocalDateTime), 1(Integer), 8,9,10(String), 0(Long), 2026-07-20T22:11:47.425(LocalDateTime)
2026-07-20 22:11:47.429 [main] DEBUG [traceId= userId= role=] c.k.i.mapper.TaskMapper.insert - <==    Updates: 1
2026-07-20 22:11:47.431 [main] DEBUG [traceId= userId= role=] c.k.i.m.SysUserMapper.selectList - ==>  Preparing: SELECT id,account,name,password,role,gender,email,phone,openid,description,teacher_remark,password_update_time,class_id,status,create_by,create_time,update_by,update_time FROM sys_user WHERE (role IN (?,?) AND status = ?)
2026-07-20 22:11:47.432 [main] DEBUG [traceId= userId= role=] c.k.i.m.SysUserMapper.selectList - ==> Parameters: 2(String), 3(String), 1(Integer)
2026-07-20 22:11:47.438 [main] DEBUG [traceId= userId= role=] c.k.i.m.SysUserMapper.selectList - <==      Total: 11
2026-07-20 22:11:47.441 [main] DEBUG [traceId= userId= role=] c.k.i.mapper.TaskUserMapper.insert - ==>  Preparing: INSERT INTO task_user ( task_id, user_id, status ) VALUES ( ?, ?, ? )
2026-07-20 22:11:47.442 [main] DEBUG [traceId= userId= role=] c.k.i.mapper.TaskUserMapper.insert - ==> Parameters: 109(Long), 23(Long), 0(String)
2026-07-20 22:11:47.444 [main] DEBUG [traceId= userId= role=] c.k.i.mapper.TaskUserMapper.insert - <==    Updates: 1
2026-07-20 22:11:47.446 [main] DEBUG [traceId= userId= role=] c.k.i.mapper.TaskUserMapper.insert - ==>  Preparing: INSERT INTO task_user ( task_id, user_id, status ) VALUES ( ?, ?, ? )
2026-07-20 22:11:47.446 [main] DEBUG [traceId= userId= role=] c.k.i.mapper.TaskUserMapper.insert - ==> Parameters: 109(Long), 24(Long), 0(String)
2026-07-20 22:11:47.449 [main] DEBUG [traceId= userId= role=] c.k.i.mapper.TaskUserMapper.insert - <==    Updates: 1
2026-07-20 22:11:47.451 [main] DEBUG [traceId= userId= role=] c.k.i.mapper.TaskUserMapper.insert - ==>  Preparing: INSERT INTO task_user ( task_id, user_id, status ) VALUES ( ?, ?, ? )
2026-07-20 22:11:47.452 [main] DEBUG [traceId= userId= role=] c.k.i.mapper.TaskUserMapper.insert - ==> Parameters: 109(Long), 25(Long), 0(String)
2026-07-20 22:11:47.457 [main] DEBUG [traceId= userId= role=] c.k.i.mapper.TaskUserMapper.insert - <==    Updates: 1
2026-07-20 22:11:47.458 [main] DEBUG [traceId= userId= role=] c.k.i.mapper.TaskUserMapper.insert - ==>  Preparing: INSERT INTO task_user ( task_id, user_id, status ) VALUES ( ?, ?, ? )
2026-07-20 22:11:47.459 [main] DEBUG [traceId= userId= role=] c.k.i.mapper.TaskUserMapper.insert - ==> Parameters: 109(Long), 26(Long), 0(String)
2026-07-20 22:11:47.462 [main] DEBUG [traceId= userId= role=] c.k.i.mapper.TaskUserMapper.insert - <==    Updates: 1
2026-07-20 22:11:47.463 [main] DEBUG [traceId= userId= role=] c.k.i.mapper.TaskUserMapper.insert - ==>  Preparing: INSERT INTO task_user ( task_id, user_id, status ) VALUES ( ?, ?, ? )
2026-07-20 22:11:47.464 [main] DEBUG [traceId= userId= role=] c.k.i.mapper.TaskUserMapper.insert - ==> Parameters: 109(Long), 27(Long), 0(String)
2026-07-20 22:11:47.467 [main] DEBUG [traceId= userId= role=] c.k.i.mapper.TaskUserMapper.insert - <==    Updates: 1
2026-07-20 22:11:47.469 [main] DEBUG [traceId= userId= role=] c.k.i.mapper.TaskUserMapper.insert - ==>  Preparing: INSERT INTO task_user ( task_id, user_id, status ) VALUES ( ?, ?, ? )
2026-07-20 22:11:47.470 [main] DEBUG [traceId= userId= role=] c.k.i.mapper.TaskUserMapper.insert - ==> Parameters: 109(Long), 28(Long), 0(String)
2026-07-20 22:11:47.472 [main] DEBUG [traceId= userId= role=] c.k.i.mapper.TaskUserMapper.insert - <==    Updates: 1
2026-07-20 22:11:47.474 [main] DEBUG [traceId= userId= role=] c.k.i.mapper.TaskUserMapper.insert - ==>  Preparing: INSERT INTO task_user ( task_id, user_id, status ) VALUES ( ?, ?, ? )
2026-07-20 22:11:47.475 [main] DEBUG [traceId= userId= role=] c.k.i.mapper.TaskUserMapper.insert - ==> Parameters: 109(Long), 29(Long), 0(String)
2026-07-20 22:11:47.478 [main] DEBUG [traceId= userId= role=] c.k.i.mapper.TaskUserMapper.insert - <==    Updates: 1
2026-07-20 22:11:47.479 [main] DEBUG [traceId= userId= role=] c.k.i.mapper.TaskUserMapper.insert - ==>  Preparing: INSERT INTO task_user ( task_id, user_id, status ) VALUES ( ?, ?, ? )
2026-07-20 22:11:47.479 [main] DEBUG [traceId= userId= role=] c.k.i.mapper.TaskUserMapper.insert - ==> Parameters: 109(Long), 30(Long), 0(String)
2026-07-20 22:11:47.482 [main] DEBUG [traceId= userId= role=] c.k.i.mapper.TaskUserMapper.insert - <==    Updates: 1
2026-07-20 22:11:47.484 [main] DEBUG [traceId= userId= role=] c.k.i.mapper.TaskUserMapper.insert - ==>  Preparing: INSERT INTO task_user ( task_id, user_id, status ) VALUES ( ?, ?, ? )
2026-07-20 22:11:47.484 [main] DEBUG [traceId= userId= role=] c.k.i.mapper.TaskUserMapper.insert - ==> Parameters: 109(Long), 31(Long), 0(String)
2026-07-20 22:11:47.487 [main] DEBUG [traceId= userId= role=] c.k.i.mapper.TaskUserMapper.insert - <==    Updates: 1
2026-07-20 22:11:47.489 [main] DEBUG [traceId= userId= role=] c.k.i.mapper.TaskUserMapper.insert - ==>  Preparing: INSERT INTO task_user ( task_id, user_id, status ) VALUES ( ?, ?, ? )
2026-07-20 22:11:47.489 [main] DEBUG [traceId= userId= role=] c.k.i.mapper.TaskUserMapper.insert - ==> Parameters: 109(Long), 32(Long), 0(String)
2026-07-20 22:11:47.492 [main] DEBUG [traceId= userId= role=] c.k.i.mapper.TaskUserMapper.insert - <==    Updates: 1
2026-07-20 22:11:47.493 [main] DEBUG [traceId= userId= role=] c.k.i.mapper.TaskUserMapper.insert - ==>  Preparing: INSERT INTO task_user ( task_id, user_id, status ) VALUES ( ?, ?, ? )
2026-07-20 22:11:47.493 [main] DEBUG [traceId= userId= role=] c.k.i.mapper.TaskUserMapper.insert - ==> Parameters: 109(Long), 33(Long), 0(String)
2026-07-20 22:11:47.496 [main] DEBUG [traceId= userId= role=] c.k.i.mapper.TaskUserMapper.insert - <==    Updates: 1
2026-07-20 22:11:47.497 [main] INFO  [traceId= userId= role=] c.k.a.service.BatchTaskService - 每日复盘创建成功: taskId=109, date=2026-07-20, targetType=1, 分配11人
2026-07-20 22:11:47.498 [main] INFO  [traceId= userId= role=] c.k.scheduler.DailyTaskStartupRunner - ====== 每日任务补偿检查完成 ======
2026-07-20 22:11:58.535 [http-nio-8080-exec-7] INFO  [traceId= userId= role=] o.a.c.c.C.[Tomcat].[localhost].[/] - Initializing Spring DispatcherServlet 'dispatcherServlet'
2026-07-20 22:11:58.536 [http-nio-8080-exec-7] INFO  [traceId= userId= role=] o.s.web.servlet.DispatcherServlet - Initializing Servlet 'dispatcherServlet'
2026-07-20 22:11:58.537 [http-nio-8080-exec-7] INFO  [traceId= userId= role=] o.s.web.servlet.DispatcherServlet - Completed initialization in 1 ms
2026-07-20 22:11:58.552 [http-nio-8080-exec-7] INFO  [traceId=363571d4896547c693d034db42af39cb userId= role=] com.kg.interceptor.TraceIdFilter - HTTP_REQUEST_START method=POST uri=/auth/login query=null requestBody={"account":"root","password":"bd000000"} ip=0:0:0:0:0:0:0:1 userAgent=Mozilla/5.0 (Windows NT 10.0; Win64; x64) AppleWebKit/537.36 (KHTML, like Gecko) Chrome/123.0.0.0 Safari/537.36
2026-07-20 22:11:58.712 [http-nio-8080-exec-7] DEBUG [traceId=363571d4896547c693d034db42af39cb userId= role=] c.k.i.m.SysUserMapper.selectList - ==>  Preparing: SELECT id,account,name,password,role,gender,email,phone,openid,description,teacher_remark,password_update_time,class_id,status,create_by,create_time,update_by,update_time FROM sys_user WHERE (account = ?)
2026-07-20 22:11:58.713 [http-nio-8080-exec-7] DEBUG [traceId=363571d4896547c693d034db42af39cb userId= role=] c.k.i.m.SysUserMapper.selectList - ==> Parameters: root(String)
2026-07-20 22:11:58.715 [http-nio-8080-exec-7] DEBUG [traceId=363571d4896547c693d034db42af39cb userId= role=] c.k.i.m.SysUserMapper.selectList - <==      Total: 1
2026-07-20 22:11:58.818 [http-nio-8080-exec-7] INFO  [traceId=363571d4896547c693d034db42af39cb userId= role=] c.k.a.service.AuthApplicationService - 登录成功: userId=21, account=root, role=1
2026-07-20 22:11:58.841 [http-nio-8080-exec-7] INFO  [traceId=363571d4896547c693d034db42af39cb userId= role=] com.kg.interceptor.TraceIdFilter - HTTP_REQUEST_END method=POST uri=/auth/login status=200 cost=298ms responseBody={"code":200,"message":"登录成功","data":{"token":"eyJhbGciOiJIUzI1NiJ9.eyJyb2xlIjoiMSIsInN1YiI6IjIxIiwiaWF0IjoxNzg0NTU2NzE4LCJleHAiOjE3ODQ2NDMxMTh9.UlBg52OybBohZ1M18Pgzr8Cp1JISoJLT07ux6_jSQ7g","userId":21,"account":"root","name":"管理员","role":"1","classId":null,"className":""}}
2026-07-20 22:11:59.124 [http-nio-8080-exec-6] INFO  [traceId=6aaf465512984bdfbce9eb149574012e userId= role=] com.kg.interceptor.TraceIdFilter - HTTP_REQUEST_START method=GET uri=/notification/unread-count query=null requestBody= ip=0:0:0:0:0:0:0:1 userAgent=Mozilla/5.0 (Windows NT 10.0; Win64; x64) AppleWebKit/537.36 (KHTML, like Gecko) Chrome/123.0.0.0 Safari/537.36
2026-07-20 22:11:59.124 [http-nio-8080-exec-8] INFO  [traceId=997617452bda48619989224ffe1799e9 userId= role=] com.kg.interceptor.TraceIdFilter - HTTP_REQUEST_START method=GET uri=/home/stat query=null requestBody= ip=0:0:0:0:0:0:0:1 userAgent=Mozilla/5.0 (Windows NT 10.0; Win64; x64) AppleWebKit/537.36 (KHTML, like Gecko) Chrome/123.0.0.0 Safari/537.36
2026-07-20 22:11:59.156 [http-nio-8080-exec-6] DEBUG [traceId=6aaf465512984bdfbce9eb149574012e userId= role=] c.k.i.m.SysUserMapper.selectById - ==>  Preparing: SELECT id,account,name,password,role,gender,email,phone,openid,description,teacher_remark,password_update_time,class_id,status,create_by,create_time,update_by,update_time FROM sys_user WHERE id=?
2026-07-20 22:11:59.158 [http-nio-8080-exec-6] DEBUG [traceId=6aaf465512984bdfbce9eb149574012e userId= role=] c.k.i.m.SysUserMapper.selectById - ==> Parameters: 21(Long)
2026-07-20 22:11:59.159 [http-nio-8080-exec-8] DEBUG [traceId=997617452bda48619989224ffe1799e9 userId= role=] c.k.i.m.SysUserMapper.selectById - ==>  Preparing: SELECT id,account,name,password,role,gender,email,phone,openid,description,teacher_remark,password_update_time,class_id,status,create_by,create_time,update_by,update_time FROM sys_user WHERE id=?
2026-07-20 22:11:59.159 [http-nio-8080-exec-8] DEBUG [traceId=997617452bda48619989224ffe1799e9 userId= role=] c.k.i.m.SysUserMapper.selectById - ==> Parameters: 21(Long)
2026-07-20 22:11:59.160 [http-nio-8080-exec-6] DEBUG [traceId=6aaf465512984bdfbce9eb149574012e userId= role=] c.k.i.m.SysUserMapper.selectById - <==      Total: 1
2026-07-20 22:11:59.161 [http-nio-8080-exec-8] DEBUG [traceId=997617452bda48619989224ffe1799e9 userId= role=] c.k.i.m.SysUserMapper.selectById - <==      Total: 1
2026-07-20 22:11:59.166 [http-nio-8080-exec-8] DEBUG [traceId=997617452bda48619989224ffe1799e9 userId=21 role=1] c.k.i.m.H.countCurrentTasksForTeacher - ==>  Preparing: SELECT COUNT(*) FROM task WHERE task_start_time <= NOW() AND task_end_time >= NOW()
2026-07-20 22:11:59.167 [http-nio-8080-exec-8] DEBUG [traceId=997617452bda48619989224ffe1799e9 userId=21 role=1] c.k.i.m.H.countCurrentTasksForTeacher - ==> Parameters: 
2026-07-20 22:11:59.169 [http-nio-8080-exec-6] DEBUG [traceId=6aaf465512984bdfbce9eb149574012e userId=21 role=1] c.k.i.m.N.selectCount - ==>  Preparing: SELECT COUNT( * ) AS total FROM notification_message WHERE (user_id = ? AND is_read = ? AND status = ? AND notify_time <= ?)
2026-07-20 22:11:59.170 [http-nio-8080-exec-6] DEBUG [traceId=6aaf465512984bdfbce9eb149574012e userId=21 role=1] c.k.i.m.N.selectCount - ==> Parameters: 21(Long), 0(Integer), 0(String), 2026-07-20T22:11:59.168(LocalDateTime)
2026-07-20 22:11:59.172 [http-nio-8080-exec-8] DEBUG [traceId=997617452bda48619989224ffe1799e9 userId=21 role=1] c.k.i.m.H.countCurrentTasksForTeacher - <==      Total: 1
2026-07-20 22:11:59.173 [http-nio-8080-exec-8] DEBUG [traceId=997617452bda48619989224ffe1799e9 userId=21 role=1] c.k.i.m.H.countForceTasksForTeacher - ==>  Preparing: SELECT COUNT(*) FROM task WHERE is_mandatory = 1
2026-07-20 22:11:59.173 [http-nio-8080-exec-8] DEBUG [traceId=997617452bda48619989224ffe1799e9 userId=21 role=1] c.k.i.m.H.countForceTasksForTeacher - ==> Parameters: 
2026-07-20 22:11:59.173 [http-nio-8080-exec-6] DEBUG [traceId=6aaf465512984bdfbce9eb149574012e userId=21 role=1] c.k.i.m.N.selectCount - <==      Total: 1
2026-07-20 22:11:59.174 [http-nio-8080-exec-8] DEBUG [traceId=997617452bda48619989224ffe1799e9 userId=21 role=1] c.k.i.m.H.countForceTasksForTeacher - <==      Total: 1
2026-07-20 22:11:59.174 [http-nio-8080-exec-8] DEBUG [traceId=997617452bda48619989224ffe1799e9 userId=21 role=1] c.k.i.m.H.countTotalTasksForTeacher - ==>  Preparing: SELECT COUNT(*) FROM task
2026-07-20 22:11:59.175 [http-nio-8080-exec-8] DEBUG [traceId=997617452bda48619989224ffe1799e9 userId=21 role=1] c.k.i.m.H.countTotalTasksForTeacher - ==> Parameters: 
2026-07-20 22:11:59.175 [http-nio-8080-exec-6] INFO  [traceId=6aaf465512984bdfbce9eb149574012e userId=21 role=1] com.kg.interceptor.TraceIdFilter - HTTP_REQUEST_END method=GET uri=/notification/unread-count status=200 cost=51ms responseBody={"code":200,"message":"查询成功","data":0}
2026-07-20 22:11:59.176 [http-nio-8080-exec-8] DEBUG [traceId=997617452bda48619989224ffe1799e9 userId=21 role=1] c.k.i.m.H.countTotalTasksForTeacher - <==      Total: 1
2026-07-20 22:11:59.178 [http-nio-8080-exec-8] DEBUG [traceId=997617452bda48619989224ffe1799e9 userId=21 role=1] c.k.i.m.H.completionStatsForTeacher - ==>  Preparing: SELECT COUNT(*) AS total, SUM(CASE WHEN tu.status IN ('1','2') THEN 1 ELSE 0 END) AS completed, SUM(CASE WHEN tu.status = '0' THEN 1 ELSE 0 END) AS uncompleted FROM task_user tu JOIN task t ON t.id = tu.task_id
2026-07-20 22:11:59.178 [http-nio-8080-exec-8] DEBUG [traceId=997617452bda48619989224ffe1799e9 userId=21 role=1] c.k.i.m.H.completionStatsForTeacher - ==> Parameters: 
2026-07-20 22:11:59.187 [http-nio-8080-exec-8] DEBUG [traceId=997617452bda48619989224ffe1799e9 userId=21 role=1] c.k.i.m.H.completionStatsForTeacher - <==      Total: 1
2026-07-20 22:11:59.187 [http-nio-8080-exec-8] DEBUG [traceId=997617452bda48619989224ffe1799e9 userId=21 role=1] c.k.i.m.H.lowCompletedTop3ForTeacher - ==>  Preparing: SELECT t.id AS task_id, t.task_name, t.task_end_time AS end_time, COUNT(*) AS total, SUM(CASE WHEN tu.status IN ('1','2') THEN 1 ELSE 0 END) AS completed, SUM(CASE WHEN tu.status = '0' THEN 1 ELSE 0 END) AS uncompleted FROM task t JOIN task_user tu ON tu.task_id = t.id GROUP BY t.id, t.task_name, t.task_end_time ORDER BY (SUM(CASE WHEN tu.status IN ('1','2') THEN 1 ELSE 0 END) * 1.0 / COUNT(*)) ASC LIMIT 3
2026-07-20 22:11:59.188 [http-nio-8080-exec-8] DEBUG [traceId=997617452bda48619989224ffe1799e9 userId=21 role=1] c.k.i.m.H.lowCompletedTop3ForTeacher - ==> Parameters: 
2026-07-20 22:11:59.196 [http-nio-8080-exec-8] DEBUG [traceId=997617452bda48619989224ffe1799e9 userId=21 role=1] c.k.i.m.H.lowCompletedTop3ForTeacher - <==      Total: 3
2026-07-20 22:11:59.201 [http-nio-8080-exec-8] INFO  [traceId=997617452bda48619989224ffe1799e9 userId=21 role=1] com.kg.interceptor.TraceIdFilter - HTTP_REQUEST_END method=GET uri=/home/stat status=200 cost=77ms responseBody={"code":200,"message":"查询成功","data":{"currentTaskCount":3,"forceTaskCount":84,"totalTaskCount":86,"completedTaskUserCount":37,"unCompletedTaskUserCount":535,"completedRate":6,"lowCompletedTasks":[{"taskId":20,"taskName":"模板任务1 第1轮","totalUserCount":4,"completedUserCount":0,"unCompletedUserCount":4,"completedRate":0,"endTime":"2026-06-02T00:00"},{"taskId":58,"taskName":"每日打卡","totalUserCount":10,"completedUserCount":0,"unCompletedUserCount":10,"completedRate":0,"endTime":"2026-06-20T23:59"},{"taskId":97,"taskName":"每日复盘","totalUserCount":11,"completedUserCount":0,"unCompletedUserCount":11,"completedRate":0,"endTime":"2026-07-06T23:59"}]}}
2026-07-20 22:11:59.227 [http-nio-8080-exec-5] INFO  [traceId=58df1fae3c6540b6a313d7a038682514 userId= role=] com.kg.interceptor.TraceIdFilter - HTTP_REQUEST_START method=GET uri=/class/options query=null requestBody= ip=0:0:0:0:0:0:0:1 userAgent=Mozilla/5.0 (Windows NT 10.0; Win64; x64) AppleWebKit/537.36 (KHTML, like Gecko) Chrome/123.0.0.0 Safari/537.36
2026-07-20 22:11:59.231 [http-nio-8080-exec-5] DEBUG [traceId=58df1fae3c6540b6a313d7a038682514 userId= role=] c.k.i.m.SysUserMapper.selectById - ==>  Preparing: SELECT id,account,name,password,role,gender,email,phone,openid,description,teacher_remark,password_update_time,class_id,status,create_by,create_time,update_by,update_time FROM sys_user WHERE id=?
2026-07-20 22:11:59.232 [http-nio-8080-exec-5] DEBUG [traceId=58df1fae3c6540b6a313d7a038682514 userId= role=] c.k.i.m.SysUserMapper.selectById - ==> Parameters: 21(Long)
2026-07-20 22:11:59.232 [http-nio-8080-exec-5] DEBUG [traceId=58df1fae3c6540b6a313d7a038682514 userId= role=] c.k.i.m.SysUserMapper.selectById - <==      Total: 1
2026-07-20 22:11:59.235 [http-nio-8080-exec-5] DEBUG [traceId=58df1fae3c6540b6a313d7a038682514 userId=21 role=1] c.k.i.m.ClassInfoMapper.selectList - ==>  Preparing: SELECT id,class_name,description,status,create_by,create_time,update_by,update_time FROM class_info WHERE (status = ?) ORDER BY class_name ASC
2026-07-20 22:11:59.235 [http-nio-8080-exec-5] DEBUG [traceId=58df1fae3c6540b6a313d7a038682514 userId=21 role=1] c.k.i.m.ClassInfoMapper.selectList - ==> Parameters: 1(Integer)
2026-07-20 22:11:59.237 [http-nio-8080-exec-5] DEBUG [traceId=58df1fae3c6540b6a313d7a038682514 userId=21 role=1] c.k.i.m.ClassInfoMapper.selectList - <==      Total: 3
2026-07-20 22:11:59.239 [http-nio-8080-exec-5] INFO  [traceId=58df1fae3c6540b6a313d7a038682514 userId=21 role=1] com.kg.interceptor.TraceIdFilter - HTTP_REQUEST_END method=GET uri=/class/options status=200 cost=12ms responseBody={"code":200,"message":"查询成功","data":[{"id":8,"className":"1班"},{"id":9,"className":"2班"},{"id":10,"className":"线上学习1班"}]}
2026-07-20 22:11:59.253 [http-nio-8080-exec-3] INFO  [traceId=f3772b91b99e4f54a72f5f44cc056c24 userId= role=] com.kg.interceptor.TraceIdFilter - HTTP_REQUEST_START method=GET uri=/study-phase/calendar query=startDate=2026-07-01&endDate=2026-07-31&classId=8 requestBody= ip=0:0:0:0:0:0:0:1 userAgent=Mozilla/5.0 (Windows NT 10.0; Win64; x64) AppleWebKit/537.36 (KHTML, like Gecko) Chrome/123.0.0.0 Safari/537.36
2026-07-20 22:11:59.257 [http-nio-8080-exec-3] DEBUG [traceId=f3772b91b99e4f54a72f5f44cc056c24 userId= role=] c.k.i.m.SysUserMapper.selectById - ==>  Preparing: SELECT id,account,name,password,role,gender,email,phone,openid,description,teacher_remark,password_update_time,class_id,status,create_by,create_time,update_by,update_time FROM sys_user WHERE id=?
2026-07-20 22:11:59.257 [http-nio-8080-exec-3] DEBUG [traceId=f3772b91b99e4f54a72f5f44cc056c24 userId= role=] c.k.i.m.SysUserMapper.selectById - ==> Parameters: 21(Long)
2026-07-20 22:11:59.258 [http-nio-8080-exec-3] DEBUG [traceId=f3772b91b99e4f54a72f5f44cc056c24 userId= role=] c.k.i.m.SysUserMapper.selectById - <==      Total: 1
2026-07-20 22:11:59.270 [http-nio-8080-exec-3] DEBUG [traceId=f3772b91b99e4f54a72f5f44cc056c24 userId=21 role=1] c.k.i.m.S.selectList - ==>  Preparing: SELECT id,phase_id,class_id,create_time FROM study_phase_class WHERE (class_id = ?)
2026-07-20 22:11:59.270 [http-nio-8080-exec-3] DEBUG [traceId=f3772b91b99e4f54a72f5f44cc056c24 userId=21 role=1] c.k.i.m.S.selectList - ==> Parameters: 8(Long)
2026-07-20 22:11:59.271 [http-nio-8080-exec-3] DEBUG [traceId=f3772b91b99e4f54a72f5f44cc056c24 userId=21 role=1] c.k.i.m.S.selectList - <==      Total: 2
2026-07-20 22:11:59.274 [http-nio-8080-exec-3] DEBUG [traceId=f3772b91b99e4f54a72f5f44cc056c24 userId=21 role=1] c.k.i.m.StudyPhaseMapper.selectList - ==>  Preparing: SELECT id,phase_title,phase_content,start_date,end_date,display_color,status,create_by,create_time,update_by,update_time FROM study_phase WHERE (id IN (?,?) AND status = ? AND start_date <= ? AND end_date >= ?) ORDER BY start_date ASC
2026-07-20 22:11:59.276 [http-nio-8080-exec-3] DEBUG [traceId=f3772b91b99e4f54a72f5f44cc056c24 userId=21 role=1] c.k.i.m.StudyPhaseMapper.selectList - ==> Parameters: 2(Long), 1(Long), 1(Integer), 2026-07-31(LocalDate), 2026-07-01(LocalDate)
2026-07-20 22:11:59.279 [http-nio-8080-exec-3] DEBUG [traceId=f3772b91b99e4f54a72f5f44cc056c24 userId=21 role=1] c.k.i.m.StudyPhaseMapper.selectList - <==      Total: 2
2026-07-20 22:11:59.281 [http-nio-8080-exec-3] DEBUG [traceId=f3772b91b99e4f54a72f5f44cc056c24 userId=21 role=1] c.k.i.m.S.selectList - ==>  Preparing: SELECT id,phase_id,class_id,create_time FROM study_phase_class WHERE (phase_id = ?)
2026-07-20 22:11:59.281 [http-nio-8080-exec-3] DEBUG [traceId=f3772b91b99e4f54a72f5f44cc056c24 userId=21 role=1] c.k.i.m.S.selectList - ==> Parameters: 1(Long)
2026-07-20 22:11:59.283 [http-nio-8080-exec-3] DEBUG [traceId=f3772b91b99e4f54a72f5f44cc056c24 userId=21 role=1] c.k.i.m.S.selectList - <==      Total: 3
2026-07-20 22:11:59.283 [http-nio-8080-exec-3] DEBUG [traceId=f3772b91b99e4f54a72f5f44cc056c24 userId=21 role=1] c.k.i.m.ClassInfoMapper.selectById - ==>  Preparing: SELECT id,class_name,description,status,create_by,create_time,update_by,update_time FROM class_info WHERE id=?
2026-07-20 22:11:59.284 [http-nio-8080-exec-3] DEBUG [traceId=f3772b91b99e4f54a72f5f44cc056c24 userId=21 role=1] c.k.i.m.ClassInfoMapper.selectById - ==> Parameters: 8(Long)
2026-07-20 22:11:59.284 [http-nio-8080-exec-3] DEBUG [traceId=f3772b91b99e4f54a72f5f44cc056c24 userId=21 role=1] c.k.i.m.ClassInfoMapper.selectById - <==      Total: 1
2026-07-20 22:11:59.285 [http-nio-8080-exec-3] DEBUG [traceId=f3772b91b99e4f54a72f5f44cc056c24 userId=21 role=1] c.k.i.m.ClassInfoMapper.selectById - ==>  Preparing: SELECT id,class_name,description,status,create_by,create_time,update_by,update_time FROM class_info WHERE id=?
2026-07-20 22:11:59.285 [http-nio-8080-exec-3] DEBUG [traceId=f3772b91b99e4f54a72f5f44cc056c24 userId=21 role=1] c.k.i.m.ClassInfoMapper.selectById - ==> Parameters: 9(Long)
2026-07-20 22:11:59.285 [http-nio-8080-exec-3] DEBUG [traceId=f3772b91b99e4f54a72f5f44cc056c24 userId=21 role=1] c.k.i.m.ClassInfoMapper.selectById - <==      Total: 1
2026-07-20 22:11:59.286 [http-nio-8080-exec-3] DEBUG [traceId=f3772b91b99e4f54a72f5f44cc056c24 userId=21 role=1] c.k.i.m.ClassInfoMapper.selectById - ==>  Preparing: SELECT id,class_name,description,status,create_by,create_time,update_by,update_time FROM class_info WHERE id=?
2026-07-20 22:11:59.286 [http-nio-8080-exec-3] DEBUG [traceId=f3772b91b99e4f54a72f5f44cc056c24 userId=21 role=1] c.k.i.m.ClassInfoMapper.selectById - ==> Parameters: 10(Long)
2026-07-20 22:11:59.286 [http-nio-8080-exec-3] DEBUG [traceId=f3772b91b99e4f54a72f5f44cc056c24 userId=21 role=1] c.k.i.m.ClassInfoMapper.selectById - <==      Total: 1
2026-07-20 22:11:59.288 [http-nio-8080-exec-3] DEBUG [traceId=f3772b91b99e4f54a72f5f44cc056c24 userId=21 role=1] c.k.i.m.S.selectList - ==>  Preparing: SELECT id,phase_id,class_id,create_time FROM study_phase_class WHERE (phase_id = ?)
2026-07-20 22:11:59.288 [http-nio-8080-exec-3] DEBUG [traceId=f3772b91b99e4f54a72f5f44cc056c24 userId=21 role=1] c.k.i.m.S.selectList - ==> Parameters: 2(Long)
2026-07-20 22:11:59.289 [http-nio-8080-exec-3] DEBUG [traceId=f3772b91b99e4f54a72f5f44cc056c24 userId=21 role=1] c.k.i.m.S.selectList - <==      Total: 1
2026-07-20 22:11:59.289 [http-nio-8080-exec-3] DEBUG [traceId=f3772b91b99e4f54a72f5f44cc056c24 userId=21 role=1] c.k.i.m.ClassInfoMapper.selectById - ==>  Preparing: SELECT id,class_name,description,status,create_by,create_time,update_by,update_time FROM class_info WHERE id=?
2026-07-20 22:11:59.290 [http-nio-8080-exec-3] DEBUG [traceId=f3772b91b99e4f54a72f5f44cc056c24 userId=21 role=1] c.k.i.m.ClassInfoMapper.selectById - ==> Parameters: 8(Long)
2026-07-20 22:11:59.290 [http-nio-8080-exec-3] DEBUG [traceId=f3772b91b99e4f54a72f5f44cc056c24 userId=21 role=1] c.k.i.m.ClassInfoMapper.selectById - <==      Total: 1
2026-07-20 22:11:59.293 [http-nio-8080-exec-3] INFO  [traceId=f3772b91b99e4f54a72f5f44cc056c24 userId=21 role=1] com.kg.interceptor.TraceIdFilter - HTTP_REQUEST_END method=GET uri=/study-phase/calendar status=200 cost=40ms responseBody={"code":200,"message":"查询成功","data":[{"id":1,"phaseTitle":"测试阶段","phaseContent":"这是一条描述","startDate":"2026-07-01","endDate":"2026-07-03","displayColor":"#ee6262","status":1,"classIds":[8,9,10],"classNames":["1班","2班","线上学习1班"],"createTime":"2026-07-02 21:13:33"},{"id":2,"phaseTitle":"测试阶段2","phaseContent":"这是测试阶段2的描述","startDate":"2026-07-02","endDate":"2026-07-09","displayColor":"#6367d4","status":1,"classIds":[8],"classNames":["1班"],"createTime":"2026-07-02 21:23:49"}]}
2026-07-20 22:12:00.864 [http-nio-8080-exec-1] INFO  [traceId=f8c5f7b628544956ac2e6ddd90e5ffb7 userId= role=] com.kg.interceptor.TraceIdFilter - HTTP_REQUEST_START method=POST uri=/student/page query=null requestBody={"pageNum":1,"pageSize":10} ip=0:0:0:0:0:0:0:1 userAgent=Mozilla/5.0 (Windows NT 10.0; Win64; x64) AppleWebKit/537.36 (KHTML, like Gecko) Chrome/123.0.0.0 Safari/537.36
2026-07-20 22:12:00.865 [http-nio-8080-exec-9] INFO  [traceId=bd937e40b3184e49a8c7d8ccd7f46672 userId= role=] com.kg.interceptor.TraceIdFilter - HTTP_REQUEST_START method=GET uri=/dict/ROLE query=null requestBody= ip=0:0:0:0:0:0:0:1 userAgent=Mozilla/5.0 (Windows NT 10.0; Win64; x64) AppleWebKit/537.36 (KHTML, like Gecko) Chrome/123.0.0.0 Safari/537.36
2026-07-20 22:12:00.864 [http-nio-8080-exec-4] INFO  [traceId=b2434b18752445d3b425cb582f074e8a userId= role=] com.kg.interceptor.TraceIdFilter - HTTP_REQUEST_START method=GET uri=/dict/group/task_type query=null requestBody= ip=0:0:0:0:0:0:0:1 userAgent=Mozilla/5.0 (Windows NT 10.0; Win64; x64) AppleWebKit/537.36 (KHTML, like Gecko) Chrome/123.0.0.0 Safari/537.36
2026-07-20 22:12:00.865 [http-nio-8080-exec-10] INFO  [traceId=0dd26996d98d4434b9b451ac575124ce userId= role=] com.kg.interceptor.TraceIdFilter - HTTP_REQUEST_START method=GET uri=/class/options query=null requestBody= ip=0:0:0:0:0:0:0:1 userAgent=Mozilla/5.0 (Windows NT 10.0; Win64; x64) AppleWebKit/537.36 (KHTML, like Gecko) Chrome/123.0.0.0 Safari/537.36
2026-07-20 22:12:00.871 [http-nio-8080-exec-4] DEBUG [traceId=b2434b18752445d3b425cb582f074e8a userId= role=] c.k.i.m.SysUserMapper.selectById - ==>  Preparing: SELECT id,account,name,password,role,gender,email,phone,openid,description,teacher_remark,password_update_time,class_id,status,create_by,create_time,update_by,update_time FROM sys_user WHERE id=?
2026-07-20 22:12:00.871 [http-nio-8080-exec-1] DEBUG [traceId=f8c5f7b628544956ac2e6ddd90e5ffb7 userId= role=] c.k.i.m.SysUserMapper.selectById - ==>  Preparing: SELECT id,account,name,password,role,gender,email,phone,openid,description,teacher_remark,password_update_time,class_id,status,create_by,create_time,update_by,update_time FROM sys_user WHERE id=?
2026-07-20 22:12:00.871 [http-nio-8080-exec-10] DEBUG [traceId=0dd26996d98d4434b9b451ac575124ce userId= role=] c.k.i.m.SysUserMapper.selectById - ==>  Preparing: SELECT id,account,name,password,role,gender,email,phone,openid,description,teacher_remark,password_update_time,class_id,status,create_by,create_time,update_by,update_time FROM sys_user WHERE id=?
2026-07-20 22:12:00.871 [http-nio-8080-exec-9] DEBUG [traceId=bd937e40b3184e49a8c7d8ccd7f46672 userId= role=] c.k.i.m.SysUserMapper.selectById - ==>  Preparing: SELECT id,account,name,password,role,gender,email,phone,openid,description,teacher_remark,password_update_time,class_id,status,create_by,create_time,update_by,update_time FROM sys_user WHERE id=?
2026-07-20 22:12:00.872 [http-nio-8080-exec-10] DEBUG [traceId=0dd26996d98d4434b9b451ac575124ce userId= role=] c.k.i.m.SysUserMapper.selectById - ==> Parameters: 21(Long)
2026-07-20 22:12:00.872 [http-nio-8080-exec-9] DEBUG [traceId=bd937e40b3184e49a8c7d8ccd7f46672 userId= role=] c.k.i.m.SysUserMapper.selectById - ==> Parameters: 21(Long)
2026-07-20 22:12:00.872 [http-nio-8080-exec-4] DEBUG [traceId=b2434b18752445d3b425cb582f074e8a userId= role=] c.k.i.m.SysUserMapper.selectById - ==> Parameters: 21(Long)
2026-07-20 22:12:00.872 [http-nio-8080-exec-1] DEBUG [traceId=f8c5f7b628544956ac2e6ddd90e5ffb7 userId= role=] c.k.i.m.SysUserMapper.selectById - ==> Parameters: 21(Long)
2026-07-20 22:12:00.873 [http-nio-8080-exec-1] DEBUG [traceId=f8c5f7b628544956ac2e6ddd90e5ffb7 userId= role=] c.k.i.m.SysUserMapper.selectById - <==      Total: 1
2026-07-20 22:12:00.873 [http-nio-8080-exec-4] DEBUG [traceId=b2434b18752445d3b425cb582f074e8a userId= role=] c.k.i.m.SysUserMapper.selectById - <==      Total: 1
2026-07-20 22:12:00.874 [http-nio-8080-exec-9] DEBUG [traceId=bd937e40b3184e49a8c7d8ccd7f46672 userId= role=] c.k.i.m.SysUserMapper.selectById - <==      Total: 1
2026-07-20 22:12:00.875 [http-nio-8080-exec-10] DEBUG [traceId=0dd26996d98d4434b9b451ac575124ce userId= role=] c.k.i.m.SysUserMapper.selectById - <==      Total: 1
2026-07-20 22:12:00.879 [http-nio-8080-exec-10] DEBUG [traceId=0dd26996d98d4434b9b451ac575124ce userId=21 role=1] c.k.i.m.ClassInfoMapper.selectList - ==>  Preparing: SELECT id,class_name,description,status,create_by,create_time,update_by,update_time FROM class_info WHERE (status = ?) ORDER BY class_name ASC
2026-07-20 22:12:00.880 [http-nio-8080-exec-10] DEBUG [traceId=0dd26996d98d4434b9b451ac575124ce userId=21 role=1] c.k.i.m.ClassInfoMapper.selectList - ==> Parameters: 1(Integer)
2026-07-20 22:12:00.880 [http-nio-8080-exec-9] DEBUG [traceId=bd937e40b3184e49a8c7d8ccd7f46672 userId=21 role=1] c.k.i.mapper.DictMapper.selectList - ==>  Preparing: SELECT id,dict_code,dict_name,dict_label,dict_value,display_color,sort_no,status,create_by,create_time,update_by,update_time FROM sys_dict WHERE (dict_code = ? AND status = ?) ORDER BY sort_no ASC
2026-07-20 22:12:00.880 [http-nio-8080-exec-9] DEBUG [traceId=bd937e40b3184e49a8c7d8ccd7f46672 userId=21 role=1] c.k.i.mapper.DictMapper.selectList - ==> Parameters: ROLE(String), 1(Integer)
2026-07-20 22:12:00.884 [http-nio-8080-exec-9] DEBUG [traceId=bd937e40b3184e49a8c7d8ccd7f46672 userId=21 role=1] c.k.i.mapper.DictMapper.selectList - <==      Total: 3
2026-07-20 22:12:00.884 [http-nio-8080-exec-10] DEBUG [traceId=0dd26996d98d4434b9b451ac575124ce userId=21 role=1] c.k.i.m.ClassInfoMapper.selectList - <==      Total: 3
2026-07-20 22:12:00.885 [http-nio-8080-exec-10] INFO  [traceId=0dd26996d98d4434b9b451ac575124ce userId=21 role=1] com.kg.interceptor.TraceIdFilter - HTTP_REQUEST_END method=GET uri=/class/options status=200 cost=21ms responseBody={"code":200,"message":"查询成功","data":[{"id":8,"className":"1班"},{"id":9,"className":"2班"},{"id":10,"className":"线上学习1班"}]}
2026-07-20 22:12:00.886 [http-nio-8080-exec-9] INFO  [traceId=bd937e40b3184e49a8c7d8ccd7f46672 userId=21 role=1] com.kg.interceptor.TraceIdFilter - HTTP_REQUEST_END method=GET uri=/dict/ROLE status=200 cost=21ms responseBody={"code":200,"message":"查询成功","data":[{"value":"1","label":"老师"},{"value":"2","label":"班长"},{"value":"3","label":"学生"}]}
2026-07-20 22:12:00.887 [http-nio-8080-exec-4] DEBUG [traceId=b2434b18752445d3b425cb582f074e8a userId=21 role=1] c.k.i.mapper.DictMapper.selectList - ==>  Preparing: SELECT id,dict_code,dict_name,dict_label,dict_value,display_color,sort_no,status,create_by,create_time,update_by,update_time FROM sys_dict WHERE (dict_code = ?) ORDER BY sort_no ASC
2026-07-20 22:12:00.887 [http-nio-8080-exec-4] DEBUG [traceId=b2434b18752445d3b425cb582f074e8a userId=21 role=1] c.k.i.mapper.DictMapper.selectList - ==> Parameters: task_type(String)
2026-07-20 22:12:00.891 [http-nio-8080-exec-4] DEBUG [traceId=b2434b18752445d3b425cb582f074e8a userId=21 role=1] c.k.i.mapper.DictMapper.selectList - <==      Total: 4
2026-07-20 22:12:00.891 [http-nio-8080-exec-1] DEBUG [traceId=f8c5f7b628544956ac2e6ddd90e5ffb7 userId=21 role=1] c.k.i.m.SysUserMapper.selectCount - ==>  Preparing: SELECT COUNT( * ) AS total FROM sys_user WHERE (role IN (?,?,?))
2026-07-20 22:12:00.891 [http-nio-8080-exec-1] DEBUG [traceId=f8c5f7b628544956ac2e6ddd90e5ffb7 userId=21 role=1] c.k.i.m.SysUserMapper.selectCount - ==> Parameters: 1(String), 2(String), 3(String)
2026-07-20 22:12:00.892 [http-nio-8080-exec-1] DEBUG [traceId=f8c5f7b628544956ac2e6ddd90e5ffb7 userId=21 role=1] c.k.i.m.SysUserMapper.selectCount - <==      Total: 1
2026-07-20 22:12:00.893 [http-nio-8080-exec-1] DEBUG [traceId=f8c5f7b628544956ac2e6ddd90e5ffb7 userId=21 role=1] c.k.i.m.SysUserMapper.selectList - ==>  Preparing: SELECT id,account,name,password,role,gender,email,phone,openid,description,teacher_remark,password_update_time,class_id,status,create_by,create_time,update_by,update_time FROM sys_user WHERE (role IN (?,?,?)) ORDER BY id DESC LIMIT 0,10
2026-07-20 22:12:00.894 [http-nio-8080-exec-1] DEBUG [traceId=f8c5f7b628544956ac2e6ddd90e5ffb7 userId=21 role=1] c.k.i.m.SysUserMapper.selectList - ==> Parameters: 1(String), 2(String), 3(String)
2026-07-20 22:12:00.895 [http-nio-8080-exec-4] INFO  [traceId=b2434b18752445d3b425cb582f074e8a userId=21 role=1] com.kg.interceptor.TraceIdFilter - HTTP_REQUEST_END method=GET uri=/dict/group/task_type status=200 cost=31ms responseBody={"code":200,"message":"查询成功","data":{"dictCode":"task_type","dictName":"任务类型","items":[{"dictValue":"0","dictLabel":"刷题","sortNo":0,"status":1,"displayColor":"#ff6f00"},{"dictValue":"1","dictLabel":"学习","sortNo":1,"status":1,"displayColor":"#f7ff00"},{"dictValue":"2","dictLabel":"打卡","sortNo":2,"status":1,"displayColor":"#66ff00"},{"dictValue":"3","dictLabel":"每日复盘","sortNo":3,"status":1,"displayColor":"#00bfff"}]}}
2026-07-20 22:12:00.895 [http-nio-8080-exec-1] DEBUG [traceId=f8c5f7b628544956ac2e6ddd90e5ffb7 userId=21 role=1] c.k.i.m.SysUserMapper.selectList - <==      Total: 10
2026-07-20 22:12:00.900 [http-nio-8080-exec-1] INFO  [traceId=f8c5f7b628544956ac2e6ddd90e5ffb7 userId=21 role=1] com.kg.interceptor.TraceIdFilter - HTTP_REQUEST_END method=POST uri=/student/page status=200 cost=36ms responseBody={"code":200,"message":"查询成功","data":{"total":13,"list":[{"id":33,"name":"五四","role":"3","phone":"18135257653","classId":10,"gender":1,"email":"","status":1,"teacherRemark":"此人资料分析很强","createTime":"2026-07-02 17:26:00"},{"id":32,"name":"11","role":"3","phone":"123","classId":8,"gender":1,"email":"","status":1,"teacherRemark":null,"createTime":"2026-06-12 23:07:07"},{"id":31,"name":"11","role":"3","phone":"111122223333","classId":8,"gender":1,"email":"","status":1,"teacherRemark":null,"createTime":"2026-06-12 23:00:58"},{"id":30,"name":"测试新增用户任务","role":"3","phone":"13233571111","classId":8,"gender":1,"email":"","status":1,"teacherRemark":null,"createTime":"2026-06-12 22:58:24"},{"id":29,"name":"杨少伟","role":"2","phone":"18295917653","classId":8,"gender":1,"email":"2739244843@qq.com","status":1,"teacherRemark":"资料不行","createTime":"2026-06-08 10:51:02"},{"id":28,"name":"赵八","role":"2","phone":"17200615566","classId":8,"gender":1,"email":"","status":1,"teacherRemark":null,"createTime":"2026-06-01 00:25:25"},{"id":27,"name":"赵七","role":"2","phone":"17200615565","classId":null,"gender":1,"email":null,"status":1,"teacherRemark":null,"createTime":"2026-06-01 00:22:14"},{"id":26,"name":"赵六","role":"2","phone":"17200615564","classId":9,"gender":1,"email":null,"status":1,"teacherRemark":null,"createTime":"2026-06-01 00:14:23"},{"id":25,"name":"王五","role":"3","phone":"17200615560","classId":8,"gender":1,"email":"","status":1,"teacherRemark":"这是老师的备注","createTime":"2026-06-01 00:13:01"},{"id":24,"name":"李四","role":"3","phone":"17200615561","classId":9,"gender":2,"email":"","status":1,"teacherRemark":null,"createTime":"2026-06-01 00:12:50"}]}}
2026-07-20 22:12:02.349 [http-nio-8080-exec-2] INFO  [traceId=0f8e4d26d70046f994094e3537349397 userId= role=] com.kg.interceptor.TraceIdFilter - HTTP_REQUEST_START method=POST uri=/class/page query=null requestBody={"pageNum":1,"pageSize":10} ip=0:0:0:0:0:0:0:1 userAgent=Mozilla/5.0 (Windows NT 10.0; Win64; x64) AppleWebKit/537.36 (KHTML, like Gecko) Chrome/123.0.0.0 Safari/537.36
2026-07-20 22:12:02.349 [http-nio-8080-exec-7] INFO  [traceId=2c6be5800f4e4cc381890faac9af5335 userId= role=] com.kg.interceptor.TraceIdFilter - HTTP_REQUEST_START method=GET uri=/dict/ROLE query=null requestBody= ip=0:0:0:0:0:0:0:1 userAgent=Mozilla/5.0 (Windows NT 10.0; Win64; x64) AppleWebKit/537.36 (KHTML, like Gecko) Chrome/123.0.0.0 Safari/537.36
2026-07-20 22:12:02.354 [http-nio-8080-exec-7] DEBUG [traceId=2c6be5800f4e4cc381890faac9af5335 userId= role=] c.k.i.m.SysUserMapper.selectById - ==>  Preparing: SELECT id,account,name,password,role,gender,email,phone,openid,description,teacher_remark,password_update_time,class_id,status,create_by,create_time,update_by,update_time FROM sys_user WHERE id=?
2026-07-20 22:12:02.354 [http-nio-8080-exec-2] DEBUG [traceId=0f8e4d26d70046f994094e3537349397 userId= role=] c.k.i.m.SysUserMapper.selectById - ==>  Preparing: SELECT id,account,name,password,role,gender,email,phone,openid,description,teacher_remark,password_update_time,class_id,status,create_by,create_time,update_by,update_time FROM sys_user WHERE id=?
2026-07-20 22:12:02.354 [http-nio-8080-exec-7] DEBUG [traceId=2c6be5800f4e4cc381890faac9af5335 userId= role=] c.k.i.m.SysUserMapper.selectById - ==> Parameters: 21(Long)
2026-07-20 22:12:02.354 [http-nio-8080-exec-2] DEBUG [traceId=0f8e4d26d70046f994094e3537349397 userId= role=] c.k.i.m.SysUserMapper.selectById - ==> Parameters: 21(Long)
2026-07-20 22:12:02.355 [http-nio-8080-exec-7] DEBUG [traceId=2c6be5800f4e4cc381890faac9af5335 userId= role=] c.k.i.m.SysUserMapper.selectById - <==      Total: 1
2026-07-20 22:12:02.355 [http-nio-8080-exec-2] DEBUG [traceId=0f8e4d26d70046f994094e3537349397 userId= role=] c.k.i.m.SysUserMapper.selectById - <==      Total: 1
2026-07-20 22:12:02.358 [http-nio-8080-exec-7] DEBUG [traceId=2c6be5800f4e4cc381890faac9af5335 userId=21 role=1] c.k.i.mapper.DictMapper.selectList - ==>  Preparing: SELECT id,dict_code,dict_name,dict_label,dict_value,display_color,sort_no,status,create_by,create_time,update_by,update_time FROM sys_dict WHERE (dict_code = ? AND status = ?) ORDER BY sort_no ASC
2026-07-20 22:12:02.358 [http-nio-8080-exec-7] DEBUG [traceId=2c6be5800f4e4cc381890faac9af5335 userId=21 role=1] c.k.i.mapper.DictMapper.selectList - ==> Parameters: ROLE(String), 1(Integer)
2026-07-20 22:12:02.360 [http-nio-8080-exec-7] DEBUG [traceId=2c6be5800f4e4cc381890faac9af5335 userId=21 role=1] c.k.i.mapper.DictMapper.selectList - <==      Total: 3
2026-07-20 22:12:02.361 [http-nio-8080-exec-7] INFO  [traceId=2c6be5800f4e4cc381890faac9af5335 userId=21 role=1] com.kg.interceptor.TraceIdFilter - HTTP_REQUEST_END method=GET uri=/dict/ROLE status=200 cost=12ms responseBody={"code":200,"message":"查询成功","data":[{"value":"1","label":"老师"},{"value":"2","label":"班长"},{"value":"3","label":"学生"}]}
2026-07-20 22:12:02.365 [http-nio-8080-exec-2] DEBUG [traceId=0f8e4d26d70046f994094e3537349397 userId=21 role=1] c.k.i.m.ClassInfoMapper.selectCount - ==>  Preparing: SELECT COUNT( * ) AS total FROM class_info
2026-07-20 22:12:02.365 [http-nio-8080-exec-2] DEBUG [traceId=0f8e4d26d70046f994094e3537349397 userId=21 role=1] c.k.i.m.ClassInfoMapper.selectCount - ==> Parameters: 
2026-07-20 22:12:02.366 [http-nio-8080-exec-2] DEBUG [traceId=0f8e4d26d70046f994094e3537349397 userId=21 role=1] c.k.i.m.ClassInfoMapper.selectCount - <==      Total: 1
2026-07-20 22:12:02.367 [http-nio-8080-exec-2] DEBUG [traceId=0f8e4d26d70046f994094e3537349397 userId=21 role=1] c.k.i.m.ClassInfoMapper.selectList - ==>  Preparing: SELECT id,class_name,description,status,create_by,create_time,update_by,update_time FROM class_info ORDER BY id DESC LIMIT 0,10
2026-07-20 22:12:02.368 [http-nio-8080-exec-2] DEBUG [traceId=0f8e4d26d70046f994094e3537349397 userId=21 role=1] c.k.i.m.ClassInfoMapper.selectList - ==> Parameters: 
2026-07-20 22:12:02.369 [http-nio-8080-exec-2] DEBUG [traceId=0f8e4d26d70046f994094e3537349397 userId=21 role=1] c.k.i.m.ClassInfoMapper.selectList - <==      Total: 3
2026-07-20 22:12:02.372 [http-nio-8080-exec-2] DEBUG [traceId=0f8e4d26d70046f994094e3537349397 userId=21 role=1] c.k.i.m.SysUserMapper.selectCount - ==>  Preparing: SELECT COUNT( * ) AS total FROM sys_user WHERE (class_id = ?)
2026-07-20 22:12:02.372 [http-nio-8080-exec-2] DEBUG [traceId=0f8e4d26d70046f994094e3537349397 userId=21 role=1] c.k.i.m.SysUserMapper.selectCount - ==> Parameters: 10(Long)
2026-07-20 22:12:02.373 [http-nio-8080-exec-2] DEBUG [traceId=0f8e4d26d70046f994094e3537349397 userId=21 role=1] c.k.i.m.SysUserMapper.selectCount - <==      Total: 1
2026-07-20 22:12:02.375 [http-nio-8080-exec-2] DEBUG [traceId=0f8e4d26d70046f994094e3537349397 userId=21 role=1] c.k.i.m.SysUserMapper.selectCount - ==>  Preparing: SELECT COUNT( * ) AS total FROM sys_user WHERE (class_id = ?)
2026-07-20 22:12:02.375 [http-nio-8080-exec-2] DEBUG [traceId=0f8e4d26d70046f994094e3537349397 userId=21 role=1] c.k.i.m.SysUserMapper.selectCount - ==> Parameters: 9(Long)
2026-07-20 22:12:02.375 [http-nio-8080-exec-2] DEBUG [traceId=0f8e4d26d70046f994094e3537349397 userId=21 role=1] c.k.i.m.SysUserMapper.selectCount - <==      Total: 1
2026-07-20 22:12:02.377 [http-nio-8080-exec-2] DEBUG [traceId=0f8e4d26d70046f994094e3537349397 userId=21 role=1] c.k.i.m.SysUserMapper.selectCount - ==>  Preparing: SELECT COUNT( * ) AS total FROM sys_user WHERE (class_id = ?)
2026-07-20 22:12:02.377 [http-nio-8080-exec-2] DEBUG [traceId=0f8e4d26d70046f994094e3537349397 userId=21 role=1] c.k.i.m.SysUserMapper.selectCount - ==> Parameters: 8(Long)
2026-07-20 22:12:02.377 [http-nio-8080-exec-2] DEBUG [traceId=0f8e4d26d70046f994094e3537349397 userId=21 role=1] c.k.i.m.SysUserMapper.selectCount - <==      Total: 1
2026-07-20 22:12:02.379 [http-nio-8080-exec-2] INFO  [traceId=0f8e4d26d70046f994094e3537349397 userId=21 role=1] com.kg.interceptor.TraceIdFilter - HTTP_REQUEST_END method=POST uri=/class/page status=200 cost=30ms responseBody={"code":200,"message":"查询成功","data":{"total":3,"list":[{"id":10,"className":"线上学习1班","description":"初创学员","studentCount":1,"createTime":"2026-07-02 17:25:28"},{"id":9,"className":"2班","description":"","studentCount":2,"createTime":"2026-06-01 00:20:21"},{"id":8,"className":"1班","description":"","studentCount":7,"createTime":"2026-06-01 00:20:12"}]}}
2026-07-20 22:12:02.884 [http-nio-8080-exec-6] INFO  [traceId=8c4a4a9e269a489bac1b638495ad3689 userId= role=] com.kg.interceptor.TraceIdFilter - HTTP_REQUEST_START method=GET uri=/class-fee/statistics query=null requestBody= ip=0:0:0:0:0:0:0:1 userAgent=Mozilla/5.0 (Windows NT 10.0; Win64; x64) AppleWebKit/537.36 (KHTML, like Gecko) Chrome/123.0.0.0 Safari/537.36
2026-07-20 22:12:02.886 [http-nio-8080-exec-6] DEBUG [traceId=8c4a4a9e269a489bac1b638495ad3689 userId= role=] c.k.i.m.SysUserMapper.selectById - ==>  Preparing: SELECT id,account,name,password,role,gender,email,phone,openid,description,teacher_remark,password_update_time,class_id,status,create_by,create_time,update_by,update_time FROM sys_user WHERE id=?
2026-07-20 22:12:02.887 [http-nio-8080-exec-6] DEBUG [traceId=8c4a4a9e269a489bac1b638495ad3689 userId= role=] c.k.i.m.SysUserMapper.selectById - ==> Parameters: 21(Long)
2026-07-20 22:12:02.888 [http-nio-8080-exec-6] DEBUG [traceId=8c4a4a9e269a489bac1b638495ad3689 userId= role=] c.k.i.m.SysUserMapper.selectById - <==      Total: 1
2026-07-20 22:12:02.890 [http-nio-8080-exec-6] DEBUG [traceId=8c4a4a9e269a489bac1b638495ad3689 userId=21 role=1] c.k.i.m.ClassFeeMapper.selectList - ==>  Preparing: SELECT id,class_id,material,amount,fee_date,status,create_by,create_time,update_by,update_time FROM class_fee WHERE (status = ?)
2026-07-20 22:12:02.890 [http-nio-8080-exec-6] DEBUG [traceId=8c4a4a9e269a489bac1b638495ad3689 userId=21 role=1] c.k.i.m.ClassFeeMapper.selectList - ==> Parameters: 1(Integer)
2026-07-20 22:12:02.892 [http-nio-8080-exec-6] DEBUG [traceId=8c4a4a9e269a489bac1b638495ad3689 userId=21 role=1] c.k.i.m.ClassFeeMapper.selectList - <==      Total: 3
2026-07-20 22:12:02.893 [http-nio-8080-exec-6] DEBUG [traceId=8c4a4a9e269a489bac1b638495ad3689 userId=21 role=1] c.k.i.m.ClassInfoMapper.selectById - ==>  Preparing: SELECT id,class_name,description,status,create_by,create_time,update_by,update_time FROM class_info WHERE id=?
2026-07-20 22:12:02.893 [http-nio-8080-exec-6] DEBUG [traceId=8c4a4a9e269a489bac1b638495ad3689 userId=21 role=1] c.k.i.m.ClassInfoMapper.selectById - ==> Parameters: 8(Long)
2026-07-20 22:12:02.893 [http-nio-8080-exec-6] DEBUG [traceId=8c4a4a9e269a489bac1b638495ad3689 userId=21 role=1] c.k.i.m.ClassInfoMapper.selectById - <==      Total: 1
2026-07-20 22:12:02.894 [http-nio-8080-exec-6] DEBUG [traceId=8c4a4a9e269a489bac1b638495ad3689 userId=21 role=1] c.k.i.m.ClassInfoMapper.selectById - ==>  Preparing: SELECT id,class_name,description,status,create_by,create_time,update_by,update_time FROM class_info WHERE id=?
2026-07-20 22:12:02.894 [http-nio-8080-exec-6] DEBUG [traceId=8c4a4a9e269a489bac1b638495ad3689 userId=21 role=1] c.k.i.m.ClassInfoMapper.selectById - ==> Parameters: 9(Long)
2026-07-20 22:12:02.894 [http-nio-8080-exec-6] DEBUG [traceId=8c4a4a9e269a489bac1b638495ad3689 userId=21 role=1] c.k.i.m.ClassInfoMapper.selectById - <==      Total: 1
2026-07-20 22:12:02.899 [http-nio-8080-exec-6] INFO  [traceId=8c4a4a9e269a489bac1b638495ad3689 userId=21 role=1] com.kg.interceptor.TraceIdFilter - HTTP_REQUEST_END method=GET uri=/class-fee/statistics status=200 cost=15ms responseBody={"code":200,"message":"查询成功","data":[{"classId":8,"className":"1班","totalAmount":2321.00},{"classId":9,"className":"2班","totalAmount":10000.00}]}
2026-07-20 22:12:03.945 [http-nio-8080-exec-8] INFO  [traceId=a5e868abdded4ceb9fcf8609dc268e13 userId= role=] com.kg.interceptor.TraceIdFilter - HTTP_REQUEST_START method=GET uri=/dict/group/task_type query=null requestBody= ip=0:0:0:0:0:0:0:1 userAgent=Mozilla/5.0 (Windows NT 10.0; Win64; x64) AppleWebKit/537.36 (KHTML, like Gecko) Chrome/123.0.0.0 Safari/537.36
2026-07-20 22:12:03.950 [http-nio-8080-exec-8] DEBUG [traceId=a5e868abdded4ceb9fcf8609dc268e13 userId= role=] c.k.i.m.SysUserMapper.selectById - ==>  Preparing: SELECT id,account,name,password,role,gender,email,phone,openid,description,teacher_remark,password_update_time,class_id,status,create_by,create_time,update_by,update_time FROM sys_user WHERE id=?
2026-07-20 22:12:03.950 [http-nio-8080-exec-8] DEBUG [traceId=a5e868abdded4ceb9fcf8609dc268e13 userId= role=] c.k.i.m.SysUserMapper.selectById - ==> Parameters: 21(Long)
2026-07-20 22:12:03.951 [http-nio-8080-exec-8] DEBUG [traceId=a5e868abdded4ceb9fcf8609dc268e13 userId= role=] c.k.i.m.SysUserMapper.selectById - <==      Total: 1
2026-07-20 22:12:03.954 [http-nio-8080-exec-8] DEBUG [traceId=a5e868abdded4ceb9fcf8609dc268e13 userId=21 role=1] c.k.i.mapper.DictMapper.selectList - ==>  Preparing: SELECT id,dict_code,dict_name,dict_label,dict_value,display_color,sort_no,status,create_by,create_time,update_by,update_time FROM sys_dict WHERE (dict_code = ?) ORDER BY sort_no ASC
2026-07-20 22:12:03.954 [http-nio-8080-exec-8] DEBUG [traceId=a5e868abdded4ceb9fcf8609dc268e13 userId=21 role=1] c.k.i.mapper.DictMapper.selectList - ==> Parameters: task_type(String)
2026-07-20 22:12:03.955 [http-nio-8080-exec-8] DEBUG [traceId=a5e868abdded4ceb9fcf8609dc268e13 userId=21 role=1] c.k.i.mapper.DictMapper.selectList - <==      Total: 4
2026-07-20 22:12:03.956 [http-nio-8080-exec-8] INFO  [traceId=a5e868abdded4ceb9fcf8609dc268e13 userId=21 role=1] com.kg.interceptor.TraceIdFilter - HTTP_REQUEST_END method=GET uri=/dict/group/task_type status=200 cost=11ms responseBody={"code":200,"message":"查询成功","data":{"dictCode":"task_type","dictName":"任务类型","items":[{"dictValue":"0","dictLabel":"刷题","sortNo":0,"status":1,"displayColor":"#ff6f00"},{"dictValue":"1","dictLabel":"学习","sortNo":1,"status":1,"displayColor":"#f7ff00"},{"dictValue":"2","dictLabel":"打卡","sortNo":2,"status":1,"displayColor":"#66ff00"},{"dictValue":"3","dictLabel":"每日复盘","sortNo":3,"status":1,"displayColor":"#00bfff"}]}}
2026-07-20 22:12:03.965 [http-nio-8080-exec-5] INFO  [traceId=150603d65fa54a3c903900fbaceeac62 userId= role=] com.kg.interceptor.TraceIdFilter - HTTP_REQUEST_START method=POST uri=/task-template/page query=null requestBody={"pageNum":1,"pageSize":10} ip=0:0:0:0:0:0:0:1 userAgent=Mozilla/5.0 (Windows NT 10.0; Win64; x64) AppleWebKit/537.36 (KHTML, like Gecko) Chrome/123.0.0.0 Safari/537.36
2026-07-20 22:12:03.969 [http-nio-8080-exec-5] DEBUG [traceId=150603d65fa54a3c903900fbaceeac62 userId= role=] c.k.i.m.SysUserMapper.selectById - ==>  Preparing: SELECT id,account,name,password,role,gender,email,phone,openid,description,teacher_remark,password_update_time,class_id,status,create_by,create_time,update_by,update_time FROM sys_user WHERE id=?
2026-07-20 22:12:03.969 [http-nio-8080-exec-5] DEBUG [traceId=150603d65fa54a3c903900fbaceeac62 userId= role=] c.k.i.m.SysUserMapper.selectById - ==> Parameters: 21(Long)
2026-07-20 22:12:03.970 [http-nio-8080-exec-5] DEBUG [traceId=150603d65fa54a3c903900fbaceeac62 userId= role=] c.k.i.m.SysUserMapper.selectById - <==      Total: 1
2026-07-20 22:12:03.977 [http-nio-8080-exec-5] DEBUG [traceId=150603d65fa54a3c903900fbaceeac62 userId=21 role=1] c.k.i.m.T.selectCount - ==>  Preparing: SELECT COUNT( * ) AS total FROM task_template
2026-07-20 22:12:03.977 [http-nio-8080-exec-5] DEBUG [traceId=150603d65fa54a3c903900fbaceeac62 userId=21 role=1] c.k.i.m.T.selectCount - ==> Parameters: 
2026-07-20 22:12:03.978 [http-nio-8080-exec-5] DEBUG [traceId=150603d65fa54a3c903900fbaceeac62 userId=21 role=1] c.k.i.m.T.selectCount - <==      Total: 1
2026-07-20 22:12:03.981 [http-nio-8080-exec-5] DEBUG [traceId=150603d65fa54a3c903900fbaceeac62 userId=21 role=1] c.k.i.m.T.selectList - ==>  Preparing: SELECT id,template_name,task_type,is_mandatory,task_description,default_priority,create_by,create_time,update_by,update_time FROM task_template ORDER BY id DESC LIMIT 0,10
2026-07-20 22:12:03.981 [http-nio-8080-exec-5] DEBUG [traceId=150603d65fa54a3c903900fbaceeac62 userId=21 role=1] c.k.i.m.T.selectList - ==> Parameters: 
2026-07-20 22:12:03.982 [http-nio-8080-exec-5] DEBUG [traceId=150603d65fa54a3c903900fbaceeac62 userId=21 role=1] c.k.i.m.T.selectList - <==      Total: 3
2026-07-20 22:12:03.986 [http-nio-8080-exec-5] INFO  [traceId=150603d65fa54a3c903900fbaceeac62 userId=21 role=1] com.kg.interceptor.TraceIdFilter - HTTP_REQUEST_END method=POST uri=/task-template/page status=200 cost=21ms responseBody={"code":200,"message":"查询成功","data":{"total":3,"list":[{"id":6,"templateName":"2026真题","taskType":"0","isMandatory":1,"taskDescription":"真题模拟","defaultPriority":1,"createTime":"2026-06-09 21:45:43"},{"id":5,"templateName":"20260608","taskType":"2","isMandatory":1,"taskDescription":"做2026年国考","defaultPriority":1,"createTime":"2026-06-08 10:52:36"},{"id":4,"templateName":"模板任务1","taskType":"0","isMandatory":1,"taskDescription":"","defaultPriority":1,"createTime":"2026-06-01 00:27:11"}]}}
2026-07-20 22:12:04.516 [http-nio-8080-exec-3] INFO  [traceId=8813f815dece41b59dd9ec3d650b16db userId= role=] com.kg.interceptor.TraceIdFilter - HTTP_REQUEST_START method=GET uri=/dict/group/task_type query=null requestBody= ip=0:0:0:0:0:0:0:1 userAgent=Mozilla/5.0 (Windows NT 10.0; Win64; x64) AppleWebKit/537.36 (KHTML, like Gecko) Chrome/123.0.0.0 Safari/537.36
2026-07-20 22:12:04.521 [http-nio-8080-exec-3] DEBUG [traceId=8813f815dece41b59dd9ec3d650b16db userId= role=] c.k.i.m.SysUserMapper.selectById - ==>  Preparing: SELECT id,account,name,password,role,gender,email,phone,openid,description,teacher_remark,password_update_time,class_id,status,create_by,create_time,update_by,update_time FROM sys_user WHERE id=?
2026-07-20 22:12:04.522 [http-nio-8080-exec-3] DEBUG [traceId=8813f815dece41b59dd9ec3d650b16db userId= role=] c.k.i.m.SysUserMapper.selectById - ==> Parameters: 21(Long)
2026-07-20 22:12:04.523 [http-nio-8080-exec-3] DEBUG [traceId=8813f815dece41b59dd9ec3d650b16db userId= role=] c.k.i.m.SysUserMapper.selectById - <==      Total: 1
2026-07-20 22:12:04.525 [http-nio-8080-exec-3] DEBUG [traceId=8813f815dece41b59dd9ec3d650b16db userId=21 role=1] c.k.i.mapper.DictMapper.selectList - ==>  Preparing: SELECT id,dict_code,dict_name,dict_label,dict_value,display_color,sort_no,status,create_by,create_time,update_by,update_time FROM sys_dict WHERE (dict_code = ?) ORDER BY sort_no ASC
2026-07-20 22:12:04.525 [http-nio-8080-exec-3] DEBUG [traceId=8813f815dece41b59dd9ec3d650b16db userId=21 role=1] c.k.i.mapper.DictMapper.selectList - ==> Parameters: task_type(String)
2026-07-20 22:12:04.528 [http-nio-8080-exec-3] DEBUG [traceId=8813f815dece41b59dd9ec3d650b16db userId=21 role=1] c.k.i.mapper.DictMapper.selectList - <==      Total: 4
2026-07-20 22:12:04.528 [http-nio-8080-exec-3] INFO  [traceId=8813f815dece41b59dd9ec3d650b16db userId=21 role=1] com.kg.interceptor.TraceIdFilter - HTTP_REQUEST_END method=GET uri=/dict/group/task_type status=200 cost=12ms responseBody={"code":200,"message":"查询成功","data":{"dictCode":"task_type","dictName":"任务类型","items":[{"dictValue":"0","dictLabel":"刷题","sortNo":0,"status":1,"displayColor":"#ff6f00"},{"dictValue":"1","dictLabel":"学习","sortNo":1,"status":1,"displayColor":"#f7ff00"},{"dictValue":"2","dictLabel":"打卡","sortNo":2,"status":1,"displayColor":"#66ff00"},{"dictValue":"3","dictLabel":"每日复盘","sortNo":3,"status":1,"displayColor":"#00bfff"}]}}
2026-07-20 22:12:04.563 [http-nio-8080-exec-10] INFO  [traceId=eef8d933229b45f9a41d8ea5bf2bff41 userId= role=] com.kg.interceptor.TraceIdFilter - HTTP_REQUEST_START method=POST uri=/task/page query=null requestBody={"pageNum":1,"pageSize":10} ip=0:0:0:0:0:0:0:1 userAgent=Mozilla/5.0 (Windows NT 10.0; Win64; x64) AppleWebKit/537.36 (KHTML, like Gecko) Chrome/123.0.0.0 Safari/537.36
2026-07-20 22:12:04.563 [http-nio-8080-exec-9] INFO  [traceId=370c52e09d5045d3adcdcc4533eddc5b userId= role=] com.kg.interceptor.TraceIdFilter - HTTP_REQUEST_START method=GET uri=/class/student-options query=null requestBody= ip=0:0:0:0:0:0:0:1 userAgent=Mozilla/5.0 (Windows NT 10.0; Win64; x64) AppleWebKit/537.36 (KHTML, like Gecko) Chrome/123.0.0.0 Safari/537.36
2026-07-20 22:12:04.564 [http-nio-8080-exec-4] INFO  [traceId=795a36aa5bec489dac008aab3a11643a userId= role=] com.kg.interceptor.TraceIdFilter - HTTP_REQUEST_START method=GET uri=/class/options query=null requestBody= ip=0:0:0:0:0:0:0:1 userAgent=Mozilla/5.0 (Windows NT 10.0; Win64; x64) AppleWebKit/537.36 (KHTML, like Gecko) Chrome/123.0.0.0 Safari/537.36
2026-07-20 22:12:04.568 [http-nio-8080-exec-9] DEBUG [traceId=370c52e09d5045d3adcdcc4533eddc5b userId= role=] c.k.i.m.SysUserMapper.selectById - ==>  Preparing: SELECT id,account,name,password,role,gender,email,phone,openid,description,teacher_remark,password_update_time,class_id,status,create_by,create_time,update_by,update_time FROM sys_user WHERE id=?
2026-07-20 22:12:04.568 [http-nio-8080-exec-10] DEBUG [traceId=eef8d933229b45f9a41d8ea5bf2bff41 userId= role=] c.k.i.m.SysUserMapper.selectById - ==>  Preparing: SELECT id,account,name,password,role,gender,email,phone,openid,description,teacher_remark,password_update_time,class_id,status,create_by,create_time,update_by,update_time FROM sys_user WHERE id=?
2026-07-20 22:12:04.568 [http-nio-8080-exec-4] DEBUG [traceId=795a36aa5bec489dac008aab3a11643a userId= role=] c.k.i.m.SysUserMapper.selectById - ==>  Preparing: SELECT id,account,name,password,role,gender,email,phone,openid,description,teacher_remark,password_update_time,class_id,status,create_by,create_time,update_by,update_time FROM sys_user WHERE id=?
2026-07-20 22:12:04.568 [http-nio-8080-exec-9] DEBUG [traceId=370c52e09d5045d3adcdcc4533eddc5b userId= role=] c.k.i.m.SysUserMapper.selectById - ==> Parameters: 21(Long)
2026-07-20 22:12:04.568 [http-nio-8080-exec-10] DEBUG [traceId=eef8d933229b45f9a41d8ea5bf2bff41 userId= role=] c.k.i.m.SysUserMapper.selectById - ==> Parameters: 21(Long)
2026-07-20 22:12:04.568 [http-nio-8080-exec-4] DEBUG [traceId=795a36aa5bec489dac008aab3a11643a userId= role=] c.k.i.m.SysUserMapper.selectById - ==> Parameters: 21(Long)
2026-07-20 22:12:04.570 [http-nio-8080-exec-9] DEBUG [traceId=370c52e09d5045d3adcdcc4533eddc5b userId= role=] c.k.i.m.SysUserMapper.selectById - <==      Total: 1
2026-07-20 22:12:04.570 [http-nio-8080-exec-4] DEBUG [traceId=795a36aa5bec489dac008aab3a11643a userId= role=] c.k.i.m.SysUserMapper.selectById - <==      Total: 1
2026-07-20 22:12:04.570 [http-nio-8080-exec-10] DEBUG [traceId=eef8d933229b45f9a41d8ea5bf2bff41 userId= role=] c.k.i.m.SysUserMapper.selectById - <==      Total: 1
2026-07-20 22:12:04.572 [http-nio-8080-exec-4] DEBUG [traceId=795a36aa5bec489dac008aab3a11643a userId=21 role=1] c.k.i.m.ClassInfoMapper.selectList - ==>  Preparing: SELECT id,class_name,description,status,create_by,create_time,update_by,update_time FROM class_info WHERE (status = ?) ORDER BY class_name ASC
2026-07-20 22:12:04.572 [http-nio-8080-exec-4] DEBUG [traceId=795a36aa5bec489dac008aab3a11643a userId=21 role=1] c.k.i.m.ClassInfoMapper.selectList - ==> Parameters: 1(Integer)
2026-07-20 22:12:04.572 [http-nio-8080-exec-9] DEBUG [traceId=370c52e09d5045d3adcdcc4533eddc5b userId=21 role=1] c.k.i.m.SysUserMapper.selectList - ==>  Preparing: SELECT id,account,name,password,role,gender,email,phone,openid,description,teacher_remark,password_update_time,class_id,status,create_by,create_time,update_by,update_time FROM sys_user WHERE (role IN (?,?) AND status = ?)
2026-07-20 22:12:04.573 [http-nio-8080-exec-9] DEBUG [traceId=370c52e09d5045d3adcdcc4533eddc5b userId=21 role=1] c.k.i.m.SysUserMapper.selectList - ==> Parameters: 2(String), 3(String), 1(Integer)
2026-07-20 22:12:04.574 [http-nio-8080-exec-4] DEBUG [traceId=795a36aa5bec489dac008aab3a11643a userId=21 role=1] c.k.i.m.ClassInfoMapper.selectList - <==      Total: 3
2026-07-20 22:12:04.574 [http-nio-8080-exec-9] DEBUG [traceId=370c52e09d5045d3adcdcc4533eddc5b userId=21 role=1] c.k.i.m.SysUserMapper.selectList - <==      Total: 11
2026-07-20 22:12:04.574 [http-nio-8080-exec-4] INFO  [traceId=795a36aa5bec489dac008aab3a11643a userId=21 role=1] com.kg.interceptor.TraceIdFilter - HTTP_REQUEST_END method=GET uri=/class/options status=200 cost=11ms responseBody={"code":200,"message":"查询成功","data":[{"id":8,"className":"1班"},{"id":9,"className":"2班"},{"id":10,"className":"线上学习1班"}]}
2026-07-20 22:12:04.577 [http-nio-8080-exec-9] INFO  [traceId=370c52e09d5045d3adcdcc4533eddc5b userId=21 role=1] com.kg.interceptor.TraceIdFilter - HTTP_REQUEST_END method=GET uri=/class/student-options status=200 cost=14ms responseBody={"code":200,"message":"查询成功","data":[{"id":23,"name":"张三","classId":8},{"id":24,"name":"李四","classId":9},{"id":25,"name":"王五","classId":8},{"id":26,"name":"赵六","classId":9},{"id":27,"name":"赵七","classId":null},{"id":28,"name":"赵八","classId":8},{"id":29,"name":"杨少伟","classId":8},{"id":30,"name":"测试新增用户任务","classId":8},{"id":31,"name":"11","classId":8},{"id":32,"name":"11","classId":8},{"id":33,"name":"五四","classId":10}]}
2026-07-20 22:12:04.582 [http-nio-8080-exec-10] DEBUG [traceId=eef8d933229b45f9a41d8ea5bf2bff41 userId=21 role=1] c.k.i.mapper.TaskMapper.selectList - ==>  Preparing: SELECT id,task_name,task_type,template_id,round_no,is_mandatory,task_description,task_start_time,task_end_time,priority,class_id,target_type,target_ids,plan_id,plan_date,is_repeat_task,status,create_by,create_time,update_by,update_time FROM task WHERE ((status = ? OR status IS NULL)) ORDER BY id DESC LIMIT 0,10
2026-07-20 22:12:04.583 [http-nio-8080-exec-10] DEBUG [traceId=eef8d933229b45f9a41d8ea5bf2bff41 userId=21 role=1] c.k.i.mapper.TaskMapper.selectList - ==> Parameters: 1(Integer)
2026-07-20 22:12:04.585 [http-nio-8080-exec-10] DEBUG [traceId=eef8d933229b45f9a41d8ea5bf2bff41 userId=21 role=1] c.k.i.mapper.TaskMapper.selectList - <==      Total: 10
2026-07-20 22:12:04.586 [http-nio-8080-exec-10] DEBUG [traceId=eef8d933229b45f9a41d8ea5bf2bff41 userId=21 role=1] c.k.i.mapper.TaskMapper.selectCount - ==>  Preparing: SELECT COUNT( * ) AS total FROM task WHERE ((status = ? OR status IS NULL))
2026-07-20 22:12:04.586 [http-nio-8080-exec-10] DEBUG [traceId=eef8d933229b45f9a41d8ea5bf2bff41 userId=21 role=1] c.k.i.mapper.TaskMapper.selectCount - ==> Parameters: 1(Integer)
2026-07-20 22:12:04.588 [http-nio-8080-exec-10] DEBUG [traceId=eef8d933229b45f9a41d8ea5bf2bff41 userId=21 role=1] c.k.i.mapper.TaskMapper.selectCount - <==      Total: 1
2026-07-20 22:12:04.590 [http-nio-8080-exec-10] DEBUG [traceId=eef8d933229b45f9a41d8ea5bf2bff41 userId=21 role=1] c.k.i.m.TaskUserMapper.selectList - ==>  Preparing: SELECT id,task_id,user_id,status,start_time,finish_time,duration_minutes,remark,total_score,submit_time,create_by,create_time,update_by,update_time FROM task_user WHERE (task_id = ?)
2026-07-20 22:12:04.590 [http-nio-8080-exec-10] DEBUG [traceId=eef8d933229b45f9a41d8ea5bf2bff41 userId=21 role=1] c.k.i.m.TaskUserMapper.selectList - ==> Parameters: 109(Long)
2026-07-20 22:12:04.592 [http-nio-8080-exec-10] DEBUG [traceId=eef8d933229b45f9a41d8ea5bf2bff41 userId=21 role=1] c.k.i.m.TaskUserMapper.selectList - <==      Total: 11
2026-07-20 22:12:04.594 [http-nio-8080-exec-10] DEBUG [traceId=eef8d933229b45f9a41d8ea5bf2bff41 userId=21 role=1] c.k.i.m.ClassInfoMapper.selectById - ==>  Preparing: SELECT id,class_name,description,status,create_by,create_time,update_by,update_time FROM class_info WHERE id=?
2026-07-20 22:12:04.594 [http-nio-8080-exec-10] DEBUG [traceId=eef8d933229b45f9a41d8ea5bf2bff41 userId=21 role=1] c.k.i.m.ClassInfoMapper.selectById - ==> Parameters: 8(Long)
2026-07-20 22:12:04.595 [http-nio-8080-exec-10] DEBUG [traceId=eef8d933229b45f9a41d8ea5bf2bff41 userId=21 role=1] c.k.i.m.ClassInfoMapper.selectById - <==      Total: 1
2026-07-20 22:12:04.595 [http-nio-8080-exec-10] DEBUG [traceId=eef8d933229b45f9a41d8ea5bf2bff41 userId=21 role=1] c.k.i.m.ClassInfoMapper.selectById - ==>  Preparing: SELECT id,class_name,description,status,create_by,create_time,update_by,update_time FROM class_info WHERE id=?
2026-07-20 22:12:04.595 [http-nio-8080-exec-10] DEBUG [traceId=eef8d933229b45f9a41d8ea5bf2bff41 userId=21 role=1] c.k.i.m.ClassInfoMapper.selectById - ==> Parameters: 9(Long)
2026-07-20 22:12:04.596 [http-nio-8080-exec-10] DEBUG [traceId=eef8d933229b45f9a41d8ea5bf2bff41 userId=21 role=1] c.k.i.m.ClassInfoMapper.selectById - <==      Total: 1
2026-07-20 22:12:04.596 [http-nio-8080-exec-10] DEBUG [traceId=eef8d933229b45f9a41d8ea5bf2bff41 userId=21 role=1] c.k.i.m.ClassInfoMapper.selectById - ==>  Preparing: SELECT id,class_name,description,status,create_by,create_time,update_by,update_time FROM class_info WHERE id=?
2026-07-20 22:12:04.596 [http-nio-8080-exec-10] DEBUG [traceId=eef8d933229b45f9a41d8ea5bf2bff41 userId=21 role=1] c.k.i.m.ClassInfoMapper.selectById - ==> Parameters: 10(Long)
2026-07-20 22:12:04.596 [http-nio-8080-exec-10] DEBUG [traceId=eef8d933229b45f9a41d8ea5bf2bff41 userId=21 role=1] c.k.i.m.ClassInfoMapper.selectById - <==      Total: 1
2026-07-20 22:12:04.597 [http-nio-8080-exec-10] DEBUG [traceId=eef8d933229b45f9a41d8ea5bf2bff41 userId=21 role=1] c.k.i.m.TaskUserMapper.selectList - ==>  Preparing: SELECT id,task_id,user_id,status,start_time,finish_time,duration_minutes,remark,total_score,submit_time,create_by,create_time,update_by,update_time FROM task_user WHERE (task_id = ?)
2026-07-20 22:12:04.597 [http-nio-8080-exec-10] DEBUG [traceId=eef8d933229b45f9a41d8ea5bf2bff41 userId=21 role=1] c.k.i.m.TaskUserMapper.selectList - ==> Parameters: 108(Long)
2026-07-20 22:12:04.599 [http-nio-8080-exec-10] DEBUG [traceId=eef8d933229b45f9a41d8ea5bf2bff41 userId=21 role=1] c.k.i.m.TaskUserMapper.selectList - <==      Total: 11
2026-07-20 22:12:04.599 [http-nio-8080-exec-10] DEBUG [traceId=eef8d933229b45f9a41d8ea5bf2bff41 userId=21 role=1] c.k.i.m.ClassInfoMapper.selectById - ==>  Preparing: SELECT id,class_name,description,status,create_by,create_time,update_by,update_time FROM class_info WHERE id=?
2026-07-20 22:12:04.600 [http-nio-8080-exec-10] DEBUG [traceId=eef8d933229b45f9a41d8ea5bf2bff41 userId=21 role=1] c.k.i.m.ClassInfoMapper.selectById - ==> Parameters: 8(Long)
2026-07-20 22:12:04.600 [http-nio-8080-exec-10] DEBUG [traceId=eef8d933229b45f9a41d8ea5bf2bff41 userId=21 role=1] c.k.i.m.ClassInfoMapper.selectById - <==      Total: 1
2026-07-20 22:12:04.600 [http-nio-8080-exec-10] DEBUG [traceId=eef8d933229b45f9a41d8ea5bf2bff41 userId=21 role=1] c.k.i.m.ClassInfoMapper.selectById - ==>  Preparing: SELECT id,class_name,description,status,create_by,create_time,update_by,update_time FROM class_info WHERE id=?
2026-07-20 22:12:04.601 [http-nio-8080-exec-10] DEBUG [traceId=eef8d933229b45f9a41d8ea5bf2bff41 userId=21 role=1] c.k.i.m.ClassInfoMapper.selectById - ==> Parameters: 9(Long)
2026-07-20 22:12:04.601 [http-nio-8080-exec-10] DEBUG [traceId=eef8d933229b45f9a41d8ea5bf2bff41 userId=21 role=1] c.k.i.m.ClassInfoMapper.selectById - <==      Total: 1
2026-07-20 22:12:04.601 [http-nio-8080-exec-10] DEBUG [traceId=eef8d933229b45f9a41d8ea5bf2bff41 userId=21 role=1] c.k.i.m.ClassInfoMapper.selectById - ==>  Preparing: SELECT id,class_name,description,status,create_by,create_time,update_by,update_time FROM class_info WHERE id=?
2026-07-20 22:12:04.601 [http-nio-8080-exec-10] DEBUG [traceId=eef8d933229b45f9a41d8ea5bf2bff41 userId=21 role=1] c.k.i.m.ClassInfoMapper.selectById - ==> Parameters: 10(Long)
2026-07-20 22:12:04.602 [http-nio-8080-exec-10] DEBUG [traceId=eef8d933229b45f9a41d8ea5bf2bff41 userId=21 role=1] c.k.i.m.ClassInfoMapper.selectById - <==      Total: 1
2026-07-20 22:12:04.603 [http-nio-8080-exec-10] DEBUG [traceId=eef8d933229b45f9a41d8ea5bf2bff41 userId=21 role=1] c.k.i.m.TaskUserMapper.selectList - ==>  Preparing: SELECT id,task_id,user_id,status,start_time,finish_time,duration_minutes,remark,total_score,submit_time,create_by,create_time,update_by,update_time FROM task_user WHERE (task_id = ?)
2026-07-20 22:12:04.603 [http-nio-8080-exec-10] DEBUG [traceId=eef8d933229b45f9a41d8ea5bf2bff41 userId=21 role=1] c.k.i.m.TaskUserMapper.selectList - ==> Parameters: 107(Long)
2026-07-20 22:12:04.604 [http-nio-8080-exec-10] DEBUG [traceId=eef8d933229b45f9a41d8ea5bf2bff41 userId=21 role=1] c.k.i.m.TaskUserMapper.selectList - <==      Total: 11
2026-07-20 22:12:04.604 [http-nio-8080-exec-10] DEBUG [traceId=eef8d933229b45f9a41d8ea5bf2bff41 userId=21 role=1] c.k.i.m.ClassInfoMapper.selectById - ==>  Preparing: SELECT id,class_name,description,status,create_by,create_time,update_by,update_time FROM class_info WHERE id=?
2026-07-20 22:12:04.604 [http-nio-8080-exec-10] DEBUG [traceId=eef8d933229b45f9a41d8ea5bf2bff41 userId=21 role=1] c.k.i.m.ClassInfoMapper.selectById - ==> Parameters: 8(Long)
2026-07-20 22:12:04.606 [http-nio-8080-exec-10] DEBUG [traceId=eef8d933229b45f9a41d8ea5bf2bff41 userId=21 role=1] c.k.i.m.ClassInfoMapper.selectById - <==      Total: 1
2026-07-20 22:12:04.606 [http-nio-8080-exec-10] DEBUG [traceId=eef8d933229b45f9a41d8ea5bf2bff41 userId=21 role=1] c.k.i.m.ClassInfoMapper.selectById - ==>  Preparing: SELECT id,class_name,description,status,create_by,create_time,update_by,update_time FROM class_info WHERE id=?
2026-07-20 22:12:04.606 [http-nio-8080-exec-10] DEBUG [traceId=eef8d933229b45f9a41d8ea5bf2bff41 userId=21 role=1] c.k.i.m.ClassInfoMapper.selectById - ==> Parameters: 9(Long)
2026-07-20 22:12:04.606 [http-nio-8080-exec-10] DEBUG [traceId=eef8d933229b45f9a41d8ea5bf2bff41 userId=21 role=1] c.k.i.m.ClassInfoMapper.selectById - <==      Total: 1
2026-07-20 22:12:04.607 [http-nio-8080-exec-10] DEBUG [traceId=eef8d933229b45f9a41d8ea5bf2bff41 userId=21 role=1] c.k.i.m.ClassInfoMapper.selectById - ==>  Preparing: SELECT id,class_name,description,status,create_by,create_time,update_by,update_time FROM class_info WHERE id=?
2026-07-20 22:12:04.607 [http-nio-8080-exec-10] DEBUG [traceId=eef8d933229b45f9a41d8ea5bf2bff41 userId=21 role=1] c.k.i.m.ClassInfoMapper.selectById - ==> Parameters: 10(Long)
2026-07-20 22:12:04.607 [http-nio-8080-exec-10] DEBUG [traceId=eef8d933229b45f9a41d8ea5bf2bff41 userId=21 role=1] c.k.i.m.ClassInfoMapper.selectById - <==      Total: 1
2026-07-20 22:12:04.608 [http-nio-8080-exec-10] DEBUG [traceId=eef8d933229b45f9a41d8ea5bf2bff41 userId=21 role=1] c.k.i.m.TaskUserMapper.selectList - ==>  Preparing: SELECT id,task_id,user_id,status,start_time,finish_time,duration_minutes,remark,total_score,submit_time,create_by,create_time,update_by,update_time FROM task_user WHERE (task_id = ?)
2026-07-20 22:12:04.608 [http-nio-8080-exec-10] DEBUG [traceId=eef8d933229b45f9a41d8ea5bf2bff41 userId=21 role=1] c.k.i.m.TaskUserMapper.selectList - ==> Parameters: 106(Long)
2026-07-20 22:12:04.609 [http-nio-8080-exec-10] DEBUG [traceId=eef8d933229b45f9a41d8ea5bf2bff41 userId=21 role=1] c.k.i.m.TaskUserMapper.selectList - <==      Total: 11
2026-07-20 22:12:04.609 [http-nio-8080-exec-10] DEBUG [traceId=eef8d933229b45f9a41d8ea5bf2bff41 userId=21 role=1] c.k.i.m.ClassInfoMapper.selectById - ==>  Preparing: SELECT id,class_name,description,status,create_by,create_time,update_by,update_time FROM class_info WHERE id=?
2026-07-20 22:12:04.609 [http-nio-8080-exec-10] DEBUG [traceId=eef8d933229b45f9a41d8ea5bf2bff41 userId=21 role=1] c.k.i.m.ClassInfoMapper.selectById - ==> Parameters: 8(Long)
2026-07-20 22:12:04.610 [http-nio-8080-exec-10] DEBUG [traceId=eef8d933229b45f9a41d8ea5bf2bff41 userId=21 role=1] c.k.i.m.ClassInfoMapper.selectById - <==      Total: 1
2026-07-20 22:12:04.610 [http-nio-8080-exec-10] DEBUG [traceId=eef8d933229b45f9a41d8ea5bf2bff41 userId=21 role=1] c.k.i.m.ClassInfoMapper.selectById - ==>  Preparing: SELECT id,class_name,description,status,create_by,create_time,update_by,update_time FROM class_info WHERE id=?
2026-07-20 22:12:04.611 [http-nio-8080-exec-10] DEBUG [traceId=eef8d933229b45f9a41d8ea5bf2bff41 userId=21 role=1] c.k.i.m.ClassInfoMapper.selectById - ==> Parameters: 9(Long)
2026-07-20 22:12:04.611 [http-nio-8080-exec-10] DEBUG [traceId=eef8d933229b45f9a41d8ea5bf2bff41 userId=21 role=1] c.k.i.m.ClassInfoMapper.selectById - <==      Total: 1
2026-07-20 22:12:04.612 [http-nio-8080-exec-10] DEBUG [traceId=eef8d933229b45f9a41d8ea5bf2bff41 userId=21 role=1] c.k.i.m.ClassInfoMapper.selectById - ==>  Preparing: SELECT id,class_name,description,status,create_by,create_time,update_by,update_time FROM class_info WHERE id=?
2026-07-20 22:12:04.612 [http-nio-8080-exec-10] DEBUG [traceId=eef8d933229b45f9a41d8ea5bf2bff41 userId=21 role=1] c.k.i.m.ClassInfoMapper.selectById - ==> Parameters: 10(Long)
2026-07-20 22:12:04.612 [http-nio-8080-exec-10] DEBUG [traceId=eef8d933229b45f9a41d8ea5bf2bff41 userId=21 role=1] c.k.i.m.ClassInfoMapper.selectById - <==      Total: 1
2026-07-20 22:12:04.613 [http-nio-8080-exec-10] DEBUG [traceId=eef8d933229b45f9a41d8ea5bf2bff41 userId=21 role=1] c.k.i.m.TaskUserMapper.selectList - ==>  Preparing: SELECT id,task_id,user_id,status,start_time,finish_time,duration_minutes,remark,total_score,submit_time,create_by,create_time,update_by,update_time FROM task_user WHERE (task_id = ?)
2026-07-20 22:12:04.613 [http-nio-8080-exec-10] DEBUG [traceId=eef8d933229b45f9a41d8ea5bf2bff41 userId=21 role=1] c.k.i.m.TaskUserMapper.selectList - ==> Parameters: 105(Long)
2026-07-20 22:12:04.614 [http-nio-8080-exec-10] DEBUG [traceId=eef8d933229b45f9a41d8ea5bf2bff41 userId=21 role=1] c.k.i.m.TaskUserMapper.selectList - <==      Total: 11
2026-07-20 22:12:04.614 [http-nio-8080-exec-10] DEBUG [traceId=eef8d933229b45f9a41d8ea5bf2bff41 userId=21 role=1] c.k.i.m.ClassInfoMapper.selectById - ==>  Preparing: SELECT id,class_name,description,status,create_by,create_time,update_by,update_time FROM class_info WHERE id=?
2026-07-20 22:12:04.615 [http-nio-8080-exec-10] DEBUG [traceId=eef8d933229b45f9a41d8ea5bf2bff41 userId=21 role=1] c.k.i.m.ClassInfoMapper.selectById - ==> Parameters: 8(Long)
2026-07-20 22:12:04.616 [http-nio-8080-exec-10] DEBUG [traceId=eef8d933229b45f9a41d8ea5bf2bff41 userId=21 role=1] c.k.i.m.ClassInfoMapper.selectById - <==      Total: 1
2026-07-20 22:12:04.616 [http-nio-8080-exec-10] DEBUG [traceId=eef8d933229b45f9a41d8ea5bf2bff41 userId=21 role=1] c.k.i.m.ClassInfoMapper.selectById - ==>  Preparing: SELECT id,class_name,description,status,create_by,create_time,update_by,update_time FROM class_info WHERE id=?
2026-07-20 22:12:04.616 [http-nio-8080-exec-10] DEBUG [traceId=eef8d933229b45f9a41d8ea5bf2bff41 userId=21 role=1] c.k.i.m.ClassInfoMapper.selectById - ==> Parameters: 9(Long)
2026-07-20 22:12:04.617 [http-nio-8080-exec-10] DEBUG [traceId=eef8d933229b45f9a41d8ea5bf2bff41 userId=21 role=1] c.k.i.m.ClassInfoMapper.selectById - <==      Total: 1
2026-07-20 22:12:04.617 [http-nio-8080-exec-10] DEBUG [traceId=eef8d933229b45f9a41d8ea5bf2bff41 userId=21 role=1] c.k.i.m.ClassInfoMapper.selectById - ==>  Preparing: SELECT id,class_name,description,status,create_by,create_time,update_by,update_time FROM class_info WHERE id=?
2026-07-20 22:12:04.617 [http-nio-8080-exec-10] DEBUG [traceId=eef8d933229b45f9a41d8ea5bf2bff41 userId=21 role=1] c.k.i.m.ClassInfoMapper.selectById - ==> Parameters: 10(Long)
2026-07-20 22:12:04.618 [http-nio-8080-exec-10] DEBUG [traceId=eef8d933229b45f9a41d8ea5bf2bff41 userId=21 role=1] c.k.i.m.ClassInfoMapper.selectById - <==      Total: 1
2026-07-20 22:12:04.619 [http-nio-8080-exec-10] DEBUG [traceId=eef8d933229b45f9a41d8ea5bf2bff41 userId=21 role=1] c.k.i.m.TaskUserMapper.selectList - ==>  Preparing: SELECT id,task_id,user_id,status,start_time,finish_time,duration_minutes,remark,total_score,submit_time,create_by,create_time,update_by,update_time FROM task_user WHERE (task_id = ?)
2026-07-20 22:12:04.619 [http-nio-8080-exec-10] DEBUG [traceId=eef8d933229b45f9a41d8ea5bf2bff41 userId=21 role=1] c.k.i.m.TaskUserMapper.selectList - ==> Parameters: 104(Long)
2026-07-20 22:12:04.620 [http-nio-8080-exec-10] DEBUG [traceId=eef8d933229b45f9a41d8ea5bf2bff41 userId=21 role=1] c.k.i.m.TaskUserMapper.selectList - <==      Total: 11
2026-07-20 22:12:04.620 [http-nio-8080-exec-10] DEBUG [traceId=eef8d933229b45f9a41d8ea5bf2bff41 userId=21 role=1] c.k.i.m.ClassInfoMapper.selectById - ==>  Preparing: SELECT id,class_name,description,status,create_by,create_time,update_by,update_time FROM class_info WHERE id=?
2026-07-20 22:12:04.620 [http-nio-8080-exec-10] DEBUG [traceId=eef8d933229b45f9a41d8ea5bf2bff41 userId=21 role=1] c.k.i.m.ClassInfoMapper.selectById - ==> Parameters: 8(Long)
2026-07-20 22:12:04.621 [http-nio-8080-exec-10] DEBUG [traceId=eef8d933229b45f9a41d8ea5bf2bff41 userId=21 role=1] c.k.i.m.ClassInfoMapper.selectById - <==      Total: 1
2026-07-20 22:12:04.621 [http-nio-8080-exec-10] DEBUG [traceId=eef8d933229b45f9a41d8ea5bf2bff41 userId=21 role=1] c.k.i.m.ClassInfoMapper.selectById - ==>  Preparing: SELECT id,class_name,description,status,create_by,create_time,update_by,update_time FROM class_info WHERE id=?
2026-07-20 22:12:04.621 [http-nio-8080-exec-10] DEBUG [traceId=eef8d933229b45f9a41d8ea5bf2bff41 userId=21 role=1] c.k.i.m.ClassInfoMapper.selectById - ==> Parameters: 9(Long)
2026-07-20 22:12:04.621 [http-nio-8080-exec-10] DEBUG [traceId=eef8d933229b45f9a41d8ea5bf2bff41 userId=21 role=1] c.k.i.m.ClassInfoMapper.selectById - <==      Total: 1
2026-07-20 22:12:04.622 [http-nio-8080-exec-10] DEBUG [traceId=eef8d933229b45f9a41d8ea5bf2bff41 userId=21 role=1] c.k.i.m.ClassInfoMapper.selectById - ==>  Preparing: SELECT id,class_name,description,status,create_by,create_time,update_by,update_time FROM class_info WHERE id=?
2026-07-20 22:12:04.622 [http-nio-8080-exec-10] DEBUG [traceId=eef8d933229b45f9a41d8ea5bf2bff41 userId=21 role=1] c.k.i.m.ClassInfoMapper.selectById - ==> Parameters: 10(Long)
2026-07-20 22:12:04.622 [http-nio-8080-exec-10] DEBUG [traceId=eef8d933229b45f9a41d8ea5bf2bff41 userId=21 role=1] c.k.i.m.ClassInfoMapper.selectById - <==      Total: 1
2026-07-20 22:12:04.623 [http-nio-8080-exec-10] DEBUG [traceId=eef8d933229b45f9a41d8ea5bf2bff41 userId=21 role=1] c.k.i.m.TaskUserMapper.selectList - ==>  Preparing: SELECT id,task_id,user_id,status,start_time,finish_time,duration_minutes,remark,total_score,submit_time,create_by,create_time,update_by,update_time FROM task_user WHERE (task_id = ?)
2026-07-20 22:12:04.623 [http-nio-8080-exec-10] DEBUG [traceId=eef8d933229b45f9a41d8ea5bf2bff41 userId=21 role=1] c.k.i.m.TaskUserMapper.selectList - ==> Parameters: 103(Long)
2026-07-20 22:12:04.625 [http-nio-8080-exec-10] DEBUG [traceId=eef8d933229b45f9a41d8ea5bf2bff41 userId=21 role=1] c.k.i.m.TaskUserMapper.selectList - <==      Total: 11
2026-07-20 22:12:04.625 [http-nio-8080-exec-10] DEBUG [traceId=eef8d933229b45f9a41d8ea5bf2bff41 userId=21 role=1] c.k.i.m.ClassInfoMapper.selectById - ==>  Preparing: SELECT id,class_name,description,status,create_by,create_time,update_by,update_time FROM class_info WHERE id=?
2026-07-20 22:12:04.625 [http-nio-8080-exec-10] DEBUG [traceId=eef8d933229b45f9a41d8ea5bf2bff41 userId=21 role=1] c.k.i.m.ClassInfoMapper.selectById - ==> Parameters: 8(Long)
2026-07-20 22:12:04.626 [http-nio-8080-exec-10] DEBUG [traceId=eef8d933229b45f9a41d8ea5bf2bff41 userId=21 role=1] c.k.i.m.ClassInfoMapper.selectById - <==      Total: 1
2026-07-20 22:12:04.626 [http-nio-8080-exec-10] DEBUG [traceId=eef8d933229b45f9a41d8ea5bf2bff41 userId=21 role=1] c.k.i.m.ClassInfoMapper.selectById - ==>  Preparing: SELECT id,class_name,description,status,create_by,create_time,update_by,update_time FROM class_info WHERE id=?
2026-07-20 22:12:04.626 [http-nio-8080-exec-10] DEBUG [traceId=eef8d933229b45f9a41d8ea5bf2bff41 userId=21 role=1] c.k.i.m.ClassInfoMapper.selectById - ==> Parameters: 9(Long)
2026-07-20 22:12:04.626 [http-nio-8080-exec-10] DEBUG [traceId=eef8d933229b45f9a41d8ea5bf2bff41 userId=21 role=1] c.k.i.m.ClassInfoMapper.selectById - <==      Total: 1
2026-07-20 22:12:04.626 [http-nio-8080-exec-10] DEBUG [traceId=eef8d933229b45f9a41d8ea5bf2bff41 userId=21 role=1] c.k.i.m.ClassInfoMapper.selectById - ==>  Preparing: SELECT id,class_name,description,status,create_by,create_time,update_by,update_time FROM class_info WHERE id=?
2026-07-20 22:12:04.627 [http-nio-8080-exec-10] DEBUG [traceId=eef8d933229b45f9a41d8ea5bf2bff41 userId=21 role=1] c.k.i.m.ClassInfoMapper.selectById - ==> Parameters: 10(Long)
2026-07-20 22:12:04.627 [http-nio-8080-exec-10] DEBUG [traceId=eef8d933229b45f9a41d8ea5bf2bff41 userId=21 role=1] c.k.i.m.ClassInfoMapper.selectById - <==      Total: 1
2026-07-20 22:12:04.628 [http-nio-8080-exec-10] DEBUG [traceId=eef8d933229b45f9a41d8ea5bf2bff41 userId=21 role=1] c.k.i.m.TaskUserMapper.selectList - ==>  Preparing: SELECT id,task_id,user_id,status,start_time,finish_time,duration_minutes,remark,total_score,submit_time,create_by,create_time,update_by,update_time FROM task_user WHERE (task_id = ?)
2026-07-20 22:12:04.628 [http-nio-8080-exec-10] DEBUG [traceId=eef8d933229b45f9a41d8ea5bf2bff41 userId=21 role=1] c.k.i.m.TaskUserMapper.selectList - ==> Parameters: 101(Long)
2026-07-20 22:12:04.628 [http-nio-8080-exec-10] DEBUG [traceId=eef8d933229b45f9a41d8ea5bf2bff41 userId=21 role=1] c.k.i.m.TaskUserMapper.selectList - <==      Total: 11
2026-07-20 22:12:04.629 [http-nio-8080-exec-10] DEBUG [traceId=eef8d933229b45f9a41d8ea5bf2bff41 userId=21 role=1] c.k.i.m.ClassInfoMapper.selectById - ==>  Preparing: SELECT id,class_name,description,status,create_by,create_time,update_by,update_time FROM class_info WHERE id=?
2026-07-20 22:12:04.629 [http-nio-8080-exec-10] DEBUG [traceId=eef8d933229b45f9a41d8ea5bf2bff41 userId=21 role=1] c.k.i.m.ClassInfoMapper.selectById - ==> Parameters: 8(Long)
2026-07-20 22:12:04.629 [http-nio-8080-exec-10] DEBUG [traceId=eef8d933229b45f9a41d8ea5bf2bff41 userId=21 role=1] c.k.i.m.ClassInfoMapper.selectById - <==      Total: 1
2026-07-20 22:12:04.629 [http-nio-8080-exec-10] DEBUG [traceId=eef8d933229b45f9a41d8ea5bf2bff41 userId=21 role=1] c.k.i.m.ClassInfoMapper.selectById - ==>  Preparing: SELECT id,class_name,description,status,create_by,create_time,update_by,update_time FROM class_info WHERE id=?
2026-07-20 22:12:04.629 [http-nio-8080-exec-10] DEBUG [traceId=eef8d933229b45f9a41d8ea5bf2bff41 userId=21 role=1] c.k.i.m.ClassInfoMapper.selectById - ==> Parameters: 9(Long)
2026-07-20 22:12:04.630 [http-nio-8080-exec-10] DEBUG [traceId=eef8d933229b45f9a41d8ea5bf2bff41 userId=21 role=1] c.k.i.m.ClassInfoMapper.selectById - <==      Total: 1
2026-07-20 22:12:04.630 [http-nio-8080-exec-10] DEBUG [traceId=eef8d933229b45f9a41d8ea5bf2bff41 userId=21 role=1] c.k.i.m.ClassInfoMapper.selectById - ==>  Preparing: SELECT id,class_name,description,status,create_by,create_time,update_by,update_time FROM class_info WHERE id=?
2026-07-20 22:12:04.630 [http-nio-8080-exec-10] DEBUG [traceId=eef8d933229b45f9a41d8ea5bf2bff41 userId=21 role=1] c.k.i.m.ClassInfoMapper.selectById - ==> Parameters: 10(Long)
2026-07-20 22:12:04.631 [http-nio-8080-exec-10] DEBUG [traceId=eef8d933229b45f9a41d8ea5bf2bff41 userId=21 role=1] c.k.i.m.ClassInfoMapper.selectById - <==      Total: 1
2026-07-20 22:12:04.631 [http-nio-8080-exec-10] DEBUG [traceId=eef8d933229b45f9a41d8ea5bf2bff41 userId=21 role=1] c.k.i.m.TaskUserMapper.selectList - ==>  Preparing: SELECT id,task_id,user_id,status,start_time,finish_time,duration_minutes,remark,total_score,submit_time,create_by,create_time,update_by,update_time FROM task_user WHERE (task_id = ?)
2026-07-20 22:12:04.632 [http-nio-8080-exec-10] DEBUG [traceId=eef8d933229b45f9a41d8ea5bf2bff41 userId=21 role=1] c.k.i.m.TaskUserMapper.selectList - ==> Parameters: 99(Long)
2026-07-20 22:12:04.632 [http-nio-8080-exec-10] DEBUG [traceId=eef8d933229b45f9a41d8ea5bf2bff41 userId=21 role=1] c.k.i.m.TaskUserMapper.selectList - <==      Total: 11
2026-07-20 22:12:04.632 [http-nio-8080-exec-10] DEBUG [traceId=eef8d933229b45f9a41d8ea5bf2bff41 userId=21 role=1] c.k.i.m.ClassInfoMapper.selectById - ==>  Preparing: SELECT id,class_name,description,status,create_by,create_time,update_by,update_time FROM class_info WHERE id=?
2026-07-20 22:12:04.632 [http-nio-8080-exec-10] DEBUG [traceId=eef8d933229b45f9a41d8ea5bf2bff41 userId=21 role=1] c.k.i.m.ClassInfoMapper.selectById - ==> Parameters: 8(Long)
2026-07-20 22:12:04.633 [http-nio-8080-exec-10] DEBUG [traceId=eef8d933229b45f9a41d8ea5bf2bff41 userId=21 role=1] c.k.i.m.ClassInfoMapper.selectById - <==      Total: 1
2026-07-20 22:12:04.633 [http-nio-8080-exec-10] DEBUG [traceId=eef8d933229b45f9a41d8ea5bf2bff41 userId=21 role=1] c.k.i.m.ClassInfoMapper.selectById - ==>  Preparing: SELECT id,class_name,description,status,create_by,create_time,update_by,update_time FROM class_info WHERE id=?
2026-07-20 22:12:04.633 [http-nio-8080-exec-10] DEBUG [traceId=eef8d933229b45f9a41d8ea5bf2bff41 userId=21 role=1] c.k.i.m.ClassInfoMapper.selectById - ==> Parameters: 9(Long)
2026-07-20 22:12:04.634 [http-nio-8080-exec-10] DEBUG [traceId=eef8d933229b45f9a41d8ea5bf2bff41 userId=21 role=1] c.k.i.m.ClassInfoMapper.selectById - <==      Total: 1
2026-07-20 22:12:04.634 [http-nio-8080-exec-10] DEBUG [traceId=eef8d933229b45f9a41d8ea5bf2bff41 userId=21 role=1] c.k.i.m.ClassInfoMapper.selectById - ==>  Preparing: SELECT id,class_name,description,status,create_by,create_time,update_by,update_time FROM class_info WHERE id=?
2026-07-20 22:12:04.634 [http-nio-8080-exec-10] DEBUG [traceId=eef8d933229b45f9a41d8ea5bf2bff41 userId=21 role=1] c.k.i.m.ClassInfoMapper.selectById - ==> Parameters: 10(Long)
2026-07-20 22:12:04.634 [http-nio-8080-exec-10] DEBUG [traceId=eef8d933229b45f9a41d8ea5bf2bff41 userId=21 role=1] c.k.i.m.ClassInfoMapper.selectById - <==      Total: 1
2026-07-20 22:12:04.635 [http-nio-8080-exec-10] DEBUG [traceId=eef8d933229b45f9a41d8ea5bf2bff41 userId=21 role=1] c.k.i.m.TaskUserMapper.selectList - ==>  Preparing: SELECT id,task_id,user_id,status,start_time,finish_time,duration_minutes,remark,total_score,submit_time,create_by,create_time,update_by,update_time FROM task_user WHERE (task_id = ?)
2026-07-20 22:12:04.635 [http-nio-8080-exec-10] DEBUG [traceId=eef8d933229b45f9a41d8ea5bf2bff41 userId=21 role=1] c.k.i.m.TaskUserMapper.selectList - ==> Parameters: 98(Long)
2026-07-20 22:12:04.636 [http-nio-8080-exec-10] DEBUG [traceId=eef8d933229b45f9a41d8ea5bf2bff41 userId=21 role=1] c.k.i.m.TaskUserMapper.selectList - <==      Total: 11
2026-07-20 22:12:04.636 [http-nio-8080-exec-10] DEBUG [traceId=eef8d933229b45f9a41d8ea5bf2bff41 userId=21 role=1] c.k.i.m.ClassInfoMapper.selectById - ==>  Preparing: SELECT id,class_name,description,status,create_by,create_time,update_by,update_time FROM class_info WHERE id=?
2026-07-20 22:12:04.636 [http-nio-8080-exec-10] DEBUG [traceId=eef8d933229b45f9a41d8ea5bf2bff41 userId=21 role=1] c.k.i.m.ClassInfoMapper.selectById - ==> Parameters: 8(Long)
2026-07-20 22:12:04.637 [http-nio-8080-exec-10] DEBUG [traceId=eef8d933229b45f9a41d8ea5bf2bff41 userId=21 role=1] c.k.i.m.ClassInfoMapper.selectById - <==      Total: 1
2026-07-20 22:12:04.637 [http-nio-8080-exec-10] DEBUG [traceId=eef8d933229b45f9a41d8ea5bf2bff41 userId=21 role=1] c.k.i.m.ClassInfoMapper.selectById - ==>  Preparing: SELECT id,class_name,description,status,create_by,create_time,update_by,update_time FROM class_info WHERE id=?
2026-07-20 22:12:04.637 [http-nio-8080-exec-10] DEBUG [traceId=eef8d933229b45f9a41d8ea5bf2bff41 userId=21 role=1] c.k.i.m.ClassInfoMapper.selectById - ==> Parameters: 9(Long)
2026-07-20 22:12:04.638 [http-nio-8080-exec-10] DEBUG [traceId=eef8d933229b45f9a41d8ea5bf2bff41 userId=21 role=1] c.k.i.m.ClassInfoMapper.selectById - <==      Total: 1
2026-07-20 22:12:04.638 [http-nio-8080-exec-10] DEBUG [traceId=eef8d933229b45f9a41d8ea5bf2bff41 userId=21 role=1] c.k.i.m.ClassInfoMapper.selectById - ==>  Preparing: SELECT id,class_name,description,status,create_by,create_time,update_by,update_time FROM class_info WHERE id=?
2026-07-20 22:12:04.638 [http-nio-8080-exec-10] DEBUG [traceId=eef8d933229b45f9a41d8ea5bf2bff41 userId=21 role=1] c.k.i.m.ClassInfoMapper.selectById - ==> Parameters: 10(Long)
2026-07-20 22:12:04.639 [http-nio-8080-exec-10] DEBUG [traceId=eef8d933229b45f9a41d8ea5bf2bff41 userId=21 role=1] c.k.i.m.ClassInfoMapper.selectById - <==      Total: 1
2026-07-20 22:12:04.644 [http-nio-8080-exec-10] INFO  [traceId=eef8d933229b45f9a41d8ea5bf2bff41 userId=21 role=1] com.kg.interceptor.TraceIdFilter - HTTP_REQUEST_END method=POST uri=/task/page status=200 cost=81ms responseBody={"code":200,"message":"查询成功","data":{"total":77,"list":[{"id":109,"taskName":"每日复盘","taskType":"3","templateId":null,"roundNo":0,"isMandatory":1,"taskDescription":"2026-07-20","taskStartTime":"2026-07-20 08:00:00","taskEndTime":"2026-07-20 23:59:00","priority":0,"classId":null,"targetType":1,"targetIds":"8,9,10","selectedClassList":[{"id":8,"className":"1班"},{"id":9,"className":"2班"},{"id":10,"className":"线上学习1班"}],"selectedStudentList":null,"completedCount":0,"uncompletedCount":11,"completionPercent":0,"createTime":"2026-07-20 22:11:47","planId":null,"planDate":null,"isRepeatTask":0,"status":1},{"id":108,"taskName":"每日打卡","taskType":"2","templateId":null,"roundNo":0,"isMandatory":1,"taskDescription":"2026-07-20","taskStartTime":"2026-07-20 06:00:00","taskEndTime":"2026-07-20 23:59:00","priority":0,"classId":null,"targetType":1,"targetIds":"8,9,10","selectedClassList":[{"id":8,"className":"1班"},{"id":9,"className":"2班"},{"id":10,"className":"线上学习1班"}],"selectedStudentList":null,"completedCount":0,"uncompletedCount":11,"completionPercent":0,"createTime":"2026-07-20 22:11:47","planId":null,"planDate":null,"isRepeatTask":0,"status":1},{"id":107,"taskName":"每日复盘","taskType":"3","templateId":null,"roundNo":0,"isMandatory":1,"taskDescription":"2026-07-19","taskStartTime":"2026-07-19 08:00:00","taskEndTime":"2026-07-19 23:59:00","priority":0,"classId":null,"targetType":1,"targetIds":"8,9,10","selectedClassList":[{"id":8,"className":"1班"},{"id":9,"className":"2班"},{"id":10,"className":"线上学习1班"}],"selectedStudentList":null,"completedCount":0,"uncompletedCount":11,"completionPercent":0,"createTime":"2026-07-19 18:38:29","planId":null,"planDate":null,"isRepeatTask":0,"status":1},{"id":106,"taskName":"每日打卡","taskType":"2","templateId":null,"roundNo":0,"isMandatory":1,"taskDescription":"2026-07-19","taskStartTime":"2026-07-19 06:00:00","taskEndTime":"2026-07-19 23:59:00","priority":0,"classId":null,"targetType":1,"targetIds":"8,9,10","selectedClassList":[{"id":8,"className":"1班"},{"id":9,"className":"2班"},{"id":10,"className":"线上学习1班"}],"selectedStudentList":null,"completedCount":0,"uncompletedCount":11,"completionPercent":0,"createTime":"2026-07-19 18:38:29","planId":null,"planDate":null,"isRepeatTask":0,"status":1},{"id":105,"taskName":"每日复盘","taskType":"3","templateId":null,"roundNo":0,"isMandatory":1,"taskDescription":"2026-07-15","taskStartTime":"2026-07-15 08:00:00","taskEndTime":"2026-07-15 23:59:00","priority":0,"classId":null,"targetType":1,"targetIds":"8,9,10","selectedClassList":[{"id":8,"className":"1班"},{"id":9,"className":"2班"},{"id":10,"className":"线上学习1班"}],"selectedStudentList":null,"completedCount":0,"uncompletedCount":11,"completionPercent":0,"createTime":"2026-07-15 00:36:26","planId":null,"planDate":null,"isRepeatTask":0,"status":1},{"id":104,"taskName":"每日打卡","taskType":"2","templateId":null,"roundNo":0,"isMandatory":1,"taskDescription":"2026-07-15","taskStartTime":"2026-07-15 06:00:00","taskEndTime":"2026-07-15 23:59:00","priority":0,"classId":null,"targetType":1,"targetIds":"8,9,10","selectedClassList":[{"id":8,"className":"1班"},{"id":9,"className":"2班"},{"id":10,"className":"线上学习1班"}],"selectedStudentList":null,"completedCount":0,"uncompletedCount":11,"completionPercent":0,"createTime":"2026-07-15 00:36:26","planId":null,"planDate":null,"isRepeatTask":0,"status":1},{"id":103,"taskName":"每日打卡","taskType":"2","templateId":null,"roundNo":0,"isMandatory":1,"taskDescription":"2026-07-14","taskStartTime":"2026-07-14 06:00:00","taskEndTime":"2026-07-14 23:59:00","priority":0,"classId":null,"targetType":1,"targetIds":"8,9,10","selectedClassList":[{"id":8,"className":"1班"},{"id":9,"className":"2班"},{"id":10,"className":"线上学习1班"}],"selectedStudentList":null,"completedCount":0,"uncompletedCount":11,"completionPercent":0,"createTime":"2026-07-14 22:03:12","planId":null,"planDate":null,"isRepeatTask":0,"status":1},{"id":101,"taskName":"每日复盘","taskType":"3","templateId":null,"roundNo":0,"isMandatory":1,"taskDescription":"每日复盘：2026-07-14","taskStartTime":"2026-07-14 08:00:00","taskEndTime":"2026-07-14 23:59:00","priority":0,"classId":null,"targetType":1,"targetIds":"8,9,10","selectedClassList":[{"id":8,"className":"1班"},{"id":9,"className":"2班"},{"id":10,"className":"线上学习1班"}],"selectedStudentList":null,"completedCount":0,"uncompletedCount":11,"completionPercent":0,"createTime":"2026-07-14 21:55:46","planId":null,"planDate":null,"isRepeatTask":0,"status":1},{"id":99,"taskName":"每日复盘","taskType":"3","templateId":null,"roundNo":0,"isMandatory":1,"taskDescription":null,"taskStartTime":"2026-07-09 08:00:00","taskEndTime":"2026-07-09 23:59:00","priority":0,"classId":null,"targetType":1,"targetIds":"8,9,10","selectedClassList":[{"id":8,"className":"1班"},{"id":9,"className":"2班"},{"id":10,"className":"线上学习1班"}],"selectedStudentList":null,"completedCount":0,"uncompletedCount":11,"completionPercent":0,"createTime":"2026-07-09 12:25:02","planId":null,"planDate":null,"isRepeatTask":0,"status":1},{"id":98,"taskName":"每日打卡...[TRUNCATED length=5515]
2026-07-20 22:12:04.954 [http-nio-8080-exec-1] INFO  [traceId=a1b397c3aac14035acb9e5eb2b2912af userId= role=] com.kg.interceptor.TraceIdFilter - HTTP_REQUEST_START method=GET uri=/class/options query=null requestBody= ip=0:0:0:0:0:0:0:1 userAgent=Mozilla/5.0 (Windows NT 10.0; Win64; x64) AppleWebKit/537.36 (KHTML, like Gecko) Chrome/123.0.0.0 Safari/537.36
2026-07-20 22:12:04.957 [http-nio-8080-exec-1] DEBUG [traceId=a1b397c3aac14035acb9e5eb2b2912af userId= role=] c.k.i.m.SysUserMapper.selectById - ==>  Preparing: SELECT id,account,name,password,role,gender,email,phone,openid,description,teacher_remark,password_update_time,class_id,status,create_by,create_time,update_by,update_time FROM sys_user WHERE id=?
2026-07-20 22:12:04.957 [http-nio-8080-exec-1] DEBUG [traceId=a1b397c3aac14035acb9e5eb2b2912af userId= role=] c.k.i.m.SysUserMapper.selectById - ==> Parameters: 21(Long)
2026-07-20 22:12:04.958 [http-nio-8080-exec-1] DEBUG [traceId=a1b397c3aac14035acb9e5eb2b2912af userId= role=] c.k.i.m.SysUserMapper.selectById - <==      Total: 1
2026-07-20 22:12:04.960 [http-nio-8080-exec-1] DEBUG [traceId=a1b397c3aac14035acb9e5eb2b2912af userId=21 role=1] c.k.i.m.ClassInfoMapper.selectList - ==>  Preparing: SELECT id,class_name,description,status,create_by,create_time,update_by,update_time FROM class_info WHERE (status = ?) ORDER BY class_name ASC
2026-07-20 22:12:04.961 [http-nio-8080-exec-1] DEBUG [traceId=a1b397c3aac14035acb9e5eb2b2912af userId=21 role=1] c.k.i.m.ClassInfoMapper.selectList - ==> Parameters: 1(Integer)
2026-07-20 22:12:04.962 [http-nio-8080-exec-1] DEBUG [traceId=a1b397c3aac14035acb9e5eb2b2912af userId=21 role=1] c.k.i.m.ClassInfoMapper.selectList - <==      Total: 3
2026-07-20 22:12:04.963 [http-nio-8080-exec-1] INFO  [traceId=a1b397c3aac14035acb9e5eb2b2912af userId=21 role=1] com.kg.interceptor.TraceIdFilter - HTTP_REQUEST_END method=GET uri=/class/options status=200 cost=9ms responseBody={"code":200,"message":"查询成功","data":[{"id":8,"className":"1班"},{"id":9,"className":"2班"},{"id":10,"className":"线上学习1班"}]}
2026-07-20 22:12:04.986 [http-nio-8080-exec-7] INFO  [traceId=18cf7bf4c80d4d7f8db5895dc855ef3b userId= role=] com.kg.interceptor.TraceIdFilter - HTTP_REQUEST_START method=GET uri=/study-phase/page query=pageNum=1&pageSize=10&classId=8 requestBody= ip=0:0:0:0:0:0:0:1 userAgent=Mozilla/5.0 (Windows NT 10.0; Win64; x64) AppleWebKit/537.36 (KHTML, like Gecko) Chrome/123.0.0.0 Safari/537.36
2026-07-20 22:12:04.990 [http-nio-8080-exec-7] DEBUG [traceId=18cf7bf4c80d4d7f8db5895dc855ef3b userId= role=] c.k.i.m.SysUserMapper.selectById - ==>  Preparing: SELECT id,account,name,password,role,gender,email,phone,openid,description,teacher_remark,password_update_time,class_id,status,create_by,create_time,update_by,update_time FROM sys_user WHERE id=?
2026-07-20 22:12:04.990 [http-nio-8080-exec-7] DEBUG [traceId=18cf7bf4c80d4d7f8db5895dc855ef3b userId= role=] c.k.i.m.SysUserMapper.selectById - ==> Parameters: 21(Long)
2026-07-20 22:12:04.990 [http-nio-8080-exec-2] INFO  [traceId=9401e1957b9e42d7886814f019855afd userId= role=] com.kg.interceptor.TraceIdFilter - HTTP_REQUEST_START method=GET uri=/study-phase/calendar query=startDate=2026-07-01&endDate=2026-07-31&classId=8 requestBody= ip=0:0:0:0:0:0:0:1 userAgent=Mozilla/5.0 (Windows NT 10.0; Win64; x64) AppleWebKit/537.36 (KHTML, like Gecko) Chrome/123.0.0.0 Safari/537.36
2026-07-20 22:12:04.991 [http-nio-8080-exec-7] DEBUG [traceId=18cf7bf4c80d4d7f8db5895dc855ef3b userId= role=] c.k.i.m.SysUserMapper.selectById - <==      Total: 1
2026-07-20 22:12:04.994 [http-nio-8080-exec-2] DEBUG [traceId=9401e1957b9e42d7886814f019855afd userId= role=] c.k.i.m.SysUserMapper.selectById - ==>  Preparing: SELECT id,account,name,password,role,gender,email,phone,openid,description,teacher_remark,password_update_time,class_id,status,create_by,create_time,update_by,update_time FROM sys_user WHERE id=?
2026-07-20 22:12:04.994 [http-nio-8080-exec-2] DEBUG [traceId=9401e1957b9e42d7886814f019855afd userId= role=] c.k.i.m.SysUserMapper.selectById - ==> Parameters: 21(Long)
2026-07-20 22:12:04.995 [http-nio-8080-exec-2] DEBUG [traceId=9401e1957b9e42d7886814f019855afd userId= role=] c.k.i.m.SysUserMapper.selectById - <==      Total: 1
2026-07-20 22:12:04.995 [http-nio-8080-exec-7] DEBUG [traceId=18cf7bf4c80d4d7f8db5895dc855ef3b userId=21 role=1] c.k.i.m.S.selectList - ==>  Preparing: SELECT id,phase_id,class_id,create_time FROM study_phase_class WHERE (class_id = ?)
2026-07-20 22:12:04.995 [http-nio-8080-exec-7] DEBUG [traceId=18cf7bf4c80d4d7f8db5895dc855ef3b userId=21 role=1] c.k.i.m.S.selectList - ==> Parameters: 8(Long)
2026-07-20 22:12:04.995 [http-nio-8080-exec-7] DEBUG [traceId=18cf7bf4c80d4d7f8db5895dc855ef3b userId=21 role=1] c.k.i.m.S.selectList - <==      Total: 2
2026-07-20 22:12:04.997 [http-nio-8080-exec-2] DEBUG [traceId=9401e1957b9e42d7886814f019855afd userId=21 role=1] c.k.i.m.S.selectList - ==>  Preparing: SELECT id,phase_id,class_id,create_time FROM study_phase_class WHERE (class_id = ?)
2026-07-20 22:12:04.997 [http-nio-8080-exec-2] DEBUG [traceId=9401e1957b9e42d7886814f019855afd userId=21 role=1] c.k.i.m.S.selectList - ==> Parameters: 8(Long)
2026-07-20 22:12:04.998 [http-nio-8080-exec-7] DEBUG [traceId=18cf7bf4c80d4d7f8db5895dc855ef3b userId=21 role=1] c.k.i.m.StudyPhaseMapper.selectCount - ==>  Preparing: SELECT COUNT( * ) AS total FROM study_phase WHERE (id IN (?,?)) ORDER BY start_date DESC
2026-07-20 22:12:04.998 [http-nio-8080-exec-7] DEBUG [traceId=18cf7bf4c80d4d7f8db5895dc855ef3b userId=21 role=1] c.k.i.m.StudyPhaseMapper.selectCount - ==> Parameters: 1(Long), 2(Long)
2026-07-20 22:12:04.998 [http-nio-8080-exec-2] DEBUG [traceId=9401e1957b9e42d7886814f019855afd userId=21 role=1] c.k.i.m.S.selectList - <==      Total: 2
2026-07-20 22:12:04.999 [http-nio-8080-exec-7] DEBUG [traceId=18cf7bf4c80d4d7f8db5895dc855ef3b userId=21 role=1] c.k.i.m.StudyPhaseMapper.selectCount - <==      Total: 1
2026-07-20 22:12:04.999 [http-nio-8080-exec-2] DEBUG [traceId=9401e1957b9e42d7886814f019855afd userId=21 role=1] c.k.i.m.StudyPhaseMapper.selectList - ==>  Preparing: SELECT id,phase_title,phase_content,start_date,end_date,display_color,status,create_by,create_time,update_by,update_time FROM study_phase WHERE (id IN (?,?) AND status = ? AND start_date <= ? AND end_date >= ?) ORDER BY start_date ASC
2026-07-20 22:12:04.999 [http-nio-8080-exec-2] DEBUG [traceId=9401e1957b9e42d7886814f019855afd userId=21 role=1] c.k.i.m.StudyPhaseMapper.selectList - ==> Parameters: 2(Long), 1(Long), 1(Integer), 2026-07-31(LocalDate), 2026-07-01(LocalDate)
2026-07-20 22:12:04.999 [http-nio-8080-exec-7] DEBUG [traceId=18cf7bf4c80d4d7f8db5895dc855ef3b userId=21 role=1] c.k.i.m.StudyPhaseMapper.selectList - ==>  Preparing: SELECT id,phase_title,phase_content,start_date,end_date,display_color,status,create_by,create_time,update_by,update_time FROM study_phase WHERE (id IN (?,?)) ORDER BY start_date DESC LIMIT 0,10
2026-07-20 22:12:04.999 [http-nio-8080-exec-7] DEBUG [traceId=18cf7bf4c80d4d7f8db5895dc855ef3b userId=21 role=1] c.k.i.m.StudyPhaseMapper.selectList - ==> Parameters: 1(Long), 2(Long)
2026-07-20 22:12:05.000 [http-nio-8080-exec-2] DEBUG [traceId=9401e1957b9e42d7886814f019855afd userId=21 role=1] c.k.i.m.StudyPhaseMapper.selectList - <==      Total: 2
2026-07-20 22:12:05.000 [http-nio-8080-exec-7] DEBUG [traceId=18cf7bf4c80d4d7f8db5895dc855ef3b userId=21 role=1] c.k.i.m.StudyPhaseMapper.selectList - <==      Total: 2
2026-07-20 22:12:05.000 [http-nio-8080-exec-2] DEBUG [traceId=9401e1957b9e42d7886814f019855afd userId=21 role=1] c.k.i.m.S.selectList - ==>  Preparing: SELECT id,phase_id,class_id,create_time FROM study_phase_class WHERE (phase_id = ?)
2026-07-20 22:12:05.000 [http-nio-8080-exec-2] DEBUG [traceId=9401e1957b9e42d7886814f019855afd userId=21 role=1] c.k.i.m.S.selectList - ==> Parameters: 1(Long)
2026-07-20 22:12:05.000 [http-nio-8080-exec-7] DEBUG [traceId=18cf7bf4c80d4d7f8db5895dc855ef3b userId=21 role=1] c.k.i.m.S.selectList - ==>  Preparing: SELECT id,phase_id,class_id,create_time FROM study_phase_class WHERE (phase_id = ?)
2026-07-20 22:12:05.000 [http-nio-8080-exec-7] DEBUG [traceId=18cf7bf4c80d4d7f8db5895dc855ef3b userId=21 role=1] c.k.i.m.S.selectList - ==> Parameters: 2(Long)
2026-07-20 22:12:05.001 [http-nio-8080-exec-7] DEBUG [traceId=18cf7bf4c80d4d7f8db5895dc855ef3b userId=21 role=1] c.k.i.m.S.selectList - <==      Total: 1
2026-07-20 22:12:05.001 [http-nio-8080-exec-2] DEBUG [traceId=9401e1957b9e42d7886814f019855afd userId=21 role=1] c.k.i.m.S.selectList - <==      Total: 3
2026-07-20 22:12:05.001 [http-nio-8080-exec-7] DEBUG [traceId=18cf7bf4c80d4d7f8db5895dc855ef3b userId=21 role=1] c.k.i.m.ClassInfoMapper.selectById - ==>  Preparing: SELECT id,class_name,description,status,create_by,create_time,update_by,update_time FROM class_info WHERE id=?
2026-07-20 22:12:05.001 [http-nio-8080-exec-2] DEBUG [traceId=9401e1957b9e42d7886814f019855afd userId=21 role=1] c.k.i.m.ClassInfoMapper.selectById - ==>  Preparing: SELECT id,class_name,description,status,create_by,create_time,update_by,update_time FROM class_info WHERE id=?
2026-07-20 22:12:05.001 [http-nio-8080-exec-2] DEBUG [traceId=9401e1957b9e42d7886814f019855afd userId=21 role=1] c.k.i.m.ClassInfoMapper.selectById - ==> Parameters: 8(Long)
2026-07-20 22:12:05.001 [http-nio-8080-exec-7] DEBUG [traceId=18cf7bf4c80d4d7f8db5895dc855ef3b userId=21 role=1] c.k.i.m.ClassInfoMapper.selectById - ==> Parameters: 8(Long)
2026-07-20 22:12:05.002 [http-nio-8080-exec-2] DEBUG [traceId=9401e1957b9e42d7886814f019855afd userId=21 role=1] c.k.i.m.ClassInfoMapper.selectById - <==      Total: 1
2026-07-20 22:12:05.002 [http-nio-8080-exec-7] DEBUG [traceId=18cf7bf4c80d4d7f8db5895dc855ef3b userId=21 role=1] c.k.i.m.ClassInfoMapper.selectById - <==      Total: 1
2026-07-20 22:12:05.002 [http-nio-8080-exec-2] DEBUG [traceId=9401e1957b9e42d7886814f019855afd userId=21 role=1] c.k.i.m.ClassInfoMapper.selectById - ==>  Preparing: SELECT id,class_name,description,status,create_by,create_time,update_by,update_time FROM class_info WHERE id=?
2026-07-20 22:12:05.002 [http-nio-8080-exec-2] DEBUG [traceId=9401e1957b9e42d7886814f019855afd userId=21 role=1] c.k.i.m.ClassInfoMapper.selectById - ==> Parameters: 9(Long)
2026-07-20 22:12:05.003 [http-nio-8080-exec-2] DEBUG [traceId=9401e1957b9e42d7886814f019855afd userId=21 role=1] c.k.i.m.ClassInfoMapper.selectById - <==      Total: 1
2026-07-20 22:12:05.003 [http-nio-8080-exec-7] DEBUG [traceId=18cf7bf4c80d4d7f8db5895dc855ef3b userId=21 role=1] c.k.i.m.S.selectList - ==>  Preparing: SELECT id,phase_id,class_id,create_time FROM study_phase_class WHERE (phase_id = ?)
2026-07-20 22:12:05.003 [http-nio-8080-exec-7] DEBUG [traceId=18cf7bf4c80d4d7f8db5895dc855ef3b userId=21 role=1] c.k.i.m.S.selectList - ==> Parameters: 1(Long)
2026-07-20 22:12:05.003 [http-nio-8080-exec-2] DEBUG [traceId=9401e1957b9e42d7886814f019855afd userId=21 role=1] c.k.i.m.ClassInfoMapper.selectById - ==>  Preparing: SELECT id,class_name,description,status,create_by,create_time,update_by,update_time FROM class_info WHERE id=?
2026-07-20 22:12:05.003 [http-nio-8080-exec-2] DEBUG [traceId=9401e1957b9e42d7886814f019855afd userId=21 role=1] c.k.i.m.ClassInfoMapper.selectById - ==> Parameters: 10(Long)
2026-07-20 22:12:05.004 [http-nio-8080-exec-2] DEBUG [traceId=9401e1957b9e42d7886814f019855afd userId=21 role=1] c.k.i.m.ClassInfoMapper.selectById - <==      Total: 1
2026-07-20 22:12:05.005 [http-nio-8080-exec-7] DEBUG [traceId=18cf7bf4c80d4d7f8db5895dc855ef3b userId=21 role=1] c.k.i.m.S.selectList - <==      Total: 3
2026-07-20 22:12:05.005 [http-nio-8080-exec-2] DEBUG [traceId=9401e1957b9e42d7886814f019855afd userId=21 role=1] c.k.i.m.S.selectList - ==>  Preparing: SELECT id,phase_id,class_id,create_time FROM study_phase_class WHERE (phase_id = ?)
2026-07-20 22:12:05.005 [http-nio-8080-exec-2] DEBUG [traceId=9401e1957b9e42d7886814f019855afd userId=21 role=1] c.k.i.m.S.selectList - ==> Parameters: 2(Long)
2026-07-20 22:12:05.005 [http-nio-8080-exec-7] DEBUG [traceId=18cf7bf4c80d4d7f8db5895dc855ef3b userId=21 role=1] c.k.i.m.ClassInfoMapper.selectById - ==>  Preparing: SELECT id,class_name,description,status,create_by,create_time,update_by,update_time FROM class_info WHERE id=?
2026-07-20 22:12:05.005 [http-nio-8080-exec-7] DEBUG [traceId=18cf7bf4c80d4d7f8db5895dc855ef3b userId=21 role=1] c.k.i.m.ClassInfoMapper.selectById - ==> Parameters: 8(Long)
2026-07-20 22:12:05.005 [http-nio-8080-exec-2] DEBUG [traceId=9401e1957b9e42d7886814f019855afd userId=21 role=1] c.k.i.m.S.selectList - <==      Total: 1
2026-07-20 22:12:05.005 [http-nio-8080-exec-7] DEBUG [traceId=18cf7bf4c80d4d7f8db5895dc855ef3b userId=21 role=1] c.k.i.m.ClassInfoMapper.selectById - <==      Total: 1
2026-07-20 22:12:05.005 [http-nio-8080-exec-2] DEBUG [traceId=9401e1957b9e42d7886814f019855afd userId=21 role=1] c.k.i.m.ClassInfoMapper.selectById - ==>  Preparing: SELECT id,class_name,description,status,create_by,create_time,update_by,update_time FROM class_info WHERE id=?
2026-07-20 22:12:05.005 [http-nio-8080-exec-7] DEBUG [traceId=18cf7bf4c80d4d7f8db5895dc855ef3b userId=21 role=1] c.k.i.m.ClassInfoMapper.selectById - ==>  Preparing: SELECT id,class_name,description,status,create_by,create_time,update_by,update_time FROM class_info WHERE id=?
2026-07-20 22:12:05.005 [http-nio-8080-exec-2] DEBUG [traceId=9401e1957b9e42d7886814f019855afd userId=21 role=1] c.k.i.m.ClassInfoMapper.selectById - ==> Parameters: 8(Long)
2026-07-20 22:12:05.005 [http-nio-8080-exec-7] DEBUG [traceId=18cf7bf4c80d4d7f8db5895dc855ef3b userId=21 role=1] c.k.i.m.ClassInfoMapper.selectById - ==> Parameters: 9(Long)
2026-07-20 22:12:05.007 [http-nio-8080-exec-7] DEBUG [traceId=18cf7bf4c80d4d7f8db5895dc855ef3b userId=21 role=1] c.k.i.m.ClassInfoMapper.selectById - <==      Total: 1
2026-07-20 22:12:05.007 [http-nio-8080-exec-2] DEBUG [traceId=9401e1957b9e42d7886814f019855afd userId=21 role=1] c.k.i.m.ClassInfoMapper.selectById - <==      Total: 1
2026-07-20 22:12:05.007 [http-nio-8080-exec-7] DEBUG [traceId=18cf7bf4c80d4d7f8db5895dc855ef3b userId=21 role=1] c.k.i.m.ClassInfoMapper.selectById - ==>  Preparing: SELECT id,class_name,description,status,create_by,create_time,update_by,update_time FROM class_info WHERE id=?
2026-07-20 22:12:05.007 [http-nio-8080-exec-7] DEBUG [traceId=18cf7bf4c80d4d7f8db5895dc855ef3b userId=21 role=1] c.k.i.m.ClassInfoMapper.selectById - ==> Parameters: 10(Long)
2026-07-20 22:12:05.008 [http-nio-8080-exec-7] DEBUG [traceId=18cf7bf4c80d4d7f8db5895dc855ef3b userId=21 role=1] c.k.i.m.ClassInfoMapper.selectById - <==      Total: 1
2026-07-20 22:12:05.008 [http-nio-8080-exec-2] INFO  [traceId=9401e1957b9e42d7886814f019855afd userId=21 role=1] com.kg.interceptor.TraceIdFilter - HTTP_REQUEST_END method=GET uri=/study-phase/calendar status=200 cost=18ms responseBody={"code":200,"message":"查询成功","data":[{"id":1,"phaseTitle":"测试阶段","phaseContent":"这是一条描述","startDate":"2026-07-01","endDate":"2026-07-03","displayColor":"#ee6262","status":1,"classIds":[8,9,10],"classNames":["1班","2班","线上学习1班"],"createTime":"2026-07-02 21:13:33"},{"id":2,"phaseTitle":"测试阶段2","phaseContent":"这是测试阶段2的描述","startDate":"2026-07-02","endDate":"2026-07-09","displayColor":"#6367d4","status":1,"classIds":[8],"classNames":["1班"],"createTime":"2026-07-02 21:23:49"}]}
2026-07-20 22:12:05.008 [http-nio-8080-exec-7] INFO  [traceId=18cf7bf4c80d4d7f8db5895dc855ef3b userId=21 role=1] com.kg.interceptor.TraceIdFilter - HTTP_REQUEST_END method=GET uri=/study-phase/page status=200 cost=22ms responseBody={"code":200,"message":"查询成功","data":{"total":2,"list":[{"id":2,"phaseTitle":"测试阶段2","phaseContent":"这是测试阶段2的描述","startDate":"2026-07-02","endDate":"2026-07-09","displayColor":"#6367d4","status":1,"classIds":[8],"classNames":["1班"],"createTime":"2026-07-02 21:23:49"},{"id":1,"phaseTitle":"测试阶段","phaseContent":"这是一条描述","startDate":"2026-07-01","endDate":"2026-07-03","displayColor":"#ee6262","status":1,"classIds":[8,9,10],"classNames":["1班","2班","线上学习1班"],"createTime":"2026-07-02 21:13:33"}]}}
2026-07-20 22:12:07.486 [http-nio-8080-exec-6] INFO  [traceId=aefc729f37f14cc9bca98705e8276201 userId= role=] com.kg.interceptor.TraceIdFilter - HTTP_REQUEST_START method=GET uri=/dict/group/leave_type query=null requestBody= ip=0:0:0:0:0:0:0:1 userAgent=Mozilla/5.0 (Windows NT 10.0; Win64; x64) AppleWebKit/537.36 (KHTML, like Gecko) Chrome/123.0.0.0 Safari/537.36
2026-07-20 22:12:07.486 [http-nio-8080-exec-8] INFO  [traceId=aff8c111cd5a4936817c442fbe11fbff userId= role=] com.kg.interceptor.TraceIdFilter - HTTP_REQUEST_START method=GET uri=/dict/group/leave_period query=null requestBody= ip=0:0:0:0:0:0:0:1 userAgent=Mozilla/5.0 (Windows NT 10.0; Win64; x64) AppleWebKit/537.36 (KHTML, like Gecko) Chrome/123.0.0.0 Safari/537.36
2026-07-20 22:12:07.487 [http-nio-8080-exec-3] INFO  [traceId=ec1d8e4171ea43999ef376613e8a00d0 userId= role=] com.kg.interceptor.TraceIdFilter - HTTP_REQUEST_START method=GET uri=/leave/approve/list query=tab=pending&pageNum=1&pageSize=10 requestBody= ip=0:0:0:0:0:0:0:1 userAgent=Mozilla/5.0 (Windows NT 10.0; Win64; x64) AppleWebKit/537.36 (KHTML, like Gecko) Chrome/123.0.0.0 Safari/537.36
2026-07-20 22:12:07.487 [http-nio-8080-exec-5] INFO  [traceId=9221d1d26b6c47599baa3aeabab39548 userId= role=] com.kg.interceptor.TraceIdFilter - HTTP_REQUEST_START method=GET uri=/dict/group/leave_status query=null requestBody= ip=0:0:0:0:0:0:0:1 userAgent=Mozilla/5.0 (Windows NT 10.0; Win64; x64) AppleWebKit/537.36 (KHTML, like Gecko) Chrome/123.0.0.0 Safari/537.36
2026-07-20 22:12:07.490 [http-nio-8080-exec-8] DEBUG [traceId=aff8c111cd5a4936817c442fbe11fbff userId= role=] c.k.i.m.SysUserMapper.selectById - ==>  Preparing: SELECT id,account,name,password,role,gender,email,phone,openid,description,teacher_remark,password_update_time,class_id,status,create_by,create_time,update_by,update_time FROM sys_user WHERE id=?
2026-07-20 22:12:07.490 [http-nio-8080-exec-3] DEBUG [traceId=ec1d8e4171ea43999ef376613e8a00d0 userId= role=] c.k.i.m.SysUserMapper.selectById - ==>  Preparing: SELECT id,account,name,password,role,gender,email,phone,openid,description,teacher_remark,password_update_time,class_id,status,create_by,create_time,update_by,update_time FROM sys_user WHERE id=?
2026-07-20 22:12:07.490 [http-nio-8080-exec-6] DEBUG [traceId=aefc729f37f14cc9bca98705e8276201 userId= role=] c.k.i.m.SysUserMapper.selectById - ==>  Preparing: SELECT id,account,name,password,role,gender,email,phone,openid,description,teacher_remark,password_update_time,class_id,status,create_by,create_time,update_by,update_time FROM sys_user WHERE id=?
2026-07-20 22:12:07.491 [http-nio-8080-exec-8] DEBUG [traceId=aff8c111cd5a4936817c442fbe11fbff userId= role=] c.k.i.m.SysUserMapper.selectById - ==> Parameters: 21(Long)
2026-07-20 22:12:07.491 [http-nio-8080-exec-6] DEBUG [traceId=aefc729f37f14cc9bca98705e8276201 userId= role=] c.k.i.m.SysUserMapper.selectById - ==> Parameters: 21(Long)
2026-07-20 22:12:07.491 [http-nio-8080-exec-3] DEBUG [traceId=ec1d8e4171ea43999ef376613e8a00d0 userId= role=] c.k.i.m.SysUserMapper.selectById - ==> Parameters: 21(Long)
2026-07-20 22:12:07.491 [http-nio-8080-exec-5] DEBUG [traceId=9221d1d26b6c47599baa3aeabab39548 userId= role=] c.k.i.m.SysUserMapper.selectById - ==>  Preparing: SELECT id,account,name,password,role,gender,email,phone,openid,description,teacher_remark,password_update_time,class_id,status,create_by,create_time,update_by,update_time FROM sys_user WHERE id=?
2026-07-20 22:12:07.491 [http-nio-8080-exec-5] DEBUG [traceId=9221d1d26b6c47599baa3aeabab39548 userId= role=] c.k.i.m.SysUserMapper.selectById - ==> Parameters: 21(Long)
2026-07-20 22:12:07.491 [http-nio-8080-exec-6] DEBUG [traceId=aefc729f37f14cc9bca98705e8276201 userId= role=] c.k.i.m.SysUserMapper.selectById - <==      Total: 1
2026-07-20 22:12:07.491 [http-nio-8080-exec-8] DEBUG [traceId=aff8c111cd5a4936817c442fbe11fbff userId= role=] c.k.i.m.SysUserMapper.selectById - <==      Total: 1
2026-07-20 22:12:07.492 [http-nio-8080-exec-5] DEBUG [traceId=9221d1d26b6c47599baa3aeabab39548 userId= role=] c.k.i.m.SysUserMapper.selectById - <==      Total: 1
2026-07-20 22:12:07.492 [http-nio-8080-exec-3] DEBUG [traceId=ec1d8e4171ea43999ef376613e8a00d0 userId= role=] c.k.i.m.SysUserMapper.selectById - <==      Total: 1
2026-07-20 22:12:07.494 [http-nio-8080-exec-6] DEBUG [traceId=aefc729f37f14cc9bca98705e8276201 userId=21 role=1] c.k.i.mapper.DictMapper.selectList - ==>  Preparing: SELECT id,dict_code,dict_name,dict_label,dict_value,display_color,sort_no,status,create_by,create_time,update_by,update_time FROM sys_dict WHERE (dict_code = ?) ORDER BY sort_no ASC
2026-07-20 22:12:07.494 [http-nio-8080-exec-8] DEBUG [traceId=aff8c111cd5a4936817c442fbe11fbff userId=21 role=1] c.k.i.mapper.DictMapper.selectList - ==>  Preparing: SELECT id,dict_code,dict_name,dict_label,dict_value,display_color,sort_no,status,create_by,create_time,update_by,update_time FROM sys_dict WHERE (dict_code = ?) ORDER BY sort_no ASC
2026-07-20 22:12:07.494 [http-nio-8080-exec-5] DEBUG [traceId=9221d1d26b6c47599baa3aeabab39548 userId=21 role=1] c.k.i.mapper.DictMapper.selectList - ==>  Preparing: SELECT id,dict_code,dict_name,dict_label,dict_value,display_color,sort_no,status,create_by,create_time,update_by,update_time FROM sys_dict WHERE (dict_code = ?) ORDER BY sort_no ASC
2026-07-20 22:12:07.494 [http-nio-8080-exec-6] DEBUG [traceId=aefc729f37f14cc9bca98705e8276201 userId=21 role=1] c.k.i.mapper.DictMapper.selectList - ==> Parameters: leave_type(String)
2026-07-20 22:12:07.494 [http-nio-8080-exec-8] DEBUG [traceId=aff8c111cd5a4936817c442fbe11fbff userId=21 role=1] c.k.i.mapper.DictMapper.selectList - ==> Parameters: leave_period(String)
2026-07-20 22:12:07.494 [http-nio-8080-exec-5] DEBUG [traceId=9221d1d26b6c47599baa3aeabab39548 userId=21 role=1] c.k.i.mapper.DictMapper.selectList - ==> Parameters: leave_status(String)
2026-07-20 22:12:07.496 [http-nio-8080-exec-8] DEBUG [traceId=aff8c111cd5a4936817c442fbe11fbff userId=21 role=1] c.k.i.mapper.DictMapper.selectList - <==      Total: 3
2026-07-20 22:12:07.496 [http-nio-8080-exec-5] DEBUG [traceId=9221d1d26b6c47599baa3aeabab39548 userId=21 role=1] c.k.i.mapper.DictMapper.selectList - <==      Total: 3
2026-07-20 22:12:07.497 [http-nio-8080-exec-6] DEBUG [traceId=aefc729f37f14cc9bca98705e8276201 userId=21 role=1] c.k.i.mapper.DictMapper.selectList - <==      Total: 3
2026-07-20 22:12:07.497 [http-nio-8080-exec-8] INFO  [traceId=aff8c111cd5a4936817c442fbe11fbff userId=21 role=1] com.kg.interceptor.TraceIdFilter - HTTP_REQUEST_END method=GET uri=/dict/group/leave_period status=200 cost=11ms responseBody={"code":200,"message":"查询成功","data":{"dictCode":"leave_period","dictName":"请假时段","items":[{"dictValue":"AM","dictLabel":"上午","sortNo":1,"status":1,"displayColor":null},{"dictValue":"PM","dictLabel":"下午","sortNo":2,"status":1,"displayColor":null},{"dictValue":"EV","dictLabel":"晚上","sortNo":3,"status":1,"displayColor":null}]}}
2026-07-20 22:12:07.497 [http-nio-8080-exec-5] INFO  [traceId=9221d1d26b6c47599baa3aeabab39548 userId=21 role=1] com.kg.interceptor.TraceIdFilter - HTTP_REQUEST_END method=GET uri=/dict/group/leave_status status=200 cost=10ms responseBody={"code":200,"message":"查询成功","data":{"dictCode":"leave_status","dictName":"请假状态","items":[{"dictValue":"0","dictLabel":"待审批","sortNo":1,"status":1,"displayColor":null},{"dictValue":"1","dictLabel":"通过","sortNo":2,"status":1,"displayColor":null},{"dictValue":"2","dictLabel":"拒绝","sortNo":3,"status":1,"displayColor":null}]}}
2026-07-20 22:12:07.497 [http-nio-8080-exec-6] INFO  [traceId=aefc729f37f14cc9bca98705e8276201 userId=21 role=1] com.kg.interceptor.TraceIdFilter - HTTP_REQUEST_END method=GET uri=/dict/group/leave_type status=200 cost=11ms responseBody={"code":200,"message":"查询成功","data":{"dictCode":"leave_type","dictName":"请假类型","items":[{"dictValue":"1","dictLabel":"事假","sortNo":1,"status":1,"displayColor":null},{"dictValue":"2","dictLabel":"病假","sortNo":2,"status":1,"displayColor":null},{"dictValue":"3","dictLabel":"其他","sortNo":3,"status":1,"displayColor":null}]}}
2026-07-20 22:12:07.498 [http-nio-8080-exec-3] DEBUG [traceId=ec1d8e4171ea43999ef376613e8a00d0 userId=21 role=1] c.k.i.m.L.pageByApproveRole - ==>  Preparing: SELECT lr.*, su.name AS userName FROM leave_request lr LEFT JOIN sys_user su ON lr.user_id = su.id WHERE lr.approve_role = ? AND lr.status = ? ORDER BY lr.create_time DESC LIMIT ?, ?
2026-07-20 22:12:07.499 [http-nio-8080-exec-3] DEBUG [traceId=ec1d8e4171ea43999ef376613e8a00d0 userId=21 role=1] c.k.i.m.L.pageByApproveRole - ==> Parameters: 1(String), 0(String), 0(Integer), 10(Integer)
2026-07-20 22:12:07.509 [http-nio-8080-exec-3] DEBUG [traceId=ec1d8e4171ea43999ef376613e8a00d0 userId=21 role=1] c.k.i.m.L.pageByApproveRole - <==      Total: 3
2026-07-20 22:12:07.510 [http-nio-8080-exec-3] DEBUG [traceId=ec1d8e4171ea43999ef376613e8a00d0 userId=21 role=1] c.k.i.m.L.countByApproveRole - ==>  Preparing: SELECT COUNT(*) FROM leave_request lr WHERE lr.approve_role = ? AND lr.status = ?
2026-07-20 22:12:07.510 [http-nio-8080-exec-3] DEBUG [traceId=ec1d8e4171ea43999ef376613e8a00d0 userId=21 role=1] c.k.i.m.L.countByApproveRole - ==> Parameters: 1(String), 0(String)
2026-07-20 22:12:07.511 [http-nio-8080-exec-3] DEBUG [traceId=ec1d8e4171ea43999ef376613e8a00d0 userId=21 role=1] c.k.i.m.L.countByApproveRole - <==      Total: 1
2026-07-20 22:12:07.514 [http-nio-8080-exec-3] INFO  [traceId=ec1d8e4171ea43999ef376613e8a00d0 userId=21 role=1] com.kg.interceptor.TraceIdFilter - HTTP_REQUEST_END method=GET uri=/leave/approve/list status=200 cost=27ms responseBody={"code":200,"message":"查询成功","data":{"total":3,"list":[{"id":4,"userId":24,"userName":"李四","leaveType":"1","startDate":"2026-06-06","startPeriod":"1","endDate":"2026-06-06","endPeriod":"3","leaveDays":1.00,"reason":"111232","approverId":null,"approverName":null,"approveRole":"1","status":"0","approveRemark":null,"approveTime":null,"createTime":"2026-06-06 13:45:53"},{"id":3,"userId":24,"userName":"李四","leaveType":"1","startDate":"2026-06-06","startPeriod":"1","endDate":"2026-06-06","endPeriod":"3","leaveDays":1.00,"reason":"111232","approverId":null,"approverName":null,"approveRole":"1","status":"0","approveRemark":null,"approveTime":null,"createTime":"2026-06-06 13:42:31"},{"id":2,"userId":24,"userName":"李四","leaveType":"1","startDate":"2026-06-06","startPeriod":"1","endDate":"2026-06-07","endPeriod":"3","leaveDays":2.00,"reason":"111232","approverId":null,"approverName":null,"approveRole":"1","status":"0","approveRemark":null,"approveTime":null,"createTime":"2026-06-06 13:41:14"}]}}
2026-07-20 22:12:08.417 [http-nio-8080-exec-4] INFO  [traceId=c34c293f052d4146a8353cb3de5cc6e0 userId= role=] com.kg.interceptor.TraceIdFilter - HTTP_REQUEST_START method=GET uri=/dict/group/page query=pageNum=1&pageSize=10 requestBody= ip=0:0:0:0:0:0:0:1 userAgent=Mozilla/5.0 (Windows NT 10.0; Win64; x64) AppleWebKit/537.36 (KHTML, like Gecko) Chrome/123.0.0.0 Safari/537.36
2026-07-20 22:12:08.419 [http-nio-8080-exec-4] DEBUG [traceId=c34c293f052d4146a8353cb3de5cc6e0 userId= role=] c.k.i.m.SysUserMapper.selectById - ==>  Preparing: SELECT id,account,name,password,role,gender,email,phone,openid,description,teacher_remark,password_update_time,class_id,status,create_by,create_time,update_by,update_time FROM sys_user WHERE id=?
2026-07-20 22:12:08.419 [http-nio-8080-exec-4] DEBUG [traceId=c34c293f052d4146a8353cb3de5cc6e0 userId= role=] c.k.i.m.SysUserMapper.selectById - ==> Parameters: 21(Long)
2026-07-20 22:12:08.420 [http-nio-8080-exec-4] DEBUG [traceId=c34c293f052d4146a8353cb3de5cc6e0 userId= role=] c.k.i.m.SysUserMapper.selectById - <==      Total: 1
2026-07-20 22:12:08.423 [http-nio-8080-exec-4] DEBUG [traceId=c34c293f052d4146a8353cb3de5cc6e0 userId=21 role=1] c.k.i.mapper.DictMapper.selectList - ==>  Preparing: SELECT id,dict_code,dict_name,dict_label,dict_value,display_color,sort_no,status,create_by,create_time,update_by,update_time FROM sys_dict ORDER BY dict_code ASC
2026-07-20 22:12:08.423 [http-nio-8080-exec-4] DEBUG [traceId=c34c293f052d4146a8353cb3de5cc6e0 userId=21 role=1] c.k.i.mapper.DictMapper.selectList - ==> Parameters: 
2026-07-20 22:12:08.425 [http-nio-8080-exec-4] DEBUG [traceId=c34c293f052d4146a8353cb3de5cc6e0 userId=21 role=1] c.k.i.mapper.DictMapper.selectList - <==      Total: 31
2026-07-20 22:12:08.427 [http-nio-8080-exec-4] DEBUG [traceId=c34c293f052d4146a8353cb3de5cc6e0 userId=21 role=1] c.k.i.mapper.DictMapper.selectList - ==>  Preparing: SELECT id,dict_code,dict_name,dict_label,dict_value,display_color,sort_no,status,create_by,create_time,update_by,update_time FROM sys_dict ORDER BY dict_code ASC
2026-07-20 22:12:08.427 [http-nio-8080-exec-4] DEBUG [traceId=c34c293f052d4146a8353cb3de5cc6e0 userId=21 role=1] c.k.i.mapper.DictMapper.selectList - ==> Parameters: 
2026-07-20 22:12:08.428 [http-nio-8080-exec-4] DEBUG [traceId=c34c293f052d4146a8353cb3de5cc6e0 userId=21 role=1] c.k.i.mapper.DictMapper.selectList - <==      Total: 31
2026-07-20 22:12:08.430 [http-nio-8080-exec-4] DEBUG [traceId=c34c293f052d4146a8353cb3de5cc6e0 userId=21 role=1] c.k.i.mapper.DictMapper.selectList - ==>  Preparing: SELECT id,dict_code,dict_name,dict_label,dict_value,display_color,sort_no,status,create_by,create_time,update_by,update_time FROM sys_dict WHERE (dict_code = ?) ORDER BY sort_no ASC
2026-07-20 22:12:08.430 [http-nio-8080-exec-4] DEBUG [traceId=c34c293f052d4146a8353cb3de5cc6e0 userId=21 role=1] c.k.i.mapper.DictMapper.selectList - ==> Parameters: leave_period(String)
2026-07-20 22:12:08.431 [http-nio-8080-exec-4] DEBUG [traceId=c34c293f052d4146a8353cb3de5cc6e0 userId=21 role=1] c.k.i.mapper.DictMapper.selectList - <==      Total: 3
2026-07-20 22:12:08.431 [http-nio-8080-exec-4] DEBUG [traceId=c34c293f052d4146a8353cb3de5cc6e0 userId=21 role=1] c.k.i.mapper.DictMapper.selectList - ==>  Preparing: SELECT id,dict_code,dict_name,dict_label,dict_value,display_color,sort_no,status,create_by,create_time,update_by,update_time FROM sys_dict WHERE (dict_code = ?) ORDER BY sort_no ASC
2026-07-20 22:12:08.432 [http-nio-8080-exec-4] DEBUG [traceId=c34c293f052d4146a8353cb3de5cc6e0 userId=21 role=1] c.k.i.mapper.DictMapper.selectList - ==> Parameters: leave_status(String)
2026-07-20 22:12:08.432 [http-nio-8080-exec-4] DEBUG [traceId=c34c293f052d4146a8353cb3de5cc6e0 userId=21 role=1] c.k.i.mapper.DictMapper.selectList - <==      Total: 3
2026-07-20 22:12:08.432 [http-nio-8080-exec-4] DEBUG [traceId=c34c293f052d4146a8353cb3de5cc6e0 userId=21 role=1] c.k.i.mapper.DictMapper.selectList - ==>  Preparing: SELECT id,dict_code,dict_name,dict_label,dict_value,display_color,sort_no,status,create_by,create_time,update_by,update_time FROM sys_dict WHERE (dict_code = ?) ORDER BY sort_no ASC
2026-07-20 22:12:08.433 [http-nio-8080-exec-4] DEBUG [traceId=c34c293f052d4146a8353cb3de5cc6e0 userId=21 role=1] c.k.i.mapper.DictMapper.selectList - ==> Parameters: leave_type(String)
2026-07-20 22:12:08.433 [http-nio-8080-exec-4] DEBUG [traceId=c34c293f052d4146a8353cb3de5cc6e0 userId=21 role=1] c.k.i.mapper.DictMapper.selectList - <==      Total: 3
2026-07-20 22:12:08.433 [http-nio-8080-exec-4] DEBUG [traceId=c34c293f052d4146a8353cb3de5cc6e0 userId=21 role=1] c.k.i.mapper.DictMapper.selectList - ==>  Preparing: SELECT id,dict_code,dict_name,dict_label,dict_value,display_color,sort_no,status,create_by,create_time,update_by,update_time FROM sys_dict WHERE (dict_code = ?) ORDER BY sort_no ASC
2026-07-20 22:12:08.433 [http-nio-8080-exec-4] DEBUG [traceId=c34c293f052d4146a8353cb3de5cc6e0 userId=21 role=1] c.k.i.mapper.DictMapper.selectList - ==> Parameters: message_type(String)
2026-07-20 22:12:08.434 [http-nio-8080-exec-4] DEBUG [traceId=c34c293f052d4146a8353cb3de5cc6e0 userId=21 role=1] c.k.i.mapper.DictMapper.selectList - <==      Total: 3
2026-07-20 22:12:08.435 [http-nio-8080-exec-4] DEBUG [traceId=c34c293f052d4146a8353cb3de5cc6e0 userId=21 role=1] c.k.i.mapper.DictMapper.selectList - ==>  Preparing: SELECT id,dict_code,dict_name,dict_label,dict_value,display_color,sort_no,status,create_by,create_time,update_by,update_time FROM sys_dict WHERE (dict_code = ?) ORDER BY sort_no ASC
2026-07-20 22:12:08.435 [http-nio-8080-exec-4] DEBUG [traceId=c34c293f052d4146a8353cb3de5cc6e0 userId=21 role=1] c.k.i.mapper.DictMapper.selectList - ==> Parameters: module_name(String)
2026-07-20 22:12:08.435 [http-nio-8080-exec-4] DEBUG [traceId=c34c293f052d4146a8353cb3de5cc6e0 userId=21 role=1] c.k.i.mapper.DictMapper.selectList - <==      Total: 7
2026-07-20 22:12:08.436 [http-nio-8080-exec-4] DEBUG [traceId=c34c293f052d4146a8353cb3de5cc6e0 userId=21 role=1] c.k.i.mapper.DictMapper.selectList - ==>  Preparing: SELECT id,dict_code,dict_name,dict_label,dict_value,display_color,sort_no,status,create_by,create_time,update_by,update_time FROM sys_dict WHERE (dict_code = ?) ORDER BY sort_no ASC
2026-07-20 22:12:08.436 [http-nio-8080-exec-4] DEBUG [traceId=c34c293f052d4146a8353cb3de5cc6e0 userId=21 role=1] c.k.i.mapper.DictMapper.selectList - ==> Parameters: role(String)
2026-07-20 22:12:08.436 [http-nio-8080-exec-4] DEBUG [traceId=c34c293f052d4146a8353cb3de5cc6e0 userId=21 role=1] c.k.i.mapper.DictMapper.selectList - <==      Total: 3
2026-07-20 22:12:08.437 [http-nio-8080-exec-4] DEBUG [traceId=c34c293f052d4146a8353cb3de5cc6e0 userId=21 role=1] c.k.i.mapper.DictMapper.selectList - ==>  Preparing: SELECT id,dict_code,dict_name,dict_label,dict_value,display_color,sort_no,status,create_by,create_time,update_by,update_time FROM sys_dict WHERE (dict_code = ?) ORDER BY sort_no ASC
2026-07-20 22:12:08.437 [http-nio-8080-exec-4] DEBUG [traceId=c34c293f052d4146a8353cb3de5cc6e0 userId=21 role=1] c.k.i.mapper.DictMapper.selectList - ==> Parameters: task_status(String)
2026-07-20 22:12:08.437 [http-nio-8080-exec-4] DEBUG [traceId=c34c293f052d4146a8353cb3de5cc6e0 userId=21 role=1] c.k.i.mapper.DictMapper.selectList - <==      Total: 2
2026-07-20 22:12:08.438 [http-nio-8080-exec-4] DEBUG [traceId=c34c293f052d4146a8353cb3de5cc6e0 userId=21 role=1] c.k.i.mapper.DictMapper.selectList - ==>  Preparing: SELECT id,dict_code,dict_name,dict_label,dict_value,display_color,sort_no,status,create_by,create_time,update_by,update_time FROM sys_dict WHERE (dict_code = ?) ORDER BY sort_no ASC
2026-07-20 22:12:08.438 [http-nio-8080-exec-4] DEBUG [traceId=c34c293f052d4146a8353cb3de5cc6e0 userId=21 role=1] c.k.i.mapper.DictMapper.selectList - ==> Parameters: task_type(String)
2026-07-20 22:12:08.438 [http-nio-8080-exec-4] DEBUG [traceId=c34c293f052d4146a8353cb3de5cc6e0 userId=21 role=1] c.k.i.mapper.DictMapper.selectList - <==      Total: 4
2026-07-20 22:12:08.439 [http-nio-8080-exec-4] DEBUG [traceId=c34c293f052d4146a8353cb3de5cc6e0 userId=21 role=1] c.k.i.mapper.DictMapper.selectList - ==>  Preparing: SELECT id,dict_code,dict_name,dict_label,dict_value,display_color,sort_no,status,create_by,create_time,update_by,update_time FROM sys_dict WHERE (dict_code = ?) ORDER BY sort_no ASC
2026-07-20 22:12:08.439 [http-nio-8080-exec-4] DEBUG [traceId=c34c293f052d4146a8353cb3de5cc6e0 userId=21 role=1] c.k.i.mapper.DictMapper.selectList - ==> Parameters: task_user_status(String)
2026-07-20 22:12:08.439 [http-nio-8080-exec-4] DEBUG [traceId=c34c293f052d4146a8353cb3de5cc6e0 userId=21 role=1] c.k.i.mapper.DictMapper.selectList - <==      Total: 3
2026-07-20 22:12:08.440 [http-nio-8080-exec-4] INFO  [traceId=c34c293f052d4146a8353cb3de5cc6e0 userId=21 role=1] com.kg.interceptor.TraceIdFilter - HTTP_REQUEST_END method=GET uri=/dict/group/page status=200 cost=23ms responseBody={"code":200,"message":"查询成功","data":{"total":9,"list":[{"dictCode":"leave_period","dictName":"请假时段","items":[{"dictValue":"AM","dictLabel":"上午","sortNo":1,"status":1,"displayColor":null},{"dictValue":"PM","dictLabel":"下午","sortNo":2,"status":1,"displayColor":null},{"dictValue":"EV","dictLabel":"晚上","sortNo":3,"status":1,"displayColor":null}]},{"dictCode":"leave_status","dictName":"请假状态","items":[{"dictValue":"0","dictLabel":"待审批","sortNo":1,"status":1,"displayColor":null},{"dictValue":"1","dictLabel":"通过","sortNo":2,"status":1,"displayColor":null},{"dictValue":"2","dictLabel":"拒绝","sortNo":3,"status":1,"displayColor":null}]},{"dictCode":"leave_type","dictName":"请假类型","items":[{"dictValue":"1","dictLabel":"事假","sortNo":1,"status":1,"displayColor":null},{"dictValue":"2","dictLabel":"病假","sortNo":2,"status":1,"displayColor":null},{"dictValue":"3","dictLabel":"其他","sortNo":3,"status":1,"displayColor":null}]},{"dictCode":"message_type","dictName":"消息类型","items":[{"dictValue":"TASK_START","dictLabel":"任务开始","sortNo":1,"status":1,"displayColor":null},{"dictValue":"TASK_DEADLINE","dictLabel":"任务结束","sortNo":2,"status":1,"displayColor":null},{"dictValue":"LEAVE","dictLabel":"请假","sortNo":3,"status":1,"displayColor":null}]},{"dictCode":"module_name","dictName":"成绩模板名","items":[{"dictValue":"1","dictLabel":"行测-常识","sortNo":1,"status":1,"displayColor":null},{"dictValue":"2","dictLabel":"行测-言语","sortNo":2,"status":1,"displayColor":null},{"dictValue":"3","dictLabel":"行测-数量","sortNo":3,"status":1,"displayColor":null},{"dictValue":"4","dictLabel":"行测-判断推理","sortNo":4,"status":1,"displayColor":null},{"dictValue":"5","dictLabel":"行测-资料分析","sortNo":5,"status":1,"displayColor":null},{"dictValue":"6","dictLabel":"申论-小题","sortNo":6,"status":1,"displayColor":null},{"dictValue":"7","dictLabel":"申论-大作文","sortNo":7,"status":1,"displayColor":null}]},{"dictCode":"role","dictName":"角色","items":[{"dictValue":"1","dictLabel":"老师","sortNo":1,"status":1,"displayColor":null},{"dictValue":"2","dictLabel":"班长","sortNo":2,"status":1,"displayColor":null},{"dictValue":"3","dictLabel":"学生","sortNo":3,"status":1,"displayColor":null}]},{"dictCode":"task_status","dictName":"任务状态","items":[{"dictValue":"0","dictLabel":"未完成","sortNo":1,"status":1,"displayColor":null},{"dictValue":"1","dictLabel":"已完成","sortNo":2,"status":1,"displayColor":null}]},{"dictCode":"task_type","dictName":"任务类型","items":[{"dictValue":"0","dictLabel":"刷题","sortNo":0,"status":1,"displayColor":"#ff6f00"},{"dictValue":"1","dictLabel":"学习","sortNo":1,"status":1,"displayColor":"#f7ff00"},{"dictValue":"2","dictLabel":"打卡","sortNo":2,"status":1,"displayColor":"#66ff00"},{"dictValue":"3","dictLabel":"每日复盘","sortNo":3,"status":1,"displayColor":"#00bfff"}]},{"dictCode":"task_user_status","dictName":"学生任务状态","items":[{"dictValue":"0","dictLabel":"未完成","sortNo":1,"status":1,"displayColor":"#409EFF"},{"dictValue":"1","dictLabel":"已完成","sortNo":2,"status":1,"displayColor":"#67C23A"},{"dictValue":"2","dictLabel":"逾期完成","sortNo":3,"status":1,"displayColor":"#E6A23C"}]}]}}
2026-07-20 22:12:10.331 [http-nio-8080-exec-9] INFO  [traceId=2efa692647824ff6939e7b3f2cd3d266 userId= role=] com.kg.interceptor.TraceIdFilter - HTTP_REQUEST_START method=GET uri=/home/stat query=null requestBody= ip=0:0:0:0:0:0:0:1 userAgent=Mozilla/5.0 (Windows NT 10.0; Win64; x64) AppleWebKit/537.36 (KHTML, like Gecko) Chrome/123.0.0.0 Safari/537.36
2026-07-20 22:12:10.335 [http-nio-8080-exec-9] DEBUG [traceId=2efa692647824ff6939e7b3f2cd3d266 userId= role=] c.k.i.m.SysUserMapper.selectById - ==>  Preparing: SELECT id,account,name,password,role,gender,email,phone,openid,description,teacher_remark,password_update_time,class_id,status,create_by,create_time,update_by,update_time FROM sys_user WHERE id=?
2026-07-20 22:12:10.336 [http-nio-8080-exec-9] DEBUG [traceId=2efa692647824ff6939e7b3f2cd3d266 userId= role=] c.k.i.m.SysUserMapper.selectById - ==> Parameters: 21(Long)
2026-07-20 22:12:10.337 [http-nio-8080-exec-9] DEBUG [traceId=2efa692647824ff6939e7b3f2cd3d266 userId= role=] c.k.i.m.SysUserMapper.selectById - <==      Total: 1
2026-07-20 22:12:10.338 [http-nio-8080-exec-9] DEBUG [traceId=2efa692647824ff6939e7b3f2cd3d266 userId=21 role=1] c.k.i.m.H.countCurrentTasksForTeacher - ==>  Preparing: SELECT COUNT(*) FROM task WHERE task_start_time <= NOW() AND task_end_time >= NOW()
2026-07-20 22:12:10.338 [http-nio-8080-exec-9] DEBUG [traceId=2efa692647824ff6939e7b3f2cd3d266 userId=21 role=1] c.k.i.m.H.countCurrentTasksForTeacher - ==> Parameters: 
2026-07-20 22:12:10.340 [http-nio-8080-exec-9] DEBUG [traceId=2efa692647824ff6939e7b3f2cd3d266 userId=21 role=1] c.k.i.m.H.countCurrentTasksForTeacher - <==      Total: 1
2026-07-20 22:12:10.340 [http-nio-8080-exec-9] DEBUG [traceId=2efa692647824ff6939e7b3f2cd3d266 userId=21 role=1] c.k.i.m.H.countForceTasksForTeacher - ==>  Preparing: SELECT COUNT(*) FROM task WHERE is_mandatory = 1
2026-07-20 22:12:10.340 [http-nio-8080-exec-9] DEBUG [traceId=2efa692647824ff6939e7b3f2cd3d266 userId=21 role=1] c.k.i.m.H.countForceTasksForTeacher - ==> Parameters: 
2026-07-20 22:12:10.340 [http-nio-8080-exec-9] DEBUG [traceId=2efa692647824ff6939e7b3f2cd3d266 userId=21 role=1] c.k.i.m.H.countForceTasksForTeacher - <==      Total: 1
2026-07-20 22:12:10.341 [http-nio-8080-exec-9] DEBUG [traceId=2efa692647824ff6939e7b3f2cd3d266 userId=21 role=1] c.k.i.m.H.countTotalTasksForTeacher - ==>  Preparing: SELECT COUNT(*) FROM task
2026-07-20 22:12:10.341 [http-nio-8080-exec-9] DEBUG [traceId=2efa692647824ff6939e7b3f2cd3d266 userId=21 role=1] c.k.i.m.H.countTotalTasksForTeacher - ==> Parameters: 
2026-07-20 22:12:10.341 [http-nio-8080-exec-9] DEBUG [traceId=2efa692647824ff6939e7b3f2cd3d266 userId=21 role=1] c.k.i.m.H.countTotalTasksForTeacher - <==      Total: 1
2026-07-20 22:12:10.341 [http-nio-8080-exec-9] DEBUG [traceId=2efa692647824ff6939e7b3f2cd3d266 userId=21 role=1] c.k.i.m.H.completionStatsForTeacher - ==>  Preparing: SELECT COUNT(*) AS total, SUM(CASE WHEN tu.status IN ('1','2') THEN 1 ELSE 0 END) AS completed, SUM(CASE WHEN tu.status = '0' THEN 1 ELSE 0 END) AS uncompleted FROM task_user tu JOIN task t ON t.id = tu.task_id
2026-07-20 22:12:10.341 [http-nio-8080-exec-9] DEBUG [traceId=2efa692647824ff6939e7b3f2cd3d266 userId=21 role=1] c.k.i.m.H.completionStatsForTeacher - ==> Parameters: 
2026-07-20 22:12:10.343 [http-nio-8080-exec-9] DEBUG [traceId=2efa692647824ff6939e7b3f2cd3d266 userId=21 role=1] c.k.i.m.H.completionStatsForTeacher - <==      Total: 1
2026-07-20 22:12:10.343 [http-nio-8080-exec-9] DEBUG [traceId=2efa692647824ff6939e7b3f2cd3d266 userId=21 role=1] c.k.i.m.H.lowCompletedTop3ForTeacher - ==>  Preparing: SELECT t.id AS task_id, t.task_name, t.task_end_time AS end_time, COUNT(*) AS total, SUM(CASE WHEN tu.status IN ('1','2') THEN 1 ELSE 0 END) AS completed, SUM(CASE WHEN tu.status = '0' THEN 1 ELSE 0 END) AS uncompleted FROM task t JOIN task_user tu ON tu.task_id = t.id GROUP BY t.id, t.task_name, t.task_end_time ORDER BY (SUM(CASE WHEN tu.status IN ('1','2') THEN 1 ELSE 0 END) * 1.0 / COUNT(*)) ASC LIMIT 3
2026-07-20 22:12:10.343 [http-nio-8080-exec-9] DEBUG [traceId=2efa692647824ff6939e7b3f2cd3d266 userId=21 role=1] c.k.i.m.H.lowCompletedTop3ForTeacher - ==> Parameters: 
2026-07-20 22:12:10.345 [http-nio-8080-exec-9] DEBUG [traceId=2efa692647824ff6939e7b3f2cd3d266 userId=21 role=1] c.k.i.m.H.lowCompletedTop3ForTeacher - <==      Total: 3
2026-07-20 22:12:10.346 [http-nio-8080-exec-9] INFO  [traceId=2efa692647824ff6939e7b3f2cd3d266 userId=21 role=1] com.kg.interceptor.TraceIdFilter - HTTP_REQUEST_END method=GET uri=/home/stat status=200 cost=15ms responseBody={"code":200,"message":"查询成功","data":{"currentTaskCount":3,"forceTaskCount":84,"totalTaskCount":86,"completedTaskUserCount":37,"unCompletedTaskUserCount":535,"completedRate":6,"lowCompletedTasks":[{"taskId":43,"taskName":"测试颜色1","totalUserCount":4,"completedUserCount":0,"unCompletedUserCount":4,"completedRate":0,"endTime":"2026-06-13T23:59:59"},{"taskId":75,"taskName":"每日复盘","totalUserCount":10,"completedUserCount":0,"unCompletedUserCount":10,"completedRate":0,"endTime":"2026-07-01T23:59"},{"taskId":48,"taskName":"222","totalUserCount":1,"completedUserCount":0,"unCompletedUserCount":1,"completedRate":0,"endTime":"2026-06-13T23:59:59"}]}}
2026-07-20 22:12:10.364 [http-nio-8080-exec-10] INFO  [traceId=bd437111fb094aac9bfc4ab18400287e userId= role=] com.kg.interceptor.TraceIdFilter - HTTP_REQUEST_START method=GET uri=/class/options query=null requestBody= ip=0:0:0:0:0:0:0:1 userAgent=Mozilla/5.0 (Windows NT 10.0; Win64; x64) AppleWebKit/537.36 (KHTML, like Gecko) Chrome/123.0.0.0 Safari/537.36
2026-07-20 22:12:10.368 [http-nio-8080-exec-10] DEBUG [traceId=bd437111fb094aac9bfc4ab18400287e userId= role=] c.k.i.m.SysUserMapper.selectById - ==>  Preparing: SELECT id,account,name,password,role,gender,email,phone,openid,description,teacher_remark,password_update_time,class_id,status,create_by,create_time,update_by,update_time FROM sys_user WHERE id=?
2026-07-20 22:12:10.368 [http-nio-8080-exec-10] DEBUG [traceId=bd437111fb094aac9bfc4ab18400287e userId= role=] c.k.i.m.SysUserMapper.selectById - ==> Parameters: 21(Long)
2026-07-20 22:12:10.369 [http-nio-8080-exec-10] DEBUG [traceId=bd437111fb094aac9bfc4ab18400287e userId= role=] c.k.i.m.SysUserMapper.selectById - <==      Total: 1
2026-07-20 22:12:10.370 [http-nio-8080-exec-10] DEBUG [traceId=bd437111fb094aac9bfc4ab18400287e userId=21 role=1] c.k.i.m.ClassInfoMapper.selectList - ==>  Preparing: SELECT id,class_name,description,status,create_by,create_time,update_by,update_time FROM class_info WHERE (status = ?) ORDER BY class_name ASC
2026-07-20 22:12:10.370 [http-nio-8080-exec-10] DEBUG [traceId=bd437111fb094aac9bfc4ab18400287e userId=21 role=1] c.k.i.m.ClassInfoMapper.selectList - ==> Parameters: 1(Integer)
2026-07-20 22:12:10.371 [http-nio-8080-exec-10] DEBUG [traceId=bd437111fb094aac9bfc4ab18400287e userId=21 role=1] c.k.i.m.ClassInfoMapper.selectList - <==      Total: 3
2026-07-20 22:12:10.372 [http-nio-8080-exec-10] INFO  [traceId=bd437111fb094aac9bfc4ab18400287e userId=21 role=1] com.kg.interceptor.TraceIdFilter - HTTP_REQUEST_END method=GET uri=/class/options status=200 cost=8ms responseBody={"code":200,"message":"查询成功","data":[{"id":8,"className":"1班"},{"id":9,"className":"2班"},{"id":10,"className":"线上学习1班"}]}
2026-07-20 22:12:10.382 [http-nio-8080-exec-1] INFO  [traceId=979f69b5bf1d4723b4ad2b0bd45fcffb userId= role=] com.kg.interceptor.TraceIdFilter - HTTP_REQUEST_START method=GET uri=/study-phase/calendar query=startDate=2026-07-01&endDate=2026-07-31&classId=8 requestBody= ip=0:0:0:0:0:0:0:1 userAgent=Mozilla/5.0 (Windows NT 10.0; Win64; x64) AppleWebKit/537.36 (KHTML, like Gecko) Chrome/123.0.0.0 Safari/537.36
2026-07-20 22:12:10.385 [http-nio-8080-exec-1] DEBUG [traceId=979f69b5bf1d4723b4ad2b0bd45fcffb userId= role=] c.k.i.m.SysUserMapper.selectById - ==>  Preparing: SELECT id,account,name,password,role,gender,email,phone,openid,description,teacher_remark,password_update_time,class_id,status,create_by,create_time,update_by,update_time FROM sys_user WHERE id=?
2026-07-20 22:12:10.386 [http-nio-8080-exec-1] DEBUG [traceId=979f69b5bf1d4723b4ad2b0bd45fcffb userId= role=] c.k.i.m.SysUserMapper.selectById - ==> Parameters: 21(Long)
2026-07-20 22:12:10.386 [http-nio-8080-exec-1] DEBUG [traceId=979f69b5bf1d4723b4ad2b0bd45fcffb userId= role=] c.k.i.m.SysUserMapper.selectById - <==      Total: 1
2026-07-20 22:12:10.388 [http-nio-8080-exec-1] DEBUG [traceId=979f69b5bf1d4723b4ad2b0bd45fcffb userId=21 role=1] c.k.i.m.S.selectList - ==>  Preparing: SELECT id,phase_id,class_id,create_time FROM study_phase_class WHERE (class_id = ?)
2026-07-20 22:12:10.389 [http-nio-8080-exec-1] DEBUG [traceId=979f69b5bf1d4723b4ad2b0bd45fcffb userId=21 role=1] c.k.i.m.S.selectList - ==> Parameters: 8(Long)
2026-07-20 22:12:10.389 [http-nio-8080-exec-1] DEBUG [traceId=979f69b5bf1d4723b4ad2b0bd45fcffb userId=21 role=1] c.k.i.m.S.selectList - <==      Total: 2
2026-07-20 22:12:10.390 [http-nio-8080-exec-1] DEBUG [traceId=979f69b5bf1d4723b4ad2b0bd45fcffb userId=21 role=1] c.k.i.m.StudyPhaseMapper.selectList - ==>  Preparing: SELECT id,phase_title,phase_content,start_date,end_date,display_color,status,create_by,create_time,update_by,update_time FROM study_phase WHERE (id IN (?,?) AND status = ? AND start_date <= ? AND end_date >= ?) ORDER BY start_date ASC
2026-07-20 22:12:10.390 [http-nio-8080-exec-1] DEBUG [traceId=979f69b5bf1d4723b4ad2b0bd45fcffb userId=21 role=1] c.k.i.m.StudyPhaseMapper.selectList - ==> Parameters: 2(Long), 1(Long), 1(Integer), 2026-07-31(LocalDate), 2026-07-01(LocalDate)
2026-07-20 22:12:10.391 [http-nio-8080-exec-1] DEBUG [traceId=979f69b5bf1d4723b4ad2b0bd45fcffb userId=21 role=1] c.k.i.m.StudyPhaseMapper.selectList - <==      Total: 2
2026-07-20 22:12:10.392 [http-nio-8080-exec-1] DEBUG [traceId=979f69b5bf1d4723b4ad2b0bd45fcffb userId=21 role=1] c.k.i.m.S.selectList - ==>  Preparing: SELECT id,phase_id,class_id,create_time FROM study_phase_class WHERE (phase_id = ?)
2026-07-20 22:12:10.392 [http-nio-8080-exec-1] DEBUG [traceId=979f69b5bf1d4723b4ad2b0bd45fcffb userId=21 role=1] c.k.i.m.S.selectList - ==> Parameters: 1(Long)
2026-07-20 22:12:10.393 [http-nio-8080-exec-1] DEBUG [traceId=979f69b5bf1d4723b4ad2b0bd45fcffb userId=21 role=1] c.k.i.m.S.selectList - <==      Total: 3
2026-07-20 22:12:10.393 [http-nio-8080-exec-1] DEBUG [traceId=979f69b5bf1d4723b4ad2b0bd45fcffb userId=21 role=1] c.k.i.m.ClassInfoMapper.selectById - ==>  Preparing: SELECT id,class_name,description,status,create_by,create_time,update_by,update_time FROM class_info WHERE id=?
2026-07-20 22:12:10.393 [http-nio-8080-exec-1] DEBUG [traceId=979f69b5bf1d4723b4ad2b0bd45fcffb userId=21 role=1] c.k.i.m.ClassInfoMapper.selectById - ==> Parameters: 8(Long)
2026-07-20 22:12:10.393 [http-nio-8080-exec-1] DEBUG [traceId=979f69b5bf1d4723b4ad2b0bd45fcffb userId=21 role=1] c.k.i.m.ClassInfoMapper.selectById - <==      Total: 1
2026-07-20 22:12:10.393 [http-nio-8080-exec-1] DEBUG [traceId=979f69b5bf1d4723b4ad2b0bd45fcffb userId=21 role=1] c.k.i.m.ClassInfoMapper.selectById - ==>  Preparing: SELECT id,class_name,description,status,create_by,create_time,update_by,update_time FROM class_info WHERE id=?
2026-07-20 22:12:10.393 [http-nio-8080-exec-1] DEBUG [traceId=979f69b5bf1d4723b4ad2b0bd45fcffb userId=21 role=1] c.k.i.m.ClassInfoMapper.selectById - ==> Parameters: 9(Long)
2026-07-20 22:12:10.395 [http-nio-8080-exec-1] DEBUG [traceId=979f69b5bf1d4723b4ad2b0bd45fcffb userId=21 role=1] c.k.i.m.ClassInfoMapper.selectById - <==      Total: 1
2026-07-20 22:12:10.395 [http-nio-8080-exec-1] DEBUG [traceId=979f69b5bf1d4723b4ad2b0bd45fcffb userId=21 role=1] c.k.i.m.ClassInfoMapper.selectById - ==>  Preparing: SELECT id,class_name,description,status,create_by,create_time,update_by,update_time FROM class_info WHERE id=?
2026-07-20 22:12:10.395 [http-nio-8080-exec-1] DEBUG [traceId=979f69b5bf1d4723b4ad2b0bd45fcffb userId=21 role=1] c.k.i.m.ClassInfoMapper.selectById - ==> Parameters: 10(Long)
2026-07-20 22:12:10.395 [http-nio-8080-exec-1] DEBUG [traceId=979f69b5bf1d4723b4ad2b0bd45fcffb userId=21 role=1] c.k.i.m.ClassInfoMapper.selectById - <==      Total: 1
2026-07-20 22:12:10.396 [http-nio-8080-exec-1] DEBUG [traceId=979f69b5bf1d4723b4ad2b0bd45fcffb userId=21 role=1] c.k.i.m.S.selectList - ==>  Preparing: SELECT id,phase_id,class_id,create_time FROM study_phase_class WHERE (phase_id = ?)
2026-07-20 22:12:10.396 [http-nio-8080-exec-1] DEBUG [traceId=979f69b5bf1d4723b4ad2b0bd45fcffb userId=21 role=1] c.k.i.m.S.selectList - ==> Parameters: 2(Long)
2026-07-20 22:12:10.397 [http-nio-8080-exec-1] DEBUG [traceId=979f69b5bf1d4723b4ad2b0bd45fcffb userId=21 role=1] c.k.i.m.S.selectList - <==      Total: 1
2026-07-20 22:12:10.397 [http-nio-8080-exec-1] DEBUG [traceId=979f69b5bf1d4723b4ad2b0bd45fcffb userId=21 role=1] c.k.i.m.ClassInfoMapper.selectById - ==>  Preparing: SELECT id,class_name,description,status,create_by,create_time,update_by,update_time FROM class_info WHERE id=?
2026-07-20 22:12:10.397 [http-nio-8080-exec-1] DEBUG [traceId=979f69b5bf1d4723b4ad2b0bd45fcffb userId=21 role=1] c.k.i.m.ClassInfoMapper.selectById - ==> Parameters: 8(Long)
2026-07-20 22:12:10.398 [http-nio-8080-exec-1] DEBUG [traceId=979f69b5bf1d4723b4ad2b0bd45fcffb userId=21 role=1] c.k.i.m.ClassInfoMapper.selectById - <==      Total: 1
2026-07-20 22:12:10.399 [http-nio-8080-exec-1] INFO  [traceId=979f69b5bf1d4723b4ad2b0bd45fcffb userId=21 role=1] com.kg.interceptor.TraceIdFilter - HTTP_REQUEST_END method=GET uri=/study-phase/calendar status=200 cost=17ms responseBody={"code":200,"message":"查询成功","data":[{"id":1,"phaseTitle":"测试阶段","phaseContent":"这是一条描述","startDate":"2026-07-01","endDate":"2026-07-03","displayColor":"#ee6262","status":1,"classIds":[8,9,10],"classNames":["1班","2班","线上学习1班"],"createTime":"2026-07-02 21:13:33"},{"id":2,"phaseTitle":"测试阶段2","phaseContent":"这是测试阶段2的描述","startDate":"2026-07-02","endDate":"2026-07-09","displayColor":"#6367d4","status":1,"classIds":[8],"classNames":["1班"],"createTime":"2026-07-02 21:23:49"}]}
2026-07-20 22:53:31.666 [SpringApplicationShutdownHook] INFO  [traceId= userId= role=] com.zaxxer.hikari.HikariDataSource - HikariPool-1 - Shutdown initiated...
2026-07-20 22:53:31.677 [SpringApplicationShutdownHook] INFO  [traceId= userId= role=] com.zaxxer.hikari.HikariDataSource - HikariPool-1 - Shutdown completed.
2026-07-20 22:53:38.074 [background-preinit] INFO  [traceId= userId= role=] o.h.validator.internal.util.Version - HV000001: Hibernate Validator 6.2.5.Final
2026-07-20 22:53:38.081 [main] INFO  [traceId= userId= role=] com.kg.KgApplication - Starting KgApplication using Java 1.8.0_271 on LAPTOP-O2F6G5FB with PID 13820 (F:\aiProject\smart-study-system\backend\target\classes started by 86198 in F:\aiProject\smart-study-system\backend)
2026-07-20 22:53:38.082 [main] INFO  [traceId= userId= role=] com.kg.KgApplication - The following 1 profile is active: "dev"
2026-07-20 22:53:40.010 [main] INFO  [traceId= userId= role=] o.s.b.w.e.tomcat.TomcatWebServer - Tomcat initialized with port(s): 8080 (http)
2026-07-20 22:53:40.018 [main] INFO  [traceId= userId= role=] o.a.coyote.http11.Http11NioProtocol - Initializing ProtocolHandler ["http-nio-8080"]
2026-07-20 22:53:40.021 [main] INFO  [traceId= userId= role=] o.a.catalina.core.StandardService - Starting service [Tomcat]
2026-07-20 22:53:40.021 [main] INFO  [traceId= userId= role=] o.a.catalina.core.StandardEngine - Starting Servlet engine: [Apache Tomcat/9.0.83]
2026-07-20 22:53:40.227 [main] INFO  [traceId= userId= role=] o.a.c.c.C.[Tomcat].[localhost].[/] - Initializing Spring embedded WebApplicationContext
2026-07-20 22:53:40.227 [main] INFO  [traceId= userId= role=] o.s.b.w.s.c.ServletWebServerApplicationContext - Root WebApplicationContext: initialization completed in 2089 ms
2026-07-20 22:53:43.307 [main] INFO  [traceId= userId= role=] o.a.coyote.http11.Http11NioProtocol - Starting ProtocolHandler ["http-nio-8080"]
2026-07-20 22:53:43.346 [main] INFO  [traceId= userId= role=] o.s.b.w.e.tomcat.TomcatWebServer - Tomcat started on port(s): 8080 (http) with context path ''
2026-07-20 22:53:43.367 [main] INFO  [traceId= userId= role=] com.kg.KgApplication - Started KgApplication in 5.936 seconds (JVM running for 6.565)
2026-07-20 22:53:43.444 [main] INFO  [traceId= userId= role=] com.zaxxer.hikari.HikariDataSource - HikariPool-1 - Starting...
2026-07-20 22:53:44.465 [main] INFO  [traceId= userId= role=] com.zaxxer.hikari.HikariDataSource - HikariPool-1 - Start completed.
2026-07-20 22:53:44.471 [main] DEBUG [traceId= userId= role=] c.k.i.m.SysUserMapper.selectList - ==>  Preparing: SELECT id,account,name,password,role,gender,email,phone,openid,description,teacher_remark,password_update_time,class_id,status,create_by,create_time,update_by,update_time FROM sys_user WHERE (account = ?)
2026-07-20 22:53:44.490 [main] DEBUG [traceId= userId= role=] c.k.i.m.SysUserMapper.selectList - ==> Parameters: root(String)
2026-07-20 22:53:44.530 [main] DEBUG [traceId= userId= role=] c.k.i.m.SysUserMapper.selectList - <==      Total: 1
2026-07-20 22:53:44.534 [main] INFO  [traceId= userId= role=] com.kg.config.DataInitializer - 默认管理员账号已存在，跳过初始化：account=root
2026-07-20 22:53:44.535 [main] INFO  [traceId= userId= role=] c.k.scheduler.DailyTaskStartupRunner - ====== 开始执行每日任务补偿检查 ======
2026-07-20 22:53:44.549 [main] DEBUG [traceId= userId= role=] c.k.i.mapper.TaskMapper.selectList - ==>  Preparing: SELECT id,task_name,task_type,template_id,round_no,is_mandatory,task_description,task_start_time,task_end_time,priority,class_id,target_type,target_ids,plan_id,plan_date,is_repeat_task,status,create_by,create_time,update_by,update_time FROM task WHERE ((status = ? OR status IS NULL)) ORDER BY id DESC LIMIT 0,500
2026-07-20 22:53:44.550 [main] DEBUG [traceId= userId= role=] c.k.i.mapper.TaskMapper.selectList - ==> Parameters: 1(Integer)
2026-07-20 22:53:44.680 [main] DEBUG [traceId= userId= role=] c.k.i.mapper.TaskMapper.selectList - <==      Total: 77
2026-07-20 22:53:44.682 [main] INFO  [traceId= userId= role=] c.k.a.service.BatchTaskService - 【启动补偿】每日打卡 (2026-07-20) 已存在，跳过
2026-07-20 22:53:44.683 [main] DEBUG [traceId= userId= role=] c.k.i.mapper.TaskMapper.selectList - ==>  Preparing: SELECT id,task_name,task_type,template_id,round_no,is_mandatory,task_description,task_start_time,task_end_time,priority,class_id,target_type,target_ids,plan_id,plan_date,is_repeat_task,status,create_by,create_time,update_by,update_time FROM task WHERE ((status = ? OR status IS NULL)) ORDER BY id DESC LIMIT 0,500
2026-07-20 22:53:44.684 [main] DEBUG [traceId= userId= role=] c.k.i.mapper.TaskMapper.selectList - ==> Parameters: 1(Integer)
2026-07-20 22:53:44.694 [main] DEBUG [traceId= userId= role=] c.k.i.mapper.TaskMapper.selectList - <==      Total: 77
2026-07-20 22:53:44.695 [main] INFO  [traceId= userId= role=] c.k.a.service.BatchTaskService - 【启动补偿】每日复盘 (2026-07-20) 已存在，跳过
2026-07-20 22:53:44.696 [main] INFO  [traceId= userId= role=] c.k.scheduler.DailyTaskStartupRunner - ====== 每日任务补偿检查完成 ======
2026-07-20 23:26:35.971 [http-nio-8080-exec-5] INFO  [traceId= userId= role=] o.a.c.c.C.[Tomcat].[localhost].[/] - Initializing Spring DispatcherServlet 'dispatcherServlet'
2026-07-20 23:26:35.971 [http-nio-8080-exec-5] INFO  [traceId= userId= role=] o.s.web.servlet.DispatcherServlet - Initializing Servlet 'dispatcherServlet'
2026-07-20 23:26:35.973 [http-nio-8080-exec-5] INFO  [traceId= userId= role=] o.s.web.servlet.DispatcherServlet - Completed initialization in 2 ms
2026-07-20 23:26:35.982 [http-nio-8080-exec-3] INFO  [traceId=ad089baf5b2c41cca1be2eb9ba1677bc userId= role=] com.kg.interceptor.TraceIdFilter - HTTP_REQUEST_START method=POST uri=/student/page query=null requestBody={"pageNum":1,"pageSize":10} ip=0:0:0:0:0:0:0:1 userAgent=Mozilla/5.0 (Windows NT 10.0; Win64; x64) AppleWebKit/537.36 (KHTML, like Gecko) Chrome/123.0.0.0 Safari/537.36
2026-07-20 23:26:35.982 [http-nio-8080-exec-1] INFO  [traceId=572e68604ce84ceeaaf7d2904253e426 userId= role=] com.kg.interceptor.TraceIdFilter - HTTP_REQUEST_START method=GET uri=/notification/unread-count query=null requestBody= ip=0:0:0:0:0:0:0:1 userAgent=Mozilla/5.0 (Windows NT 10.0; Win64; x64) AppleWebKit/537.36 (KHTML, like Gecko) Chrome/123.0.0.0 Safari/537.36
2026-07-20 23:26:35.982 [http-nio-8080-exec-4] INFO  [traceId=8b754075c0824edf805153163b40823e userId= role=] com.kg.interceptor.TraceIdFilter - HTTP_REQUEST_START method=GET uri=/class/options query=null requestBody= ip=0:0:0:0:0:0:0:1 userAgent=Mozilla/5.0 (Windows NT 10.0; Win64; x64) AppleWebKit/537.36 (KHTML, like Gecko) Chrome/123.0.0.0 Safari/537.36
2026-07-20 23:26:35.982 [http-nio-8080-exec-5] INFO  [traceId=5389dcb23907462bb2554b8d158e7434 userId= role=] com.kg.interceptor.TraceIdFilter - HTTP_REQUEST_START method=GET uri=/dict/ROLE query=null requestBody= ip=0:0:0:0:0:0:0:1 userAgent=Mozilla/5.0 (Windows NT 10.0; Win64; x64) AppleWebKit/537.36 (KHTML, like Gecko) Chrome/123.0.0.0 Safari/537.36
2026-07-20 23:26:35.982 [http-nio-8080-exec-2] INFO  [traceId=83402d21fae0423dae601b38924b0f17 userId= role=] com.kg.interceptor.TraceIdFilter - HTTP_REQUEST_START method=GET uri=/dict/group/task_type query=null requestBody= ip=0:0:0:0:0:0:0:1 userAgent=Mozilla/5.0 (Windows NT 10.0; Win64; x64) AppleWebKit/537.36 (KHTML, like Gecko) Chrome/123.0.0.0 Safari/537.36
2026-07-20 23:26:36.089 [http-nio-8080-exec-3] DEBUG [traceId=ad089baf5b2c41cca1be2eb9ba1677bc userId= role=] c.k.i.m.SysUserMapper.selectById - ==>  Preparing: SELECT id,account,name,password,role,gender,email,phone,openid,description,teacher_remark,password_update_time,class_id,status,create_by,create_time,update_by,update_time FROM sys_user WHERE id=?
2026-07-20 23:26:36.089 [http-nio-8080-exec-4] DEBUG [traceId=8b754075c0824edf805153163b40823e userId= role=] c.k.i.m.SysUserMapper.selectById - ==>  Preparing: SELECT id,account,name,password,role,gender,email,phone,openid,description,teacher_remark,password_update_time,class_id,status,create_by,create_time,update_by,update_time FROM sys_user WHERE id=?
2026-07-20 23:26:36.089 [http-nio-8080-exec-2] DEBUG [traceId=83402d21fae0423dae601b38924b0f17 userId= role=] c.k.i.m.SysUserMapper.selectById - ==>  Preparing: SELECT id,account,name,password,role,gender,email,phone,openid,description,teacher_remark,password_update_time,class_id,status,create_by,create_time,update_by,update_time FROM sys_user WHERE id=?
2026-07-20 23:26:36.089 [http-nio-8080-exec-5] DEBUG [traceId=5389dcb23907462bb2554b8d158e7434 userId= role=] c.k.i.m.SysUserMapper.selectById - ==>  Preparing: SELECT id,account,name,password,role,gender,email,phone,openid,description,teacher_remark,password_update_time,class_id,status,create_by,create_time,update_by,update_time FROM sys_user WHERE id=?
2026-07-20 23:26:36.089 [http-nio-8080-exec-1] DEBUG [traceId=572e68604ce84ceeaaf7d2904253e426 userId= role=] c.k.i.m.SysUserMapper.selectById - ==>  Preparing: SELECT id,account,name,password,role,gender,email,phone,openid,description,teacher_remark,password_update_time,class_id,status,create_by,create_time,update_by,update_time FROM sys_user WHERE id=?
2026-07-20 23:26:36.090 [http-nio-8080-exec-4] DEBUG [traceId=8b754075c0824edf805153163b40823e userId= role=] c.k.i.m.SysUserMapper.selectById - ==> Parameters: 21(Long)
2026-07-20 23:26:36.090 [http-nio-8080-exec-3] DEBUG [traceId=ad089baf5b2c41cca1be2eb9ba1677bc userId= role=] c.k.i.m.SysUserMapper.selectById - ==> Parameters: 21(Long)
2026-07-20 23:26:36.090 [http-nio-8080-exec-5] DEBUG [traceId=5389dcb23907462bb2554b8d158e7434 userId= role=] c.k.i.m.SysUserMapper.selectById - ==> Parameters: 21(Long)
2026-07-20 23:26:36.090 [http-nio-8080-exec-2] DEBUG [traceId=83402d21fae0423dae601b38924b0f17 userId= role=] c.k.i.m.SysUserMapper.selectById - ==> Parameters: 21(Long)
2026-07-20 23:26:36.090 [http-nio-8080-exec-1] DEBUG [traceId=572e68604ce84ceeaaf7d2904253e426 userId= role=] c.k.i.m.SysUserMapper.selectById - ==> Parameters: 21(Long)
2026-07-20 23:26:36.092 [http-nio-8080-exec-1] DEBUG [traceId=572e68604ce84ceeaaf7d2904253e426 userId= role=] c.k.i.m.SysUserMapper.selectById - <==      Total: 1
2026-07-20 23:26:36.092 [http-nio-8080-exec-2] DEBUG [traceId=83402d21fae0423dae601b38924b0f17 userId= role=] c.k.i.m.SysUserMapper.selectById - <==      Total: 1
2026-07-20 23:26:36.092 [http-nio-8080-exec-5] DEBUG [traceId=5389dcb23907462bb2554b8d158e7434 userId= role=] c.k.i.m.SysUserMapper.selectById - <==      Total: 1
2026-07-20 23:26:36.097 [http-nio-8080-exec-3] DEBUG [traceId=ad089baf5b2c41cca1be2eb9ba1677bc userId= role=] c.k.i.m.SysUserMapper.selectById - <==      Total: 1
2026-07-20 23:26:36.098 [http-nio-8080-exec-4] DEBUG [traceId=8b754075c0824edf805153163b40823e userId= role=] c.k.i.m.SysUserMapper.selectById - <==      Total: 1
2026-07-20 23:26:36.121 [http-nio-8080-exec-1] DEBUG [traceId=572e68604ce84ceeaaf7d2904253e426 userId=21 role=1] c.k.i.m.N.selectCount - ==>  Preparing: SELECT COUNT( * ) AS total FROM notification_message WHERE (user_id = ? AND is_read = ? AND status = ? AND notify_time <= ?)
2026-07-20 23:26:36.122 [http-nio-8080-exec-1] DEBUG [traceId=572e68604ce84ceeaaf7d2904253e426 userId=21 role=1] c.k.i.m.N.selectCount - ==> Parameters: 21(Long), 0(Integer), 0(String), 2026-07-20T23:26:36.119(LocalDateTime)
2026-07-20 23:26:36.128 [http-nio-8080-exec-4] DEBUG [traceId=8b754075c0824edf805153163b40823e userId=21 role=1] c.k.i.m.ClassInfoMapper.selectList - ==>  Preparing: SELECT id,class_name,description,status,create_by,create_time,update_by,update_time FROM class_info WHERE (status = ?) ORDER BY class_name ASC
2026-07-20 23:26:36.129 [http-nio-8080-exec-4] DEBUG [traceId=8b754075c0824edf805153163b40823e userId=21 role=1] c.k.i.m.ClassInfoMapper.selectList - ==> Parameters: 1(Integer)
2026-07-20 23:26:36.129 [http-nio-8080-exec-5] DEBUG [traceId=5389dcb23907462bb2554b8d158e7434 userId=21 role=1] c.k.i.mapper.DictMapper.selectList - ==>  Preparing: SELECT id,dict_code,dict_name,dict_label,dict_value,display_color,sort_no,status,create_by,create_time,update_by,update_time FROM sys_dict WHERE (dict_code = ? AND status = ?) ORDER BY sort_no ASC
2026-07-20 23:26:36.129 [http-nio-8080-exec-5] DEBUG [traceId=5389dcb23907462bb2554b8d158e7434 userId=21 role=1] c.k.i.mapper.DictMapper.selectList - ==> Parameters: ROLE(String), 1(Integer)
2026-07-20 23:26:36.135 [http-nio-8080-exec-5] DEBUG [traceId=5389dcb23907462bb2554b8d158e7434 userId=21 role=1] c.k.i.mapper.DictMapper.selectList - <==      Total: 3
2026-07-20 23:26:36.135 [http-nio-8080-exec-4] DEBUG [traceId=8b754075c0824edf805153163b40823e userId=21 role=1] c.k.i.m.ClassInfoMapper.selectList - <==      Total: 3
2026-07-20 23:26:36.138 [http-nio-8080-exec-2] DEBUG [traceId=83402d21fae0423dae601b38924b0f17 userId=21 role=1] c.k.i.mapper.DictMapper.selectList - ==>  Preparing: SELECT id,dict_code,dict_name,dict_label,dict_value,display_color,sort_no,status,create_by,create_time,update_by,update_time FROM sys_dict WHERE (dict_code = ?) ORDER BY sort_no ASC
2026-07-20 23:26:36.139 [http-nio-8080-exec-2] DEBUG [traceId=83402d21fae0423dae601b38924b0f17 userId=21 role=1] c.k.i.mapper.DictMapper.selectList - ==> Parameters: task_type(String)
2026-07-20 23:26:36.140 [http-nio-8080-exec-1] DEBUG [traceId=572e68604ce84ceeaaf7d2904253e426 userId=21 role=1] c.k.i.m.N.selectCount - <==      Total: 1
2026-07-20 23:26:36.141 [http-nio-8080-exec-2] DEBUG [traceId=83402d21fae0423dae601b38924b0f17 userId=21 role=1] c.k.i.mapper.DictMapper.selectList - <==      Total: 4
2026-07-20 23:26:36.168 [http-nio-8080-exec-1] INFO  [traceId=572e68604ce84ceeaaf7d2904253e426 userId=21 role=1] com.kg.interceptor.TraceIdFilter - HTTP_REQUEST_END method=GET uri=/notification/unread-count status=200 cost=191ms responseBody={"code":200,"message":"查询成功","data":0}
2026-07-20 23:26:36.182 [http-nio-8080-exec-5] INFO  [traceId=5389dcb23907462bb2554b8d158e7434 userId=21 role=1] com.kg.interceptor.TraceIdFilter - HTTP_REQUEST_END method=GET uri=/dict/ROLE status=200 cost=205ms responseBody={"code":200,"message":"查询成功","data":[{"value":"1","label":"老师"},{"value":"2","label":"班长"},{"value":"3","label":"学生"}]}
2026-07-20 23:26:36.182 [http-nio-8080-exec-4] INFO  [traceId=8b754075c0824edf805153163b40823e userId=21 role=1] com.kg.interceptor.TraceIdFilter - HTTP_REQUEST_END method=GET uri=/class/options status=200 cost=205ms responseBody={"code":200,"message":"查询成功","data":[{"id":8,"className":"1班"},{"id":9,"className":"2班"},{"id":10,"className":"线上学习1班"}]}
2026-07-20 23:26:36.183 [http-nio-8080-exec-2] INFO  [traceId=83402d21fae0423dae601b38924b0f17 userId=21 role=1] com.kg.interceptor.TraceIdFilter - HTTP_REQUEST_END method=GET uri=/dict/group/task_type status=200 cost=206ms responseBody={"code":200,"message":"查询成功","data":{"dictCode":"task_type","dictName":"任务类型","items":[{"dictValue":"0","dictLabel":"刷题","sortNo":0,"status":1,"displayColor":"#ff6f00"},{"dictValue":"1","dictLabel":"学习","sortNo":1,"status":1,"displayColor":"#f7ff00"},{"dictValue":"2","dictLabel":"打卡","sortNo":2,"status":1,"displayColor":"#66ff00"},{"dictValue":"3","dictLabel":"每日复盘","sortNo":3,"status":1,"displayColor":"#00bfff"}]}}
2026-07-20 23:26:36.276 [http-nio-8080-exec-3] DEBUG [traceId=ad089baf5b2c41cca1be2eb9ba1677bc userId=21 role=1] c.k.i.m.SysUserMapper.selectCount - ==>  Preparing: SELECT COUNT( * ) AS total FROM sys_user WHERE (role IN (?,?,?))
2026-07-20 23:26:36.277 [http-nio-8080-exec-3] DEBUG [traceId=ad089baf5b2c41cca1be2eb9ba1677bc userId=21 role=1] c.k.i.m.SysUserMapper.selectCount - ==> Parameters: 1(String), 2(String), 3(String)
2026-07-20 23:26:36.282 [http-nio-8080-exec-3] DEBUG [traceId=ad089baf5b2c41cca1be2eb9ba1677bc userId=21 role=1] c.k.i.m.SysUserMapper.selectCount - <==      Total: 1
2026-07-20 23:26:36.284 [http-nio-8080-exec-3] DEBUG [traceId=ad089baf5b2c41cca1be2eb9ba1677bc userId=21 role=1] c.k.i.m.SysUserMapper.selectList - ==>  Preparing: SELECT id,account,name,password,role,gender,email,phone,openid,description,teacher_remark,password_update_time,class_id,status,create_by,create_time,update_by,update_time FROM sys_user WHERE (role IN (?,?,?)) ORDER BY id DESC LIMIT 0,10
2026-07-20 23:26:36.285 [http-nio-8080-exec-3] DEBUG [traceId=ad089baf5b2c41cca1be2eb9ba1677bc userId=21 role=1] c.k.i.m.SysUserMapper.selectList - ==> Parameters: 1(String), 2(String), 3(String)
2026-07-20 23:26:36.289 [http-nio-8080-exec-3] DEBUG [traceId=ad089baf5b2c41cca1be2eb9ba1677bc userId=21 role=1] c.k.i.m.SysUserMapper.selectList - <==      Total: 10
2026-07-20 23:26:36.292 [http-nio-8080-exec-3] INFO  [traceId=ad089baf5b2c41cca1be2eb9ba1677bc userId=21 role=1] com.kg.interceptor.TraceIdFilter - HTTP_REQUEST_END method=POST uri=/student/page status=200 cost=315ms responseBody={"code":200,"message":"查询成功","data":{"total":13,"list":[{"id":33,"name":"五四","role":"3","phone":"18135257653","classId":10,"gender":1,"email":"","status":1,"teacherRemark":"此人资料分析很强","createTime":"2026-07-02 17:26:00"},{"id":32,"name":"11","role":"3","phone":"123","classId":8,"gender":1,"email":"","status":1,"teacherRemark":null,"createTime":"2026-06-12 23:07:07"},{"id":31,"name":"11","role":"3","phone":"111122223333","classId":8,"gender":1,"email":"","status":1,"teacherRemark":null,"createTime":"2026-06-12 23:00:58"},{"id":30,"name":"测试新增用户任务","role":"3","phone":"13233571111","classId":8,"gender":1,"email":"","status":1,"teacherRemark":null,"createTime":"2026-06-12 22:58:24"},{"id":29,"name":"杨少伟","role":"2","phone":"18295917653","classId":8,"gender":1,"email":"2739244843@qq.com","status":1,"teacherRemark":"资料不行","createTime":"2026-06-08 10:51:02"},{"id":28,"name":"赵八","role":"2","phone":"17200615566","classId":8,"gender":1,"email":"","status":1,"teacherRemark":null,"createTime":"2026-06-01 00:25:25"},{"id":27,"name":"赵七","role":"2","phone":"17200615565","classId":null,"gender":1,"email":null,"status":1,"teacherRemark":null,"createTime":"2026-06-01 00:22:14"},{"id":26,"name":"赵六","role":"2","phone":"17200615564","classId":9,"gender":1,"email":null,"status":1,"teacherRemark":null,"createTime":"2026-06-01 00:14:23"},{"id":25,"name":"王五","role":"3","phone":"17200615560","classId":8,"gender":1,"email":"","status":1,"teacherRemark":"这是老师的备注","createTime":"2026-06-01 00:13:01"},{"id":24,"name":"李四","role":"3","phone":"17200615561","classId":9,"gender":2,"email":"","status":1,"teacherRemark":null,"createTime":"2026-06-01 00:12:50"}]}}
2026-07-20 23:26:38.746 [http-nio-8080-exec-2] INFO  [traceId= userId= role=] o.s.api.AbstractOpenApiResource - Init duration for springdoc-openapi is: 880 ms
