2026-07-22 21:05:31.642 [background-preinit] INFO  [traceId= userId= role=] o.h.validator.internal.util.Version - HV000001: Hibernate Validator 6.2.5.Final
2026-07-22 21:05:31.656 [main] INFO  [traceId= userId= role=] com.kg.KgApplication - Starting KgApplication using Java 1.8.0_271 on LAPTOP-O2F6G5FB with PID 13336 (F:\aiProject\smart-study-system\backend\target\classes started by 86198 in F:\aiProject\smart-study-system\backend)
2026-07-22 21:05:31.668 [main] INFO  [traceId= userId= role=] com.kg.KgApplication - The following 1 profile is active: "dev"
2026-07-22 21:05:36.019 [main] INFO  [traceId= userId= role=] o.s.b.w.e.tomcat.TomcatWebServer - Tomcat initialized with port(s): 8080 (http)
2026-07-22 21:05:36.040 [main] INFO  [traceId= userId= role=] o.a.coyote.http11.Http11NioProtocol - Initializing ProtocolHandler ["http-nio-8080"]
2026-07-22 21:05:36.046 [main] INFO  [traceId= userId= role=] o.a.catalina.core.StandardService - Starting service [Tomcat]
2026-07-22 21:05:36.047 [main] INFO  [traceId= userId= role=] o.a.catalina.core.StandardEngine - Starting Servlet engine: [Apache Tomcat/9.0.83]
2026-07-22 21:05:36.625 [main] INFO  [traceId= userId= role=] o.a.c.c.C.[Tomcat].[localhost].[/] - Initializing Spring embedded WebApplicationContext
2026-07-22 21:05:36.625 [main] INFO  [traceId= userId= role=] o.s.b.w.s.c.ServletWebServerApplicationContext - Root WebApplicationContext: initialization completed in 4824 ms
2026-07-22 21:05:43.725 [main] INFO  [traceId= userId= role=] o.a.coyote.http11.Http11NioProtocol - Starting ProtocolHandler ["http-nio-8080"]
2026-07-22 21:05:43.878 [main] INFO  [traceId= userId= role=] o.s.b.w.e.tomcat.TomcatWebServer - Tomcat started on port(s): 8080 (http) with context path ''
2026-07-22 21:05:43.908 [main] INFO  [traceId= userId= role=] com.kg.KgApplication - Started KgApplication in 13.598 seconds (JVM running for 15.498)
2026-07-22 21:05:44.060 [main] INFO  [traceId= userId= role=] com.zaxxer.hikari.HikariDataSource - HikariPool-1 - Starting...
2026-07-22 21:05:45.884 [main] INFO  [traceId= userId= role=] com.zaxxer.hikari.HikariDataSource - HikariPool-1 - Start completed.
2026-07-22 21:05:45.900 [main] DEBUG [traceId= userId= role=] c.k.i.m.SysUserMapper.selectList - ==>  Preparing: SELECT id,account,name,password,role,gender,email,phone,openid,description,teacher_remark,password_update_time,class_id,status,create_by,create_time,update_by,update_time FROM sys_user WHERE (account = ?)
2026-07-22 21:05:45.951 [main] DEBUG [traceId= userId= role=] c.k.i.m.SysUserMapper.selectList - ==> Parameters: root(String)
2026-07-22 21:05:46.028 [main] DEBUG [traceId= userId= role=] c.k.i.m.SysUserMapper.selectList - <==      Total: 1
2026-07-22 21:05:46.039 [main] INFO  [traceId= userId= role=] com.kg.config.DataInitializer - 默认管理员账号已存在，跳过初始化：account=root
2026-07-22 21:05:46.040 [main] INFO  [traceId= userId= role=] c.k.scheduler.DailyTaskStartupRunner - ====== 开始执行每日任务补偿检查 ======
2026-07-22 21:05:46.086 [main] DEBUG [traceId= userId= role=] c.k.i.mapper.TaskMapper.selectList - ==>  Preparing: SELECT id,task_name,task_type,template_id,round_no,is_mandatory,task_description,task_start_time,task_end_time,priority,class_id,target_type,target_ids,plan_id,plan_date,is_repeat_task,status,create_by,create_time,update_by,update_time FROM task WHERE ((status = ? OR status IS NULL)) ORDER BY id DESC LIMIT 0,500
2026-07-22 21:05:46.089 [main] DEBUG [traceId= userId= role=] c.k.i.mapper.TaskMapper.selectList - ==> Parameters: 1(Integer)
2026-07-22 21:05:46.342 [main] DEBUG [traceId= userId= role=] c.k.i.mapper.TaskMapper.selectList - <==      Total: 77
2026-07-22 21:05:46.348 [main] INFO  [traceId= userId= role=] c.k.a.service.BatchTaskService - 【启动补偿】每日打卡 (2026-07-22) 不存在，开始补生成
2026-07-22 21:05:46.351 [main] DEBUG [traceId= userId= role=] c.k.i.mapper.TaskMapper.selectList - ==>  Preparing: SELECT id,task_name,task_type,template_id,round_no,is_mandatory,task_description,task_start_time,task_end_time,priority,class_id,target_type,target_ids,plan_id,plan_date,is_repeat_task,status,create_by,create_time,update_by,update_time FROM task WHERE ((status = ? OR status IS NULL)) ORDER BY id DESC LIMIT 0,500
2026-07-22 21:05:46.353 [main] DEBUG [traceId= userId= role=] c.k.i.mapper.TaskMapper.selectList - ==> Parameters: 1(Integer)
2026-07-22 21:05:46.366 [main] DEBUG [traceId= userId= role=] c.k.i.mapper.TaskMapper.selectList - <==      Total: 77
2026-07-22 21:05:46.380 [main] DEBUG [traceId= userId= role=] c.k.i.m.ClassInfoMapper.selectList - ==>  Preparing: SELECT id,class_name,description,status,create_by,create_time,update_by,update_time FROM class_info WHERE (status = ?) ORDER BY class_name ASC
2026-07-22 21:05:46.381 [main] DEBUG [traceId= userId= role=] c.k.i.m.ClassInfoMapper.selectList - ==> Parameters: 1(Integer)
2026-07-22 21:05:46.388 [main] DEBUG [traceId= userId= role=] c.k.i.m.ClassInfoMapper.selectList - <==      Total: 3
2026-07-22 21:05:46.407 [main] DEBUG [traceId= userId= role=] c.k.i.mapper.TaskMapper.insert - ==>  Preparing: INSERT INTO task ( task_name, task_type, is_mandatory, task_description, task_start_time, task_end_time, target_type, target_ids, create_by, create_time ) VALUES ( ?, ?, ?, ?, ?, ?, ?, ?, ?, ? )
2026-07-22 21:05:46.410 [main] DEBUG [traceId= userId= role=] c.k.i.mapper.TaskMapper.insert - ==> Parameters: 每日打卡(String), 2(String), 1(Integer), 2026-07-22(String), 2026-07-22T06:00(LocalDateTime), 2026-07-22T23:59(LocalDateTime), 1(Integer), 8,9,10(String), 0(Long), 2026-07-22T21:05:46.396(LocalDateTime)
2026-07-22 21:05:46.427 [main] DEBUG [traceId= userId= role=] c.k.i.mapper.TaskMapper.insert - <==    Updates: 1
2026-07-22 21:05:46.445 [main] DEBUG [traceId= userId= role=] c.k.i.m.SysUserMapper.selectList - ==>  Preparing: SELECT id,account,name,password,role,gender,email,phone,openid,description,teacher_remark,password_update_time,class_id,status,create_by,create_time,update_by,update_time FROM sys_user WHERE (role IN (?,?) AND status = ?)
2026-07-22 21:05:46.446 [main] DEBUG [traceId= userId= role=] c.k.i.m.SysUserMapper.selectList - ==> Parameters: 2(String), 3(String), 1(Integer)
2026-07-22 21:05:46.450 [main] DEBUG [traceId= userId= role=] c.k.i.m.SysUserMapper.selectList - <==      Total: 11
2026-07-22 21:05:46.479 [main] DEBUG [traceId= userId= role=] c.k.i.mapper.TaskUserMapper.insert - ==>  Preparing: INSERT INTO task_user ( task_id, user_id, status ) VALUES ( ?, ?, ? )
2026-07-22 21:05:46.479 [main] DEBUG [traceId= userId= role=] c.k.i.mapper.TaskUserMapper.insert - ==> Parameters: 110(Long), 23(Long), 0(String)
2026-07-22 21:05:46.489 [main] DEBUG [traceId= userId= role=] c.k.i.mapper.TaskUserMapper.insert - <==    Updates: 1
2026-07-22 21:05:46.492 [main] DEBUG [traceId= userId= role=] c.k.i.mapper.TaskUserMapper.insert - ==>  Preparing: INSERT INTO task_user ( task_id, user_id, status ) VALUES ( ?, ?, ? )
2026-07-22 21:05:46.492 [main] DEBUG [traceId= userId= role=] c.k.i.mapper.TaskUserMapper.insert - ==> Parameters: 110(Long), 24(Long), 0(String)
2026-07-22 21:05:46.496 [main] DEBUG [traceId= userId= role=] c.k.i.mapper.TaskUserMapper.insert - <==    Updates: 1
2026-07-22 21:05:46.498 [main] DEBUG [traceId= userId= role=] c.k.i.mapper.TaskUserMapper.insert - ==>  Preparing: INSERT INTO task_user ( task_id, user_id, status ) VALUES ( ?, ?, ? )
2026-07-22 21:05:46.500 [main] DEBUG [traceId= userId= role=] c.k.i.mapper.TaskUserMapper.insert - ==> Parameters: 110(Long), 25(Long), 0(String)
2026-07-22 21:05:46.504 [main] DEBUG [traceId= userId= role=] c.k.i.mapper.TaskUserMapper.insert - <==    Updates: 1
2026-07-22 21:05:46.506 [main] DEBUG [traceId= userId= role=] c.k.i.mapper.TaskUserMapper.insert - ==>  Preparing: INSERT INTO task_user ( task_id, user_id, status ) VALUES ( ?, ?, ? )
2026-07-22 21:05:46.507 [main] DEBUG [traceId= userId= role=] c.k.i.mapper.TaskUserMapper.insert - ==> Parameters: 110(Long), 26(Long), 0(String)
2026-07-22 21:05:46.510 [main] DEBUG [traceId= userId= role=] c.k.i.mapper.TaskUserMapper.insert - <==    Updates: 1
2026-07-22 21:05:46.512 [main] DEBUG [traceId= userId= role=] c.k.i.mapper.TaskUserMapper.insert - ==>  Preparing: INSERT INTO task_user ( task_id, user_id, status ) VALUES ( ?, ?, ? )
2026-07-22 21:05:46.513 [main] DEBUG [traceId= userId= role=] c.k.i.mapper.TaskUserMapper.insert - ==> Parameters: 110(Long), 27(Long), 0(String)
2026-07-22 21:05:46.516 [main] DEBUG [traceId= userId= role=] c.k.i.mapper.TaskUserMapper.insert - <==    Updates: 1
2026-07-22 21:05:46.520 [main] DEBUG [traceId= userId= role=] c.k.i.mapper.TaskUserMapper.insert - ==>  Preparing: INSERT INTO task_user ( task_id, user_id, status ) VALUES ( ?, ?, ? )
2026-07-22 21:05:46.520 [main] DEBUG [traceId= userId= role=] c.k.i.mapper.TaskUserMapper.insert - ==> Parameters: 110(Long), 28(Long), 0(String)
2026-07-22 21:05:46.525 [main] DEBUG [traceId= userId= role=] c.k.i.mapper.TaskUserMapper.insert - <==    Updates: 1
2026-07-22 21:05:46.527 [main] DEBUG [traceId= userId= role=] c.k.i.mapper.TaskUserMapper.insert - ==>  Preparing: INSERT INTO task_user ( task_id, user_id, status ) VALUES ( ?, ?, ? )
2026-07-22 21:05:46.529 [main] DEBUG [traceId= userId= role=] c.k.i.mapper.TaskUserMapper.insert - ==> Parameters: 110(Long), 29(Long), 0(String)
2026-07-22 21:05:46.532 [main] DEBUG [traceId= userId= role=] c.k.i.mapper.TaskUserMapper.insert - <==    Updates: 1
2026-07-22 21:05:46.536 [main] DEBUG [traceId= userId= role=] c.k.i.mapper.TaskUserMapper.insert - ==>  Preparing: INSERT INTO task_user ( task_id, user_id, status ) VALUES ( ?, ?, ? )
2026-07-22 21:05:46.538 [main] DEBUG [traceId= userId= role=] c.k.i.mapper.TaskUserMapper.insert - ==> Parameters: 110(Long), 30(Long), 0(String)
2026-07-22 21:05:46.542 [main] DEBUG [traceId= userId= role=] c.k.i.mapper.TaskUserMapper.insert - <==    Updates: 1
2026-07-22 21:05:46.545 [main] DEBUG [traceId= userId= role=] c.k.i.mapper.TaskUserMapper.insert - ==>  Preparing: INSERT INTO task_user ( task_id, user_id, status ) VALUES ( ?, ?, ? )
2026-07-22 21:05:46.546 [main] DEBUG [traceId= userId= role=] c.k.i.mapper.TaskUserMapper.insert - ==> Parameters: 110(Long), 31(Long), 0(String)
2026-07-22 21:05:46.549 [main] DEBUG [traceId= userId= role=] c.k.i.mapper.TaskUserMapper.insert - <==    Updates: 1
2026-07-22 21:05:46.554 [main] DEBUG [traceId= userId= role=] c.k.i.mapper.TaskUserMapper.insert - ==>  Preparing: INSERT INTO task_user ( task_id, user_id, status ) VALUES ( ?, ?, ? )
2026-07-22 21:05:46.556 [main] DEBUG [traceId= userId= role=] c.k.i.mapper.TaskUserMapper.insert - ==> Parameters: 110(Long), 32(Long), 0(String)
2026-07-22 21:05:46.563 [main] DEBUG [traceId= userId= role=] c.k.i.mapper.TaskUserMapper.insert - <==    Updates: 1
2026-07-22 21:05:46.566 [main] DEBUG [traceId= userId= role=] c.k.i.mapper.TaskUserMapper.insert - ==>  Preparing: INSERT INTO task_user ( task_id, user_id, status ) VALUES ( ?, ?, ? )
2026-07-22 21:05:46.567 [main] DEBUG [traceId= userId= role=] c.k.i.mapper.TaskUserMapper.insert - ==> Parameters: 110(Long), 33(Long), 0(String)
2026-07-22 21:05:46.571 [main] DEBUG [traceId= userId= role=] c.k.i.mapper.TaskUserMapper.insert - <==    Updates: 1
2026-07-22 21:05:46.573 [main] INFO  [traceId= userId= role=] c.k.a.service.BatchTaskService - 每日打卡创建成功: taskId=110, date=2026-07-22, targetType=1, 分配11人
2026-07-22 21:05:46.575 [main] DEBUG [traceId= userId= role=] c.k.i.mapper.TaskMapper.selectList - ==>  Preparing: SELECT id,task_name,task_type,template_id,round_no,is_mandatory,task_description,task_start_time,task_end_time,priority,class_id,target_type,target_ids,plan_id,plan_date,is_repeat_task,status,create_by,create_time,update_by,update_time FROM task WHERE ((status = ? OR status IS NULL)) ORDER BY id DESC LIMIT 0,500
2026-07-22 21:05:46.576 [main] DEBUG [traceId= userId= role=] c.k.i.mapper.TaskMapper.selectList - ==> Parameters: 1(Integer)
2026-07-22 21:05:46.590 [main] DEBUG [traceId= userId= role=] c.k.i.mapper.TaskMapper.selectList - <==      Total: 78
2026-07-22 21:05:46.590 [main] INFO  [traceId= userId= role=] c.k.a.service.BatchTaskService - 【启动补偿】每日复盘 (2026-07-22) 不存在，开始补生成
2026-07-22 21:05:46.593 [main] DEBUG [traceId= userId= role=] c.k.i.mapper.TaskMapper.selectList - ==>  Preparing: SELECT id,task_name,task_type,template_id,round_no,is_mandatory,task_description,task_start_time,task_end_time,priority,class_id,target_type,target_ids,plan_id,plan_date,is_repeat_task,status,create_by,create_time,update_by,update_time FROM task WHERE ((status = ? OR status IS NULL)) ORDER BY id DESC LIMIT 0,500
2026-07-22 21:05:46.596 [main] DEBUG [traceId= userId= role=] c.k.i.mapper.TaskMapper.selectList - ==> Parameters: 1(Integer)
2026-07-22 21:05:46.617 [main] DEBUG [traceId= userId= role=] c.k.i.mapper.TaskMapper.selectList - <==      Total: 78
2026-07-22 21:05:46.628 [main] DEBUG [traceId= userId= role=] c.k.i.m.ClassInfoMapper.selectList - ==>  Preparing: SELECT id,class_name,description,status,create_by,create_time,update_by,update_time FROM class_info WHERE (status = ?) ORDER BY class_name ASC
2026-07-22 21:05:46.629 [main] DEBUG [traceId= userId= role=] c.k.i.m.ClassInfoMapper.selectList - ==> Parameters: 1(Integer)
2026-07-22 21:05:46.631 [main] DEBUG [traceId= userId= role=] c.k.i.m.ClassInfoMapper.selectList - <==      Total: 3
2026-07-22 21:05:46.635 [main] DEBUG [traceId= userId= role=] c.k.i.mapper.TaskMapper.insert - ==>  Preparing: INSERT INTO task ( task_name, task_type, is_mandatory, task_description, task_start_time, task_end_time, target_type, target_ids, create_by, create_time ) VALUES ( ?, ?, ?, ?, ?, ?, ?, ?, ?, ? )
2026-07-22 21:05:46.636 [main] DEBUG [traceId= userId= role=] c.k.i.mapper.TaskMapper.insert - ==> Parameters: 每日复盘(String), 3(String), 1(Integer), 2026-07-22(String), 2026-07-22T08:00(LocalDateTime), 2026-07-22T23:59(LocalDateTime), 1(Integer), 8,9,10(String), 0(Long), 2026-07-22T21:05:46.634(LocalDateTime)
2026-07-22 21:05:46.639 [main] DEBUG [traceId= userId= role=] c.k.i.mapper.TaskMapper.insert - <==    Updates: 1
2026-07-22 21:05:46.642 [main] DEBUG [traceId= userId= role=] c.k.i.m.SysUserMapper.selectList - ==>  Preparing: SELECT id,account,name,password,role,gender,email,phone,openid,description,teacher_remark,password_update_time,class_id,status,create_by,create_time,update_by,update_time FROM sys_user WHERE (role IN (?,?) AND status = ?)
2026-07-22 21:05:46.643 [main] DEBUG [traceId= userId= role=] c.k.i.m.SysUserMapper.selectList - ==> Parameters: 2(String), 3(String), 1(Integer)
2026-07-22 21:05:46.650 [main] DEBUG [traceId= userId= role=] c.k.i.m.SysUserMapper.selectList - <==      Total: 11
2026-07-22 21:05:46.652 [main] DEBUG [traceId= userId= role=] c.k.i.mapper.TaskUserMapper.insert - ==>  Preparing: INSERT INTO task_user ( task_id, user_id, status ) VALUES ( ?, ?, ? )
2026-07-22 21:05:46.652 [main] DEBUG [traceId= userId= role=] c.k.i.mapper.TaskUserMapper.insert - ==> Parameters: 111(Long), 23(Long), 0(String)
2026-07-22 21:05:46.656 [main] DEBUG [traceId= userId= role=] c.k.i.mapper.TaskUserMapper.insert - <==    Updates: 1
2026-07-22 21:05:46.657 [main] DEBUG [traceId= userId= role=] c.k.i.mapper.TaskUserMapper.insert - ==>  Preparing: INSERT INTO task_user ( task_id, user_id, status ) VALUES ( ?, ?, ? )
2026-07-22 21:05:46.658 [main] DEBUG [traceId= userId= role=] c.k.i.mapper.TaskUserMapper.insert - ==> Parameters: 111(Long), 24(Long), 0(String)
2026-07-22 21:05:46.662 [main] DEBUG [traceId= userId= role=] c.k.i.mapper.TaskUserMapper.insert - <==    Updates: 1
2026-07-22 21:05:46.667 [main] DEBUG [traceId= userId= role=] c.k.i.mapper.TaskUserMapper.insert - ==>  Preparing: INSERT INTO task_user ( task_id, user_id, status ) VALUES ( ?, ?, ? )
2026-07-22 21:05:46.668 [main] DEBUG [traceId= userId= role=] c.k.i.mapper.TaskUserMapper.insert - ==> Parameters: 111(Long), 25(Long), 0(String)
2026-07-22 21:05:46.672 [main] DEBUG [traceId= userId= role=] c.k.i.mapper.TaskUserMapper.insert - <==    Updates: 1
2026-07-22 21:05:46.675 [main] DEBUG [traceId= userId= role=] c.k.i.mapper.TaskUserMapper.insert - ==>  Preparing: INSERT INTO task_user ( task_id, user_id, status ) VALUES ( ?, ?, ? )
2026-07-22 21:05:46.677 [main] DEBUG [traceId= userId= role=] c.k.i.mapper.TaskUserMapper.insert - ==> Parameters: 111(Long), 26(Long), 0(String)
2026-07-22 21:05:46.680 [main] DEBUG [traceId= userId= role=] c.k.i.mapper.TaskUserMapper.insert - <==    Updates: 1
2026-07-22 21:05:46.684 [main] DEBUG [traceId= userId= role=] c.k.i.mapper.TaskUserMapper.insert - ==>  Preparing: INSERT INTO task_user ( task_id, user_id, status ) VALUES ( ?, ?, ? )
2026-07-22 21:05:46.685 [main] DEBUG [traceId= userId= role=] c.k.i.mapper.TaskUserMapper.insert - ==> Parameters: 111(Long), 27(Long), 0(String)
2026-07-22 21:05:46.690 [main] DEBUG [traceId= userId= role=] c.k.i.mapper.TaskUserMapper.insert - <==    Updates: 1
2026-07-22 21:05:46.695 [main] DEBUG [traceId= userId= role=] c.k.i.mapper.TaskUserMapper.insert - ==>  Preparing: INSERT INTO task_user ( task_id, user_id, status ) VALUES ( ?, ?, ? )
2026-07-22 21:05:46.696 [main] DEBUG [traceId= userId= role=] c.k.i.mapper.TaskUserMapper.insert - ==> Parameters: 111(Long), 28(Long), 0(String)
2026-07-22 21:05:46.701 [main] DEBUG [traceId= userId= role=] c.k.i.mapper.TaskUserMapper.insert - <==    Updates: 1
2026-07-22 21:05:46.702 [main] DEBUG [traceId= userId= role=] c.k.i.mapper.TaskUserMapper.insert - ==>  Preparing: INSERT INTO task_user ( task_id, user_id, status ) VALUES ( ?, ?, ? )
2026-07-22 21:05:46.704 [main] DEBUG [traceId= userId= role=] c.k.i.mapper.TaskUserMapper.insert - ==> Parameters: 111(Long), 29(Long), 0(String)
2026-07-22 21:05:46.706 [main] DEBUG [traceId= userId= role=] c.k.i.mapper.TaskUserMapper.insert - <==    Updates: 1
2026-07-22 21:05:46.708 [main] DEBUG [traceId= userId= role=] c.k.i.mapper.TaskUserMapper.insert - ==>  Preparing: INSERT INTO task_user ( task_id, user_id, status ) VALUES ( ?, ?, ? )
2026-07-22 21:05:46.709 [main] DEBUG [traceId= userId= role=] c.k.i.mapper.TaskUserMapper.insert - ==> Parameters: 111(Long), 30(Long), 0(String)
2026-07-22 21:05:46.713 [main] DEBUG [traceId= userId= role=] c.k.i.mapper.TaskUserMapper.insert - <==    Updates: 1
2026-07-22 21:05:46.714 [main] DEBUG [traceId= userId= role=] c.k.i.mapper.TaskUserMapper.insert - ==>  Preparing: INSERT INTO task_user ( task_id, user_id, status ) VALUES ( ?, ?, ? )
2026-07-22 21:05:46.716 [main] DEBUG [traceId= userId= role=] c.k.i.mapper.TaskUserMapper.insert - ==> Parameters: 111(Long), 31(Long), 0(String)
2026-07-22 21:05:46.720 [main] DEBUG [traceId= userId= role=] c.k.i.mapper.TaskUserMapper.insert - <==    Updates: 1
2026-07-22 21:05:46.721 [main] DEBUG [traceId= userId= role=] c.k.i.mapper.TaskUserMapper.insert - ==>  Preparing: INSERT INTO task_user ( task_id, user_id, status ) VALUES ( ?, ?, ? )
2026-07-22 21:05:46.721 [main] DEBUG [traceId= userId= role=] c.k.i.mapper.TaskUserMapper.insert - ==> Parameters: 111(Long), 32(Long), 0(String)
2026-07-22 21:05:46.725 [main] DEBUG [traceId= userId= role=] c.k.i.mapper.TaskUserMapper.insert - <==    Updates: 1
2026-07-22 21:05:46.725 [main] DEBUG [traceId= userId= role=] c.k.i.mapper.TaskUserMapper.insert - ==>  Preparing: INSERT INTO task_user ( task_id, user_id, status ) VALUES ( ?, ?, ? )
2026-07-22 21:05:46.726 [main] DEBUG [traceId= userId= role=] c.k.i.mapper.TaskUserMapper.insert - ==> Parameters: 111(Long), 33(Long), 0(String)
2026-07-22 21:05:46.729 [main] DEBUG [traceId= userId= role=] c.k.i.mapper.TaskUserMapper.insert - <==    Updates: 1
2026-07-22 21:05:46.729 [main] INFO  [traceId= userId= role=] c.k.a.service.BatchTaskService - 每日复盘创建成功: taskId=111, date=2026-07-22, targetType=1, 分配11人
2026-07-22 21:05:46.729 [main] INFO  [traceId= userId= role=] c.k.scheduler.DailyTaskStartupRunner - ====== 每日任务补偿检查完成 ======
2026-07-22 21:36:13.527 [http-nio-8080-exec-1] INFO  [traceId= userId= role=] o.a.c.c.C.[Tomcat].[localhost].[/] - Initializing Spring DispatcherServlet 'dispatcherServlet'
2026-07-22 21:36:13.529 [http-nio-8080-exec-1] INFO  [traceId= userId= role=] o.s.web.servlet.DispatcherServlet - Initializing Servlet 'dispatcherServlet'
2026-07-22 21:36:13.546 [http-nio-8080-exec-1] INFO  [traceId= userId= role=] o.s.web.servlet.DispatcherServlet - Completed initialization in 16 ms
2026-07-22 21:36:13.563 [http-nio-8080-exec-1] INFO  [traceId=31eb5ecb443c408c94d06c73f69d7c33 userId= role=] com.kg.interceptor.TraceIdFilter - HTTP_REQUEST_START method=POST uri=/api/miniapp/login query=null requestBody={"loginCode":"0e3fIyGa1zSb8M0xGfJa1zViro1fIyGK"} ip=127.0.0.1 userAgent=Mozilla/5.0 (iPhone; CPU iPhone OS 15_0 like Mac OS X) AppleWebKit/605.1.15 (KHTML, like Gecko) Version/15.0 Mobile/15E148 Safari/604.1 wechatdevtools/2.01.2510290 MicroMessenger/8.0.5 Language/zh_CN webview/ hash/597225176 sid/jAVCl7QYrr token/18d2ec642afeb4a15087f88c3b2f3db2
2026-07-22 21:36:13.593 [http-nio-8080-exec-1] WARN  [traceId=31eb5ecb443c408c94d06c73f69d7c33 userId= role=] o.s.web.servlet.PageNotFound - No mapping for POST /api/miniapp/login
2026-07-22 21:36:13.618 [http-nio-8080-exec-1] WARN  [traceId=31eb5ecb443c408c94d06c73f69d7c33 userId= role=] c.k.exception.GlobalExceptionHandler - 接口不存在: POST /api/miniapp/login
2026-07-22 21:36:13.668 [http-nio-8080-exec-1] INFO  [traceId=31eb5ecb443c408c94d06c73f69d7c33 userId= role=] com.kg.interceptor.TraceIdFilter - HTTP_REQUEST_END method=POST uri=/api/miniapp/login status=404 cost=114ms responseBody={"code":404,"message":"接口不存在"}
2026-07-22 21:36:13.817 [http-nio-8080-exec-2] INFO  [traceId=99fe4978fe2940bf8d8c098d896e3890 userId= role=] com.kg.interceptor.TraceIdFilter - HTTP_REQUEST_START method=POST uri=/api/miniapp/login query=null requestBody={"loginCode":"0d3ImY000t8eNW1BDi000U9oHZ3ImY0R"} ip=127.0.0.1 userAgent=Mozilla/5.0 (iPhone; CPU iPhone OS 15_0 like Mac OS X) AppleWebKit/605.1.15 (KHTML, like Gecko) Version/15.0 Mobile/15E148 Safari/604.1 wechatdevtools/2.01.2510290 MicroMessenger/8.0.5 Language/zh_CN webview/ hash/597225176 sid/jAVCl7QYrr token/18d2ec642afeb4a15087f88c3b2f3db2
2026-07-22 21:36:13.819 [http-nio-8080-exec-2] WARN  [traceId=99fe4978fe2940bf8d8c098d896e3890 userId= role=] o.s.web.servlet.PageNotFound - No mapping for POST /api/miniapp/login
2026-07-22 21:36:13.820 [http-nio-8080-exec-2] WARN  [traceId=99fe4978fe2940bf8d8c098d896e3890 userId= role=] c.k.exception.GlobalExceptionHandler - 接口不存在: POST /api/miniapp/login
2026-07-22 21:36:13.822 [http-nio-8080-exec-2] INFO  [traceId=99fe4978fe2940bf8d8c098d896e3890 userId= role=] com.kg.interceptor.TraceIdFilter - HTTP_REQUEST_END method=POST uri=/api/miniapp/login status=404 cost=5ms responseBody={"code":404,"message":"接口不存在"}
2026-07-22 21:36:54.072 [http-nio-8080-exec-3] INFO  [traceId=8a3c0d0326d54013a5cf66a08a553cd8 userId= role=] com.kg.interceptor.TraceIdFilter - HTTP_REQUEST_START method=POST uri=/api/miniapp/login query=null requestBody={"loginCode":"0f3I950w3LeIr738zI1w3K74mu4I950Y"} ip=127.0.0.1 userAgent=Mozilla/5.0 (iPhone; CPU iPhone OS 15_0 like Mac OS X) AppleWebKit/605.1.15 (KHTML, like Gecko) Version/15.0 Mobile/15E148 Safari/604.1 wechatdevtools/2.01.2510290 MicroMessenger/8.0.5 Language/zh_CN webview/ hash/597225176 sid/jAVCl7QYrr token/18d2ec642afeb4a15087f88c3b2f3db2
2026-07-22 21:36:54.073 [http-nio-8080-exec-3] WARN  [traceId=8a3c0d0326d54013a5cf66a08a553cd8 userId= role=] o.s.web.servlet.PageNotFound - No mapping for POST /api/miniapp/login
2026-07-22 21:36:54.074 [http-nio-8080-exec-3] WARN  [traceId=8a3c0d0326d54013a5cf66a08a553cd8 userId= role=] c.k.exception.GlobalExceptionHandler - 接口不存在: POST /api/miniapp/login
2026-07-22 21:36:54.075 [http-nio-8080-exec-3] INFO  [traceId=8a3c0d0326d54013a5cf66a08a553cd8 userId= role=] com.kg.interceptor.TraceIdFilter - HTTP_REQUEST_END method=POST uri=/api/miniapp/login status=404 cost=3ms responseBody={"code":404,"message":"接口不存在"}
2026-07-22 21:36:54.480 [http-nio-8080-exec-9] INFO  [traceId=0890d88e149a4da8bf88ea1dc696e74b userId= role=] com.kg.interceptor.TraceIdFilter - HTTP_REQUEST_START method=POST uri=/api/miniapp/login query=null requestBody={"loginCode":"0a3dRLkl2gx17i4gRool235IZs1dRLkb"} ip=127.0.0.1 userAgent=Mozilla/5.0 (iPhone; CPU iPhone OS 15_0 like Mac OS X) AppleWebKit/605.1.15 (KHTML, like Gecko) Version/15.0 Mobile/15E148 Safari/604.1 wechatdevtools/2.01.2510290 MicroMessenger/8.0.5 Language/zh_CN webview/ hash/597225176 sid/jAVCl7QYrr token/18d2ec642afeb4a15087f88c3b2f3db2
2026-07-22 21:36:54.481 [http-nio-8080-exec-9] WARN  [traceId=0890d88e149a4da8bf88ea1dc696e74b userId= role=] o.s.web.servlet.PageNotFound - No mapping for POST /api/miniapp/login
2026-07-22 21:36:54.481 [http-nio-8080-exec-9] WARN  [traceId=0890d88e149a4da8bf88ea1dc696e74b userId= role=] c.k.exception.GlobalExceptionHandler - 接口不存在: POST /api/miniapp/login
2026-07-22 21:36:54.482 [http-nio-8080-exec-9] INFO  [traceId=0890d88e149a4da8bf88ea1dc696e74b userId= role=] com.kg.interceptor.TraceIdFilter - HTTP_REQUEST_END method=POST uri=/api/miniapp/login status=404 cost=2ms responseBody={"code":404,"message":"接口不存在"}
2026-07-22 21:37:07.587 [http-nio-8080-exec-10] INFO  [traceId=5d7401ecf35d45ff863bf15b0983d664 userId= role=] com.kg.interceptor.TraceIdFilter - HTTP_REQUEST_START method=POST uri=/api/miniapp/login query=null requestBody={"loginCode":"0f3BF0Ga1VKD7M0ZfIIa1xuSYb1BF0Gt"} ip=127.0.0.1 userAgent=Mozilla/5.0 (iPhone; CPU iPhone OS 15_0 like Mac OS X) AppleWebKit/605.1.15 (KHTML, like Gecko) Version/15.0 Mobile/15E148 Safari/604.1 wechatdevtools/2.01.2510290 MicroMessenger/8.0.5 Language/zh_CN webview/ hash/597225176 sid/jAVCl7QYrr token/18d2ec642afeb4a15087f88c3b2f3db2
2026-07-22 21:37:07.588 [http-nio-8080-exec-10] WARN  [traceId=5d7401ecf35d45ff863bf15b0983d664 userId= role=] o.s.web.servlet.PageNotFound - No mapping for POST /api/miniapp/login
2026-07-22 21:37:07.589 [http-nio-8080-exec-10] WARN  [traceId=5d7401ecf35d45ff863bf15b0983d664 userId= role=] c.k.exception.GlobalExceptionHandler - 接口不存在: POST /api/miniapp/login
2026-07-22 21:37:07.590 [http-nio-8080-exec-10] INFO  [traceId=5d7401ecf35d45ff863bf15b0983d664 userId= role=] com.kg.interceptor.TraceIdFilter - HTTP_REQUEST_END method=POST uri=/api/miniapp/login status=404 cost=3ms responseBody={"code":404,"message":"接口不存在"}
2026-07-22 21:37:18.034 [http-nio-8080-exec-4] INFO  [traceId=759b8d2df7944f25b4fbdfdf1b0f0091 userId= role=] com.kg.interceptor.TraceIdFilter - HTTP_REQUEST_START method=POST uri=//miniapp/login query=null requestBody={"loginCode":"0d3hhD0w3ymgs73T7d1w3dQiJ40hhD0-"} ip=127.0.0.1 userAgent=Mozilla/5.0 (iPhone; CPU iPhone OS 15_0 like Mac OS X) AppleWebKit/605.1.15 (KHTML, like Gecko) Version/15.0 Mobile/15E148 Safari/604.1 wechatdevtools/2.01.2510290 MicroMessenger/8.0.5 Language/zh_CN webview/ hash/597225176 sid/jAVCl7QYrr token/18d2ec642afeb4a15087f88c3b2f3db2
2026-07-22 21:37:18.035 [http-nio-8080-exec-4] WARN  [traceId=759b8d2df7944f25b4fbdfdf1b0f0091 userId= role=] o.s.web.servlet.PageNotFound - No mapping for POST //miniapp/login
2026-07-22 21:37:18.036 [http-nio-8080-exec-4] WARN  [traceId=759b8d2df7944f25b4fbdfdf1b0f0091 userId= role=] c.k.exception.GlobalExceptionHandler - 接口不存在: POST //miniapp/login
2026-07-22 21:37:18.037 [http-nio-8080-exec-4] INFO  [traceId=759b8d2df7944f25b4fbdfdf1b0f0091 userId= role=] com.kg.interceptor.TraceIdFilter - HTTP_REQUEST_END method=POST uri=//miniapp/login status=404 cost=3ms responseBody={"code":404,"message":"接口不存在"}
2026-07-22 21:37:18.437 [http-nio-8080-exec-7] INFO  [traceId=3df653a66f3d4b49a1ab66600d722a4e userId= role=] com.kg.interceptor.TraceIdFilter - HTTP_REQUEST_START method=POST uri=//miniapp/login query=null requestBody={"loginCode":"0d3pS6Ha1yXJ8M02DkIa1HWJ7x0pS6H3"} ip=127.0.0.1 userAgent=Mozilla/5.0 (iPhone; CPU iPhone OS 15_0 like Mac OS X) AppleWebKit/605.1.15 (KHTML, like Gecko) Version/15.0 Mobile/15E148 Safari/604.1 wechatdevtools/2.01.2510290 MicroMessenger/8.0.5 Language/zh_CN webview/ hash/597225176 sid/jAVCl7QYrr token/18d2ec642afeb4a15087f88c3b2f3db2
2026-07-22 21:37:18.437 [http-nio-8080-exec-7] WARN  [traceId=3df653a66f3d4b49a1ab66600d722a4e userId= role=] o.s.web.servlet.PageNotFound - No mapping for POST //miniapp/login
2026-07-22 21:37:18.438 [http-nio-8080-exec-7] WARN  [traceId=3df653a66f3d4b49a1ab66600d722a4e userId= role=] c.k.exception.GlobalExceptionHandler - 接口不存在: POST //miniapp/login
2026-07-22 21:37:18.439 [http-nio-8080-exec-7] INFO  [traceId=3df653a66f3d4b49a1ab66600d722a4e userId= role=] com.kg.interceptor.TraceIdFilter - HTTP_REQUEST_END method=POST uri=//miniapp/login status=404 cost=2ms responseBody={"code":404,"message":"接口不存在"}
2026-07-22 21:37:31.529 [http-nio-8080-exec-10] INFO  [traceId= userId= role=] o.s.api.AbstractOpenApiResource - Init duration for springdoc-openapi is: 1172 ms
2026-07-22 21:38:18.956 [http-nio-8080-exec-4] INFO  [traceId=03e50713ef344e45bf359e09fa39f71f userId= role=] com.kg.interceptor.TraceIdFilter - HTTP_REQUEST_START method=POST uri=//miniapp/login query=null requestBody={"loginCode":"0b3RSa300RpqPW11a2400VhG5E3RSa3y"} ip=127.0.0.1 userAgent=Mozilla/5.0 (iPhone; CPU iPhone OS 15_0 like Mac OS X) AppleWebKit/605.1.15 (KHTML, like Gecko) Version/15.0 Mobile/15E148 Safari/604.1 wechatdevtools/2.01.2510290 MicroMessenger/8.0.5 Language/zh_CN webview/ hash/597225176 sid/jAVCl7QYrr token/18d2ec642afeb4a15087f88c3b2f3db2
2026-07-22 21:38:18.957 [http-nio-8080-exec-4] WARN  [traceId=03e50713ef344e45bf359e09fa39f71f userId= role=] o.s.web.servlet.PageNotFound - No mapping for POST //miniapp/login
2026-07-22 21:38:18.957 [http-nio-8080-exec-4] WARN  [traceId=03e50713ef344e45bf359e09fa39f71f userId= role=] c.k.exception.GlobalExceptionHandler - 接口不存在: POST //miniapp/login
2026-07-22 21:38:18.958 [http-nio-8080-exec-4] INFO  [traceId=03e50713ef344e45bf359e09fa39f71f userId= role=] com.kg.interceptor.TraceIdFilter - HTTP_REQUEST_END method=POST uri=//miniapp/login status=404 cost=2ms responseBody={"code":404,"message":"接口不存在"}
2026-07-22 21:38:27.230 [http-nio-8080-exec-7] INFO  [traceId=abe15d4e6fc34ea2ad39c93b799e47c1 userId= role=] com.kg.interceptor.TraceIdFilter - HTTP_REQUEST_START method=POST uri=/miniapp/login query=null requestBody={
  "loginCode": "string"
} ip=0:0:0:0:0:0:0:1 userAgent=Mozilla/5.0 (Windows NT 10.0; Win64; x64) AppleWebKit/537.36 (KHTML, like Gecko) Chrome/123.0.0.0 Safari/537.36
2026-07-22 21:38:27.616 [http-nio-8080-exec-7] ERROR [traceId=abe15d4e6fc34ea2ad39c93b799e47c1 userId= role=] c.k.a.service.WechatMiniappService - code2Session失败: {"errcode":40125,"errmsg":"invalid appsecret, rid: 6a60c7d2-67a71f31-2cd3098d"}
2026-07-22 21:38:27.622 [http-nio-8080-exec-7] ERROR [traceId=abe15d4e6fc34ea2ad39c93b799e47c1 userId= role=] c.k.exception.GlobalExceptionHandler - 系统内部错误
java.lang.RuntimeException: 微信登录失败: invalid appsecret, rid: 6a60c7d2-67a71f31-2cd3098d
	at com.kg.application.service.WechatMiniappService.code2Session(WechatMiniappService.java:45)
	at com.kg.application.service.MiniappLoginService.loginByOpenid(MiniappLoginService.java:38)
	at com.kg.interfaces.controller.MiniappLoginController.login(MiniappLoginController.java:27)
	at sun.reflect.NativeMethodAccessorImpl.invoke0(Native Method)
	at sun.reflect.NativeMethodAccessorImpl.invoke(NativeMethodAccessorImpl.java:62)
	at sun.reflect.DelegatingMethodAccessorImpl.invoke(DelegatingMethodAccessorImpl.java:43)
	at java.lang.reflect.Method.invoke(Method.java:498)
	at org.springframework.web.method.support.InvocableHandlerMethod.doInvoke(InvocableHandlerMethod.java:205)
	at org.springframework.web.method.support.InvocableHandlerMethod.invokeForRequest(InvocableHandlerMethod.java:150)
	at org.springframework.web.servlet.mvc.method.annotation.ServletInvocableHandlerMethod.invokeAndHandle(ServletInvocableHandlerMethod.java:117)
	at org.springframework.web.servlet.mvc.method.annotation.RequestMappingHandlerAdapter.invokeHandlerMethod(RequestMappingHandlerAdapter.java:895)
	at org.springframework.web.servlet.mvc.method.annotation.RequestMappingHandlerAdapter.handleInternal(RequestMappingHandlerAdapter.java:808)
	at org.springframework.web.servlet.mvc.method.AbstractHandlerMethodAdapter.handle(AbstractHandlerMethodAdapter.java:87)
	at org.springframework.web.servlet.DispatcherServlet.doDispatch(DispatcherServlet.java:1072)
	at org.springframework.web.servlet.DispatcherServlet.doService(DispatcherServlet.java:965)
	at org.springframework.web.servlet.FrameworkServlet.processRequest(FrameworkServlet.java:1006)
	at org.springframework.web.servlet.FrameworkServlet.doPost(FrameworkServlet.java:909)
	at javax.servlet.http.HttpServlet.service(HttpServlet.java:555)
	at org.springframework.web.servlet.FrameworkServlet.service(FrameworkServlet.java:883)
	at javax.servlet.http.HttpServlet.service(HttpServlet.java:623)
	at org.apache.catalina.core.ApplicationFilterChain.internalDoFilter(ApplicationFilterChain.java:209)
	at org.apache.catalina.core.ApplicationFilterChain.doFilter(ApplicationFilterChain.java:153)
	at org.apache.tomcat.websocket.server.WsFilter.doFilter(WsFilter.java:51)
	at org.apache.catalina.core.ApplicationFilterChain.internalDoFilter(ApplicationFilterChain.java:178)
	at org.apache.catalina.core.ApplicationFilterChain.doFilter(ApplicationFilterChain.java:153)
	at org.springframework.web.filter.RequestContextFilter.doFilterInternal(RequestContextFilter.java:100)
	at org.springframework.web.filter.OncePerRequestFilter.doFilter(OncePerRequestFilter.java:117)
	at org.apache.catalina.core.ApplicationFilterChain.internalDoFilter(ApplicationFilterChain.java:178)
	at org.apache.catalina.core.ApplicationFilterChain.doFilter(ApplicationFilterChain.java:153)
	at org.springframework.web.filter.FormContentFilter.doFilterInternal(FormContentFilter.java:93)
	at org.springframework.web.filter.OncePerRequestFilter.doFilter(OncePerRequestFilter.java:117)
	at org.apache.catalina.core.ApplicationFilterChain.internalDoFilter(ApplicationFilterChain.java:178)
	at org.apache.catalina.core.ApplicationFilterChain.doFilter(ApplicationFilterChain.java:153)
	at org.springframework.web.filter.CharacterEncodingFilter.doFilterInternal(CharacterEncodingFilter.java:201)
	at org.springframework.web.filter.OncePerRequestFilter.doFilter(OncePerRequestFilter.java:117)
	at org.apache.catalina.core.ApplicationFilterChain.internalDoFilter(ApplicationFilterChain.java:178)
	at org.apache.catalina.core.ApplicationFilterChain.doFilter(ApplicationFilterChain.java:153)
	at com.kg.interceptor.TraceIdFilter.doFilterInternal(TraceIdFilter.java:86)
	at org.springframework.web.filter.OncePerRequestFilter.doFilter(OncePerRequestFilter.java:117)
	at org.apache.catalina.core.ApplicationFilterChain.internalDoFilter(ApplicationFilterChain.java:178)
	at org.apache.catalina.core.ApplicationFilterChain.doFilter(ApplicationFilterChain.java:153)
	at org.apache.catalina.core.StandardWrapperValve.invoke(StandardWrapperValve.java:168)
	at org.apache.catalina.core.StandardContextValve.invoke(StandardContextValve.java:90)
	at org.apache.catalina.authenticator.AuthenticatorBase.invoke(AuthenticatorBase.java:481)
	at org.apache.catalina.core.StandardHostValve.invoke(StandardHostValve.java:130)
	at org.apache.catalina.valves.ErrorReportValve.invoke(ErrorReportValve.java:93)
	at org.apache.catalina.core.StandardEngineValve.invoke(StandardEngineValve.java:74)
	at org.apache.catalina.connector.CoyoteAdapter.service(CoyoteAdapter.java:342)
	at org.apache.coyote.http11.Http11Processor.service(Http11Processor.java:390)
	at org.apache.coyote.AbstractProcessorLight.process(AbstractProcessorLight.java:63)
	at org.apache.coyote.AbstractProtocol$ConnectionHandler.process(AbstractProtocol.java:928)
	at org.apache.tomcat.util.net.NioEndpoint$SocketProcessor.doRun(NioEndpoint.java:1794)
	at org.apache.tomcat.util.net.SocketProcessorBase.run(SocketProcessorBase.java:52)
	at org.apache.tomcat.util.threads.ThreadPoolExecutor.runWorker(ThreadPoolExecutor.java:1191)
	at org.apache.tomcat.util.threads.ThreadPoolExecutor$Worker.run(ThreadPoolExecutor.java:659)
	at org.apache.tomcat.util.threads.TaskThread$WrappingRunnable.run(TaskThread.java:61)
	at java.lang.Thread.run(Thread.java:748)
2026-07-22 21:38:27.625 [http-nio-8080-exec-7] INFO  [traceId=abe15d4e6fc34ea2ad39c93b799e47c1 userId= role=] com.kg.interceptor.TraceIdFilter - HTTP_REQUEST_END method=POST uri=/miniapp/login status=500 cost=395ms responseBody={"code":500,"message":"系统内部错误，请联系管理员","traceId":"abe15d4e6fc34ea2ad39c93b799e47c1"}
2026-07-22 21:39:11.534 [http-nio-8080-exec-1] INFO  [traceId=44be986c1baa4b708e1ff2e3b2458635 userId= role=] com.kg.interceptor.TraceIdFilter - HTTP_REQUEST_START method=POST uri=//miniapp/login query=null requestBody={"loginCode":"0d3vWPGa19Ms8M0oRuIa1jbNv42vWPGb"} ip=127.0.0.1 userAgent=Mozilla/5.0 (iPhone; CPU iPhone OS 15_0 like Mac OS X) AppleWebKit/605.1.15 (KHTML, like Gecko) Version/15.0 Mobile/15E148 Safari/604.1 wechatdevtools/2.01.2510290 MicroMessenger/8.0.5 Language/zh_CN webview/ hash/597225176 sid/jAVCl7QYrr token/18d2ec642afeb4a15087f88c3b2f3db2
2026-07-22 21:39:11.534 [http-nio-8080-exec-1] WARN  [traceId=44be986c1baa4b708e1ff2e3b2458635 userId= role=] o.s.web.servlet.PageNotFound - No mapping for POST //miniapp/login
2026-07-22 21:39:11.535 [http-nio-8080-exec-1] WARN  [traceId=44be986c1baa4b708e1ff2e3b2458635 userId= role=] c.k.exception.GlobalExceptionHandler - 接口不存在: POST //miniapp/login
2026-07-22 21:39:11.535 [http-nio-8080-exec-1] INFO  [traceId=44be986c1baa4b708e1ff2e3b2458635 userId= role=] com.kg.interceptor.TraceIdFilter - HTTP_REQUEST_END method=POST uri=//miniapp/login status=404 cost=1ms responseBody={"code":404,"message":"接口不存在"}
2026-07-22 21:39:23.003 [http-nio-8080-exec-3] INFO  [traceId=819fb120e7d14f69bfd472784ef1ec7b userId= role=] com.kg.interceptor.TraceIdFilter - HTTP_REQUEST_START method=POST uri=/miniapp/login query=null requestBody={"loginCode":"0b3E6kll2Y9z7i41hTll2u8rUo2E6kl9"} ip=0:0:0:0:0:0:0:1 userAgent=Mozilla/5.0 (iPhone; CPU iPhone OS 15_0 like Mac OS X) AppleWebKit/605.1.15 (KHTML, like Gecko) Version/15.0 Mobile/15E148 Safari/604.1 wechatdevtools/2.01.2510290 MicroMessenger/8.0.5 Language/zh_CN webview/ hash/597225176 sid/jAVCl7QYrr
2026-07-22 21:39:23.196 [http-nio-8080-exec-3] ERROR [traceId=819fb120e7d14f69bfd472784ef1ec7b userId= role=] c.k.a.service.WechatMiniappService - code2Session失败: {"errcode":40125,"errmsg":"invalid appsecret, rid: 6a60c80a-1933d65f-4f46f8eb"}
2026-07-22 21:39:23.197 [http-nio-8080-exec-3] ERROR [traceId=819fb120e7d14f69bfd472784ef1ec7b userId= role=] c.k.exception.GlobalExceptionHandler - 系统内部错误
java.lang.RuntimeException: 微信登录失败: invalid appsecret, rid: 6a60c80a-1933d65f-4f46f8eb
	at com.kg.application.service.WechatMiniappService.code2Session(WechatMiniappService.java:45)
	at com.kg.application.service.MiniappLoginService.loginByOpenid(MiniappLoginService.java:38)
	at com.kg.interfaces.controller.MiniappLoginController.login(MiniappLoginController.java:27)
	at sun.reflect.NativeMethodAccessorImpl.invoke0(Native Method)
	at sun.reflect.NativeMethodAccessorImpl.invoke(NativeMethodAccessorImpl.java:62)
	at sun.reflect.DelegatingMethodAccessorImpl.invoke(DelegatingMethodAccessorImpl.java:43)
	at java.lang.reflect.Method.invoke(Method.java:498)
	at org.springframework.web.method.support.InvocableHandlerMethod.doInvoke(InvocableHandlerMethod.java:205)
	at org.springframework.web.method.support.InvocableHandlerMethod.invokeForRequest(InvocableHandlerMethod.java:150)
	at org.springframework.web.servlet.mvc.method.annotation.ServletInvocableHandlerMethod.invokeAndHandle(ServletInvocableHandlerMethod.java:117)
	at org.springframework.web.servlet.mvc.method.annotation.RequestMappingHandlerAdapter.invokeHandlerMethod(RequestMappingHandlerAdapter.java:895)
	at org.springframework.web.servlet.mvc.method.annotation.RequestMappingHandlerAdapter.handleInternal(RequestMappingHandlerAdapter.java:808)
	at org.springframework.web.servlet.mvc.method.AbstractHandlerMethodAdapter.handle(AbstractHandlerMethodAdapter.java:87)
	at org.springframework.web.servlet.DispatcherServlet.doDispatch(DispatcherServlet.java:1072)
	at org.springframework.web.servlet.DispatcherServlet.doService(DispatcherServlet.java:965)
	at org.springframework.web.servlet.FrameworkServlet.processRequest(FrameworkServlet.java:1006)
	at org.springframework.web.servlet.FrameworkServlet.doPost(FrameworkServlet.java:909)
	at javax.servlet.http.HttpServlet.service(HttpServlet.java:555)
	at org.springframework.web.servlet.FrameworkServlet.service(FrameworkServlet.java:883)
	at javax.servlet.http.HttpServlet.service(HttpServlet.java:623)
	at org.apache.catalina.core.ApplicationFilterChain.internalDoFilter(ApplicationFilterChain.java:209)
	at org.apache.catalina.core.ApplicationFilterChain.doFilter(ApplicationFilterChain.java:153)
	at org.apache.tomcat.websocket.server.WsFilter.doFilter(WsFilter.java:51)
	at org.apache.catalina.core.ApplicationFilterChain.internalDoFilter(ApplicationFilterChain.java:178)
	at org.apache.catalina.core.ApplicationFilterChain.doFilter(ApplicationFilterChain.java:153)
	at org.springframework.web.filter.RequestContextFilter.doFilterInternal(RequestContextFilter.java:100)
	at org.springframework.web.filter.OncePerRequestFilter.doFilter(OncePerRequestFilter.java:117)
	at org.apache.catalina.core.ApplicationFilterChain.internalDoFilter(ApplicationFilterChain.java:178)
	at org.apache.catalina.core.ApplicationFilterChain.doFilter(ApplicationFilterChain.java:153)
	at org.springframework.web.filter.FormContentFilter.doFilterInternal(FormContentFilter.java:93)
	at org.springframework.web.filter.OncePerRequestFilter.doFilter(OncePerRequestFilter.java:117)
	at org.apache.catalina.core.ApplicationFilterChain.internalDoFilter(ApplicationFilterChain.java:178)
	at org.apache.catalina.core.ApplicationFilterChain.doFilter(ApplicationFilterChain.java:153)
	at org.springframework.web.filter.CharacterEncodingFilter.doFilterInternal(CharacterEncodingFilter.java:201)
	at org.springframework.web.filter.OncePerRequestFilter.doFilter(OncePerRequestFilter.java:117)
	at org.apache.catalina.core.ApplicationFilterChain.internalDoFilter(ApplicationFilterChain.java:178)
	at org.apache.catalina.core.ApplicationFilterChain.doFilter(ApplicationFilterChain.java:153)
	at com.kg.interceptor.TraceIdFilter.doFilterInternal(TraceIdFilter.java:86)
	at org.springframework.web.filter.OncePerRequestFilter.doFilter(OncePerRequestFilter.java:117)
	at org.apache.catalina.core.ApplicationFilterChain.internalDoFilter(ApplicationFilterChain.java:178)
	at org.apache.catalina.core.ApplicationFilterChain.doFilter(ApplicationFilterChain.java:153)
	at org.apache.catalina.core.StandardWrapperValve.invoke(StandardWrapperValve.java:168)
	at org.apache.catalina.core.StandardContextValve.invoke(StandardContextValve.java:90)
	at org.apache.catalina.authenticator.AuthenticatorBase.invoke(AuthenticatorBase.java:481)
	at org.apache.catalina.core.StandardHostValve.invoke(StandardHostValve.java:130)
	at org.apache.catalina.valves.ErrorReportValve.invoke(ErrorReportValve.java:93)
	at org.apache.catalina.core.StandardEngineValve.invoke(StandardEngineValve.java:74)
	at org.apache.catalina.connector.CoyoteAdapter.service(CoyoteAdapter.java:342)
	at org.apache.coyote.http11.Http11Processor.service(Http11Processor.java:390)
	at org.apache.coyote.AbstractProcessorLight.process(AbstractProcessorLight.java:63)
	at org.apache.coyote.AbstractProtocol$ConnectionHandler.process(AbstractProtocol.java:928)
	at org.apache.tomcat.util.net.NioEndpoint$SocketProcessor.doRun(NioEndpoint.java:1794)
	at org.apache.tomcat.util.net.SocketProcessorBase.run(SocketProcessorBase.java:52)
	at org.apache.tomcat.util.threads.ThreadPoolExecutor.runWorker(ThreadPoolExecutor.java:1191)
	at org.apache.tomcat.util.threads.ThreadPoolExecutor$Worker.run(ThreadPoolExecutor.java:659)
	at org.apache.tomcat.util.threads.TaskThread$WrappingRunnable.run(TaskThread.java:61)
	at java.lang.Thread.run(Thread.java:748)
2026-07-22 21:39:23.198 [http-nio-8080-exec-3] INFO  [traceId=819fb120e7d14f69bfd472784ef1ec7b userId= role=] com.kg.interceptor.TraceIdFilter - HTTP_REQUEST_END method=POST uri=/miniapp/login status=500 cost=195ms responseBody={"code":500,"message":"系统内部错误，请联系管理员","traceId":"819fb120e7d14f69bfd472784ef1ec7b"}
2026-07-22 21:39:23.256 [http-nio-8080-exec-9] INFO  [traceId=199511cbae5442528bc74b576943720f userId= role=] com.kg.interceptor.TraceIdFilter - HTTP_REQUEST_START method=POST uri=/miniapp/login query=null requestBody={"loginCode":"0a3evb1w3wXNs73lyC3w383cJ91evb1-"} ip=0:0:0:0:0:0:0:1 userAgent=Mozilla/5.0 (iPhone; CPU iPhone OS 15_0 like Mac OS X) AppleWebKit/605.1.15 (KHTML, like Gecko) Version/15.0 Mobile/15E148 Safari/604.1 wechatdevtools/2.01.2510290 MicroMessenger/8.0.5 Language/zh_CN webview/ hash/597225176 sid/jAVCl7QYrr
2026-07-22 21:39:23.359 [http-nio-8080-exec-9] ERROR [traceId=199511cbae5442528bc74b576943720f userId= role=] c.k.a.service.WechatMiniappService - code2Session失败: {"errcode":40125,"errmsg":"invalid appsecret, rid: 6a60c80a-32a6b996-34dc0296"}
2026-07-22 21:39:23.360 [http-nio-8080-exec-9] ERROR [traceId=199511cbae5442528bc74b576943720f userId= role=] c.k.exception.GlobalExceptionHandler - 系统内部错误
java.lang.RuntimeException: 微信登录失败: invalid appsecret, rid: 6a60c80a-32a6b996-34dc0296
	at com.kg.application.service.WechatMiniappService.code2Session(WechatMiniappService.java:45)
	at com.kg.application.service.MiniappLoginService.loginByOpenid(MiniappLoginService.java:38)
	at com.kg.interfaces.controller.MiniappLoginController.login(MiniappLoginController.java:27)
	at sun.reflect.NativeMethodAccessorImpl.invoke0(Native Method)
	at sun.reflect.NativeMethodAccessorImpl.invoke(NativeMethodAccessorImpl.java:62)
	at sun.reflect.DelegatingMethodAccessorImpl.invoke(DelegatingMethodAccessorImpl.java:43)
	at java.lang.reflect.Method.invoke(Method.java:498)
	at org.springframework.web.method.support.InvocableHandlerMethod.doInvoke(InvocableHandlerMethod.java:205)
	at org.springframework.web.method.support.InvocableHandlerMethod.invokeForRequest(InvocableHandlerMethod.java:150)
	at org.springframework.web.servlet.mvc.method.annotation.ServletInvocableHandlerMethod.invokeAndHandle(ServletInvocableHandlerMethod.java:117)
	at org.springframework.web.servlet.mvc.method.annotation.RequestMappingHandlerAdapter.invokeHandlerMethod(RequestMappingHandlerAdapter.java:895)
	at org.springframework.web.servlet.mvc.method.annotation.RequestMappingHandlerAdapter.handleInternal(RequestMappingHandlerAdapter.java:808)
	at org.springframework.web.servlet.mvc.method.AbstractHandlerMethodAdapter.handle(AbstractHandlerMethodAdapter.java:87)
	at org.springframework.web.servlet.DispatcherServlet.doDispatch(DispatcherServlet.java:1072)
	at org.springframework.web.servlet.DispatcherServlet.doService(DispatcherServlet.java:965)
	at org.springframework.web.servlet.FrameworkServlet.processRequest(FrameworkServlet.java:1006)
	at org.springframework.web.servlet.FrameworkServlet.doPost(FrameworkServlet.java:909)
	at javax.servlet.http.HttpServlet.service(HttpServlet.java:555)
	at org.springframework.web.servlet.FrameworkServlet.service(FrameworkServlet.java:883)
	at javax.servlet.http.HttpServlet.service(HttpServlet.java:623)
	at org.apache.catalina.core.ApplicationFilterChain.internalDoFilter(ApplicationFilterChain.java:209)
	at org.apache.catalina.core.ApplicationFilterChain.doFilter(ApplicationFilterChain.java:153)
	at org.apache.tomcat.websocket.server.WsFilter.doFilter(WsFilter.java:51)
	at org.apache.catalina.core.ApplicationFilterChain.internalDoFilter(ApplicationFilterChain.java:178)
	at org.apache.catalina.core.ApplicationFilterChain.doFilter(ApplicationFilterChain.java:153)
	at org.springframework.web.filter.RequestContextFilter.doFilterInternal(RequestContextFilter.java:100)
	at org.springframework.web.filter.OncePerRequestFilter.doFilter(OncePerRequestFilter.java:117)
	at org.apache.catalina.core.ApplicationFilterChain.internalDoFilter(ApplicationFilterChain.java:178)
	at org.apache.catalina.core.ApplicationFilterChain.doFilter(ApplicationFilterChain.java:153)
	at org.springframework.web.filter.FormContentFilter.doFilterInternal(FormContentFilter.java:93)
	at org.springframework.web.filter.OncePerRequestFilter.doFilter(OncePerRequestFilter.java:117)
	at org.apache.catalina.core.ApplicationFilterChain.internalDoFilter(ApplicationFilterChain.java:178)
	at org.apache.catalina.core.ApplicationFilterChain.doFilter(ApplicationFilterChain.java:153)
	at org.springframework.web.filter.CharacterEncodingFilter.doFilterInternal(CharacterEncodingFilter.java:201)
	at org.springframework.web.filter.OncePerRequestFilter.doFilter(OncePerRequestFilter.java:117)
	at org.apache.catalina.core.ApplicationFilterChain.internalDoFilter(ApplicationFilterChain.java:178)
	at org.apache.catalina.core.ApplicationFilterChain.doFilter(ApplicationFilterChain.java:153)
	at com.kg.interceptor.TraceIdFilter.doFilterInternal(TraceIdFilter.java:86)
	at org.springframework.web.filter.OncePerRequestFilter.doFilter(OncePerRequestFilter.java:117)
	at org.apache.catalina.core.ApplicationFilterChain.internalDoFilter(ApplicationFilterChain.java:178)
	at org.apache.catalina.core.ApplicationFilterChain.doFilter(ApplicationFilterChain.java:153)
	at org.apache.catalina.core.StandardWrapperValve.invoke(StandardWrapperValve.java:168)
	at org.apache.catalina.core.StandardContextValve.invoke(StandardContextValve.java:90)
	at org.apache.catalina.authenticator.AuthenticatorBase.invoke(AuthenticatorBase.java:481)
	at org.apache.catalina.core.StandardHostValve.invoke(StandardHostValve.java:130)
	at org.apache.catalina.valves.ErrorReportValve.invoke(ErrorReportValve.java:93)
	at org.apache.catalina.core.StandardEngineValve.invoke(StandardEngineValve.java:74)
	at org.apache.catalina.connector.CoyoteAdapter.service(CoyoteAdapter.java:342)
	at org.apache.coyote.http11.Http11Processor.service(Http11Processor.java:390)
	at org.apache.coyote.AbstractProcessorLight.process(AbstractProcessorLight.java:63)
	at org.apache.coyote.AbstractProtocol$ConnectionHandler.process(AbstractProtocol.java:928)
	at org.apache.tomcat.util.net.NioEndpoint$SocketProcessor.doRun(NioEndpoint.java:1794)
	at org.apache.tomcat.util.net.SocketProcessorBase.run(SocketProcessorBase.java:52)
	at org.apache.tomcat.util.threads.ThreadPoolExecutor.runWorker(ThreadPoolExecutor.java:1191)
	at org.apache.tomcat.util.threads.ThreadPoolExecutor$Worker.run(ThreadPoolExecutor.java:659)
	at org.apache.tomcat.util.threads.TaskThread$WrappingRunnable.run(TaskThread.java:61)
	at java.lang.Thread.run(Thread.java:748)
2026-07-22 21:39:23.361 [http-nio-8080-exec-9] INFO  [traceId=199511cbae5442528bc74b576943720f userId= role=] com.kg.interceptor.TraceIdFilter - HTTP_REQUEST_END method=POST uri=/miniapp/login status=500 cost=105ms responseBody={"code":500,"message":"系统内部错误，请联系管理员","traceId":"199511cbae5442528bc74b576943720f"}
2026-07-22 21:40:43.184 [SpringApplicationShutdownHook] INFO  [traceId= userId= role=] com.zaxxer.hikari.HikariDataSource - HikariPool-1 - Shutdown initiated...
2026-07-22 21:40:43.194 [SpringApplicationShutdownHook] INFO  [traceId= userId= role=] com.zaxxer.hikari.HikariDataSource - HikariPool-1 - Shutdown completed.
2026-07-22 21:40:46.933 [background-preinit] INFO  [traceId= userId= role=] o.h.validator.internal.util.Version - HV000001: Hibernate Validator 6.2.5.Final
2026-07-22 21:40:46.944 [main] INFO  [traceId= userId= role=] com.kg.KgApplication - Starting KgApplication using Java 1.8.0_271 on LAPTOP-O2F6G5FB with PID 39292 (F:\aiProject\smart-study-system\backend\target\classes started by 86198 in F:\aiProject\smart-study-system\backend)
2026-07-22 21:40:46.945 [main] INFO  [traceId= userId= role=] com.kg.KgApplication - The following 1 profile is active: "dev"
2026-07-22 21:40:49.114 [main] INFO  [traceId= userId= role=] o.s.b.w.e.tomcat.TomcatWebServer - Tomcat initialized with port(s): 8080 (http)
2026-07-22 21:40:49.123 [main] INFO  [traceId= userId= role=] o.a.coyote.http11.Http11NioProtocol - Initializing ProtocolHandler ["http-nio-8080"]
2026-07-22 21:40:49.126 [main] INFO  [traceId= userId= role=] o.a.catalina.core.StandardService - Starting service [Tomcat]
2026-07-22 21:40:49.127 [main] INFO  [traceId= userId= role=] o.a.catalina.core.StandardEngine - Starting Servlet engine: [Apache Tomcat/9.0.83]
2026-07-22 21:40:49.350 [main] INFO  [traceId= userId= role=] o.a.c.c.C.[Tomcat].[localhost].[/] - Initializing Spring embedded WebApplicationContext
2026-07-22 21:40:49.350 [main] INFO  [traceId= userId= role=] o.s.b.w.s.c.ServletWebServerApplicationContext - Root WebApplicationContext: initialization completed in 2338 ms
2026-07-22 21:40:53.055 [main] INFO  [traceId= userId= role=] o.a.coyote.http11.Http11NioProtocol - Starting ProtocolHandler ["http-nio-8080"]
2026-07-22 21:40:53.115 [main] INFO  [traceId= userId= role=] o.s.b.w.e.tomcat.TomcatWebServer - Tomcat started on port(s): 8080 (http) with context path ''
2026-07-22 21:40:53.139 [main] INFO  [traceId= userId= role=] com.kg.KgApplication - Started KgApplication in 6.883 seconds (JVM running for 7.509)
2026-07-22 21:40:53.233 [main] INFO  [traceId= userId= role=] com.zaxxer.hikari.HikariDataSource - HikariPool-1 - Starting...
2026-07-22 21:40:54.374 [main] INFO  [traceId= userId= role=] com.zaxxer.hikari.HikariDataSource - HikariPool-1 - Start completed.
2026-07-22 21:40:54.381 [main] DEBUG [traceId= userId= role=] c.k.i.m.SysUserMapper.selectList - ==>  Preparing: SELECT id,account,name,password,role,gender,email,phone,openid,description,teacher_remark,password_update_time,class_id,status,create_by,create_time,update_by,update_time FROM sys_user WHERE (account = ?)
2026-07-22 21:40:54.404 [main] DEBUG [traceId= userId= role=] c.k.i.m.SysUserMapper.selectList - ==> Parameters: root(String)
2026-07-22 21:40:54.431 [main] DEBUG [traceId= userId= role=] c.k.i.m.SysUserMapper.selectList - <==      Total: 1
2026-07-22 21:40:54.436 [main] INFO  [traceId= userId= role=] com.kg.config.DataInitializer - 默认管理员账号已存在，跳过初始化：account=root
2026-07-22 21:40:54.436 [main] INFO  [traceId= userId= role=] c.k.scheduler.DailyTaskStartupRunner - ====== 开始执行每日任务补偿检查 ======
2026-07-22 21:40:54.454 [main] DEBUG [traceId= userId= role=] c.k.i.mapper.TaskMapper.selectList - ==>  Preparing: SELECT id,task_name,task_type,template_id,round_no,is_mandatory,task_description,task_start_time,task_end_time,priority,class_id,target_type,target_ids,plan_id,plan_date,is_repeat_task,status,create_by,create_time,update_by,update_time FROM task WHERE ((status = ? OR status IS NULL)) ORDER BY id DESC LIMIT 0,500
2026-07-22 21:40:54.455 [main] DEBUG [traceId= userId= role=] c.k.i.mapper.TaskMapper.selectList - ==> Parameters: 1(Integer)
2026-07-22 21:40:54.603 [main] DEBUG [traceId= userId= role=] c.k.i.mapper.TaskMapper.selectList - <==      Total: 79
2026-07-22 21:40:54.605 [main] INFO  [traceId= userId= role=] c.k.a.service.BatchTaskService - 【启动补偿】每日打卡 (2026-07-22) 已存在，跳过
2026-07-22 21:40:54.606 [main] DEBUG [traceId= userId= role=] c.k.i.mapper.TaskMapper.selectList - ==>  Preparing: SELECT id,task_name,task_type,template_id,round_no,is_mandatory,task_description,task_start_time,task_end_time,priority,class_id,target_type,target_ids,plan_id,plan_date,is_repeat_task,status,create_by,create_time,update_by,update_time FROM task WHERE ((status = ? OR status IS NULL)) ORDER BY id DESC LIMIT 0,500
2026-07-22 21:40:54.607 [main] DEBUG [traceId= userId= role=] c.k.i.mapper.TaskMapper.selectList - ==> Parameters: 1(Integer)
2026-07-22 21:40:54.621 [main] DEBUG [traceId= userId= role=] c.k.i.mapper.TaskMapper.selectList - <==      Total: 79
2026-07-22 21:40:54.621 [main] INFO  [traceId= userId= role=] c.k.a.service.BatchTaskService - 【启动补偿】每日复盘 (2026-07-22) 已存在，跳过
2026-07-22 21:40:54.622 [main] INFO  [traceId= userId= role=] c.k.scheduler.DailyTaskStartupRunner - ====== 每日任务补偿检查完成 ======
2026-07-22 21:40:57.763 [SpringApplicationShutdownHook] INFO  [traceId= userId= role=] com.zaxxer.hikari.HikariDataSource - HikariPool-1 - Shutdown initiated...
2026-07-22 21:40:57.773 [SpringApplicationShutdownHook] INFO  [traceId= userId= role=] com.zaxxer.hikari.HikariDataSource - HikariPool-1 - Shutdown completed.
2026-07-22 21:40:59.752 [background-preinit] INFO  [traceId= userId= role=] o.h.validator.internal.util.Version - HV000001: Hibernate Validator 6.2.5.Final
2026-07-22 21:40:59.764 [main] INFO  [traceId= userId= role=] com.kg.KgApplication - Starting KgApplication using Java 1.8.0_271 on LAPTOP-O2F6G5FB with PID 25400 (F:\aiProject\smart-study-system\backend\target\classes started by 86198 in F:\aiProject\smart-study-system\backend)
2026-07-22 21:40:59.764 [main] INFO  [traceId= userId= role=] com.kg.KgApplication - The following 1 profile is active: "dev"
2026-07-22 21:41:02.001 [main] INFO  [traceId= userId= role=] o.s.b.w.e.tomcat.TomcatWebServer - Tomcat initialized with port(s): 8080 (http)
2026-07-22 21:41:02.009 [main] INFO  [traceId= userId= role=] o.a.coyote.http11.Http11NioProtocol - Initializing ProtocolHandler ["http-nio-8080"]
2026-07-22 21:41:02.011 [main] INFO  [traceId= userId= role=] o.a.catalina.core.StandardService - Starting service [Tomcat]
2026-07-22 21:41:02.012 [main] INFO  [traceId= userId= role=] o.a.catalina.core.StandardEngine - Starting Servlet engine: [Apache Tomcat/9.0.83]
2026-07-22 21:41:02.209 [main] INFO  [traceId= userId= role=] o.a.c.c.C.[Tomcat].[localhost].[/] - Initializing Spring embedded WebApplicationContext
2026-07-22 21:41:02.210 [main] INFO  [traceId= userId= role=] o.s.b.w.s.c.ServletWebServerApplicationContext - Root WebApplicationContext: initialization completed in 2375 ms
2026-07-22 21:41:05.820 [main] INFO  [traceId= userId= role=] o.a.coyote.http11.Http11NioProtocol - Starting ProtocolHandler ["http-nio-8080"]
2026-07-22 21:41:05.865 [main] INFO  [traceId= userId= role=] o.s.b.w.e.tomcat.TomcatWebServer - Tomcat started on port(s): 8080 (http) with context path ''
2026-07-22 21:41:05.885 [main] INFO  [traceId= userId= role=] com.kg.KgApplication - Started KgApplication in 6.766 seconds (JVM running for 7.402)
2026-07-22 21:41:05.976 [main] INFO  [traceId= userId= role=] com.zaxxer.hikari.HikariDataSource - HikariPool-1 - Starting...
2026-07-22 21:41:07.007 [main] INFO  [traceId= userId= role=] com.zaxxer.hikari.HikariDataSource - HikariPool-1 - Start completed.
2026-07-22 21:41:07.013 [main] DEBUG [traceId= userId= role=] c.k.i.m.SysUserMapper.selectList - ==>  Preparing: SELECT id,account,name,password,role,gender,email,phone,openid,description,teacher_remark,password_update_time,class_id,status,create_by,create_time,update_by,update_time FROM sys_user WHERE (account = ?)
2026-07-22 21:41:07.032 [main] DEBUG [traceId= userId= role=] c.k.i.m.SysUserMapper.selectList - ==> Parameters: root(String)
2026-07-22 21:41:07.059 [main] DEBUG [traceId= userId= role=] c.k.i.m.SysUserMapper.selectList - <==      Total: 1
2026-07-22 21:41:07.064 [main] INFO  [traceId= userId= role=] com.kg.config.DataInitializer - 默认管理员账号已存在，跳过初始化：account=root
2026-07-22 21:41:07.065 [main] INFO  [traceId= userId= role=] c.k.scheduler.DailyTaskStartupRunner - ====== 开始执行每日任务补偿检查 ======
2026-07-22 21:41:07.083 [main] DEBUG [traceId= userId= role=] c.k.i.mapper.TaskMapper.selectList - ==>  Preparing: SELECT id,task_name,task_type,template_id,round_no,is_mandatory,task_description,task_start_time,task_end_time,priority,class_id,target_type,target_ids,plan_id,plan_date,is_repeat_task,status,create_by,create_time,update_by,update_time FROM task WHERE ((status = ? OR status IS NULL)) ORDER BY id DESC LIMIT 0,500
2026-07-22 21:41:07.084 [main] DEBUG [traceId= userId= role=] c.k.i.mapper.TaskMapper.selectList - ==> Parameters: 1(Integer)
2026-07-22 21:41:07.249 [main] DEBUG [traceId= userId= role=] c.k.i.mapper.TaskMapper.selectList - <==      Total: 79
2026-07-22 21:41:07.252 [main] INFO  [traceId= userId= role=] c.k.a.service.BatchTaskService - 【启动补偿】每日打卡 (2026-07-22) 已存在，跳过
2026-07-22 21:41:07.254 [main] DEBUG [traceId= userId= role=] c.k.i.mapper.TaskMapper.selectList - ==>  Preparing: SELECT id,task_name,task_type,template_id,round_no,is_mandatory,task_description,task_start_time,task_end_time,priority,class_id,target_type,target_ids,plan_id,plan_date,is_repeat_task,status,create_by,create_time,update_by,update_time FROM task WHERE ((status = ? OR status IS NULL)) ORDER BY id DESC LIMIT 0,500
2026-07-22 21:41:07.256 [main] DEBUG [traceId= userId= role=] c.k.i.mapper.TaskMapper.selectList - ==> Parameters: 1(Integer)
2026-07-22 21:41:07.270 [main] DEBUG [traceId= userId= role=] c.k.i.mapper.TaskMapper.selectList - <==      Total: 79
2026-07-22 21:41:07.272 [main] INFO  [traceId= userId= role=] c.k.a.service.BatchTaskService - 【启动补偿】每日复盘 (2026-07-22) 已存在，跳过
2026-07-22 21:41:07.272 [main] INFO  [traceId= userId= role=] c.k.scheduler.DailyTaskStartupRunner - ====== 每日任务补偿检查完成 ======
2026-07-22 21:41:27.163 [http-nio-8080-exec-1] INFO  [traceId= userId= role=] o.a.c.c.C.[Tomcat].[localhost].[/] - Initializing Spring DispatcherServlet 'dispatcherServlet'
2026-07-22 21:41:27.163 [http-nio-8080-exec-1] INFO  [traceId= userId= role=] o.s.web.servlet.DispatcherServlet - Initializing Servlet 'dispatcherServlet'
2026-07-22 21:41:27.165 [http-nio-8080-exec-1] INFO  [traceId= userId= role=] o.s.web.servlet.DispatcherServlet - Completed initialization in 2 ms
2026-07-22 21:41:27.175 [http-nio-8080-exec-1] INFO  [traceId=22aed6e7df4e4499a1e76b3b206c74f7 userId= role=] com.kg.interceptor.TraceIdFilter - HTTP_REQUEST_START method=POST uri=/miniapp/login query=null requestBody={"loginCode":"0d3qDH000KIWMW1tly100istt93qDH0J"} ip=0:0:0:0:0:0:0:1 userAgent=Mozilla/5.0 (iPhone; CPU iPhone OS 15_0 like Mac OS X) AppleWebKit/605.1.15 (KHTML, like Gecko) Version/15.0 Mobile/15E148 Safari/604.1 wechatdevtools/2.01.2510290 MicroMessenger/8.0.5 Language/zh_CN webview/ hash/597225176 sid/jAVCl7QYrr
2026-07-22 21:41:27.515 [http-nio-8080-exec-2] INFO  [traceId=4bb497b821054d85b481852f18982c92 userId= role=] com.kg.interceptor.TraceIdFilter - HTTP_REQUEST_START method=POST uri=/miniapp/login query=null requestBody={"loginCode":"0e3chWHa1qLy9M0KDtGa1IEwbp0chWH6"} ip=0:0:0:0:0:0:0:1 userAgent=Mozilla/5.0 (iPhone; CPU iPhone OS 15_0 like Mac OS X) AppleWebKit/605.1.15 (KHTML, like Gecko) Version/15.0 Mobile/15E148 Safari/604.1 wechatdevtools/2.01.2510290 MicroMessenger/8.0.5 Language/zh_CN webview/ hash/597225176 sid/jAVCl7QYrr
2026-07-22 21:41:27.693 [http-nio-8080-exec-1] INFO  [traceId=22aed6e7df4e4499a1e76b3b206c74f7 userId= role=] c.k.a.service.WechatMiniappService - code2Session成功: openid=oKcBa3***
2026-07-22 21:41:27.696 [http-nio-8080-exec-1] DEBUG [traceId=22aed6e7df4e4499a1e76b3b206c74f7 userId= role=] c.k.i.m.SysUserMapper.selectList - ==>  Preparing: SELECT id,account,name,password,role,gender,email,phone,openid,description,teacher_remark,password_update_time,class_id,status,create_by,create_time,update_by,update_time FROM sys_user WHERE (openid = ?)
2026-07-22 21:41:27.696 [http-nio-8080-exec-1] DEBUG [traceId=22aed6e7df4e4499a1e76b3b206c74f7 userId= role=] c.k.i.m.SysUserMapper.selectList - ==> Parameters: oKcBa3Y-qImOiFCAXNKjDhjp4SmE(String)
2026-07-22 21:41:27.697 [http-nio-8080-exec-1] DEBUG [traceId=22aed6e7df4e4499a1e76b3b206c74f7 userId= role=] c.k.i.m.SysUserMapper.selectList - <==      Total: 0
2026-07-22 21:41:27.730 [http-nio-8080-exec-1] INFO  [traceId=22aed6e7df4e4499a1e76b3b206c74f7 userId= role=] com.kg.interceptor.TraceIdFilter - HTTP_REQUEST_END method=POST uri=/miniapp/login status=200 cost=559ms responseBody={"code":200,"message":"请授权手机号完成绑定","data":{"needPhoneAuth":true,"token":null,"userInfo":null}}
2026-07-22 21:41:27.795 [http-nio-8080-exec-2] INFO  [traceId=4bb497b821054d85b481852f18982c92 userId= role=] c.k.a.service.WechatMiniappService - code2Session成功: openid=oKcBa3***
2026-07-22 21:41:27.796 [http-nio-8080-exec-2] DEBUG [traceId=4bb497b821054d85b481852f18982c92 userId= role=] c.k.i.m.SysUserMapper.selectList - ==>  Preparing: SELECT id,account,name,password,role,gender,email,phone,openid,description,teacher_remark,password_update_time,class_id,status,create_by,create_time,update_by,update_time FROM sys_user WHERE (openid = ?)
2026-07-22 21:41:27.796 [http-nio-8080-exec-2] DEBUG [traceId=4bb497b821054d85b481852f18982c92 userId= role=] c.k.i.m.SysUserMapper.selectList - ==> Parameters: oKcBa3Y-qImOiFCAXNKjDhjp4SmE(String)
2026-07-22 21:41:27.798 [http-nio-8080-exec-2] DEBUG [traceId=4bb497b821054d85b481852f18982c92 userId= role=] c.k.i.m.SysUserMapper.selectList - <==      Total: 0
2026-07-22 21:41:27.799 [http-nio-8080-exec-2] INFO  [traceId=4bb497b821054d85b481852f18982c92 userId= role=] com.kg.interceptor.TraceIdFilter - HTTP_REQUEST_END method=POST uri=/miniapp/login status=200 cost=284ms responseBody={"code":200,"message":"请授权手机号完成绑定","data":{"needPhoneAuth":true,"token":null,"userInfo":null}}
2026-07-22 21:41:41.608 [http-nio-8080-exec-5] INFO  [traceId=351332915ae94f6e86af5f9bb0266bea userId= role=] com.kg.interceptor.TraceIdFilter - HTTP_REQUEST_START method=POST uri=/miniapp/phone-login query=null requestBody={"loginCode":"0f3Y87Ha1YCJ8M06OAIa1KcEfg3Y87Ht","phoneCode":"e9218695d989c0e4710e641873eb20ff88ff57bfde4236086163f863e46d686a"} ip=0:0:0:0:0:0:0:1 userAgent=Mozilla/5.0 (iPhone; CPU iPhone OS 15_0 like Mac OS X) AppleWebKit/605.1.15 (KHTML, like Gecko) Version/15.0 Mobile/15E148 Safari/604.1 wechatdevtools/2.01.2510290 MicroMessenger/8.0.5 Language/zh_CN webview/ hash/597225176 sid/jAVCl7QYrr
2026-07-22 21:41:41.840 [http-nio-8080-exec-5] INFO  [traceId=351332915ae94f6e86af5f9bb0266bea userId= role=] c.k.a.service.WechatMiniappService - code2Session成功: openid=oKcBa3***
2026-07-22 21:41:42.112 [http-nio-8080-exec-5] INFO  [traceId=351332915ae94f6e86af5f9bb0266bea userId= role=] c.k.a.service.WechatMiniappService - access_token刷新成功
2026-07-22 21:41:42.416 [http-nio-8080-exec-5] INFO  [traceId=351332915ae94f6e86af5f9bb0266bea userId= role=] c.k.a.service.WechatMiniappService - 获取手机号成功: phone=172****5563
2026-07-22 21:41:42.417 [http-nio-8080-exec-5] DEBUG [traceId=351332915ae94f6e86af5f9bb0266bea userId= role=] c.k.i.m.SysUserMapper.selectList - ==>  Preparing: SELECT id,account,name,password,role,gender,email,phone,openid,description,teacher_remark,password_update_time,class_id,status,create_by,create_time,update_by,update_time FROM sys_user WHERE (openid = ?)
2026-07-22 21:41:42.418 [http-nio-8080-exec-5] DEBUG [traceId=351332915ae94f6e86af5f9bb0266bea userId= role=] c.k.i.m.SysUserMapper.selectList - ==> Parameters: oKcBa3Y-qImOiFCAXNKjDhjp4SmE(String)
2026-07-22 21:41:42.419 [http-nio-8080-exec-5] DEBUG [traceId=351332915ae94f6e86af5f9bb0266bea userId= role=] c.k.i.m.SysUserMapper.selectList - <==      Total: 0
2026-07-22 21:41:42.420 [http-nio-8080-exec-5] DEBUG [traceId=351332915ae94f6e86af5f9bb0266bea userId= role=] c.k.i.m.SysUserMapper.selectList - ==>  Preparing: SELECT id,account,name,password,role,gender,email,phone,openid,description,teacher_remark,password_update_time,class_id,status,create_by,create_time,update_by,update_time FROM sys_user WHERE (phone = ?)
2026-07-22 21:41:42.420 [http-nio-8080-exec-5] DEBUG [traceId=351332915ae94f6e86af5f9bb0266bea userId= role=] c.k.i.m.SysUserMapper.selectList - ==> Parameters: 17200615563(String)
2026-07-22 21:41:42.422 [http-nio-8080-exec-5] DEBUG [traceId=351332915ae94f6e86af5f9bb0266bea userId= role=] c.k.i.m.SysUserMapper.selectList - <==      Total: 1
2026-07-22 21:41:42.424 [http-nio-8080-exec-5] WARN  [traceId=351332915ae94f6e86af5f9bb0266bea userId= role=] c.k.exception.GlobalExceptionHandler - 业务异常: code=400, message=老师请使用 PC 端登录
2026-07-22 21:41:42.424 [http-nio-8080-exec-5] INFO  [traceId=351332915ae94f6e86af5f9bb0266bea userId= role=] com.kg.interceptor.TraceIdFilter - HTTP_REQUEST_END method=POST uri=/miniapp/phone-login status=200 cost=816ms responseBody={"code":400,"message":"老师请使用 PC 端登录"}
2026-07-22 21:42:26.175 [http-nio-8080-exec-10] INFO  [traceId=9ee90b89ec514b559cdeda6d71bc5e03 userId= role=] com.kg.interceptor.TraceIdFilter - HTTP_REQUEST_START method=GET uri=/notification/unread-count query=null requestBody= ip=0:0:0:0:0:0:0:1 userAgent=Mozilla/5.0 (Windows NT 10.0; Win64; x64) AppleWebKit/537.36 (KHTML, like Gecko) Chrome/123.0.0.0 Safari/537.36
2026-07-22 21:42:26.174 [http-nio-8080-exec-7] INFO  [traceId=7b3cecf00ec949dea74d0f899bc1b456 userId= role=] com.kg.interceptor.TraceIdFilter - HTTP_REQUEST_START method=GET uri=/home/stat query=null requestBody= ip=0:0:0:0:0:0:0:1 userAgent=Mozilla/5.0 (Windows NT 10.0; Win64; x64) AppleWebKit/537.36 (KHTML, like Gecko) Chrome/123.0.0.0 Safari/537.36
2026-07-22 21:42:26.246 [http-nio-8080-exec-10] INFO  [traceId=9ee90b89ec514b559cdeda6d71bc5e03 userId= role=] com.kg.interceptor.TraceIdFilter - HTTP_REQUEST_END method=GET uri=/notification/unread-count status=401 cost=71ms responseBody={"code":401,"message":"Token 无效或已过期"}
2026-07-22 21:42:26.246 [http-nio-8080-exec-7] INFO  [traceId=7b3cecf00ec949dea74d0f899bc1b456 userId= role=] com.kg.interceptor.TraceIdFilter - HTTP_REQUEST_END method=GET uri=/home/stat status=401 cost=72ms responseBody={"code":401,"message":"Token 无效或已过期"}
2026-07-22 21:42:28.701 [http-nio-8080-exec-9] INFO  [traceId=2da19e7402c34d5b8443ac1fd9edea55 userId= role=] com.kg.interceptor.TraceIdFilter - HTTP_REQUEST_START method=POST uri=/auth/login query=null requestBody={"account":"root","password":"bd000000"} ip=0:0:0:0:0:0:0:1 userAgent=Mozilla/5.0 (Windows NT 10.0; Win64; x64) AppleWebKit/537.36 (KHTML, like Gecko) Chrome/123.0.0.0 Safari/537.36
2026-07-22 21:42:28.714 [http-nio-8080-exec-9] DEBUG [traceId=2da19e7402c34d5b8443ac1fd9edea55 userId= role=] c.k.i.m.SysUserMapper.selectList - ==>  Preparing: SELECT id,account,name,password,role,gender,email,phone,openid,description,teacher_remark,password_update_time,class_id,status,create_by,create_time,update_by,update_time FROM sys_user WHERE (account = ?)
2026-07-22 21:42:28.715 [http-nio-8080-exec-9] DEBUG [traceId=2da19e7402c34d5b8443ac1fd9edea55 userId= role=] c.k.i.m.SysUserMapper.selectList - ==> Parameters: root(String)
2026-07-22 21:42:28.716 [http-nio-8080-exec-9] DEBUG [traceId=2da19e7402c34d5b8443ac1fd9edea55 userId= role=] c.k.i.m.SysUserMapper.selectList - <==      Total: 1
2026-07-22 21:42:28.794 [http-nio-8080-exec-9] INFO  [traceId=2da19e7402c34d5b8443ac1fd9edea55 userId= role=] c.k.a.service.AuthApplicationService - 登录成功: userId=21, account=root, role=1
2026-07-22 21:42:28.797 [http-nio-8080-exec-9] INFO  [traceId=2da19e7402c34d5b8443ac1fd9edea55 userId= role=] com.kg.interceptor.TraceIdFilter - HTTP_REQUEST_END method=POST uri=/auth/login status=200 cost=96ms responseBody={"code":200,"message":"登录成功","data":{"token":"eyJhbGciOiJIUzI1NiJ9.eyJyb2xlIjoiMSIsInN1YiI6IjIxIiwiaWF0IjoxNzg0NzI3NzQ4LCJleHAiOjE3ODQ4MTQxNDh9.MtzGo1XRu4rYc2iLaEE1Y9vHJCvwcgxl_iqvgC1U1X4","userId":21,"account":"root","name":"管理员","role":"1","classId":null,"className":""}}
2026-07-22 21:42:28.860 [http-nio-8080-exec-1] INFO  [traceId=20d2ca1fdf034de99d89a8f4b40462cf userId= role=] com.kg.interceptor.TraceIdFilter - HTTP_REQUEST_START method=GET uri=/notification/unread-count query=null requestBody= ip=0:0:0:0:0:0:0:1 userAgent=Mozilla/5.0 (Windows NT 10.0; Win64; x64) AppleWebKit/537.36 (KHTML, like Gecko) Chrome/123.0.0.0 Safari/537.36
2026-07-22 21:42:28.860 [http-nio-8080-exec-8] INFO  [traceId=6a9d248d7a704c55a7f96be69f558d26 userId= role=] com.kg.interceptor.TraceIdFilter - HTTP_REQUEST_START method=GET uri=/home/stat query=null requestBody= ip=0:0:0:0:0:0:0:1 userAgent=Mozilla/5.0 (Windows NT 10.0; Win64; x64) AppleWebKit/537.36 (KHTML, like Gecko) Chrome/123.0.0.0 Safari/537.36
2026-07-22 21:42:28.866 [http-nio-8080-exec-1] DEBUG [traceId=20d2ca1fdf034de99d89a8f4b40462cf userId= role=] c.k.i.m.SysUserMapper.selectById - ==>  Preparing: SELECT id,account,name,password,role,gender,email,phone,openid,description,teacher_remark,password_update_time,class_id,status,create_by,create_time,update_by,update_time FROM sys_user WHERE id=?
2026-07-22 21:42:28.867 [http-nio-8080-exec-8] DEBUG [traceId=6a9d248d7a704c55a7f96be69f558d26 userId= role=] c.k.i.m.SysUserMapper.selectById - ==>  Preparing: SELECT id,account,name,password,role,gender,email,phone,openid,description,teacher_remark,password_update_time,class_id,status,create_by,create_time,update_by,update_time FROM sys_user WHERE id=?
2026-07-22 21:42:28.867 [http-nio-8080-exec-1] DEBUG [traceId=20d2ca1fdf034de99d89a8f4b40462cf userId= role=] c.k.i.m.SysUserMapper.selectById - ==> Parameters: 21(Long)
2026-07-22 21:42:28.867 [http-nio-8080-exec-8] DEBUG [traceId=6a9d248d7a704c55a7f96be69f558d26 userId= role=] c.k.i.m.SysUserMapper.selectById - ==> Parameters: 21(Long)
2026-07-22 21:42:28.868 [http-nio-8080-exec-1] DEBUG [traceId=20d2ca1fdf034de99d89a8f4b40462cf userId= role=] c.k.i.m.SysUserMapper.selectById - <==      Total: 1
2026-07-22 21:42:28.870 [http-nio-8080-exec-8] DEBUG [traceId=6a9d248d7a704c55a7f96be69f558d26 userId= role=] c.k.i.m.SysUserMapper.selectById - <==      Total: 1
2026-07-22 21:42:28.874 [http-nio-8080-exec-8] DEBUG [traceId=6a9d248d7a704c55a7f96be69f558d26 userId=21 role=1] c.k.i.m.H.countCurrentTasksForTeacher - ==>  Preparing: SELECT COUNT(*) FROM task WHERE task_start_time <= NOW() AND task_end_time >= NOW()
2026-07-22 21:42:28.874 [http-nio-8080-exec-8] DEBUG [traceId=6a9d248d7a704c55a7f96be69f558d26 userId=21 role=1] c.k.i.m.H.countCurrentTasksForTeacher - ==> Parameters: 
2026-07-22 21:42:28.876 [http-nio-8080-exec-1] DEBUG [traceId=20d2ca1fdf034de99d89a8f4b40462cf userId=21 role=1] c.k.i.m.N.selectCount - ==>  Preparing: SELECT COUNT( * ) AS total FROM notification_message WHERE (user_id = ? AND is_read = ? AND status = ? AND notify_time <= ?)
2026-07-22 21:42:28.877 [http-nio-8080-exec-1] DEBUG [traceId=20d2ca1fdf034de99d89a8f4b40462cf userId=21 role=1] c.k.i.m.N.selectCount - ==> Parameters: 21(Long), 0(Integer), 0(String), 2026-07-22T21:42:28.875(LocalDateTime)
2026-07-22 21:42:28.881 [http-nio-8080-exec-8] DEBUG [traceId=6a9d248d7a704c55a7f96be69f558d26 userId=21 role=1] c.k.i.m.H.countCurrentTasksForTeacher - <==      Total: 1
2026-07-22 21:42:28.882 [http-nio-8080-exec-8] DEBUG [traceId=6a9d248d7a704c55a7f96be69f558d26 userId=21 role=1] c.k.i.m.H.countForceTasksForTeacher - ==>  Preparing: SELECT COUNT(*) FROM task WHERE is_mandatory = 1
2026-07-22 21:42:28.882 [http-nio-8080-exec-8] DEBUG [traceId=6a9d248d7a704c55a7f96be69f558d26 userId=21 role=1] c.k.i.m.H.countForceTasksForTeacher - ==> Parameters: 
2026-07-22 21:42:28.884 [http-nio-8080-exec-8] DEBUG [traceId=6a9d248d7a704c55a7f96be69f558d26 userId=21 role=1] c.k.i.m.H.countForceTasksForTeacher - <==      Total: 1
2026-07-22 21:42:28.884 [http-nio-8080-exec-8] DEBUG [traceId=6a9d248d7a704c55a7f96be69f558d26 userId=21 role=1] c.k.i.m.H.countTotalTasksForTeacher - ==>  Preparing: SELECT COUNT(*) FROM task
2026-07-22 21:42:28.884 [http-nio-8080-exec-8] DEBUG [traceId=6a9d248d7a704c55a7f96be69f558d26 userId=21 role=1] c.k.i.m.H.countTotalTasksForTeacher - ==> Parameters: 
2026-07-22 21:42:28.885 [http-nio-8080-exec-8] DEBUG [traceId=6a9d248d7a704c55a7f96be69f558d26 userId=21 role=1] c.k.i.m.H.countTotalTasksForTeacher - <==      Total: 1
2026-07-22 21:42:28.886 [http-nio-8080-exec-8] DEBUG [traceId=6a9d248d7a704c55a7f96be69f558d26 userId=21 role=1] c.k.i.m.H.completionStatsForTeacher - ==>  Preparing: SELECT COUNT(*) AS total, SUM(CASE WHEN tu.status IN ('1','2') THEN 1 ELSE 0 END) AS completed, SUM(CASE WHEN tu.status = '0' THEN 1 ELSE 0 END) AS uncompleted FROM task_user tu JOIN task t ON t.id = tu.task_id
2026-07-22 21:42:28.886 [http-nio-8080-exec-8] DEBUG [traceId=6a9d248d7a704c55a7f96be69f558d26 userId=21 role=1] c.k.i.m.H.completionStatsForTeacher - ==> Parameters: 
2026-07-22 21:42:28.890 [http-nio-8080-exec-1] DEBUG [traceId=20d2ca1fdf034de99d89a8f4b40462cf userId=21 role=1] c.k.i.m.N.selectCount - <==      Total: 1
2026-07-22 21:42:28.891 [http-nio-8080-exec-1] INFO  [traceId=20d2ca1fdf034de99d89a8f4b40462cf userId=21 role=1] com.kg.interceptor.TraceIdFilter - HTTP_REQUEST_END method=GET uri=/notification/unread-count status=200 cost=31ms responseBody={"code":200,"message":"查询成功","data":0}
2026-07-22 21:42:28.896 [http-nio-8080-exec-8] DEBUG [traceId=6a9d248d7a704c55a7f96be69f558d26 userId=21 role=1] c.k.i.m.H.completionStatsForTeacher - <==      Total: 1
2026-07-22 21:42:28.896 [http-nio-8080-exec-8] DEBUG [traceId=6a9d248d7a704c55a7f96be69f558d26 userId=21 role=1] c.k.i.m.H.lowCompletedTop3ForTeacher - ==>  Preparing: SELECT t.id AS task_id, t.task_name, t.task_end_time AS end_time, COUNT(*) AS total, SUM(CASE WHEN tu.status IN ('1','2') THEN 1 ELSE 0 END) AS completed, SUM(CASE WHEN tu.status = '0' THEN 1 ELSE 0 END) AS uncompleted FROM task t JOIN task_user tu ON tu.task_id = t.id GROUP BY t.id, t.task_name, t.task_end_time ORDER BY (SUM(CASE WHEN tu.status IN ('1','2') THEN 1 ELSE 0 END) * 1.0 / COUNT(*)) ASC LIMIT 3
2026-07-22 21:42:28.897 [http-nio-8080-exec-8] DEBUG [traceId=6a9d248d7a704c55a7f96be69f558d26 userId=21 role=1] c.k.i.m.H.lowCompletedTop3ForTeacher - ==> Parameters: 
2026-07-22 21:42:28.907 [http-nio-8080-exec-8] DEBUG [traceId=6a9d248d7a704c55a7f96be69f558d26 userId=21 role=1] c.k.i.m.H.lowCompletedTop3ForTeacher - <==      Total: 3
2026-07-22 21:42:28.915 [http-nio-8080-exec-8] INFO  [traceId=6a9d248d7a704c55a7f96be69f558d26 userId=21 role=1] com.kg.interceptor.TraceIdFilter - HTTP_REQUEST_END method=GET uri=/home/stat status=200 cost=55ms responseBody={"code":200,"message":"查询成功","data":{"currentTaskCount":4,"forceTaskCount":86,"totalTaskCount":88,"completedTaskUserCount":37,"unCompletedTaskUserCount":557,"completedRate":6,"lowCompletedTasks":[{"taskId":66,"taskName":"145测试","totalUserCount":7,"completedUserCount":0,"unCompletedUserCount":7,"completedRate":0,"endTime":"2026-06-23T23:59:59"},{"taskId":107,"taskName":"每日复盘","totalUserCount":11,"completedUserCount":0,"unCompletedUserCount":11,"completedRate":0,"endTime":"2026-07-19T23:59"},{"taskId":44,"taskName":"测试颜色4","totalUserCount":4,"completedUserCount":0,"unCompletedUserCount":4,"completedRate":0,"endTime":"2026-06-13T23:59:59"}]}}
2026-07-22 21:42:28.941 [http-nio-8080-exec-2] INFO  [traceId=d8cea3f1cbf246e19faaa86823860d3e userId= role=] com.kg.interceptor.TraceIdFilter - HTTP_REQUEST_START method=GET uri=/class/options query=null requestBody= ip=0:0:0:0:0:0:0:1 userAgent=Mozilla/5.0 (Windows NT 10.0; Win64; x64) AppleWebKit/537.36 (KHTML, like Gecko) Chrome/123.0.0.0 Safari/537.36
2026-07-22 21:42:28.947 [http-nio-8080-exec-2] DEBUG [traceId=d8cea3f1cbf246e19faaa86823860d3e userId= role=] c.k.i.m.SysUserMapper.selectById - ==>  Preparing: SELECT id,account,name,password,role,gender,email,phone,openid,description,teacher_remark,password_update_time,class_id,status,create_by,create_time,update_by,update_time FROM sys_user WHERE id=?
2026-07-22 21:42:28.947 [http-nio-8080-exec-2] DEBUG [traceId=d8cea3f1cbf246e19faaa86823860d3e userId= role=] c.k.i.m.SysUserMapper.selectById - ==> Parameters: 21(Long)
2026-07-22 21:42:28.948 [http-nio-8080-exec-2] DEBUG [traceId=d8cea3f1cbf246e19faaa86823860d3e userId= role=] c.k.i.m.SysUserMapper.selectById - <==      Total: 1
2026-07-22 21:42:28.957 [http-nio-8080-exec-2] DEBUG [traceId=d8cea3f1cbf246e19faaa86823860d3e userId=21 role=1] c.k.i.m.ClassInfoMapper.selectList - ==>  Preparing: SELECT id,class_name,description,status,create_by,create_time,update_by,update_time FROM class_info WHERE (status = ?) ORDER BY class_name ASC
2026-07-22 21:42:28.958 [http-nio-8080-exec-2] DEBUG [traceId=d8cea3f1cbf246e19faaa86823860d3e userId=21 role=1] c.k.i.m.ClassInfoMapper.selectList - ==> Parameters: 1(Integer)
2026-07-22 21:42:28.960 [http-nio-8080-exec-2] DEBUG [traceId=d8cea3f1cbf246e19faaa86823860d3e userId=21 role=1] c.k.i.m.ClassInfoMapper.selectList - <==      Total: 3
2026-07-22 21:42:28.965 [http-nio-8080-exec-2] INFO  [traceId=d8cea3f1cbf246e19faaa86823860d3e userId=21 role=1] com.kg.interceptor.TraceIdFilter - HTTP_REQUEST_END method=GET uri=/class/options status=200 cost=25ms responseBody={"code":200,"message":"查询成功","data":[{"id":8,"className":"1班"},{"id":9,"className":"2班"},{"id":10,"className":"线上学习1班"}]}
2026-07-22 21:42:28.981 [http-nio-8080-exec-3] INFO  [traceId=84041e4d5335489ea4b653199f9e4f6b userId= role=] com.kg.interceptor.TraceIdFilter - HTTP_REQUEST_START method=GET uri=/study-phase/calendar query=startDate=2026-07-01&endDate=2026-07-31&classId=8 requestBody= ip=0:0:0:0:0:0:0:1 userAgent=Mozilla/5.0 (Windows NT 10.0; Win64; x64) AppleWebKit/537.36 (KHTML, like Gecko) Chrome/123.0.0.0 Safari/537.36
2026-07-22 21:42:28.985 [http-nio-8080-exec-3] DEBUG [traceId=84041e4d5335489ea4b653199f9e4f6b userId= role=] c.k.i.m.SysUserMapper.selectById - ==>  Preparing: SELECT id,account,name,password,role,gender,email,phone,openid,description,teacher_remark,password_update_time,class_id,status,create_by,create_time,update_by,update_time FROM sys_user WHERE id=?
2026-07-22 21:42:28.986 [http-nio-8080-exec-3] DEBUG [traceId=84041e4d5335489ea4b653199f9e4f6b userId= role=] c.k.i.m.SysUserMapper.selectById - ==> Parameters: 21(Long)
2026-07-22 21:42:28.987 [http-nio-8080-exec-3] DEBUG [traceId=84041e4d5335489ea4b653199f9e4f6b userId= role=] c.k.i.m.SysUserMapper.selectById - <==      Total: 1
2026-07-22 21:42:29.001 [http-nio-8080-exec-3] DEBUG [traceId=84041e4d5335489ea4b653199f9e4f6b userId=21 role=1] c.k.i.m.S.selectList - ==>  Preparing: SELECT id,phase_id,class_id,create_time FROM study_phase_class WHERE (class_id = ?)
2026-07-22 21:42:29.002 [http-nio-8080-exec-3] DEBUG [traceId=84041e4d5335489ea4b653199f9e4f6b userId=21 role=1] c.k.i.m.S.selectList - ==> Parameters: 8(Long)
2026-07-22 21:42:29.004 [http-nio-8080-exec-3] DEBUG [traceId=84041e4d5335489ea4b653199f9e4f6b userId=21 role=1] c.k.i.m.S.selectList - <==      Total: 2
2026-07-22 21:42:29.008 [http-nio-8080-exec-3] DEBUG [traceId=84041e4d5335489ea4b653199f9e4f6b userId=21 role=1] c.k.i.m.StudyPhaseMapper.selectList - ==>  Preparing: SELECT id,phase_title,phase_content,start_date,end_date,display_color,status,create_by,create_time,update_by,update_time FROM study_phase WHERE (id IN (?,?) AND status = ? AND start_date <= ? AND end_date >= ?) ORDER BY start_date ASC
2026-07-22 21:42:29.008 [http-nio-8080-exec-3] DEBUG [traceId=84041e4d5335489ea4b653199f9e4f6b userId=21 role=1] c.k.i.m.StudyPhaseMapper.selectList - ==> Parameters: 2(Long), 1(Long), 1(Integer), 2026-07-31(LocalDate), 2026-07-01(LocalDate)
2026-07-22 21:42:29.012 [http-nio-8080-exec-3] DEBUG [traceId=84041e4d5335489ea4b653199f9e4f6b userId=21 role=1] c.k.i.m.StudyPhaseMapper.selectList - <==      Total: 2
2026-07-22 21:42:29.014 [http-nio-8080-exec-3] DEBUG [traceId=84041e4d5335489ea4b653199f9e4f6b userId=21 role=1] c.k.i.m.S.selectList - ==>  Preparing: SELECT id,phase_id,class_id,create_time FROM study_phase_class WHERE (phase_id = ?)
2026-07-22 21:42:29.014 [http-nio-8080-exec-3] DEBUG [traceId=84041e4d5335489ea4b653199f9e4f6b userId=21 role=1] c.k.i.m.S.selectList - ==> Parameters: 1(Long)
2026-07-22 21:42:29.016 [http-nio-8080-exec-3] DEBUG [traceId=84041e4d5335489ea4b653199f9e4f6b userId=21 role=1] c.k.i.m.S.selectList - <==      Total: 3
2026-07-22 21:42:29.018 [http-nio-8080-exec-3] DEBUG [traceId=84041e4d5335489ea4b653199f9e4f6b userId=21 role=1] c.k.i.m.ClassInfoMapper.selectById - ==>  Preparing: SELECT id,class_name,description,status,create_by,create_time,update_by,update_time FROM class_info WHERE id=?
2026-07-22 21:42:29.019 [http-nio-8080-exec-3] DEBUG [traceId=84041e4d5335489ea4b653199f9e4f6b userId=21 role=1] c.k.i.m.ClassInfoMapper.selectById - ==> Parameters: 8(Long)
2026-07-22 21:42:29.020 [http-nio-8080-exec-3] DEBUG [traceId=84041e4d5335489ea4b653199f9e4f6b userId=21 role=1] c.k.i.m.ClassInfoMapper.selectById - <==      Total: 1
2026-07-22 21:42:29.021 [http-nio-8080-exec-3] DEBUG [traceId=84041e4d5335489ea4b653199f9e4f6b userId=21 role=1] c.k.i.m.ClassInfoMapper.selectById - ==>  Preparing: SELECT id,class_name,description,status,create_by,create_time,update_by,update_time FROM class_info WHERE id=?
2026-07-22 21:42:29.021 [http-nio-8080-exec-3] DEBUG [traceId=84041e4d5335489ea4b653199f9e4f6b userId=21 role=1] c.k.i.m.ClassInfoMapper.selectById - ==> Parameters: 9(Long)
2026-07-22 21:42:29.022 [http-nio-8080-exec-3] DEBUG [traceId=84041e4d5335489ea4b653199f9e4f6b userId=21 role=1] c.k.i.m.ClassInfoMapper.selectById - <==      Total: 1
2026-07-22 21:42:29.023 [http-nio-8080-exec-3] DEBUG [traceId=84041e4d5335489ea4b653199f9e4f6b userId=21 role=1] c.k.i.m.ClassInfoMapper.selectById - ==>  Preparing: SELECT id,class_name,description,status,create_by,create_time,update_by,update_time FROM class_info WHERE id=?
2026-07-22 21:42:29.023 [http-nio-8080-exec-3] DEBUG [traceId=84041e4d5335489ea4b653199f9e4f6b userId=21 role=1] c.k.i.m.ClassInfoMapper.selectById - ==> Parameters: 10(Long)
2026-07-22 21:42:29.025 [http-nio-8080-exec-3] DEBUG [traceId=84041e4d5335489ea4b653199f9e4f6b userId=21 role=1] c.k.i.m.ClassInfoMapper.selectById - <==      Total: 1
2026-07-22 21:42:29.026 [http-nio-8080-exec-3] DEBUG [traceId=84041e4d5335489ea4b653199f9e4f6b userId=21 role=1] c.k.i.m.S.selectList - ==>  Preparing: SELECT id,phase_id,class_id,create_time FROM study_phase_class WHERE (phase_id = ?)
2026-07-22 21:42:29.027 [http-nio-8080-exec-3] DEBUG [traceId=84041e4d5335489ea4b653199f9e4f6b userId=21 role=1] c.k.i.m.S.selectList - ==> Parameters: 2(Long)
2026-07-22 21:42:29.028 [http-nio-8080-exec-3] DEBUG [traceId=84041e4d5335489ea4b653199f9e4f6b userId=21 role=1] c.k.i.m.S.selectList - <==      Total: 1
2026-07-22 21:42:29.028 [http-nio-8080-exec-3] DEBUG [traceId=84041e4d5335489ea4b653199f9e4f6b userId=21 role=1] c.k.i.m.ClassInfoMapper.selectById - ==>  Preparing: SELECT id,class_name,description,status,create_by,create_time,update_by,update_time FROM class_info WHERE id=?
2026-07-22 21:42:29.030 [http-nio-8080-exec-3] DEBUG [traceId=84041e4d5335489ea4b653199f9e4f6b userId=21 role=1] c.k.i.m.ClassInfoMapper.selectById - ==> Parameters: 8(Long)
2026-07-22 21:42:29.031 [http-nio-8080-exec-3] DEBUG [traceId=84041e4d5335489ea4b653199f9e4f6b userId=21 role=1] c.k.i.m.ClassInfoMapper.selectById - <==      Total: 1
2026-07-22 21:42:29.035 [http-nio-8080-exec-3] INFO  [traceId=84041e4d5335489ea4b653199f9e4f6b userId=21 role=1] com.kg.interceptor.TraceIdFilter - HTTP_REQUEST_END method=GET uri=/study-phase/calendar status=200 cost=54ms responseBody={"code":200,"message":"查询成功","data":[{"id":1,"phaseTitle":"测试阶段","phaseContent":"这是一条描述","startDate":"2026-07-01","endDate":"2026-07-03","displayColor":"#ee6262","status":1,"classIds":[8,9,10],"classNames":["1班","2班","线上学习1班"],"createTime":"2026-07-02 21:13:33"},{"id":2,"phaseTitle":"测试阶段2","phaseContent":"这是测试阶段2的描述","startDate":"2026-07-02","endDate":"2026-07-09","displayColor":"#6367d4","status":1,"classIds":[8],"classNames":["1班"],"createTime":"2026-07-02 21:23:49"}]}
2026-07-22 21:42:31.648 [http-nio-8080-exec-5] INFO  [traceId=6aff4bb32fc34268b81e3a031272c89d userId= role=] com.kg.interceptor.TraceIdFilter - HTTP_REQUEST_START method=GET uri=/dict/group/task_type query=null requestBody= ip=0:0:0:0:0:0:0:1 userAgent=Mozilla/5.0 (Windows NT 10.0; Win64; x64) AppleWebKit/537.36 (KHTML, like Gecko) Chrome/123.0.0.0 Safari/537.36
2026-07-22 21:42:31.648 [http-nio-8080-exec-6] INFO  [traceId=18dd666d4a75425cbbbaecac43c3edb1 userId= role=] com.kg.interceptor.TraceIdFilter - HTTP_REQUEST_START method=GET uri=/dict/ROLE query=null requestBody= ip=0:0:0:0:0:0:0:1 userAgent=Mozilla/5.0 (Windows NT 10.0; Win64; x64) AppleWebKit/537.36 (KHTML, like Gecko) Chrome/123.0.0.0 Safari/537.36
2026-07-22 21:42:31.648 [http-nio-8080-exec-4] INFO  [traceId=a57094f020d2488dbed8446cc4044b2e userId= role=] com.kg.interceptor.TraceIdFilter - HTTP_REQUEST_START method=POST uri=/student/page query=null requestBody={"pageNum":1,"pageSize":10} ip=0:0:0:0:0:0:0:1 userAgent=Mozilla/5.0 (Windows NT 10.0; Win64; x64) AppleWebKit/537.36 (KHTML, like Gecko) Chrome/123.0.0.0 Safari/537.36
2026-07-22 21:42:31.648 [http-nio-8080-exec-10] INFO  [traceId=597c84ea7b184cd39a629f674aadea24 userId= role=] com.kg.interceptor.TraceIdFilter - HTTP_REQUEST_START method=GET uri=/class/options query=null requestBody= ip=0:0:0:0:0:0:0:1 userAgent=Mozilla/5.0 (Windows NT 10.0; Win64; x64) AppleWebKit/537.36 (KHTML, like Gecko) Chrome/123.0.0.0 Safari/537.36
2026-07-22 21:42:31.653 [http-nio-8080-exec-10] DEBUG [traceId=597c84ea7b184cd39a629f674aadea24 userId= role=] c.k.i.m.SysUserMapper.selectById - ==>  Preparing: SELECT id,account,name,password,role,gender,email,phone,openid,description,teacher_remark,password_update_time,class_id,status,create_by,create_time,update_by,update_time FROM sys_user WHERE id=?
2026-07-22 21:42:31.653 [http-nio-8080-exec-4] DEBUG [traceId=a57094f020d2488dbed8446cc4044b2e userId= role=] c.k.i.m.SysUserMapper.selectById - ==>  Preparing: SELECT id,account,name,password,role,gender,email,phone,openid,description,teacher_remark,password_update_time,class_id,status,create_by,create_time,update_by,update_time FROM sys_user WHERE id=?
2026-07-22 21:42:31.654 [http-nio-8080-exec-4] DEBUG [traceId=a57094f020d2488dbed8446cc4044b2e userId= role=] c.k.i.m.SysUserMapper.selectById - ==> Parameters: 21(Long)
2026-07-22 21:42:31.655 [http-nio-8080-exec-6] DEBUG [traceId=18dd666d4a75425cbbbaecac43c3edb1 userId= role=] c.k.i.m.SysUserMapper.selectById - ==>  Preparing: SELECT id,account,name,password,role,gender,email,phone,openid,description,teacher_remark,password_update_time,class_id,status,create_by,create_time,update_by,update_time FROM sys_user WHERE id=?
2026-07-22 21:42:31.655 [http-nio-8080-exec-5] DEBUG [traceId=6aff4bb32fc34268b81e3a031272c89d userId= role=] c.k.i.m.SysUserMapper.selectById - ==>  Preparing: SELECT id,account,name,password,role,gender,email,phone,openid,description,teacher_remark,password_update_time,class_id,status,create_by,create_time,update_by,update_time FROM sys_user WHERE id=?
2026-07-22 21:42:31.655 [http-nio-8080-exec-10] DEBUG [traceId=597c84ea7b184cd39a629f674aadea24 userId= role=] c.k.i.m.SysUserMapper.selectById - ==> Parameters: 21(Long)
2026-07-22 21:42:31.655 [http-nio-8080-exec-5] DEBUG [traceId=6aff4bb32fc34268b81e3a031272c89d userId= role=] c.k.i.m.SysUserMapper.selectById - ==> Parameters: 21(Long)
2026-07-22 21:42:31.655 [http-nio-8080-exec-6] DEBUG [traceId=18dd666d4a75425cbbbaecac43c3edb1 userId= role=] c.k.i.m.SysUserMapper.selectById - ==> Parameters: 21(Long)
2026-07-22 21:42:31.656 [http-nio-8080-exec-4] DEBUG [traceId=a57094f020d2488dbed8446cc4044b2e userId= role=] c.k.i.m.SysUserMapper.selectById - <==      Total: 1
2026-07-22 21:42:31.656 [http-nio-8080-exec-10] DEBUG [traceId=597c84ea7b184cd39a629f674aadea24 userId= role=] c.k.i.m.SysUserMapper.selectById - <==      Total: 1
2026-07-22 21:42:31.657 [http-nio-8080-exec-6] DEBUG [traceId=18dd666d4a75425cbbbaecac43c3edb1 userId= role=] c.k.i.m.SysUserMapper.selectById - <==      Total: 1
2026-07-22 21:42:31.658 [http-nio-8080-exec-5] DEBUG [traceId=6aff4bb32fc34268b81e3a031272c89d userId= role=] c.k.i.m.SysUserMapper.selectById - <==      Total: 1
2026-07-22 21:42:31.660 [http-nio-8080-exec-10] DEBUG [traceId=597c84ea7b184cd39a629f674aadea24 userId=21 role=1] c.k.i.m.ClassInfoMapper.selectList - ==>  Preparing: SELECT id,class_name,description,status,create_by,create_time,update_by,update_time FROM class_info WHERE (status = ?) ORDER BY class_name ASC
2026-07-22 21:42:31.661 [http-nio-8080-exec-10] DEBUG [traceId=597c84ea7b184cd39a629f674aadea24 userId=21 role=1] c.k.i.m.ClassInfoMapper.selectList - ==> Parameters: 1(Integer)
2026-07-22 21:42:31.662 [http-nio-8080-exec-10] DEBUG [traceId=597c84ea7b184cd39a629f674aadea24 userId=21 role=1] c.k.i.m.ClassInfoMapper.selectList - <==      Total: 3
2026-07-22 21:42:31.664 [http-nio-8080-exec-10] INFO  [traceId=597c84ea7b184cd39a629f674aadea24 userId=21 role=1] com.kg.interceptor.TraceIdFilter - HTTP_REQUEST_END method=GET uri=/class/options status=200 cost=16ms responseBody={"code":200,"message":"查询成功","data":[{"id":8,"className":"1班"},{"id":9,"className":"2班"},{"id":10,"className":"线上学习1班"}]}
2026-07-22 21:42:31.666 [http-nio-8080-exec-6] DEBUG [traceId=18dd666d4a75425cbbbaecac43c3edb1 userId=21 role=1] c.k.i.mapper.DictMapper.selectList - ==>  Preparing: SELECT id,dict_code,dict_name,dict_label,dict_value,display_color,sort_no,status,create_by,create_time,update_by,update_time FROM sys_dict WHERE (dict_code = ? AND status = ?) ORDER BY sort_no ASC
2026-07-22 21:42:31.666 [http-nio-8080-exec-6] DEBUG [traceId=18dd666d4a75425cbbbaecac43c3edb1 userId=21 role=1] c.k.i.mapper.DictMapper.selectList - ==> Parameters: ROLE(String), 1(Integer)
2026-07-22 21:42:31.672 [http-nio-8080-exec-6] DEBUG [traceId=18dd666d4a75425cbbbaecac43c3edb1 userId=21 role=1] c.k.i.mapper.DictMapper.selectList - <==      Total: 3
2026-07-22 21:42:31.672 [http-nio-8080-exec-5] DEBUG [traceId=6aff4bb32fc34268b81e3a031272c89d userId=21 role=1] c.k.i.mapper.DictMapper.selectList - ==>  Preparing: SELECT id,dict_code,dict_name,dict_label,dict_value,display_color,sort_no,status,create_by,create_time,update_by,update_time FROM sys_dict WHERE (dict_code = ?) ORDER BY sort_no ASC
2026-07-22 21:42:31.673 [http-nio-8080-exec-5] DEBUG [traceId=6aff4bb32fc34268b81e3a031272c89d userId=21 role=1] c.k.i.mapper.DictMapper.selectList - ==> Parameters: task_type(String)
2026-07-22 21:42:31.675 [http-nio-8080-exec-6] INFO  [traceId=18dd666d4a75425cbbbaecac43c3edb1 userId=21 role=1] com.kg.interceptor.TraceIdFilter - HTTP_REQUEST_END method=GET uri=/dict/ROLE status=200 cost=27ms responseBody={"code":200,"message":"查询成功","data":[{"value":"1","label":"老师"},{"value":"2","label":"班长"},{"value":"3","label":"学生"}]}
2026-07-22 21:42:31.676 [http-nio-8080-exec-5] DEBUG [traceId=6aff4bb32fc34268b81e3a031272c89d userId=21 role=1] c.k.i.mapper.DictMapper.selectList - <==      Total: 4
2026-07-22 21:42:31.676 [http-nio-8080-exec-4] DEBUG [traceId=a57094f020d2488dbed8446cc4044b2e userId=21 role=1] c.k.i.m.SysUserMapper.selectCount - ==>  Preparing: SELECT COUNT( * ) AS total FROM sys_user WHERE (role IN (?,?,?))
2026-07-22 21:42:31.677 [http-nio-8080-exec-4] DEBUG [traceId=a57094f020d2488dbed8446cc4044b2e userId=21 role=1] c.k.i.m.SysUserMapper.selectCount - ==> Parameters: 1(String), 2(String), 3(String)
2026-07-22 21:42:31.678 [http-nio-8080-exec-4] DEBUG [traceId=a57094f020d2488dbed8446cc4044b2e userId=21 role=1] c.k.i.m.SysUserMapper.selectCount - <==      Total: 1
2026-07-22 21:42:31.680 [http-nio-8080-exec-4] DEBUG [traceId=a57094f020d2488dbed8446cc4044b2e userId=21 role=1] c.k.i.m.SysUserMapper.selectList - ==>  Preparing: SELECT id,account,name,password,role,gender,email,phone,openid,description,teacher_remark,password_update_time,class_id,status,create_by,create_time,update_by,update_time FROM sys_user WHERE (role IN (?,?,?)) ORDER BY id DESC LIMIT 0,10
2026-07-22 21:42:31.682 [http-nio-8080-exec-4] DEBUG [traceId=a57094f020d2488dbed8446cc4044b2e userId=21 role=1] c.k.i.m.SysUserMapper.selectList - ==> Parameters: 1(String), 2(String), 3(String)
2026-07-22 21:42:31.682 [http-nio-8080-exec-5] INFO  [traceId=6aff4bb32fc34268b81e3a031272c89d userId=21 role=1] com.kg.interceptor.TraceIdFilter - HTTP_REQUEST_END method=GET uri=/dict/group/task_type status=200 cost=34ms responseBody={"code":200,"message":"查询成功","data":{"dictCode":"task_type","dictName":"任务类型","items":[{"dictValue":"0","dictLabel":"刷题","sortNo":0,"status":1,"displayColor":"#ff6f00"},{"dictValue":"1","dictLabel":"学习","sortNo":1,"status":1,"displayColor":"#f7ff00"},{"dictValue":"2","dictLabel":"打卡","sortNo":2,"status":1,"displayColor":"#66ff00"},{"dictValue":"3","dictLabel":"每日复盘","sortNo":3,"status":1,"displayColor":"#00bfff"}]}}
2026-07-22 21:42:31.687 [http-nio-8080-exec-4] DEBUG [traceId=a57094f020d2488dbed8446cc4044b2e userId=21 role=1] c.k.i.m.SysUserMapper.selectList - <==      Total: 10
2026-07-22 21:42:31.691 [http-nio-8080-exec-4] INFO  [traceId=a57094f020d2488dbed8446cc4044b2e userId=21 role=1] com.kg.interceptor.TraceIdFilter - HTTP_REQUEST_END method=POST uri=/student/page status=200 cost=43ms responseBody={"code":200,"message":"查询成功","data":{"total":13,"list":[{"id":33,"name":"五四","role":"3","phone":"18135257653","classId":10,"gender":1,"email":"","status":1,"teacherRemark":"此人资料分析很强","createTime":"2026-07-02 17:26:00"},{"id":32,"name":"11","role":"3","phone":"123","classId":8,"gender":1,"email":"","status":1,"teacherRemark":null,"createTime":"2026-06-12 23:07:07"},{"id":31,"name":"11","role":"3","phone":"111122223333","classId":8,"gender":1,"email":"","status":1,"teacherRemark":null,"createTime":"2026-06-12 23:00:58"},{"id":30,"name":"测试新增用户任务","role":"3","phone":"13233571111","classId":8,"gender":1,"email":"","status":1,"teacherRemark":null,"createTime":"2026-06-12 22:58:24"},{"id":29,"name":"杨少伟","role":"2","phone":"18295917653","classId":8,"gender":1,"email":"2739244843@qq.com","status":1,"teacherRemark":"资料不行","createTime":"2026-06-08 10:51:02"},{"id":28,"name":"赵八","role":"2","phone":"17200615566","classId":8,"gender":1,"email":"","status":1,"teacherRemark":null,"createTime":"2026-06-01 00:25:25"},{"id":27,"name":"赵七","role":"2","phone":"17200615565","classId":null,"gender":1,"email":null,"status":1,"teacherRemark":null,"createTime":"2026-06-01 00:22:14"},{"id":26,"name":"赵六","role":"2","phone":"17200615564","classId":9,"gender":1,"email":null,"status":1,"teacherRemark":null,"createTime":"2026-06-01 00:14:23"},{"id":25,"name":"王五","role":"3","phone":"17200615560","classId":8,"gender":1,"email":"","status":1,"teacherRemark":"这是老师的备注","createTime":"2026-06-01 00:13:01"},{"id":24,"name":"李四","role":"3","phone":"17200615561","classId":9,"gender":2,"email":"","status":1,"teacherRemark":null,"createTime":"2026-06-01 00:12:50"}]}}
2026-07-22 21:42:45.816 [http-nio-8080-exec-7] INFO  [traceId=931a3261f20c4059bfcb06424b997afc userId= role=] com.kg.interceptor.TraceIdFilter - HTTP_REQUEST_START method=POST uri=/student/page query=null requestBody={"pageNum":1,"pageSize":50} ip=0:0:0:0:0:0:0:1 userAgent=Mozilla/5.0 (Windows NT 10.0; Win64; x64) AppleWebKit/537.36 (KHTML, like Gecko) Chrome/123.0.0.0 Safari/537.36
2026-07-22 21:42:45.820 [http-nio-8080-exec-7] DEBUG [traceId=931a3261f20c4059bfcb06424b997afc userId= role=] c.k.i.m.SysUserMapper.selectById - ==>  Preparing: SELECT id,account,name,password,role,gender,email,phone,openid,description,teacher_remark,password_update_time,class_id,status,create_by,create_time,update_by,update_time FROM sys_user WHERE id=?
2026-07-22 21:42:45.821 [http-nio-8080-exec-7] DEBUG [traceId=931a3261f20c4059bfcb06424b997afc userId= role=] c.k.i.m.SysUserMapper.selectById - ==> Parameters: 21(Long)
2026-07-22 21:42:45.822 [http-nio-8080-exec-7] DEBUG [traceId=931a3261f20c4059bfcb06424b997afc userId= role=] c.k.i.m.SysUserMapper.selectById - <==      Total: 1
2026-07-22 21:42:45.825 [http-nio-8080-exec-7] DEBUG [traceId=931a3261f20c4059bfcb06424b997afc userId=21 role=1] c.k.i.m.SysUserMapper.selectCount - ==>  Preparing: SELECT COUNT( * ) AS total FROM sys_user WHERE (role IN (?,?,?))
2026-07-22 21:42:45.826 [http-nio-8080-exec-7] DEBUG [traceId=931a3261f20c4059bfcb06424b997afc userId=21 role=1] c.k.i.m.SysUserMapper.selectCount - ==> Parameters: 1(String), 2(String), 3(String)
2026-07-22 21:42:45.827 [http-nio-8080-exec-7] DEBUG [traceId=931a3261f20c4059bfcb06424b997afc userId=21 role=1] c.k.i.m.SysUserMapper.selectCount - <==      Total: 1
2026-07-22 21:42:45.828 [http-nio-8080-exec-7] DEBUG [traceId=931a3261f20c4059bfcb06424b997afc userId=21 role=1] c.k.i.m.SysUserMapper.selectList - ==>  Preparing: SELECT id,account,name,password,role,gender,email,phone,openid,description,teacher_remark,password_update_time,class_id,status,create_by,create_time,update_by,update_time FROM sys_user WHERE (role IN (?,?,?)) ORDER BY id DESC LIMIT 0,50
2026-07-22 21:42:45.829 [http-nio-8080-exec-7] DEBUG [traceId=931a3261f20c4059bfcb06424b997afc userId=21 role=1] c.k.i.m.SysUserMapper.selectList - ==> Parameters: 1(String), 2(String), 3(String)
2026-07-22 21:42:45.831 [http-nio-8080-exec-7] DEBUG [traceId=931a3261f20c4059bfcb06424b997afc userId=21 role=1] c.k.i.m.SysUserMapper.selectList - <==      Total: 13
2026-07-22 21:42:45.835 [http-nio-8080-exec-7] INFO  [traceId=931a3261f20c4059bfcb06424b997afc userId=21 role=1] com.kg.interceptor.TraceIdFilter - HTTP_REQUEST_END method=POST uri=/student/page status=200 cost=19ms responseBody={"code":200,"message":"查询成功","data":{"total":13,"list":[{"id":33,"name":"五四","role":"3","phone":"18135257653","classId":10,"gender":1,"email":"","status":1,"teacherRemark":"此人资料分析很强","createTime":"2026-07-02 17:26:00"},{"id":32,"name":"11","role":"3","phone":"123","classId":8,"gender":1,"email":"","status":1,"teacherRemark":null,"createTime":"2026-06-12 23:07:07"},{"id":31,"name":"11","role":"3","phone":"111122223333","classId":8,"gender":1,"email":"","status":1,"teacherRemark":null,"createTime":"2026-06-12 23:00:58"},{"id":30,"name":"测试新增用户任务","role":"3","phone":"13233571111","classId":8,"gender":1,"email":"","status":1,"teacherRemark":null,"createTime":"2026-06-12 22:58:24"},{"id":29,"name":"杨少伟","role":"2","phone":"18295917653","classId":8,"gender":1,"email":"2739244843@qq.com","status":1,"teacherRemark":"资料不行","createTime":"2026-06-08 10:51:02"},{"id":28,"name":"赵八","role":"2","phone":"17200615566","classId":8,"gender":1,"email":"","status":1,"teacherRemark":null,"createTime":"2026-06-01 00:25:25"},{"id":27,"name":"赵七","role":"2","phone":"17200615565","classId":null,"gender":1,"email":null,"status":1,"teacherRemark":null,"createTime":"2026-06-01 00:22:14"},{"id":26,"name":"赵六","role":"2","phone":"17200615564","classId":9,"gender":1,"email":null,"status":1,"teacherRemark":null,"createTime":"2026-06-01 00:14:23"},{"id":25,"name":"王五","role":"3","phone":"17200615560","classId":8,"gender":1,"email":"","status":1,"teacherRemark":"这是老师的备注","createTime":"2026-06-01 00:13:01"},{"id":24,"name":"李四","role":"3","phone":"17200615561","classId":9,"gender":2,"email":"","status":1,"teacherRemark":null,"createTime":"2026-06-01 00:12:50"},{"id":23,"name":"张三","role":"2","phone":"17200615562","classId":8,"gender":1,"email":"","status":1,"teacherRemark":null,"createTime":"2026-06-01 00:12:39"},{"id":22,"name":"李老师","role":"1","phone":"17200615563","classId":null,"gender":1,"email":"","status":1,"teacherRemark":null,"createTime":"2026-06-01 00:12:24"},{"id":21,"name":"管理员","role":"1","phone":null,"classId":null,"gender":0,"email":null,"status":1,"teacherRemark":null,"createTime":"2026-06-01 00:11:49"}]}}
2026-07-22 21:42:54.897 [http-nio-8080-exec-9] INFO  [traceId=f1f8f290bdea43bbade1c7a9842666ed userId= role=] com.kg.interceptor.TraceIdFilter - HTTP_REQUEST_START method=PUT uri=/student/22 query=null requestBody={"name":"李老师","phone":"17200615563","role":"3","classId":8,"gender":1,"account":"","email":"","description":"","teacherRemark":"","status":1} ip=0:0:0:0:0:0:0:1 userAgent=Mozilla/5.0 (Windows NT 10.0; Win64; x64) AppleWebKit/537.36 (KHTML, like Gecko) Chrome/123.0.0.0 Safari/537.36
2026-07-22 21:42:54.900 [http-nio-8080-exec-9] DEBUG [traceId=f1f8f290bdea43bbade1c7a9842666ed userId= role=] c.k.i.m.SysUserMapper.selectById - ==>  Preparing: SELECT id,account,name,password,role,gender,email,phone,openid,description,teacher_remark,password_update_time,class_id,status,create_by,create_time,update_by,update_time FROM sys_user WHERE id=?
2026-07-22 21:42:54.900 [http-nio-8080-exec-9] DEBUG [traceId=f1f8f290bdea43bbade1c7a9842666ed userId= role=] c.k.i.m.SysUserMapper.selectById - ==> Parameters: 21(Long)
2026-07-22 21:42:54.901 [http-nio-8080-exec-9] DEBUG [traceId=f1f8f290bdea43bbade1c7a9842666ed userId= role=] c.k.i.m.SysUserMapper.selectById - <==      Total: 1
2026-07-22 21:42:54.908 [http-nio-8080-exec-9] DEBUG [traceId=f1f8f290bdea43bbade1c7a9842666ed userId=21 role=1] c.k.i.m.SysUserMapper.selectList - ==>  Preparing: SELECT id,account,name,password,role,gender,email,phone,openid,description,teacher_remark,password_update_time,class_id,status,create_by,create_time,update_by,update_time FROM sys_user WHERE (account = ?)
2026-07-22 21:42:54.908 [http-nio-8080-exec-9] DEBUG [traceId=f1f8f290bdea43bbade1c7a9842666ed userId=21 role=1] c.k.i.m.SysUserMapper.selectList - ==> Parameters: 17200615563(String)
2026-07-22 21:42:54.910 [http-nio-8080-exec-9] DEBUG [traceId=f1f8f290bdea43bbade1c7a9842666ed userId=21 role=1] c.k.i.m.SysUserMapper.selectList - <==      Total: 1
2026-07-22 21:42:54.916 [http-nio-8080-exec-9] DEBUG [traceId=f1f8f290bdea43bbade1c7a9842666ed userId=21 role=1] c.k.i.mapper.SysUserMapper.update - ==>  Preparing: UPDATE sys_user SET account=?,name=?,role=?,gender=?,email=?,phone=?,description=?,class_id=?,status=?,teacher_remark=?,update_by=? WHERE (id = ?)
2026-07-22 21:42:54.917 [http-nio-8080-exec-9] DEBUG [traceId=f1f8f290bdea43bbade1c7a9842666ed userId=21 role=1] c.k.i.mapper.SysUserMapper.update - ==> Parameters: 17200615563(String), 李老师(String), 3(String), 1(Integer), (String), 17200615563(String), (String), 8(Long), 1(Integer), (String), 21(Long), 22(Long)
2026-07-22 21:42:54.929 [http-nio-8080-exec-9] DEBUG [traceId=f1f8f290bdea43bbade1c7a9842666ed userId=21 role=1] c.k.i.mapper.SysUserMapper.update - <==    Updates: 1
2026-07-22 21:42:54.929 [http-nio-8080-exec-9] INFO  [traceId=f1f8f290bdea43bbade1c7a9842666ed userId=21 role=1] c.k.a.s.StudentApplicationService - 编辑学生成功: id=22
2026-07-22 21:42:54.930 [http-nio-8080-exec-9] INFO  [traceId=f1f8f290bdea43bbade1c7a9842666ed userId=21 role=1] com.kg.interceptor.TraceIdFilter - HTTP_REQUEST_END method=PUT uri=/student/22 status=200 cost=33ms responseBody={"code":200,"message":"编辑成功"}
2026-07-22 21:42:54.946 [http-nio-8080-exec-1] INFO  [traceId=9e508aa5cfa14c09b255c993d33805ca userId= role=] com.kg.interceptor.TraceIdFilter - HTTP_REQUEST_START method=POST uri=/student/page query=null requestBody={"pageNum":1,"pageSize":50} ip=0:0:0:0:0:0:0:1 userAgent=Mozilla/5.0 (Windows NT 10.0; Win64; x64) AppleWebKit/537.36 (KHTML, like Gecko) Chrome/123.0.0.0 Safari/537.36
2026-07-22 21:42:54.948 [http-nio-8080-exec-1] DEBUG [traceId=9e508aa5cfa14c09b255c993d33805ca userId= role=] c.k.i.m.SysUserMapper.selectById - ==>  Preparing: SELECT id,account,name,password,role,gender,email,phone,openid,description,teacher_remark,password_update_time,class_id,status,create_by,create_time,update_by,update_time FROM sys_user WHERE id=?
2026-07-22 21:42:54.949 [http-nio-8080-exec-1] DEBUG [traceId=9e508aa5cfa14c09b255c993d33805ca userId= role=] c.k.i.m.SysUserMapper.selectById - ==> Parameters: 21(Long)
2026-07-22 21:42:54.953 [http-nio-8080-exec-1] DEBUG [traceId=9e508aa5cfa14c09b255c993d33805ca userId= role=] c.k.i.m.SysUserMapper.selectById - <==      Total: 1
2026-07-22 21:42:54.955 [http-nio-8080-exec-1] DEBUG [traceId=9e508aa5cfa14c09b255c993d33805ca userId=21 role=1] c.k.i.m.SysUserMapper.selectCount - ==>  Preparing: SELECT COUNT( * ) AS total FROM sys_user WHERE (role IN (?,?,?))
2026-07-22 21:42:54.955 [http-nio-8080-exec-1] DEBUG [traceId=9e508aa5cfa14c09b255c993d33805ca userId=21 role=1] c.k.i.m.SysUserMapper.selectCount - ==> Parameters: 1(String), 2(String), 3(String)
2026-07-22 21:42:54.956 [http-nio-8080-exec-1] DEBUG [traceId=9e508aa5cfa14c09b255c993d33805ca userId=21 role=1] c.k.i.m.SysUserMapper.selectCount - <==      Total: 1
2026-07-22 21:42:54.958 [http-nio-8080-exec-1] DEBUG [traceId=9e508aa5cfa14c09b255c993d33805ca userId=21 role=1] c.k.i.m.SysUserMapper.selectList - ==>  Preparing: SELECT id,account,name,password,role,gender,email,phone,openid,description,teacher_remark,password_update_time,class_id,status,create_by,create_time,update_by,update_time FROM sys_user WHERE (role IN (?,?,?)) ORDER BY id DESC LIMIT 0,50
2026-07-22 21:42:54.958 [http-nio-8080-exec-1] DEBUG [traceId=9e508aa5cfa14c09b255c993d33805ca userId=21 role=1] c.k.i.m.SysUserMapper.selectList - ==> Parameters: 1(String), 2(String), 3(String)
2026-07-22 21:42:54.960 [http-nio-8080-exec-1] DEBUG [traceId=9e508aa5cfa14c09b255c993d33805ca userId=21 role=1] c.k.i.m.SysUserMapper.selectList - <==      Total: 13
2026-07-22 21:42:54.961 [http-nio-8080-exec-1] INFO  [traceId=9e508aa5cfa14c09b255c993d33805ca userId=21 role=1] com.kg.interceptor.TraceIdFilter - HTTP_REQUEST_END method=POST uri=/student/page status=200 cost=15ms responseBody={"code":200,"message":"查询成功","data":{"total":13,"list":[{"id":33,"name":"五四","role":"3","phone":"18135257653","classId":10,"gender":1,"email":"","status":1,"teacherRemark":"此人资料分析很强","createTime":"2026-07-02 17:26:00"},{"id":32,"name":"11","role":"3","phone":"123","classId":8,"gender":1,"email":"","status":1,"teacherRemark":null,"createTime":"2026-06-12 23:07:07"},{"id":31,"name":"11","role":"3","phone":"111122223333","classId":8,"gender":1,"email":"","status":1,"teacherRemark":null,"createTime":"2026-06-12 23:00:58"},{"id":30,"name":"测试新增用户任务","role":"3","phone":"13233571111","classId":8,"gender":1,"email":"","status":1,"teacherRemark":null,"createTime":"2026-06-12 22:58:24"},{"id":29,"name":"杨少伟","role":"2","phone":"18295917653","classId":8,"gender":1,"email":"2739244843@qq.com","status":1,"teacherRemark":"资料不行","createTime":"2026-06-08 10:51:02"},{"id":28,"name":"赵八","role":"2","phone":"17200615566","classId":8,"gender":1,"email":"","status":1,"teacherRemark":null,"createTime":"2026-06-01 00:25:25"},{"id":27,"name":"赵七","role":"2","phone":"17200615565","classId":null,"gender":1,"email":null,"status":1,"teacherRemark":null,"createTime":"2026-06-01 00:22:14"},{"id":26,"name":"赵六","role":"2","phone":"17200615564","classId":9,"gender":1,"email":null,"status":1,"teacherRemark":null,"createTime":"2026-06-01 00:14:23"},{"id":25,"name":"王五","role":"3","phone":"17200615560","classId":8,"gender":1,"email":"","status":1,"teacherRemark":"这是老师的备注","createTime":"2026-06-01 00:13:01"},{"id":24,"name":"李四","role":"3","phone":"17200615561","classId":9,"gender":2,"email":"","status":1,"teacherRemark":null,"createTime":"2026-06-01 00:12:50"},{"id":23,"name":"张三","role":"2","phone":"17200615562","classId":8,"gender":1,"email":"","status":1,"teacherRemark":null,"createTime":"2026-06-01 00:12:39"},{"id":22,"name":"李老师","role":"3","phone":"17200615563","classId":8,"gender":1,"email":"","status":1,"teacherRemark":"","createTime":"2026-06-01 00:12:24"},{"id":21,"name":"管理员","role":"1","phone":null,"classId":null,"gender":0,"email":null,"status":1,"teacherRemark":null,"createTime":"2026-06-01 00:11:49"}]}}
2026-07-22 21:43:01.560 [http-nio-8080-exec-8] INFO  [traceId=1b68443958b842f5b44177be0092f7b7 userId= role=] com.kg.interceptor.TraceIdFilter - HTTP_REQUEST_START method=GET uri=/home/stat query=null requestBody= ip=0:0:0:0:0:0:0:1 userAgent=Mozilla/5.0 (Windows NT 10.0; Win64; x64) AppleWebKit/537.36 (KHTML, like Gecko) Chrome/123.0.0.0 Safari/537.36
2026-07-22 21:43:01.564 [http-nio-8080-exec-8] DEBUG [traceId=1b68443958b842f5b44177be0092f7b7 userId= role=] c.k.i.m.SysUserMapper.selectById - ==>  Preparing: SELECT id,account,name,password,role,gender,email,phone,openid,description,teacher_remark,password_update_time,class_id,status,create_by,create_time,update_by,update_time FROM sys_user WHERE id=?
2026-07-22 21:43:01.564 [http-nio-8080-exec-8] DEBUG [traceId=1b68443958b842f5b44177be0092f7b7 userId= role=] c.k.i.m.SysUserMapper.selectById - ==> Parameters: 21(Long)
2026-07-22 21:43:01.565 [http-nio-8080-exec-8] DEBUG [traceId=1b68443958b842f5b44177be0092f7b7 userId= role=] c.k.i.m.SysUserMapper.selectById - <==      Total: 1
2026-07-22 21:43:01.567 [http-nio-8080-exec-8] DEBUG [traceId=1b68443958b842f5b44177be0092f7b7 userId=21 role=1] c.k.i.m.H.countCurrentTasksForTeacher - ==>  Preparing: SELECT COUNT(*) FROM task WHERE task_start_time <= NOW() AND task_end_time >= NOW()
2026-07-22 21:43:01.567 [http-nio-8080-exec-8] DEBUG [traceId=1b68443958b842f5b44177be0092f7b7 userId=21 role=1] c.k.i.m.H.countCurrentTasksForTeacher - ==> Parameters: 
2026-07-22 21:43:01.568 [http-nio-8080-exec-8] DEBUG [traceId=1b68443958b842f5b44177be0092f7b7 userId=21 role=1] c.k.i.m.H.countCurrentTasksForTeacher - <==      Total: 1
2026-07-22 21:43:01.568 [http-nio-8080-exec-8] DEBUG [traceId=1b68443958b842f5b44177be0092f7b7 userId=21 role=1] c.k.i.m.H.countForceTasksForTeacher - ==>  Preparing: SELECT COUNT(*) FROM task WHERE is_mandatory = 1
2026-07-22 21:43:01.568 [http-nio-8080-exec-8] DEBUG [traceId=1b68443958b842f5b44177be0092f7b7 userId=21 role=1] c.k.i.m.H.countForceTasksForTeacher - ==> Parameters: 
2026-07-22 21:43:01.569 [http-nio-8080-exec-8] DEBUG [traceId=1b68443958b842f5b44177be0092f7b7 userId=21 role=1] c.k.i.m.H.countForceTasksForTeacher - <==      Total: 1
2026-07-22 21:43:01.569 [http-nio-8080-exec-8] DEBUG [traceId=1b68443958b842f5b44177be0092f7b7 userId=21 role=1] c.k.i.m.H.countTotalTasksForTeacher - ==>  Preparing: SELECT COUNT(*) FROM task
2026-07-22 21:43:01.569 [http-nio-8080-exec-8] DEBUG [traceId=1b68443958b842f5b44177be0092f7b7 userId=21 role=1] c.k.i.m.H.countTotalTasksForTeacher - ==> Parameters: 
2026-07-22 21:43:01.570 [http-nio-8080-exec-8] DEBUG [traceId=1b68443958b842f5b44177be0092f7b7 userId=21 role=1] c.k.i.m.H.countTotalTasksForTeacher - <==      Total: 1
2026-07-22 21:43:01.570 [http-nio-8080-exec-8] DEBUG [traceId=1b68443958b842f5b44177be0092f7b7 userId=21 role=1] c.k.i.m.H.completionStatsForTeacher - ==>  Preparing: SELECT COUNT(*) AS total, SUM(CASE WHEN tu.status IN ('1','2') THEN 1 ELSE 0 END) AS completed, SUM(CASE WHEN tu.status = '0' THEN 1 ELSE 0 END) AS uncompleted FROM task_user tu JOIN task t ON t.id = tu.task_id
2026-07-22 21:43:01.570 [http-nio-8080-exec-8] DEBUG [traceId=1b68443958b842f5b44177be0092f7b7 userId=21 role=1] c.k.i.m.H.completionStatsForTeacher - ==> Parameters: 
2026-07-22 21:43:01.572 [http-nio-8080-exec-8] DEBUG [traceId=1b68443958b842f5b44177be0092f7b7 userId=21 role=1] c.k.i.m.H.completionStatsForTeacher - <==      Total: 1
2026-07-22 21:43:01.572 [http-nio-8080-exec-8] DEBUG [traceId=1b68443958b842f5b44177be0092f7b7 userId=21 role=1] c.k.i.m.H.lowCompletedTop3ForTeacher - ==>  Preparing: SELECT t.id AS task_id, t.task_name, t.task_end_time AS end_time, COUNT(*) AS total, SUM(CASE WHEN tu.status IN ('1','2') THEN 1 ELSE 0 END) AS completed, SUM(CASE WHEN tu.status = '0' THEN 1 ELSE 0 END) AS uncompleted FROM task t JOIN task_user tu ON tu.task_id = t.id GROUP BY t.id, t.task_name, t.task_end_time ORDER BY (SUM(CASE WHEN tu.status IN ('1','2') THEN 1 ELSE 0 END) * 1.0 / COUNT(*)) ASC LIMIT 3
2026-07-22 21:43:01.573 [http-nio-8080-exec-8] DEBUG [traceId=1b68443958b842f5b44177be0092f7b7 userId=21 role=1] c.k.i.m.H.lowCompletedTop3ForTeacher - ==> Parameters: 
2026-07-22 21:43:01.577 [http-nio-8080-exec-8] DEBUG [traceId=1b68443958b842f5b44177be0092f7b7 userId=21 role=1] c.k.i.m.H.lowCompletedTop3ForTeacher - <==      Total: 3
2026-07-22 21:43:01.578 [http-nio-8080-exec-8] INFO  [traceId=1b68443958b842f5b44177be0092f7b7 userId=21 role=1] com.kg.interceptor.TraceIdFilter - HTTP_REQUEST_END method=GET uri=/home/stat status=200 cost=18ms responseBody={"code":200,"message":"查询成功","data":{"currentTaskCount":4,"forceTaskCount":86,"totalTaskCount":88,"completedTaskUserCount":37,"unCompletedTaskUserCount":557,"completedRate":6,"lowCompletedTasks":[{"taskId":66,"taskName":"145测试","totalUserCount":7,"completedUserCount":0,"unCompletedUserCount":7,"completedRate":0,"endTime":"2026-06-23T23:59:59"},{"taskId":107,"taskName":"每日复盘","totalUserCount":11,"completedUserCount":0,"unCompletedUserCount":11,"completedRate":0,"endTime":"2026-07-19T23:59"},{"taskId":44,"taskName":"测试颜色4","totalUserCount":4,"completedUserCount":0,"unCompletedUserCount":4,"completedRate":0,"endTime":"2026-06-13T23:59:59"}]}}
2026-07-22 21:43:01.611 [http-nio-8080-exec-2] INFO  [traceId=f61e9f5b75ee45b28242f591728211cf userId= role=] com.kg.interceptor.TraceIdFilter - HTTP_REQUEST_START method=GET uri=/class/options query=null requestBody= ip=0:0:0:0:0:0:0:1 userAgent=Mozilla/5.0 (Windows NT 10.0; Win64; x64) AppleWebKit/537.36 (KHTML, like Gecko) Chrome/123.0.0.0 Safari/537.36
2026-07-22 21:43:01.616 [http-nio-8080-exec-2] DEBUG [traceId=f61e9f5b75ee45b28242f591728211cf userId= role=] c.k.i.m.SysUserMapper.selectById - ==>  Preparing: SELECT id,account,name,password,role,gender,email,phone,openid,description,teacher_remark,password_update_time,class_id,status,create_by,create_time,update_by,update_time FROM sys_user WHERE id=?
2026-07-22 21:43:01.616 [http-nio-8080-exec-2] DEBUG [traceId=f61e9f5b75ee45b28242f591728211cf userId= role=] c.k.i.m.SysUserMapper.selectById - ==> Parameters: 21(Long)
2026-07-22 21:43:01.617 [http-nio-8080-exec-2] DEBUG [traceId=f61e9f5b75ee45b28242f591728211cf userId= role=] c.k.i.m.SysUserMapper.selectById - <==      Total: 1
2026-07-22 21:43:01.620 [http-nio-8080-exec-2] DEBUG [traceId=f61e9f5b75ee45b28242f591728211cf userId=21 role=1] c.k.i.m.ClassInfoMapper.selectList - ==>  Preparing: SELECT id,class_name,description,status,create_by,create_time,update_by,update_time FROM class_info WHERE (status = ?) ORDER BY class_name ASC
2026-07-22 21:43:01.620 [http-nio-8080-exec-2] DEBUG [traceId=f61e9f5b75ee45b28242f591728211cf userId=21 role=1] c.k.i.m.ClassInfoMapper.selectList - ==> Parameters: 1(Integer)
2026-07-22 21:43:01.622 [http-nio-8080-exec-2] DEBUG [traceId=f61e9f5b75ee45b28242f591728211cf userId=21 role=1] c.k.i.m.ClassInfoMapper.selectList - <==      Total: 3
2026-07-22 21:43:01.623 [http-nio-8080-exec-2] INFO  [traceId=f61e9f5b75ee45b28242f591728211cf userId=21 role=1] com.kg.interceptor.TraceIdFilter - HTTP_REQUEST_END method=GET uri=/class/options status=200 cost=12ms responseBody={"code":200,"message":"查询成功","data":[{"id":8,"className":"1班"},{"id":9,"className":"2班"},{"id":10,"className":"线上学习1班"}]}
2026-07-22 21:43:01.636 [http-nio-8080-exec-3] INFO  [traceId=8e7b46dfacc945f0b3fafb6ab4ffc9c4 userId= role=] com.kg.interceptor.TraceIdFilter - HTTP_REQUEST_START method=GET uri=/study-phase/calendar query=startDate=2026-07-01&endDate=2026-07-31&classId=8 requestBody= ip=0:0:0:0:0:0:0:1 userAgent=Mozilla/5.0 (Windows NT 10.0; Win64; x64) AppleWebKit/537.36 (KHTML, like Gecko) Chrome/123.0.0.0 Safari/537.36
2026-07-22 21:43:01.639 [http-nio-8080-exec-3] DEBUG [traceId=8e7b46dfacc945f0b3fafb6ab4ffc9c4 userId= role=] c.k.i.m.SysUserMapper.selectById - ==>  Preparing: SELECT id,account,name,password,role,gender,email,phone,openid,description,teacher_remark,password_update_time,class_id,status,create_by,create_time,update_by,update_time FROM sys_user WHERE id=?
2026-07-22 21:43:01.639 [http-nio-8080-exec-3] DEBUG [traceId=8e7b46dfacc945f0b3fafb6ab4ffc9c4 userId= role=] c.k.i.m.SysUserMapper.selectById - ==> Parameters: 21(Long)
2026-07-22 21:43:01.640 [http-nio-8080-exec-3] DEBUG [traceId=8e7b46dfacc945f0b3fafb6ab4ffc9c4 userId= role=] c.k.i.m.SysUserMapper.selectById - <==      Total: 1
2026-07-22 21:43:01.644 [http-nio-8080-exec-3] DEBUG [traceId=8e7b46dfacc945f0b3fafb6ab4ffc9c4 userId=21 role=1] c.k.i.m.S.selectList - ==>  Preparing: SELECT id,phase_id,class_id,create_time FROM study_phase_class WHERE (class_id = ?)
2026-07-22 21:43:01.644 [http-nio-8080-exec-3] DEBUG [traceId=8e7b46dfacc945f0b3fafb6ab4ffc9c4 userId=21 role=1] c.k.i.m.S.selectList - ==> Parameters: 8(Long)
2026-07-22 21:43:01.645 [http-nio-8080-exec-3] DEBUG [traceId=8e7b46dfacc945f0b3fafb6ab4ffc9c4 userId=21 role=1] c.k.i.m.S.selectList - <==      Total: 2
2026-07-22 21:43:01.648 [http-nio-8080-exec-3] DEBUG [traceId=8e7b46dfacc945f0b3fafb6ab4ffc9c4 userId=21 role=1] c.k.i.m.StudyPhaseMapper.selectList - ==>  Preparing: SELECT id,phase_title,phase_content,start_date,end_date,display_color,status,create_by,create_time,update_by,update_time FROM study_phase WHERE (id IN (?,?) AND status = ? AND start_date <= ? AND end_date >= ?) ORDER BY start_date ASC
2026-07-22 21:43:01.648 [http-nio-8080-exec-3] DEBUG [traceId=8e7b46dfacc945f0b3fafb6ab4ffc9c4 userId=21 role=1] c.k.i.m.StudyPhaseMapper.selectList - ==> Parameters: 2(Long), 1(Long), 1(Integer), 2026-07-31(LocalDate), 2026-07-01(LocalDate)
2026-07-22 21:43:01.650 [http-nio-8080-exec-3] DEBUG [traceId=8e7b46dfacc945f0b3fafb6ab4ffc9c4 userId=21 role=1] c.k.i.m.StudyPhaseMapper.selectList - <==      Total: 2
2026-07-22 21:43:01.652 [http-nio-8080-exec-3] DEBUG [traceId=8e7b46dfacc945f0b3fafb6ab4ffc9c4 userId=21 role=1] c.k.i.m.S.selectList - ==>  Preparing: SELECT id,phase_id,class_id,create_time FROM study_phase_class WHERE (phase_id = ?)
2026-07-22 21:43:01.652 [http-nio-8080-exec-3] DEBUG [traceId=8e7b46dfacc945f0b3fafb6ab4ffc9c4 userId=21 role=1] c.k.i.m.S.selectList - ==> Parameters: 1(Long)
2026-07-22 21:43:01.654 [http-nio-8080-exec-3] DEBUG [traceId=8e7b46dfacc945f0b3fafb6ab4ffc9c4 userId=21 role=1] c.k.i.m.S.selectList - <==      Total: 3
2026-07-22 21:43:01.655 [http-nio-8080-exec-3] DEBUG [traceId=8e7b46dfacc945f0b3fafb6ab4ffc9c4 userId=21 role=1] c.k.i.m.ClassInfoMapper.selectById - ==>  Preparing: SELECT id,class_name,description,status,create_by,create_time,update_by,update_time FROM class_info WHERE id=?
2026-07-22 21:43:01.655 [http-nio-8080-exec-3] DEBUG [traceId=8e7b46dfacc945f0b3fafb6ab4ffc9c4 userId=21 role=1] c.k.i.m.ClassInfoMapper.selectById - ==> Parameters: 8(Long)
2026-07-22 21:43:01.657 [http-nio-8080-exec-3] DEBUG [traceId=8e7b46dfacc945f0b3fafb6ab4ffc9c4 userId=21 role=1] c.k.i.m.ClassInfoMapper.selectById - <==      Total: 1
2026-07-22 21:43:01.657 [http-nio-8080-exec-3] DEBUG [traceId=8e7b46dfacc945f0b3fafb6ab4ffc9c4 userId=21 role=1] c.k.i.m.ClassInfoMapper.selectById - ==>  Preparing: SELECT id,class_name,description,status,create_by,create_time,update_by,update_time FROM class_info WHERE id=?
2026-07-22 21:43:01.657 [http-nio-8080-exec-3] DEBUG [traceId=8e7b46dfacc945f0b3fafb6ab4ffc9c4 userId=21 role=1] c.k.i.m.ClassInfoMapper.selectById - ==> Parameters: 9(Long)
2026-07-22 21:43:01.659 [http-nio-8080-exec-3] DEBUG [traceId=8e7b46dfacc945f0b3fafb6ab4ffc9c4 userId=21 role=1] c.k.i.m.ClassInfoMapper.selectById - <==      Total: 1
2026-07-22 21:43:01.660 [http-nio-8080-exec-3] DEBUG [traceId=8e7b46dfacc945f0b3fafb6ab4ffc9c4 userId=21 role=1] c.k.i.m.ClassInfoMapper.selectById - ==>  Preparing: SELECT id,class_name,description,status,create_by,create_time,update_by,update_time FROM class_info WHERE id=?
2026-07-22 21:43:01.660 [http-nio-8080-exec-3] DEBUG [traceId=8e7b46dfacc945f0b3fafb6ab4ffc9c4 userId=21 role=1] c.k.i.m.ClassInfoMapper.selectById - ==> Parameters: 10(Long)
2026-07-22 21:43:01.663 [http-nio-8080-exec-3] DEBUG [traceId=8e7b46dfacc945f0b3fafb6ab4ffc9c4 userId=21 role=1] c.k.i.m.ClassInfoMapper.selectById - <==      Total: 1
2026-07-22 21:43:01.665 [http-nio-8080-exec-3] DEBUG [traceId=8e7b46dfacc945f0b3fafb6ab4ffc9c4 userId=21 role=1] c.k.i.m.S.selectList - ==>  Preparing: SELECT id,phase_id,class_id,create_time FROM study_phase_class WHERE (phase_id = ?)
2026-07-22 21:43:01.665 [http-nio-8080-exec-3] DEBUG [traceId=8e7b46dfacc945f0b3fafb6ab4ffc9c4 userId=21 role=1] c.k.i.m.S.selectList - ==> Parameters: 2(Long)
2026-07-22 21:43:01.666 [http-nio-8080-exec-3] DEBUG [traceId=8e7b46dfacc945f0b3fafb6ab4ffc9c4 userId=21 role=1] c.k.i.m.S.selectList - <==      Total: 1
2026-07-22 21:43:01.666 [http-nio-8080-exec-3] DEBUG [traceId=8e7b46dfacc945f0b3fafb6ab4ffc9c4 userId=21 role=1] c.k.i.m.ClassInfoMapper.selectById - ==>  Preparing: SELECT id,class_name,description,status,create_by,create_time,update_by,update_time FROM class_info WHERE id=?
2026-07-22 21:43:01.667 [http-nio-8080-exec-3] DEBUG [traceId=8e7b46dfacc945f0b3fafb6ab4ffc9c4 userId=21 role=1] c.k.i.m.ClassInfoMapper.selectById - ==> Parameters: 8(Long)
2026-07-22 21:43:01.668 [http-nio-8080-exec-3] DEBUG [traceId=8e7b46dfacc945f0b3fafb6ab4ffc9c4 userId=21 role=1] c.k.i.m.ClassInfoMapper.selectById - <==      Total: 1
2026-07-22 21:43:01.668 [http-nio-8080-exec-3] INFO  [traceId=8e7b46dfacc945f0b3fafb6ab4ffc9c4 userId=21 role=1] com.kg.interceptor.TraceIdFilter - HTTP_REQUEST_END method=GET uri=/study-phase/calendar status=200 cost=33ms responseBody={"code":200,"message":"查询成功","data":[{"id":1,"phaseTitle":"测试阶段","phaseContent":"这是一条描述","startDate":"2026-07-01","endDate":"2026-07-03","displayColor":"#ee6262","status":1,"classIds":[8,9,10],"classNames":["1班","2班","线上学习1班"],"createTime":"2026-07-02 21:13:33"},{"id":2,"phaseTitle":"测试阶段2","phaseContent":"这是测试阶段2的描述","startDate":"2026-07-02","endDate":"2026-07-09","displayColor":"#6367d4","status":1,"classIds":[8],"classNames":["1班"],"createTime":"2026-07-02 21:23:49"}]}
2026-07-22 21:43:13.278 [http-nio-8080-exec-10] INFO  [traceId=6f060a93542b4b5bbdb4e0949035a2df userId= role=] com.kg.interceptor.TraceIdFilter - HTTP_REQUEST_START method=POST uri=/miniapp/phone-login query=null requestBody={"loginCode":"0e3boBll2zsR7i4FCtnl2xMeOp4boBlH","phoneCode":"d01a934fb5d4d5a94fcf07e4c2216cd041a020dc1e7c6f4116da6bf2e2b54adf"} ip=0:0:0:0:0:0:0:1 userAgent=Mozilla/5.0 (iPhone; CPU iPhone OS 15_0 like Mac OS X) AppleWebKit/605.1.15 (KHTML, like Gecko) Version/15.0 Mobile/15E148 Safari/604.1 wechatdevtools/2.01.2510290 MicroMessenger/8.0.5 Language/zh_CN webview/ hash/597225176 sid/jAVCl7QYrr
2026-07-22 21:43:16.438 [http-nio-8080-exec-10] INFO  [traceId=6f060a93542b4b5bbdb4e0949035a2df userId= role=] c.k.a.service.WechatMiniappService - code2Session成功: openid=oKcBa3***
2026-07-22 21:43:16.669 [http-nio-8080-exec-10] INFO  [traceId=6f060a93542b4b5bbdb4e0949035a2df userId= role=] c.k.a.service.WechatMiniappService - 获取手机号成功: phone=172****5563
2026-07-22 21:43:16.670 [http-nio-8080-exec-10] DEBUG [traceId=6f060a93542b4b5bbdb4e0949035a2df userId= role=] c.k.i.m.SysUserMapper.selectList - ==>  Preparing: SELECT id,account,name,password,role,gender,email,phone,openid,description,teacher_remark,password_update_time,class_id,status,create_by,create_time,update_by,update_time FROM sys_user WHERE (openid = ?)
2026-07-22 21:43:16.671 [http-nio-8080-exec-10] DEBUG [traceId=6f060a93542b4b5bbdb4e0949035a2df userId= role=] c.k.i.m.SysUserMapper.selectList - ==> Parameters: oKcBa3Y-qImOiFCAXNKjDhjp4SmE(String)
2026-07-22 21:43:16.672 [http-nio-8080-exec-10] DEBUG [traceId=6f060a93542b4b5bbdb4e0949035a2df userId= role=] c.k.i.m.SysUserMapper.selectList - <==      Total: 0
2026-07-22 21:43:16.672 [http-nio-8080-exec-10] DEBUG [traceId=6f060a93542b4b5bbdb4e0949035a2df userId= role=] c.k.i.m.SysUserMapper.selectList - ==>  Preparing: SELECT id,account,name,password,role,gender,email,phone,openid,description,teacher_remark,password_update_time,class_id,status,create_by,create_time,update_by,update_time FROM sys_user WHERE (phone = ?)
2026-07-22 21:43:16.673 [http-nio-8080-exec-10] DEBUG [traceId=6f060a93542b4b5bbdb4e0949035a2df userId= role=] c.k.i.m.SysUserMapper.selectList - ==> Parameters: 17200615563(String)
2026-07-22 21:43:16.675 [http-nio-8080-exec-10] DEBUG [traceId=6f060a93542b4b5bbdb4e0949035a2df userId= role=] c.k.i.m.SysUserMapper.selectList - <==      Total: 1
2026-07-22 21:43:16.681 [http-nio-8080-exec-10] DEBUG [traceId=6f060a93542b4b5bbdb4e0949035a2df userId= role=] c.k.i.m.SysUserMapper.updateById - ==>  Preparing: UPDATE sys_user SET account=?, name=?, password=?, role=?, gender=?, email=?, phone=?, openid=?, description=?, teacher_remark=?, class_id=?, status=?, create_by=?, create_time=?, update_by=?, update_time=? WHERE id=?
2026-07-22 21:43:16.681 [http-nio-8080-exec-10] DEBUG [traceId=6f060a93542b4b5bbdb4e0949035a2df userId= role=] c.k.i.m.SysUserMapper.updateById - ==> Parameters: 17200615563(String), 李老师(String), $2a$10$N1qv/XtLTXeIbMtXnlrq4eSf8jY.uExTAo.JojHxJNP1poXgHztBS(String), 3(String), 1(Integer), (String), 17200615563(String), oKcBa3Y-qImOiFCAXNKjDhjp4SmE(String), (String), (String), 8(Long), 1(Integer), 21(Long), 2026-06-01T00:12:24(LocalDateTime), 21(Long), 2026-07-22T21:42:54(LocalDateTime), 22(Long)
2026-07-22 21:43:16.684 [http-nio-8080-exec-10] DEBUG [traceId=6f060a93542b4b5bbdb4e0949035a2df userId= role=] c.k.i.m.SysUserMapper.updateById - <==    Updates: 1
2026-07-22 21:43:16.684 [http-nio-8080-exec-10] INFO  [traceId=6f060a93542b4b5bbdb4e0949035a2df userId= role=] c.k.a.service.MiniappLoginService - openid绑定成功: userId=22
2026-07-22 21:43:16.687 [http-nio-8080-exec-10] INFO  [traceId=6f060a93542b4b5bbdb4e0949035a2df userId= role=] com.kg.interceptor.TraceIdFilter - HTTP_REQUEST_END method=POST uri=/miniapp/phone-login status=200 cost=3409ms responseBody={"code":200,"message":"登录成功","data":{"needPhoneAuth":false,"token":"eyJhbGciOiJIUzI1NiJ9.eyJyb2xlIjoiMyIsInN1YiI6IjIyIiwiaWF0IjoxNzg0NzI3Nzk2LCJleHAiOjE3ODQ4MTQxOTZ9.Y1GpXLv_V0I2J1j_NsqLVWUWUSIn-X7PWS9dfaJtbRc","userInfo":{"id":22,"account":"17200615563","name":"李老师","role":"3","classId":8,"phone":"17200615563"}}}
2026-07-22 21:43:19.190 [http-nio-8080-exec-6] INFO  [traceId=9ba56be998364af09aede8b82de3c6db userId= role=] com.kg.interceptor.TraceIdFilter - HTTP_REQUEST_START method=GET uri=/home/student/stat query=null requestBody= ip=0:0:0:0:0:0:0:1 userAgent=Mozilla/5.0 (iPhone; CPU iPhone OS 15_0 like Mac OS X) AppleWebKit/605.1.15 (KHTML, like Gecko) Version/15.0 Mobile/15E148 Safari/604.1 wechatdevtools/2.01.2510290 MicroMessenger/8.0.5 Language/zh_CN webview/ hash/597225176 sid/jAVCl7QYrr
2026-07-22 21:43:19.190 [http-nio-8080-exec-5] INFO  [traceId=e3e5a31baa1e430a931351b28a19164e userId= role=] com.kg.interceptor.TraceIdFilter - HTTP_REQUEST_START method=GET uri=/student/checkin/stat query=null requestBody= ip=0:0:0:0:0:0:0:1 userAgent=Mozilla/5.0 (iPhone; CPU iPhone OS 15_0 like Mac OS X) AppleWebKit/605.1.15 (KHTML, like Gecko) Version/15.0 Mobile/15E148 Safari/604.1 wechatdevtools/2.01.2510290 MicroMessenger/8.0.5 Language/zh_CN webview/ hash/597225176 sid/jAVCl7QYrr
2026-07-22 21:43:19.196 [http-nio-8080-exec-5] DEBUG [traceId=e3e5a31baa1e430a931351b28a19164e userId= role=] c.k.i.m.SysUserMapper.selectById - ==>  Preparing: SELECT id,account,name,password,role,gender,email,phone,openid,description,teacher_remark,password_update_time,class_id,status,create_by,create_time,update_by,update_time FROM sys_user WHERE id=?
2026-07-22 21:43:19.196 [http-nio-8080-exec-6] DEBUG [traceId=9ba56be998364af09aede8b82de3c6db userId= role=] c.k.i.m.SysUserMapper.selectById - ==>  Preparing: SELECT id,account,name,password,role,gender,email,phone,openid,description,teacher_remark,password_update_time,class_id,status,create_by,create_time,update_by,update_time FROM sys_user WHERE id=?
2026-07-22 21:43:19.196 [http-nio-8080-exec-6] DEBUG [traceId=9ba56be998364af09aede8b82de3c6db userId= role=] c.k.i.m.SysUserMapper.selectById - ==> Parameters: 22(Long)
2026-07-22 21:43:19.196 [http-nio-8080-exec-5] DEBUG [traceId=e3e5a31baa1e430a931351b28a19164e userId= role=] c.k.i.m.SysUserMapper.selectById - ==> Parameters: 22(Long)
2026-07-22 21:43:19.197 [http-nio-8080-exec-6] DEBUG [traceId=9ba56be998364af09aede8b82de3c6db userId= role=] c.k.i.m.SysUserMapper.selectById - <==      Total: 1
2026-07-22 21:43:19.197 [http-nio-8080-exec-5] DEBUG [traceId=e3e5a31baa1e430a931351b28a19164e userId= role=] c.k.i.m.SysUserMapper.selectById - <==      Total: 1
2026-07-22 21:43:19.198 [http-nio-8080-exec-5] DEBUG [traceId=e3e5a31baa1e430a931351b28a19164e userId=22 role=3] c.k.i.m.S.findCheckinDates - ==>  Preparing: SELECT DISTINCT DATE(t.task_start_time) AS checkinDate FROM task_user tu JOIN task t ON t.id = tu.task_id WHERE tu.user_id = ? AND t.task_type = ? AND tu.status = '1' ORDER BY checkinDate DESC
2026-07-22 21:43:19.198 [http-nio-8080-exec-6] DEBUG [traceId=9ba56be998364af09aede8b82de3c6db userId=22 role=3] c.k.i.m.H.countTodoForStudent - ==>  Preparing: SELECT COUNT(*) FROM task_user WHERE user_id = ? AND status = '0'
2026-07-22 21:43:19.199 [http-nio-8080-exec-5] DEBUG [traceId=e3e5a31baa1e430a931351b28a19164e userId=22 role=3] c.k.i.m.S.findCheckinDates - ==> Parameters: 22(Long), 2(String)
2026-07-22 21:43:19.199 [http-nio-8080-exec-6] DEBUG [traceId=9ba56be998364af09aede8b82de3c6db userId=22 role=3] c.k.i.m.H.countTodoForStudent - ==> Parameters: 22(Long)
2026-07-22 21:43:19.200 [http-nio-8080-exec-6] DEBUG [traceId=9ba56be998364af09aede8b82de3c6db userId=22 role=3] c.k.i.m.H.countTodoForStudent - <==      Total: 1
2026-07-22 21:43:19.201 [http-nio-8080-exec-6] DEBUG [traceId=9ba56be998364af09aede8b82de3c6db userId=22 role=3] c.k.i.m.H.countCompletedForStudent - ==>  Preparing: SELECT COUNT(*) FROM task_user WHERE user_id = ? AND status IN ('1','2')
2026-07-22 21:43:19.202 [http-nio-8080-exec-5] DEBUG [traceId=e3e5a31baa1e430a931351b28a19164e userId=22 role=3] c.k.i.m.S.findCheckinDates - <==      Total: 0
2026-07-22 21:43:19.202 [http-nio-8080-exec-6] DEBUG [traceId=9ba56be998364af09aede8b82de3c6db userId=22 role=3] c.k.i.m.H.countCompletedForStudent - ==> Parameters: 22(Long)
2026-07-22 21:43:19.203 [http-nio-8080-exec-6] DEBUG [traceId=9ba56be998364af09aede8b82de3c6db userId=22 role=3] c.k.i.m.H.countCompletedForStudent - <==      Total: 1
2026-07-22 21:43:19.204 [http-nio-8080-exec-6] DEBUG [traceId=9ba56be998364af09aede8b82de3c6db userId=22 role=3] c.k.i.m.H.nearEndTop3ForStudent - ==>  Preparing: SELECT t.id AS task_id, t.task_name, t.task_end_time AS end_time FROM task_user tu JOIN task t ON t.id = tu.task_id WHERE tu.user_id = ? AND tu.status = '0' ORDER BY t.task_end_time ASC LIMIT 3
2026-07-22 21:43:19.204 [http-nio-8080-exec-5] INFO  [traceId=e3e5a31baa1e430a931351b28a19164e userId=22 role=3] com.kg.interceptor.TraceIdFilter - HTTP_REQUEST_END method=GET uri=/student/checkin/stat status=200 cost=14ms responseBody={"code":200,"message":"查询成功","data":{"continuousDays":0,"monthCheckinCount":0,"todayChecked":false}}
2026-07-22 21:43:19.204 [http-nio-8080-exec-6] DEBUG [traceId=9ba56be998364af09aede8b82de3c6db userId=22 role=3] c.k.i.m.H.nearEndTop3ForStudent - ==> Parameters: 22(Long)
2026-07-22 21:43:19.207 [http-nio-8080-exec-6] DEBUG [traceId=9ba56be998364af09aede8b82de3c6db userId=22 role=3] c.k.i.m.H.nearEndTop3ForStudent - <==      Total: 0
2026-07-22 21:43:19.210 [http-nio-8080-exec-6] INFO  [traceId=9ba56be998364af09aede8b82de3c6db userId=22 role=3] com.kg.interceptor.TraceIdFilter - HTTP_REQUEST_END method=GET uri=/home/student/stat status=200 cost=20ms responseBody={"code":200,"message":"查询成功","data":{"todoTaskCount":0,"completedTaskCount":0,"nearEndTasks":[]}}
2026-07-22 21:43:23.386 [http-nio-8080-exec-4] INFO  [traceId=dd97f53ba74f453ba3f94bcb34890448 userId= role=] com.kg.interceptor.TraceIdFilter - HTTP_REQUEST_START method=POST uri=/my-task/stats query=null requestBody={"status":"0"} ip=0:0:0:0:0:0:0:1 userAgent=Mozilla/5.0 (iPhone; CPU iPhone OS 15_0 like Mac OS X) AppleWebKit/605.1.15 (KHTML, like Gecko) Version/15.0 Mobile/15E148 Safari/604.1 wechatdevtools/2.01.2510290 MicroMessenger/8.0.5 Language/zh_CN webview/ hash/597225176 sid/jAVCl7QYrr
2026-07-22 21:43:23.387 [http-nio-8080-exec-7] INFO  [traceId=886ad3a2d47044f18b230f99815838a7 userId= role=] com.kg.interceptor.TraceIdFilter - HTTP_REQUEST_START method=POST uri=/my-task/stats query=null requestBody={"status":"1"} ip=0:0:0:0:0:0:0:1 userAgent=Mozilla/5.0 (iPhone; CPU iPhone OS 15_0 like Mac OS X) AppleWebKit/605.1.15 (KHTML, like Gecko) Version/15.0 Mobile/15E148 Safari/604.1 wechatdevtools/2.01.2510290 MicroMessenger/8.0.5 Language/zh_CN webview/ hash/597225176 sid/jAVCl7QYrr
2026-07-22 21:43:23.389 [http-nio-8080-exec-4] DEBUG [traceId=dd97f53ba74f453ba3f94bcb34890448 userId= role=] c.k.i.m.SysUserMapper.selectById - ==>  Preparing: SELECT id,account,name,password,role,gender,email,phone,openid,description,teacher_remark,password_update_time,class_id,status,create_by,create_time,update_by,update_time FROM sys_user WHERE id=?
2026-07-22 21:43:23.389 [http-nio-8080-exec-4] DEBUG [traceId=dd97f53ba74f453ba3f94bcb34890448 userId= role=] c.k.i.m.SysUserMapper.selectById - ==> Parameters: 22(Long)
2026-07-22 21:43:23.391 [http-nio-8080-exec-7] DEBUG [traceId=886ad3a2d47044f18b230f99815838a7 userId= role=] c.k.i.m.SysUserMapper.selectById - ==>  Preparing: SELECT id,account,name,password,role,gender,email,phone,openid,description,teacher_remark,password_update_time,class_id,status,create_by,create_time,update_by,update_time FROM sys_user WHERE id=?
2026-07-22 21:43:23.391 [http-nio-8080-exec-7] DEBUG [traceId=886ad3a2d47044f18b230f99815838a7 userId= role=] c.k.i.m.SysUserMapper.selectById - ==> Parameters: 22(Long)
2026-07-22 21:43:23.391 [http-nio-8080-exec-4] DEBUG [traceId=dd97f53ba74f453ba3f94bcb34890448 userId= role=] c.k.i.m.SysUserMapper.selectById - <==      Total: 1
2026-07-22 21:43:23.392 [http-nio-8080-exec-7] DEBUG [traceId=886ad3a2d47044f18b230f99815838a7 userId= role=] c.k.i.m.SysUserMapper.selectById - <==      Total: 1
2026-07-22 21:43:23.396 [http-nio-8080-exec-9] INFO  [traceId=e23cbca71cf44bcabe309da6aadc5e62 userId= role=] com.kg.interceptor.TraceIdFilter - HTTP_REQUEST_START method=POST uri=/my-task/list query=null requestBody={"pageNo":1,"pageSize":10,"status":"0"} ip=0:0:0:0:0:0:0:1 userAgent=Mozilla/5.0 (iPhone; CPU iPhone OS 15_0 like Mac OS X) AppleWebKit/605.1.15 (KHTML, like Gecko) Version/15.0 Mobile/15E148 Safari/604.1 wechatdevtools/2.01.2510290 MicroMessenger/8.0.5 Language/zh_CN webview/ hash/597225176 sid/jAVCl7QYrr
2026-07-22 21:43:23.399 [http-nio-8080-exec-9] DEBUG [traceId=e23cbca71cf44bcabe309da6aadc5e62 userId= role=] c.k.i.m.SysUserMapper.selectById - ==>  Preparing: SELECT id,account,name,password,role,gender,email,phone,openid,description,teacher_remark,password_update_time,class_id,status,create_by,create_time,update_by,update_time FROM sys_user WHERE id=?
2026-07-22 21:43:23.399 [http-nio-8080-exec-9] DEBUG [traceId=e23cbca71cf44bcabe309da6aadc5e62 userId= role=] c.k.i.m.SysUserMapper.selectById - ==> Parameters: 22(Long)
2026-07-22 21:43:23.401 [http-nio-8080-exec-9] DEBUG [traceId=e23cbca71cf44bcabe309da6aadc5e62 userId= role=] c.k.i.m.SysUserMapper.selectById - <==      Total: 1
2026-07-22 21:43:23.402 [http-nio-8080-exec-4] DEBUG [traceId=dd97f53ba74f453ba3f94bcb34890448 userId=22 role=3] c.k.i.m.TaskUserMapper.selectCount - ==>  Preparing: SELECT COUNT( * ) AS total FROM task_user WHERE (user_id = ? AND status = ?)
2026-07-22 21:43:23.402 [http-nio-8080-exec-7] DEBUG [traceId=886ad3a2d47044f18b230f99815838a7 userId=22 role=3] c.k.i.m.TaskUserMapper.selectCount - ==>  Preparing: SELECT COUNT( * ) AS total FROM task_user WHERE (user_id = ? AND status = ?)
2026-07-22 21:43:23.402 [http-nio-8080-exec-4] DEBUG [traceId=dd97f53ba74f453ba3f94bcb34890448 userId=22 role=3] c.k.i.m.TaskUserMapper.selectCount - ==> Parameters: 22(Long), 0(String)
2026-07-22 21:43:23.402 [http-nio-8080-exec-7] DEBUG [traceId=886ad3a2d47044f18b230f99815838a7 userId=22 role=3] c.k.i.m.TaskUserMapper.selectCount - ==> Parameters: 22(Long), 0(String)
2026-07-22 21:43:23.404 [http-nio-8080-exec-4] DEBUG [traceId=dd97f53ba74f453ba3f94bcb34890448 userId=22 role=3] c.k.i.m.TaskUserMapper.selectCount - <==      Total: 1
2026-07-22 21:43:23.405 [http-nio-8080-exec-7] DEBUG [traceId=886ad3a2d47044f18b230f99815838a7 userId=22 role=3] c.k.i.m.TaskUserMapper.selectCount - <==      Total: 1
2026-07-22 21:43:23.411 [http-nio-8080-exec-7] DEBUG [traceId=886ad3a2d47044f18b230f99815838a7 userId=22 role=3] c.k.i.m.TaskUserMapper.selectCount - ==>  Preparing: SELECT COUNT( * ) AS total FROM task_user WHERE (user_id = ? AND status IN (?,?))
2026-07-22 21:43:23.411 [http-nio-8080-exec-4] DEBUG [traceId=dd97f53ba74f453ba3f94bcb34890448 userId=22 role=3] c.k.i.m.TaskUserMapper.selectCount - ==>  Preparing: SELECT COUNT( * ) AS total FROM task_user WHERE (user_id = ? AND status IN (?,?))
2026-07-22 21:43:23.412 [http-nio-8080-exec-4] DEBUG [traceId=dd97f53ba74f453ba3f94bcb34890448 userId=22 role=3] c.k.i.m.TaskUserMapper.selectCount - ==> Parameters: 22(Long), 1(String), 2(String)
2026-07-22 21:43:23.412 [http-nio-8080-exec-7] DEBUG [traceId=886ad3a2d47044f18b230f99815838a7 userId=22 role=3] c.k.i.m.TaskUserMapper.selectCount - ==> Parameters: 22(Long), 1(String), 2(String)
2026-07-22 21:43:23.414 [http-nio-8080-exec-7] DEBUG [traceId=886ad3a2d47044f18b230f99815838a7 userId=22 role=3] c.k.i.m.TaskUserMapper.selectCount - <==      Total: 1
2026-07-22 21:43:23.414 [http-nio-8080-exec-4] DEBUG [traceId=dd97f53ba74f453ba3f94bcb34890448 userId=22 role=3] c.k.i.m.TaskUserMapper.selectCount - <==      Total: 1
2026-07-22 21:43:23.415 [http-nio-8080-exec-4] INFO  [traceId=dd97f53ba74f453ba3f94bcb34890448 userId=22 role=3] com.kg.interceptor.TraceIdFilter - HTTP_REQUEST_END method=POST uri=/my-task/stats status=200 cost=29ms responseBody={"code":200,"message":"查询成功","data":{"unfinished":0,"finished":0}}
2026-07-22 21:43:23.415 [http-nio-8080-exec-7] INFO  [traceId=886ad3a2d47044f18b230f99815838a7 userId=22 role=3] com.kg.interceptor.TraceIdFilter - HTTP_REQUEST_END method=POST uri=/my-task/stats status=200 cost=28ms responseBody={"code":200,"message":"查询成功","data":{"unfinished":0,"finished":0}}
2026-07-22 21:43:23.471 [http-nio-8080-exec-9] WARN  [traceId=e23cbca71cf44bcabe309da6aadc5e62 userId=22 role=3] c.k.exception.GlobalExceptionHandler - 参数校验失败: 不能为null
2026-07-22 21:43:23.473 [http-nio-8080-exec-9] INFO  [traceId=e23cbca71cf44bcabe309da6aadc5e62 userId=22 role=3] com.kg.interceptor.TraceIdFilter - HTTP_REQUEST_END method=POST uri=/my-task/list status=200 cost=77ms responseBody={"code":400,"message":"不能为null"}
2026-07-22 21:43:24.973 [http-nio-8080-exec-1] INFO  [traceId=932bebee2f174db0930fd9102271a35f userId= role=] com.kg.interceptor.TraceIdFilter - HTTP_REQUEST_START method=GET uri=/profile query=null requestBody= ip=0:0:0:0:0:0:0:1 userAgent=Mozilla/5.0 (iPhone; CPU iPhone OS 15_0 like Mac OS X) AppleWebKit/605.1.15 (KHTML, like Gecko) Version/15.0 Mobile/15E148 Safari/604.1 wechatdevtools/2.01.2510290 MicroMessenger/8.0.5 Language/zh_CN webview/ hash/597225176 sid/jAVCl7QYrr
2026-07-22 21:43:24.978 [http-nio-8080-exec-1] DEBUG [traceId=932bebee2f174db0930fd9102271a35f userId= role=] c.k.i.m.SysUserMapper.selectById - ==>  Preparing: SELECT id,account,name,password,role,gender,email,phone,openid,description,teacher_remark,password_update_time,class_id,status,create_by,create_time,update_by,update_time FROM sys_user WHERE id=?
2026-07-22 21:43:24.978 [http-nio-8080-exec-1] DEBUG [traceId=932bebee2f174db0930fd9102271a35f userId= role=] c.k.i.m.SysUserMapper.selectById - ==> Parameters: 22(Long)
2026-07-22 21:43:24.979 [http-nio-8080-exec-1] DEBUG [traceId=932bebee2f174db0930fd9102271a35f userId= role=] c.k.i.m.SysUserMapper.selectById - <==      Total: 1
2026-07-22 21:43:24.980 [http-nio-8080-exec-1] DEBUG [traceId=932bebee2f174db0930fd9102271a35f userId=22 role=3] c.k.i.m.SysUserMapper.selectById - ==>  Preparing: SELECT id,account,name,password,role,gender,email,phone,openid,description,teacher_remark,password_update_time,class_id,status,create_by,create_time,update_by,update_time FROM sys_user WHERE id=?
2026-07-22 21:43:24.980 [http-nio-8080-exec-1] DEBUG [traceId=932bebee2f174db0930fd9102271a35f userId=22 role=3] c.k.i.m.SysUserMapper.selectById - ==> Parameters: 22(Long)
2026-07-22 21:43:24.980 [http-nio-8080-exec-1] DEBUG [traceId=932bebee2f174db0930fd9102271a35f userId=22 role=3] c.k.i.m.SysUserMapper.selectById - <==      Total: 1
2026-07-22 21:43:24.982 [http-nio-8080-exec-1] DEBUG [traceId=932bebee2f174db0930fd9102271a35f userId=22 role=3] c.k.i.m.ClassInfoMapper.selectById - ==>  Preparing: SELECT id,class_name,description,status,create_by,create_time,update_by,update_time FROM class_info WHERE id=?
2026-07-22 21:43:24.982 [http-nio-8080-exec-1] DEBUG [traceId=932bebee2f174db0930fd9102271a35f userId=22 role=3] c.k.i.m.ClassInfoMapper.selectById - ==> Parameters: 8(Long)
2026-07-22 21:43:24.983 [http-nio-8080-exec-1] DEBUG [traceId=932bebee2f174db0930fd9102271a35f userId=22 role=3] c.k.i.m.ClassInfoMapper.selectById - <==      Total: 1
2026-07-22 21:43:24.986 [http-nio-8080-exec-1] INFO  [traceId=932bebee2f174db0930fd9102271a35f userId=22 role=3] com.kg.interceptor.TraceIdFilter - HTTP_REQUEST_END method=GET uri=/profile status=200 cost=13ms responseBody={"code":200,"message":"查询成功","data":{"id":22,"account":"17200615563","name":"李老师","role":"3","gender":1,"email":"","phone":"17200615563","description":"","classId":8,"className":"1班","status":1,"createTime":"2026-06-01 00:12:24"}}
2026-07-22 21:43:26.352 [http-nio-8080-exec-2] INFO  [traceId=7a0d606db7db45bc962c4e9397183c27 userId= role=] com.kg.interceptor.TraceIdFilter - HTTP_REQUEST_START method=GET uri=/student/checkin/stat query=null requestBody= ip=0:0:0:0:0:0:0:1 userAgent=Mozilla/5.0 (iPhone; CPU iPhone OS 15_0 like Mac OS X) AppleWebKit/605.1.15 (KHTML, like Gecko) Version/15.0 Mobile/15E148 Safari/604.1 wechatdevtools/2.01.2510290 MicroMessenger/8.0.5 Language/zh_CN webview/ hash/597225176 sid/jAVCl7QYrr
2026-07-22 21:43:26.352 [http-nio-8080-exec-8] INFO  [traceId=f4f268d42d8e4780aed38cb0a7d7d057 userId= role=] com.kg.interceptor.TraceIdFilter - HTTP_REQUEST_START method=GET uri=/home/student/stat query=null requestBody= ip=0:0:0:0:0:0:0:1 userAgent=Mozilla/5.0 (iPhone; CPU iPhone OS 15_0 like Mac OS X) AppleWebKit/605.1.15 (KHTML, like Gecko) Version/15.0 Mobile/15E148 Safari/604.1 wechatdevtools/2.01.2510290 MicroMessenger/8.0.5 Language/zh_CN webview/ hash/597225176 sid/jAVCl7QYrr
2026-07-22 21:43:26.358 [http-nio-8080-exec-8] DEBUG [traceId=f4f268d42d8e4780aed38cb0a7d7d057 userId= role=] c.k.i.m.SysUserMapper.selectById - ==>  Preparing: SELECT id,account,name,password,role,gender,email,phone,openid,description,teacher_remark,password_update_time,class_id,status,create_by,create_time,update_by,update_time FROM sys_user WHERE id=?
2026-07-22 21:43:26.358 [http-nio-8080-exec-2] DEBUG [traceId=7a0d606db7db45bc962c4e9397183c27 userId= role=] c.k.i.m.SysUserMapper.selectById - ==>  Preparing: SELECT id,account,name,password,role,gender,email,phone,openid,description,teacher_remark,password_update_time,class_id,status,create_by,create_time,update_by,update_time FROM sys_user WHERE id=?
2026-07-22 21:43:26.358 [http-nio-8080-exec-8] DEBUG [traceId=f4f268d42d8e4780aed38cb0a7d7d057 userId= role=] c.k.i.m.SysUserMapper.selectById - ==> Parameters: 22(Long)
2026-07-22 21:43:26.358 [http-nio-8080-exec-2] DEBUG [traceId=7a0d606db7db45bc962c4e9397183c27 userId= role=] c.k.i.m.SysUserMapper.selectById - ==> Parameters: 22(Long)
2026-07-22 21:43:26.359 [http-nio-8080-exec-8] DEBUG [traceId=f4f268d42d8e4780aed38cb0a7d7d057 userId= role=] c.k.i.m.SysUserMapper.selectById - <==      Total: 1
2026-07-22 21:43:26.359 [http-nio-8080-exec-2] DEBUG [traceId=7a0d606db7db45bc962c4e9397183c27 userId= role=] c.k.i.m.SysUserMapper.selectById - <==      Total: 1
2026-07-22 21:43:26.360 [http-nio-8080-exec-8] DEBUG [traceId=f4f268d42d8e4780aed38cb0a7d7d057 userId=22 role=3] c.k.i.m.H.countTodoForStudent - ==>  Preparing: SELECT COUNT(*) FROM task_user WHERE user_id = ? AND status = '0'
2026-07-22 21:43:26.360 [http-nio-8080-exec-2] DEBUG [traceId=7a0d606db7db45bc962c4e9397183c27 userId=22 role=3] c.k.i.m.S.findCheckinDates - ==>  Preparing: SELECT DISTINCT DATE(t.task_start_time) AS checkinDate FROM task_user tu JOIN task t ON t.id = tu.task_id WHERE tu.user_id = ? AND t.task_type = ? AND tu.status = '1' ORDER BY checkinDate DESC
2026-07-22 21:43:26.360 [http-nio-8080-exec-8] DEBUG [traceId=f4f268d42d8e4780aed38cb0a7d7d057 userId=22 role=3] c.k.i.m.H.countTodoForStudent - ==> Parameters: 22(Long)
2026-07-22 21:43:26.360 [http-nio-8080-exec-2] DEBUG [traceId=7a0d606db7db45bc962c4e9397183c27 userId=22 role=3] c.k.i.m.S.findCheckinDates - ==> Parameters: 22(Long), 2(String)
2026-07-22 21:43:26.361 [http-nio-8080-exec-8] DEBUG [traceId=f4f268d42d8e4780aed38cb0a7d7d057 userId=22 role=3] c.k.i.m.H.countTodoForStudent - <==      Total: 1
2026-07-22 21:43:26.361 [http-nio-8080-exec-8] DEBUG [traceId=f4f268d42d8e4780aed38cb0a7d7d057 userId=22 role=3] c.k.i.m.H.countCompletedForStudent - ==>  Preparing: SELECT COUNT(*) FROM task_user WHERE user_id = ? AND status IN ('1','2')
2026-07-22 21:43:26.361 [http-nio-8080-exec-8] DEBUG [traceId=f4f268d42d8e4780aed38cb0a7d7d057 userId=22 role=3] c.k.i.m.H.countCompletedForStudent - ==> Parameters: 22(Long)
2026-07-22 21:43:26.362 [http-nio-8080-exec-2] DEBUG [traceId=7a0d606db7db45bc962c4e9397183c27 userId=22 role=3] c.k.i.m.S.findCheckinDates - <==      Total: 0
2026-07-22 21:43:26.362 [http-nio-8080-exec-8] DEBUG [traceId=f4f268d42d8e4780aed38cb0a7d7d057 userId=22 role=3] c.k.i.m.H.countCompletedForStudent - <==      Total: 1
2026-07-22 21:43:26.363 [http-nio-8080-exec-8] DEBUG [traceId=f4f268d42d8e4780aed38cb0a7d7d057 userId=22 role=3] c.k.i.m.H.nearEndTop3ForStudent - ==>  Preparing: SELECT t.id AS task_id, t.task_name, t.task_end_time AS end_time FROM task_user tu JOIN task t ON t.id = tu.task_id WHERE tu.user_id = ? AND tu.status = '0' ORDER BY t.task_end_time ASC LIMIT 3
2026-07-22 21:43:26.363 [http-nio-8080-exec-2] INFO  [traceId=7a0d606db7db45bc962c4e9397183c27 userId=22 role=3] com.kg.interceptor.TraceIdFilter - HTTP_REQUEST_END method=GET uri=/student/checkin/stat status=200 cost=11ms responseBody={"code":200,"message":"查询成功","data":{"continuousDays":0,"monthCheckinCount":0,"todayChecked":false}}
2026-07-22 21:43:26.363 [http-nio-8080-exec-8] DEBUG [traceId=f4f268d42d8e4780aed38cb0a7d7d057 userId=22 role=3] c.k.i.m.H.nearEndTop3ForStudent - ==> Parameters: 22(Long)
2026-07-22 21:43:26.364 [http-nio-8080-exec-8] DEBUG [traceId=f4f268d42d8e4780aed38cb0a7d7d057 userId=22 role=3] c.k.i.m.H.nearEndTop3ForStudent - <==      Total: 0
2026-07-22 21:43:26.364 [http-nio-8080-exec-8] INFO  [traceId=f4f268d42d8e4780aed38cb0a7d7d057 userId=22 role=3] com.kg.interceptor.TraceIdFilter - HTTP_REQUEST_END method=GET uri=/home/student/stat status=200 cost=12ms responseBody={"code":200,"message":"查询成功","data":{"todoTaskCount":0,"completedTaskCount":0,"nearEndTasks":[]}}
2026-07-22 21:43:37.664 [http-nio-8080-exec-3] INFO  [traceId=fb845714e3734c499769558894b8f4e0 userId= role=] com.kg.interceptor.TraceIdFilter - HTTP_REQUEST_START method=POST uri=/my-task/stats query=null requestBody={"status":"0"} ip=0:0:0:0:0:0:0:1 userAgent=Mozilla/5.0 (iPhone; CPU iPhone OS 15_0 like Mac OS X) AppleWebKit/605.1.15 (KHTML, like Gecko) Version/15.0 Mobile/15E148 Safari/604.1 wechatdevtools/2.01.2510290 MicroMessenger/8.0.5 Language/zh_CN webview/ hash/597225176 sid/jAVCl7QYrr
2026-07-22 21:43:37.664 [http-nio-8080-exec-10] INFO  [traceId=620174ecc0554b88ac41fe1e3a9b5388 userId= role=] com.kg.interceptor.TraceIdFilter - HTTP_REQUEST_START method=POST uri=/my-task/stats query=null requestBody={"status":"1"} ip=0:0:0:0:0:0:0:1 userAgent=Mozilla/5.0 (iPhone; CPU iPhone OS 15_0 like Mac OS X) AppleWebKit/605.1.15 (KHTML, like Gecko) Version/15.0 Mobile/15E148 Safari/604.1 wechatdevtools/2.01.2510290 MicroMessenger/8.0.5 Language/zh_CN webview/ hash/597225176 sid/jAVCl7QYrr
2026-07-22 21:43:37.670 [http-nio-8080-exec-3] DEBUG [traceId=fb845714e3734c499769558894b8f4e0 userId= role=] c.k.i.m.SysUserMapper.selectById - ==>  Preparing: SELECT id,account,name,password,role,gender,email,phone,openid,description,teacher_remark,password_update_time,class_id,status,create_by,create_time,update_by,update_time FROM sys_user WHERE id=?
2026-07-22 21:43:37.670 [http-nio-8080-exec-10] DEBUG [traceId=620174ecc0554b88ac41fe1e3a9b5388 userId= role=] c.k.i.m.SysUserMapper.selectById - ==>  Preparing: SELECT id,account,name,password,role,gender,email,phone,openid,description,teacher_remark,password_update_time,class_id,status,create_by,create_time,update_by,update_time FROM sys_user WHERE id=?
2026-07-22 21:43:37.670 [http-nio-8080-exec-3] DEBUG [traceId=fb845714e3734c499769558894b8f4e0 userId= role=] c.k.i.m.SysUserMapper.selectById - ==> Parameters: 22(Long)
2026-07-22 21:43:37.670 [http-nio-8080-exec-10] DEBUG [traceId=620174ecc0554b88ac41fe1e3a9b5388 userId= role=] c.k.i.m.SysUserMapper.selectById - ==> Parameters: 22(Long)
2026-07-22 21:43:37.671 [http-nio-8080-exec-10] DEBUG [traceId=620174ecc0554b88ac41fe1e3a9b5388 userId= role=] c.k.i.m.SysUserMapper.selectById - <==      Total: 1
2026-07-22 21:43:37.671 [http-nio-8080-exec-3] DEBUG [traceId=fb845714e3734c499769558894b8f4e0 userId= role=] c.k.i.m.SysUserMapper.selectById - <==      Total: 1
2026-07-22 21:43:37.674 [http-nio-8080-exec-3] DEBUG [traceId=fb845714e3734c499769558894b8f4e0 userId=22 role=3] c.k.i.m.TaskUserMapper.selectCount - ==>  Preparing: SELECT COUNT( * ) AS total FROM task_user WHERE (user_id = ? AND status = ?)
2026-07-22 21:43:37.674 [http-nio-8080-exec-10] DEBUG [traceId=620174ecc0554b88ac41fe1e3a9b5388 userId=22 role=3] c.k.i.m.TaskUserMapper.selectCount - ==>  Preparing: SELECT COUNT( * ) AS total FROM task_user WHERE (user_id = ? AND status = ?)
2026-07-22 21:43:37.674 [http-nio-8080-exec-3] DEBUG [traceId=fb845714e3734c499769558894b8f4e0 userId=22 role=3] c.k.i.m.TaskUserMapper.selectCount - ==> Parameters: 22(Long), 0(String)
2026-07-22 21:43:37.674 [http-nio-8080-exec-10] DEBUG [traceId=620174ecc0554b88ac41fe1e3a9b5388 userId=22 role=3] c.k.i.m.TaskUserMapper.selectCount - ==> Parameters: 22(Long), 0(String)
2026-07-22 21:43:37.675 [http-nio-8080-exec-3] DEBUG [traceId=fb845714e3734c499769558894b8f4e0 userId=22 role=3] c.k.i.m.TaskUserMapper.selectCount - <==      Total: 1
2026-07-22 21:43:37.675 [http-nio-8080-exec-10] DEBUG [traceId=620174ecc0554b88ac41fe1e3a9b5388 userId=22 role=3] c.k.i.m.TaskUserMapper.selectCount - <==      Total: 1
2026-07-22 21:43:37.676 [http-nio-8080-exec-5] INFO  [traceId=7c5517624e0042108435fc2a8b10f002 userId= role=] com.kg.interceptor.TraceIdFilter - HTTP_REQUEST_START method=POST uri=/my-task/list query=null requestBody={"pageNo":1,"pageSize":10,"status":"0"} ip=0:0:0:0:0:0:0:1 userAgent=Mozilla/5.0 (iPhone; CPU iPhone OS 15_0 like Mac OS X) AppleWebKit/605.1.15 (KHTML, like Gecko) Version/15.0 Mobile/15E148 Safari/604.1 wechatdevtools/2.01.2510290 MicroMessenger/8.0.5 Language/zh_CN webview/ hash/597225176 sid/jAVCl7QYrr
2026-07-22 21:43:37.676 [http-nio-8080-exec-10] DEBUG [traceId=620174ecc0554b88ac41fe1e3a9b5388 userId=22 role=3] c.k.i.m.TaskUserMapper.selectCount - ==>  Preparing: SELECT COUNT( * ) AS total FROM task_user WHERE (user_id = ? AND status IN (?,?))
2026-07-22 21:43:37.676 [http-nio-8080-exec-3] DEBUG [traceId=fb845714e3734c499769558894b8f4e0 userId=22 role=3] c.k.i.m.TaskUserMapper.selectCount - ==>  Preparing: SELECT COUNT( * ) AS total FROM task_user WHERE (user_id = ? AND status IN (?,?))
2026-07-22 21:43:37.676 [http-nio-8080-exec-3] DEBUG [traceId=fb845714e3734c499769558894b8f4e0 userId=22 role=3] c.k.i.m.TaskUserMapper.selectCount - ==> Parameters: 22(Long), 1(String), 2(String)
2026-07-22 21:43:37.676 [http-nio-8080-exec-10] DEBUG [traceId=620174ecc0554b88ac41fe1e3a9b5388 userId=22 role=3] c.k.i.m.TaskUserMapper.selectCount - ==> Parameters: 22(Long), 1(String), 2(String)
2026-07-22 21:43:37.678 [http-nio-8080-exec-3] DEBUG [traceId=fb845714e3734c499769558894b8f4e0 userId=22 role=3] c.k.i.m.TaskUserMapper.selectCount - <==      Total: 1
2026-07-22 21:43:37.678 [http-nio-8080-exec-10] DEBUG [traceId=620174ecc0554b88ac41fe1e3a9b5388 userId=22 role=3] c.k.i.m.TaskUserMapper.selectCount - <==      Total: 1
2026-07-22 21:43:37.679 [http-nio-8080-exec-3] INFO  [traceId=fb845714e3734c499769558894b8f4e0 userId=22 role=3] com.kg.interceptor.TraceIdFilter - HTTP_REQUEST_END method=POST uri=/my-task/stats status=200 cost=15ms responseBody={"code":200,"message":"查询成功","data":{"unfinished":0,"finished":0}}
2026-07-22 21:43:37.679 [http-nio-8080-exec-10] INFO  [traceId=620174ecc0554b88ac41fe1e3a9b5388 userId=22 role=3] com.kg.interceptor.TraceIdFilter - HTTP_REQUEST_END method=POST uri=/my-task/stats status=200 cost=15ms responseBody={"code":200,"message":"查询成功","data":{"unfinished":0,"finished":0}}
2026-07-22 21:43:37.681 [http-nio-8080-exec-5] DEBUG [traceId=7c5517624e0042108435fc2a8b10f002 userId= role=] c.k.i.m.SysUserMapper.selectById - ==>  Preparing: SELECT id,account,name,password,role,gender,email,phone,openid,description,teacher_remark,password_update_time,class_id,status,create_by,create_time,update_by,update_time FROM sys_user WHERE id=?
2026-07-22 21:43:37.681 [http-nio-8080-exec-5] DEBUG [traceId=7c5517624e0042108435fc2a8b10f002 userId= role=] c.k.i.m.SysUserMapper.selectById - ==> Parameters: 22(Long)
2026-07-22 21:43:37.682 [http-nio-8080-exec-5] DEBUG [traceId=7c5517624e0042108435fc2a8b10f002 userId= role=] c.k.i.m.SysUserMapper.selectById - <==      Total: 1
2026-07-22 21:43:37.683 [http-nio-8080-exec-5] WARN  [traceId=7c5517624e0042108435fc2a8b10f002 userId=22 role=3] c.k.exception.GlobalExceptionHandler - 参数校验失败: 不能为null
2026-07-22 21:43:37.683 [http-nio-8080-exec-5] INFO  [traceId=7c5517624e0042108435fc2a8b10f002 userId=22 role=3] com.kg.interceptor.TraceIdFilter - HTTP_REQUEST_END method=POST uri=/my-task/list status=200 cost=7ms responseBody={"code":400,"message":"不能为null"}
2026-07-22 21:43:38.331 [http-nio-8080-exec-6] INFO  [traceId=ecf3681047ce45408d408649d1fccb7e userId= role=] com.kg.interceptor.TraceIdFilter - HTTP_REQUEST_START method=GET uri=/profile query=null requestBody= ip=0:0:0:0:0:0:0:1 userAgent=Mozilla/5.0 (iPhone; CPU iPhone OS 15_0 like Mac OS X) AppleWebKit/605.1.15 (KHTML, like Gecko) Version/15.0 Mobile/15E148 Safari/604.1 wechatdevtools/2.01.2510290 MicroMessenger/8.0.5 Language/zh_CN webview/ hash/597225176 sid/jAVCl7QYrr
2026-07-22 21:43:38.334 [http-nio-8080-exec-6] DEBUG [traceId=ecf3681047ce45408d408649d1fccb7e userId= role=] c.k.i.m.SysUserMapper.selectById - ==>  Preparing: SELECT id,account,name,password,role,gender,email,phone,openid,description,teacher_remark,password_update_time,class_id,status,create_by,create_time,update_by,update_time FROM sys_user WHERE id=?
2026-07-22 21:43:38.335 [http-nio-8080-exec-6] DEBUG [traceId=ecf3681047ce45408d408649d1fccb7e userId= role=] c.k.i.m.SysUserMapper.selectById - ==> Parameters: 22(Long)
2026-07-22 21:43:38.335 [http-nio-8080-exec-6] DEBUG [traceId=ecf3681047ce45408d408649d1fccb7e userId= role=] c.k.i.m.SysUserMapper.selectById - <==      Total: 1
2026-07-22 21:43:38.337 [http-nio-8080-exec-6] DEBUG [traceId=ecf3681047ce45408d408649d1fccb7e userId=22 role=3] c.k.i.m.SysUserMapper.selectById - ==>  Preparing: SELECT id,account,name,password,role,gender,email,phone,openid,description,teacher_remark,password_update_time,class_id,status,create_by,create_time,update_by,update_time FROM sys_user WHERE id=?
2026-07-22 21:43:38.337 [http-nio-8080-exec-6] DEBUG [traceId=ecf3681047ce45408d408649d1fccb7e userId=22 role=3] c.k.i.m.SysUserMapper.selectById - ==> Parameters: 22(Long)
2026-07-22 21:43:38.338 [http-nio-8080-exec-6] DEBUG [traceId=ecf3681047ce45408d408649d1fccb7e userId=22 role=3] c.k.i.m.SysUserMapper.selectById - <==      Total: 1
2026-07-22 21:43:38.339 [http-nio-8080-exec-6] DEBUG [traceId=ecf3681047ce45408d408649d1fccb7e userId=22 role=3] c.k.i.m.ClassInfoMapper.selectById - ==>  Preparing: SELECT id,class_name,description,status,create_by,create_time,update_by,update_time FROM class_info WHERE id=?
2026-07-22 21:43:38.339 [http-nio-8080-exec-6] DEBUG [traceId=ecf3681047ce45408d408649d1fccb7e userId=22 role=3] c.k.i.m.ClassInfoMapper.selectById - ==> Parameters: 8(Long)
2026-07-22 21:43:38.340 [http-nio-8080-exec-6] DEBUG [traceId=ecf3681047ce45408d408649d1fccb7e userId=22 role=3] c.k.i.m.ClassInfoMapper.selectById - <==      Total: 1
2026-07-22 21:43:38.340 [http-nio-8080-exec-6] INFO  [traceId=ecf3681047ce45408d408649d1fccb7e userId=22 role=3] com.kg.interceptor.TraceIdFilter - HTTP_REQUEST_END method=GET uri=/profile status=200 cost=9ms responseBody={"code":200,"message":"查询成功","data":{"id":22,"account":"17200615563","name":"李老师","role":"3","gender":1,"email":"","phone":"17200615563","description":"","classId":8,"className":"1班","status":1,"createTime":"2026-06-01 00:12:24"}}
2026-07-22 21:43:45.093 [http-nio-8080-exec-7] INFO  [traceId=03801a8e6d6a4b19af15a52356028a1a userId= role=] com.kg.interceptor.TraceIdFilter - HTTP_REQUEST_START method=POST uri=/my-task/stats query=null requestBody={"status":"1"} ip=0:0:0:0:0:0:0:1 userAgent=Mozilla/5.0 (iPhone; CPU iPhone OS 15_0 like Mac OS X) AppleWebKit/605.1.15 (KHTML, like Gecko) Version/15.0 Mobile/15E148 Safari/604.1 wechatdevtools/2.01.2510290 MicroMessenger/8.0.5 Language/zh_CN webview/ hash/597225176 sid/jAVCl7QYrr
2026-07-22 21:43:45.093 [http-nio-8080-exec-4] INFO  [traceId=b2eff6504b734ce1a4cb7650acf74c55 userId= role=] com.kg.interceptor.TraceIdFilter - HTTP_REQUEST_START method=POST uri=/my-task/stats query=null requestBody={"status":"0"} ip=0:0:0:0:0:0:0:1 userAgent=Mozilla/5.0 (iPhone; CPU iPhone OS 15_0 like Mac OS X) AppleWebKit/605.1.15 (KHTML, like Gecko) Version/15.0 Mobile/15E148 Safari/604.1 wechatdevtools/2.01.2510290 MicroMessenger/8.0.5 Language/zh_CN webview/ hash/597225176 sid/jAVCl7QYrr
2026-07-22 21:43:45.098 [http-nio-8080-exec-7] DEBUG [traceId=03801a8e6d6a4b19af15a52356028a1a userId= role=] c.k.i.m.SysUserMapper.selectById - ==>  Preparing: SELECT id,account,name,password,role,gender,email,phone,openid,description,teacher_remark,password_update_time,class_id,status,create_by,create_time,update_by,update_time FROM sys_user WHERE id=?
2026-07-22 21:43:45.098 [http-nio-8080-exec-4] DEBUG [traceId=b2eff6504b734ce1a4cb7650acf74c55 userId= role=] c.k.i.m.SysUserMapper.selectById - ==>  Preparing: SELECT id,account,name,password,role,gender,email,phone,openid,description,teacher_remark,password_update_time,class_id,status,create_by,create_time,update_by,update_time FROM sys_user WHERE id=?
2026-07-22 21:43:45.098 [http-nio-8080-exec-7] DEBUG [traceId=03801a8e6d6a4b19af15a52356028a1a userId= role=] c.k.i.m.SysUserMapper.selectById - ==> Parameters: 22(Long)
2026-07-22 21:43:45.098 [http-nio-8080-exec-4] DEBUG [traceId=b2eff6504b734ce1a4cb7650acf74c55 userId= role=] c.k.i.m.SysUserMapper.selectById - ==> Parameters: 22(Long)
2026-07-22 21:43:45.099 [http-nio-8080-exec-7] DEBUG [traceId=03801a8e6d6a4b19af15a52356028a1a userId= role=] c.k.i.m.SysUserMapper.selectById - <==      Total: 1
2026-07-22 21:43:45.099 [http-nio-8080-exec-4] DEBUG [traceId=b2eff6504b734ce1a4cb7650acf74c55 userId= role=] c.k.i.m.SysUserMapper.selectById - <==      Total: 1
2026-07-22 21:43:45.100 [http-nio-8080-exec-7] DEBUG [traceId=03801a8e6d6a4b19af15a52356028a1a userId=22 role=3] c.k.i.m.TaskUserMapper.selectCount - ==>  Preparing: SELECT COUNT( * ) AS total FROM task_user WHERE (user_id = ? AND status = ?)
2026-07-22 21:43:45.100 [http-nio-8080-exec-4] DEBUG [traceId=b2eff6504b734ce1a4cb7650acf74c55 userId=22 role=3] c.k.i.m.TaskUserMapper.selectCount - ==>  Preparing: SELECT COUNT( * ) AS total FROM task_user WHERE (user_id = ? AND status = ?)
2026-07-22 21:43:45.101 [http-nio-8080-exec-4] DEBUG [traceId=b2eff6504b734ce1a4cb7650acf74c55 userId=22 role=3] c.k.i.m.TaskUserMapper.selectCount - ==> Parameters: 22(Long), 0(String)
2026-07-22 21:43:45.101 [http-nio-8080-exec-7] DEBUG [traceId=03801a8e6d6a4b19af15a52356028a1a userId=22 role=3] c.k.i.m.TaskUserMapper.selectCount - ==> Parameters: 22(Long), 0(String)
2026-07-22 21:43:45.101 [http-nio-8080-exec-7] DEBUG [traceId=03801a8e6d6a4b19af15a52356028a1a userId=22 role=3] c.k.i.m.TaskUserMapper.selectCount - <==      Total: 1
2026-07-22 21:43:45.101 [http-nio-8080-exec-4] DEBUG [traceId=b2eff6504b734ce1a4cb7650acf74c55 userId=22 role=3] c.k.i.m.TaskUserMapper.selectCount - <==      Total: 1
2026-07-22 21:43:45.102 [http-nio-8080-exec-4] DEBUG [traceId=b2eff6504b734ce1a4cb7650acf74c55 userId=22 role=3] c.k.i.m.TaskUserMapper.selectCount - ==>  Preparing: SELECT COUNT( * ) AS total FROM task_user WHERE (user_id = ? AND status IN (?,?))
2026-07-22 21:43:45.102 [http-nio-8080-exec-7] DEBUG [traceId=03801a8e6d6a4b19af15a52356028a1a userId=22 role=3] c.k.i.m.TaskUserMapper.selectCount - ==>  Preparing: SELECT COUNT( * ) AS total FROM task_user WHERE (user_id = ? AND status IN (?,?))
2026-07-22 21:43:45.102 [http-nio-8080-exec-4] DEBUG [traceId=b2eff6504b734ce1a4cb7650acf74c55 userId=22 role=3] c.k.i.m.TaskUserMapper.selectCount - ==> Parameters: 22(Long), 1(String), 2(String)
2026-07-22 21:43:45.102 [http-nio-8080-exec-7] DEBUG [traceId=03801a8e6d6a4b19af15a52356028a1a userId=22 role=3] c.k.i.m.TaskUserMapper.selectCount - ==> Parameters: 22(Long), 1(String), 2(String)
2026-07-22 21:43:45.103 [http-nio-8080-exec-4] DEBUG [traceId=b2eff6504b734ce1a4cb7650acf74c55 userId=22 role=3] c.k.i.m.TaskUserMapper.selectCount - <==      Total: 1
2026-07-22 21:43:45.103 [http-nio-8080-exec-7] DEBUG [traceId=03801a8e6d6a4b19af15a52356028a1a userId=22 role=3] c.k.i.m.TaskUserMapper.selectCount - <==      Total: 1
2026-07-22 21:43:45.105 [http-nio-8080-exec-4] INFO  [traceId=b2eff6504b734ce1a4cb7650acf74c55 userId=22 role=3] com.kg.interceptor.TraceIdFilter - HTTP_REQUEST_END method=POST uri=/my-task/stats status=200 cost=12ms responseBody={"code":200,"message":"查询成功","data":{"unfinished":0,"finished":0}}
2026-07-22 21:43:45.105 [http-nio-8080-exec-7] INFO  [traceId=03801a8e6d6a4b19af15a52356028a1a userId=22 role=3] com.kg.interceptor.TraceIdFilter - HTTP_REQUEST_END method=POST uri=/my-task/stats status=200 cost=12ms responseBody={"code":200,"message":"查询成功","data":{"unfinished":0,"finished":0}}
2026-07-22 21:43:45.110 [http-nio-8080-exec-9] INFO  [traceId=1dc61736620c4745be20216f43381fdf userId= role=] com.kg.interceptor.TraceIdFilter - HTTP_REQUEST_START method=POST uri=/my-task/list query=null requestBody={"pageNo":1,"pageSize":10,"status":"0"} ip=0:0:0:0:0:0:0:1 userAgent=Mozilla/5.0 (iPhone; CPU iPhone OS 15_0 like Mac OS X) AppleWebKit/605.1.15 (KHTML, like Gecko) Version/15.0 Mobile/15E148 Safari/604.1 wechatdevtools/2.01.2510290 MicroMessenger/8.0.5 Language/zh_CN webview/ hash/597225176 sid/jAVCl7QYrr
2026-07-22 21:43:45.116 [http-nio-8080-exec-9] DEBUG [traceId=1dc61736620c4745be20216f43381fdf userId= role=] c.k.i.m.SysUserMapper.selectById - ==>  Preparing: SELECT id,account,name,password,role,gender,email,phone,openid,description,teacher_remark,password_update_time,class_id,status,create_by,create_time,update_by,update_time FROM sys_user WHERE id=?
2026-07-22 21:43:45.116 [http-nio-8080-exec-9] DEBUG [traceId=1dc61736620c4745be20216f43381fdf userId= role=] c.k.i.m.SysUserMapper.selectById - ==> Parameters: 22(Long)
2026-07-22 21:43:45.117 [http-nio-8080-exec-9] DEBUG [traceId=1dc61736620c4745be20216f43381fdf userId= role=] c.k.i.m.SysUserMapper.selectById - <==      Total: 1
2026-07-22 21:43:45.119 [http-nio-8080-exec-9] WARN  [traceId=1dc61736620c4745be20216f43381fdf userId=22 role=3] c.k.exception.GlobalExceptionHandler - 参数校验失败: 不能为null
2026-07-22 21:43:45.120 [http-nio-8080-exec-9] INFO  [traceId=1dc61736620c4745be20216f43381fdf userId=22 role=3] com.kg.interceptor.TraceIdFilter - HTTP_REQUEST_END method=POST uri=/my-task/list status=200 cost=10ms responseBody={"code":400,"message":"不能为null"}
2026-07-22 21:44:23.036 [http-nio-8080-exec-2] INFO  [traceId=9cb0d602dd8144c38ca83da4cfd79706 userId= role=] com.kg.interceptor.TraceIdFilter - HTTP_REQUEST_START method=GET uri=/student/checkin/stat query=null requestBody= ip=0:0:0:0:0:0:0:1 userAgent=Mozilla/5.0 (iPhone; CPU iPhone OS 15_0 like Mac OS X) AppleWebKit/605.1.15 (KHTML, like Gecko) Version/15.0 Mobile/15E148 Safari/604.1 wechatdevtools/2.01.2510290 MicroMessenger/8.0.5 Language/zh_CN webview/ hash/597225176 sid/jAVCl7QYrr
2026-07-22 21:44:23.035 [http-nio-8080-exec-1] INFO  [traceId=ac10ec6f325243b6929a444c8e8d3cb1 userId= role=] com.kg.interceptor.TraceIdFilter - HTTP_REQUEST_START method=GET uri=/home/student/stat query=null requestBody= ip=0:0:0:0:0:0:0:1 userAgent=Mozilla/5.0 (iPhone; CPU iPhone OS 15_0 like Mac OS X) AppleWebKit/605.1.15 (KHTML, like Gecko) Version/15.0 Mobile/15E148 Safari/604.1 wechatdevtools/2.01.2510290 MicroMessenger/8.0.5 Language/zh_CN webview/ hash/597225176 sid/jAVCl7QYrr
2026-07-22 21:44:23.042 [http-nio-8080-exec-2] DEBUG [traceId=9cb0d602dd8144c38ca83da4cfd79706 userId= role=] c.k.i.m.SysUserMapper.selectById - ==>  Preparing: SELECT id,account,name,password,role,gender,email,phone,openid,description,teacher_remark,password_update_time,class_id,status,create_by,create_time,update_by,update_time FROM sys_user WHERE id=?
2026-07-22 21:44:23.042 [http-nio-8080-exec-1] DEBUG [traceId=ac10ec6f325243b6929a444c8e8d3cb1 userId= role=] c.k.i.m.SysUserMapper.selectById - ==>  Preparing: SELECT id,account,name,password,role,gender,email,phone,openid,description,teacher_remark,password_update_time,class_id,status,create_by,create_time,update_by,update_time FROM sys_user WHERE id=?
2026-07-22 21:44:23.042 [http-nio-8080-exec-2] DEBUG [traceId=9cb0d602dd8144c38ca83da4cfd79706 userId= role=] c.k.i.m.SysUserMapper.selectById - ==> Parameters: 22(Long)
2026-07-22 21:44:23.042 [http-nio-8080-exec-1] DEBUG [traceId=ac10ec6f325243b6929a444c8e8d3cb1 userId= role=] c.k.i.m.SysUserMapper.selectById - ==> Parameters: 22(Long)
2026-07-22 21:44:23.044 [http-nio-8080-exec-1] DEBUG [traceId=ac10ec6f325243b6929a444c8e8d3cb1 userId= role=] c.k.i.m.SysUserMapper.selectById - <==      Total: 1
2026-07-22 21:44:23.044 [http-nio-8080-exec-2] DEBUG [traceId=9cb0d602dd8144c38ca83da4cfd79706 userId= role=] c.k.i.m.SysUserMapper.selectById - <==      Total: 1
2026-07-22 21:44:23.045 [http-nio-8080-exec-2] DEBUG [traceId=9cb0d602dd8144c38ca83da4cfd79706 userId=22 role=3] c.k.i.m.S.findCheckinDates - ==>  Preparing: SELECT DISTINCT DATE(t.task_start_time) AS checkinDate FROM task_user tu JOIN task t ON t.id = tu.task_id WHERE tu.user_id = ? AND t.task_type = ? AND tu.status = '1' ORDER BY checkinDate DESC
2026-07-22 21:44:23.045 [http-nio-8080-exec-1] DEBUG [traceId=ac10ec6f325243b6929a444c8e8d3cb1 userId=22 role=3] c.k.i.m.H.countTodoForStudent - ==>  Preparing: SELECT COUNT(*) FROM task_user WHERE user_id = ? AND status = '0'
2026-07-22 21:44:23.045 [http-nio-8080-exec-1] DEBUG [traceId=ac10ec6f325243b6929a444c8e8d3cb1 userId=22 role=3] c.k.i.m.H.countTodoForStudent - ==> Parameters: 22(Long)
2026-07-22 21:44:23.045 [http-nio-8080-exec-2] DEBUG [traceId=9cb0d602dd8144c38ca83da4cfd79706 userId=22 role=3] c.k.i.m.S.findCheckinDates - ==> Parameters: 22(Long), 2(String)
2026-07-22 21:44:23.047 [http-nio-8080-exec-2] DEBUG [traceId=9cb0d602dd8144c38ca83da4cfd79706 userId=22 role=3] c.k.i.m.S.findCheckinDates - <==      Total: 0
2026-07-22 21:44:23.047 [http-nio-8080-exec-1] DEBUG [traceId=ac10ec6f325243b6929a444c8e8d3cb1 userId=22 role=3] c.k.i.m.H.countTodoForStudent - <==      Total: 1
2026-07-22 21:44:23.047 [http-nio-8080-exec-1] DEBUG [traceId=ac10ec6f325243b6929a444c8e8d3cb1 userId=22 role=3] c.k.i.m.H.countCompletedForStudent - ==>  Preparing: SELECT COUNT(*) FROM task_user WHERE user_id = ? AND status IN ('1','2')
2026-07-22 21:44:23.047 [http-nio-8080-exec-1] DEBUG [traceId=ac10ec6f325243b6929a444c8e8d3cb1 userId=22 role=3] c.k.i.m.H.countCompletedForStudent - ==> Parameters: 22(Long)
2026-07-22 21:44:23.048 [http-nio-8080-exec-2] INFO  [traceId=9cb0d602dd8144c38ca83da4cfd79706 userId=22 role=3] com.kg.interceptor.TraceIdFilter - HTTP_REQUEST_END method=GET uri=/student/checkin/stat status=200 cost=12ms responseBody={"code":200,"message":"查询成功","data":{"continuousDays":0,"monthCheckinCount":0,"todayChecked":false}}
2026-07-22 21:44:23.048 [http-nio-8080-exec-1] DEBUG [traceId=ac10ec6f325243b6929a444c8e8d3cb1 userId=22 role=3] c.k.i.m.H.countCompletedForStudent - <==      Total: 1
2026-07-22 21:44:23.048 [http-nio-8080-exec-1] DEBUG [traceId=ac10ec6f325243b6929a444c8e8d3cb1 userId=22 role=3] c.k.i.m.H.nearEndTop3ForStudent - ==>  Preparing: SELECT t.id AS task_id, t.task_name, t.task_end_time AS end_time FROM task_user tu JOIN task t ON t.id = tu.task_id WHERE tu.user_id = ? AND tu.status = '0' ORDER BY t.task_end_time ASC LIMIT 3
2026-07-22 21:44:23.048 [http-nio-8080-exec-1] DEBUG [traceId=ac10ec6f325243b6929a444c8e8d3cb1 userId=22 role=3] c.k.i.m.H.nearEndTop3ForStudent - ==> Parameters: 22(Long)
2026-07-22 21:44:23.049 [http-nio-8080-exec-1] DEBUG [traceId=ac10ec6f325243b6929a444c8e8d3cb1 userId=22 role=3] c.k.i.m.H.nearEndTop3ForStudent - <==      Total: 0
2026-07-22 21:44:23.050 [http-nio-8080-exec-1] INFO  [traceId=ac10ec6f325243b6929a444c8e8d3cb1 userId=22 role=3] com.kg.interceptor.TraceIdFilter - HTTP_REQUEST_END method=GET uri=/home/student/stat status=200 cost=15ms responseBody={"code":200,"message":"查询成功","data":{"todoTaskCount":0,"completedTaskCount":0,"nearEndTasks":[]}}
2026-07-22 21:44:25.347 [http-nio-8080-exec-8] INFO  [traceId=8480dc4a78d047cf8ea302a5bca43492 userId= role=] com.kg.interceptor.TraceIdFilter - HTTP_REQUEST_START method=POST uri=/my-task/stats query=null requestBody={"status":"0"} ip=0:0:0:0:0:0:0:1 userAgent=Mozilla/5.0 (iPhone; CPU iPhone OS 15_0 like Mac OS X) AppleWebKit/605.1.15 (KHTML, like Gecko) Version/15.0 Mobile/15E148 Safari/604.1 wechatdevtools/2.01.2510290 MicroMessenger/8.0.5 Language/zh_CN webview/ hash/597225176 sid/jAVCl7QYrr
2026-07-22 21:44:25.348 [http-nio-8080-exec-3] INFO  [traceId=d0e814859bfd4db4a61df0577a47481e userId= role=] com.kg.interceptor.TraceIdFilter - HTTP_REQUEST_START method=POST uri=/my-task/stats query=null requestBody={"status":"1"} ip=0:0:0:0:0:0:0:1 userAgent=Mozilla/5.0 (iPhone; CPU iPhone OS 15_0 like Mac OS X) AppleWebKit/605.1.15 (KHTML, like Gecko) Version/15.0 Mobile/15E148 Safari/604.1 wechatdevtools/2.01.2510290 MicroMessenger/8.0.5 Language/zh_CN webview/ hash/597225176 sid/jAVCl7QYrr
2026-07-22 21:44:25.351 [http-nio-8080-exec-8] DEBUG [traceId=8480dc4a78d047cf8ea302a5bca43492 userId= role=] c.k.i.m.SysUserMapper.selectById - ==>  Preparing: SELECT id,account,name,password,role,gender,email,phone,openid,description,teacher_remark,password_update_time,class_id,status,create_by,create_time,update_by,update_time FROM sys_user WHERE id=?
2026-07-22 21:44:25.351 [http-nio-8080-exec-3] DEBUG [traceId=d0e814859bfd4db4a61df0577a47481e userId= role=] c.k.i.m.SysUserMapper.selectById - ==>  Preparing: SELECT id,account,name,password,role,gender,email,phone,openid,description,teacher_remark,password_update_time,class_id,status,create_by,create_time,update_by,update_time FROM sys_user WHERE id=?
2026-07-22 21:44:25.352 [http-nio-8080-exec-3] DEBUG [traceId=d0e814859bfd4db4a61df0577a47481e userId= role=] c.k.i.m.SysUserMapper.selectById - ==> Parameters: 22(Long)
2026-07-22 21:44:25.352 [http-nio-8080-exec-8] DEBUG [traceId=8480dc4a78d047cf8ea302a5bca43492 userId= role=] c.k.i.m.SysUserMapper.selectById - ==> Parameters: 22(Long)
2026-07-22 21:44:25.352 [http-nio-8080-exec-8] DEBUG [traceId=8480dc4a78d047cf8ea302a5bca43492 userId= role=] c.k.i.m.SysUserMapper.selectById - <==      Total: 1
2026-07-22 21:44:25.352 [http-nio-8080-exec-3] DEBUG [traceId=d0e814859bfd4db4a61df0577a47481e userId= role=] c.k.i.m.SysUserMapper.selectById - <==      Total: 1
2026-07-22 21:44:25.354 [http-nio-8080-exec-8] DEBUG [traceId=8480dc4a78d047cf8ea302a5bca43492 userId=22 role=3] c.k.i.m.TaskUserMapper.selectCount - ==>  Preparing: SELECT COUNT( * ) AS total FROM task_user WHERE (user_id = ? AND status = ?)
2026-07-22 21:44:25.354 [http-nio-8080-exec-3] DEBUG [traceId=d0e814859bfd4db4a61df0577a47481e userId=22 role=3] c.k.i.m.TaskUserMapper.selectCount - ==>  Preparing: SELECT COUNT( * ) AS total FROM task_user WHERE (user_id = ? AND status = ?)
2026-07-22 21:44:25.354 [http-nio-8080-exec-8] DEBUG [traceId=8480dc4a78d047cf8ea302a5bca43492 userId=22 role=3] c.k.i.m.TaskUserMapper.selectCount - ==> Parameters: 22(Long), 0(String)
2026-07-22 21:44:25.354 [http-nio-8080-exec-3] DEBUG [traceId=d0e814859bfd4db4a61df0577a47481e userId=22 role=3] c.k.i.m.TaskUserMapper.selectCount - ==> Parameters: 22(Long), 0(String)
2026-07-22 21:44:25.355 [http-nio-8080-exec-3] DEBUG [traceId=d0e814859bfd4db4a61df0577a47481e userId=22 role=3] c.k.i.m.TaskUserMapper.selectCount - <==      Total: 1
2026-07-22 21:44:25.355 [http-nio-8080-exec-8] DEBUG [traceId=8480dc4a78d047cf8ea302a5bca43492 userId=22 role=3] c.k.i.m.TaskUserMapper.selectCount - <==      Total: 1
2026-07-22 21:44:25.355 [http-nio-8080-exec-10] INFO  [traceId=3fc0414b48b34c04b745e2de8693638f userId= role=] com.kg.interceptor.TraceIdFilter - HTTP_REQUEST_START method=POST uri=/my-task/list query=null requestBody={"pageNo":1,"pageSize":10,"status":"0"} ip=0:0:0:0:0:0:0:1 userAgent=Mozilla/5.0 (iPhone; CPU iPhone OS 15_0 like Mac OS X) AppleWebKit/605.1.15 (KHTML, like Gecko) Version/15.0 Mobile/15E148 Safari/604.1 wechatdevtools/2.01.2510290 MicroMessenger/8.0.5 Language/zh_CN webview/ hash/597225176 sid/jAVCl7QYrr
2026-07-22 21:44:25.357 [http-nio-8080-exec-3] DEBUG [traceId=d0e814859bfd4db4a61df0577a47481e userId=22 role=3] c.k.i.m.TaskUserMapper.selectCount - ==>  Preparing: SELECT COUNT( * ) AS total FROM task_user WHERE (user_id = ? AND status IN (?,?))
2026-07-22 21:44:25.357 [http-nio-8080-exec-8] DEBUG [traceId=8480dc4a78d047cf8ea302a5bca43492 userId=22 role=3] c.k.i.m.TaskUserMapper.selectCount - ==>  Preparing: SELECT COUNT( * ) AS total FROM task_user WHERE (user_id = ? AND status IN (?,?))
2026-07-22 21:44:25.357 [http-nio-8080-exec-8] DEBUG [traceId=8480dc4a78d047cf8ea302a5bca43492 userId=22 role=3] c.k.i.m.TaskUserMapper.selectCount - ==> Parameters: 22(Long), 1(String), 2(String)
2026-07-22 21:44:25.357 [http-nio-8080-exec-3] DEBUG [traceId=d0e814859bfd4db4a61df0577a47481e userId=22 role=3] c.k.i.m.TaskUserMapper.selectCount - ==> Parameters: 22(Long), 1(String), 2(String)
2026-07-22 21:44:25.358 [http-nio-8080-exec-3] DEBUG [traceId=d0e814859bfd4db4a61df0577a47481e userId=22 role=3] c.k.i.m.TaskUserMapper.selectCount - <==      Total: 1
2026-07-22 21:44:25.358 [http-nio-8080-exec-8] DEBUG [traceId=8480dc4a78d047cf8ea302a5bca43492 userId=22 role=3] c.k.i.m.TaskUserMapper.selectCount - <==      Total: 1
2026-07-22 21:44:25.359 [http-nio-8080-exec-8] INFO  [traceId=8480dc4a78d047cf8ea302a5bca43492 userId=22 role=3] com.kg.interceptor.TraceIdFilter - HTTP_REQUEST_END method=POST uri=/my-task/stats status=200 cost=12ms responseBody={"code":200,"message":"查询成功","data":{"unfinished":0,"finished":0}}
2026-07-22 21:44:25.359 [http-nio-8080-exec-3] INFO  [traceId=d0e814859bfd4db4a61df0577a47481e userId=22 role=3] com.kg.interceptor.TraceIdFilter - HTTP_REQUEST_END method=POST uri=/my-task/stats status=200 cost=11ms responseBody={"code":200,"message":"查询成功","data":{"unfinished":0,"finished":0}}
2026-07-22 21:44:25.359 [http-nio-8080-exec-10] DEBUG [traceId=3fc0414b48b34c04b745e2de8693638f userId= role=] c.k.i.m.SysUserMapper.selectById - ==>  Preparing: SELECT id,account,name,password,role,gender,email,phone,openid,description,teacher_remark,password_update_time,class_id,status,create_by,create_time,update_by,update_time FROM sys_user WHERE id=?
2026-07-22 21:44:25.359 [http-nio-8080-exec-10] DEBUG [traceId=3fc0414b48b34c04b745e2de8693638f userId= role=] c.k.i.m.SysUserMapper.selectById - ==> Parameters: 22(Long)
2026-07-22 21:44:25.360 [http-nio-8080-exec-10] DEBUG [traceId=3fc0414b48b34c04b745e2de8693638f userId= role=] c.k.i.m.SysUserMapper.selectById - <==      Total: 1
2026-07-22 21:44:25.361 [http-nio-8080-exec-10] WARN  [traceId=3fc0414b48b34c04b745e2de8693638f userId=22 role=3] c.k.exception.GlobalExceptionHandler - 参数校验失败: 不能为null
2026-07-22 21:44:25.362 [http-nio-8080-exec-10] INFO  [traceId=3fc0414b48b34c04b745e2de8693638f userId=22 role=3] com.kg.interceptor.TraceIdFilter - HTTP_REQUEST_END method=POST uri=/my-task/list status=200 cost=7ms responseBody={"code":400,"message":"不能为null"}
2026-07-22 21:46:51.394 [http-nio-8080-exec-9] INFO  [traceId=e05a574af9274444aa27ac016951cd56 userId= role=] com.kg.interceptor.TraceIdFilter - HTTP_REQUEST_START method=GET uri=/student/checkin/stat query=null requestBody= ip=0:0:0:0:0:0:0:1 userAgent=Mozilla/5.0 (iPhone; CPU iPhone OS 15_0 like Mac OS X) AppleWebKit/605.1.15 (KHTML, like Gecko) Version/15.0 Mobile/15E148 Safari/604.1 wechatdevtools/2.01.2510290 MicroMessenger/8.0.5 Language/zh_CN webview/ hash/597225176 sid/jAVCl7QYrr
2026-07-22 21:46:51.394 [http-nio-8080-exec-4] INFO  [traceId=d1679b47d7204b5b9b1e71ae91fba858 userId= role=] com.kg.interceptor.TraceIdFilter - HTTP_REQUEST_START method=GET uri=/home/student/stat query=null requestBody= ip=0:0:0:0:0:0:0:1 userAgent=Mozilla/5.0 (iPhone; CPU iPhone OS 15_0 like Mac OS X) AppleWebKit/605.1.15 (KHTML, like Gecko) Version/15.0 Mobile/15E148 Safari/604.1 wechatdevtools/2.01.2510290 MicroMessenger/8.0.5 Language/zh_CN webview/ hash/597225176 sid/jAVCl7QYrr
2026-07-22 21:46:51.402 [http-nio-8080-exec-9] DEBUG [traceId=e05a574af9274444aa27ac016951cd56 userId= role=] c.k.i.m.SysUserMapper.selectById - ==>  Preparing: SELECT id,account,name,password,role,gender,email,phone,openid,description,teacher_remark,password_update_time,class_id,status,create_by,create_time,update_by,update_time FROM sys_user WHERE id=?
2026-07-22 21:46:51.402 [http-nio-8080-exec-4] DEBUG [traceId=d1679b47d7204b5b9b1e71ae91fba858 userId= role=] c.k.i.m.SysUserMapper.selectById - ==>  Preparing: SELECT id,account,name,password,role,gender,email,phone,openid,description,teacher_remark,password_update_time,class_id,status,create_by,create_time,update_by,update_time FROM sys_user WHERE id=?
2026-07-22 21:46:51.403 [http-nio-8080-exec-4] DEBUG [traceId=d1679b47d7204b5b9b1e71ae91fba858 userId= role=] c.k.i.m.SysUserMapper.selectById - ==> Parameters: 22(Long)
2026-07-22 21:46:51.403 [http-nio-8080-exec-9] DEBUG [traceId=e05a574af9274444aa27ac016951cd56 userId= role=] c.k.i.m.SysUserMapper.selectById - ==> Parameters: 22(Long)
2026-07-22 21:46:51.404 [http-nio-8080-exec-9] DEBUG [traceId=e05a574af9274444aa27ac016951cd56 userId= role=] c.k.i.m.SysUserMapper.selectById - <==      Total: 1
2026-07-22 21:46:51.404 [http-nio-8080-exec-4] DEBUG [traceId=d1679b47d7204b5b9b1e71ae91fba858 userId= role=] c.k.i.m.SysUserMapper.selectById - <==      Total: 1
2026-07-22 21:46:51.404 [http-nio-8080-exec-4] DEBUG [traceId=d1679b47d7204b5b9b1e71ae91fba858 userId=22 role=3] c.k.i.m.H.countTodoForStudent - ==>  Preparing: SELECT COUNT(*) FROM task_user WHERE user_id = ? AND status = '0'
2026-07-22 21:46:51.404 [http-nio-8080-exec-9] DEBUG [traceId=e05a574af9274444aa27ac016951cd56 userId=22 role=3] c.k.i.m.S.findCheckinDates - ==>  Preparing: SELECT DISTINCT DATE(t.task_start_time) AS checkinDate FROM task_user tu JOIN task t ON t.id = tu.task_id WHERE tu.user_id = ? AND t.task_type = ? AND tu.status = '1' ORDER BY checkinDate DESC
2026-07-22 21:46:51.404 [http-nio-8080-exec-4] DEBUG [traceId=d1679b47d7204b5b9b1e71ae91fba858 userId=22 role=3] c.k.i.m.H.countTodoForStudent - ==> Parameters: 22(Long)
2026-07-22 21:46:51.404 [http-nio-8080-exec-9] DEBUG [traceId=e05a574af9274444aa27ac016951cd56 userId=22 role=3] c.k.i.m.S.findCheckinDates - ==> Parameters: 22(Long), 2(String)
2026-07-22 21:46:51.405 [http-nio-8080-exec-9] DEBUG [traceId=e05a574af9274444aa27ac016951cd56 userId=22 role=3] c.k.i.m.S.findCheckinDates - <==      Total: 0
2026-07-22 21:46:51.405 [http-nio-8080-exec-4] DEBUG [traceId=d1679b47d7204b5b9b1e71ae91fba858 userId=22 role=3] c.k.i.m.H.countTodoForStudent - <==      Total: 1
2026-07-22 21:46:51.405 [http-nio-8080-exec-4] DEBUG [traceId=d1679b47d7204b5b9b1e71ae91fba858 userId=22 role=3] c.k.i.m.H.countCompletedForStudent - ==>  Preparing: SELECT COUNT(*) FROM task_user WHERE user_id = ? AND status IN ('1','2')
2026-07-22 21:46:51.405 [http-nio-8080-exec-4] DEBUG [traceId=d1679b47d7204b5b9b1e71ae91fba858 userId=22 role=3] c.k.i.m.H.countCompletedForStudent - ==> Parameters: 22(Long)
2026-07-22 21:46:51.406 [http-nio-8080-exec-9] INFO  [traceId=e05a574af9274444aa27ac016951cd56 userId=22 role=3] com.kg.interceptor.TraceIdFilter - HTTP_REQUEST_END method=GET uri=/student/checkin/stat status=200 cost=12ms responseBody={"code":200,"message":"查询成功","data":{"continuousDays":0,"monthCheckinCount":0,"todayChecked":false}}
2026-07-22 21:46:51.406 [http-nio-8080-exec-4] DEBUG [traceId=d1679b47d7204b5b9b1e71ae91fba858 userId=22 role=3] c.k.i.m.H.countCompletedForStudent - <==      Total: 1
2026-07-22 21:46:51.406 [http-nio-8080-exec-4] DEBUG [traceId=d1679b47d7204b5b9b1e71ae91fba858 userId=22 role=3] c.k.i.m.H.nearEndTop3ForStudent - ==>  Preparing: SELECT t.id AS task_id, t.task_name, t.task_end_time AS end_time FROM task_user tu JOIN task t ON t.id = tu.task_id WHERE tu.user_id = ? AND tu.status = '0' ORDER BY t.task_end_time ASC LIMIT 3
2026-07-22 21:46:51.406 [http-nio-8080-exec-4] DEBUG [traceId=d1679b47d7204b5b9b1e71ae91fba858 userId=22 role=3] c.k.i.m.H.nearEndTop3ForStudent - ==> Parameters: 22(Long)
2026-07-22 21:46:51.406 [http-nio-8080-exec-4] DEBUG [traceId=d1679b47d7204b5b9b1e71ae91fba858 userId=22 role=3] c.k.i.m.H.nearEndTop3ForStudent - <==      Total: 0
2026-07-22 21:46:51.407 [http-nio-8080-exec-4] INFO  [traceId=d1679b47d7204b5b9b1e71ae91fba858 userId=22 role=3] com.kg.interceptor.TraceIdFilter - HTTP_REQUEST_END method=GET uri=/home/student/stat status=200 cost=13ms responseBody={"code":200,"message":"查询成功","data":{"todoTaskCount":0,"completedTaskCount":0,"nearEndTasks":[]}}
2026-07-22 21:46:52.037 [http-nio-8080-exec-1] INFO  [traceId=3810ed6a574b4b278cca43a1fc9d3dac userId= role=] com.kg.interceptor.TraceIdFilter - HTTP_REQUEST_START method=POST uri=/my-task/stats query=null requestBody={"status":"1"} ip=0:0:0:0:0:0:0:1 userAgent=Mozilla/5.0 (iPhone; CPU iPhone OS 15_0 like Mac OS X) AppleWebKit/605.1.15 (KHTML, like Gecko) Version/15.0 Mobile/15E148 Safari/604.1 wechatdevtools/2.01.2510290 MicroMessenger/8.0.5 Language/zh_CN webview/ hash/597225176 sid/jAVCl7QYrr
2026-07-22 21:46:52.037 [http-nio-8080-exec-2] INFO  [traceId=2f7aa408bb374155a4a66a588a0c8c4e userId= role=] com.kg.interceptor.TraceIdFilter - HTTP_REQUEST_START method=POST uri=/my-task/stats query=null requestBody={"status":"0"} ip=0:0:0:0:0:0:0:1 userAgent=Mozilla/5.0 (iPhone; CPU iPhone OS 15_0 like Mac OS X) AppleWebKit/605.1.15 (KHTML, like Gecko) Version/15.0 Mobile/15E148 Safari/604.1 wechatdevtools/2.01.2510290 MicroMessenger/8.0.5 Language/zh_CN webview/ hash/597225176 sid/jAVCl7QYrr
2026-07-22 21:46:52.041 [http-nio-8080-exec-1] DEBUG [traceId=3810ed6a574b4b278cca43a1fc9d3dac userId= role=] c.k.i.m.SysUserMapper.selectById - ==>  Preparing: SELECT id,account,name,password,role,gender,email,phone,openid,description,teacher_remark,password_update_time,class_id,status,create_by,create_time,update_by,update_time FROM sys_user WHERE id=?
2026-07-22 21:46:52.041 [http-nio-8080-exec-2] DEBUG [traceId=2f7aa408bb374155a4a66a588a0c8c4e userId= role=] c.k.i.m.SysUserMapper.selectById - ==>  Preparing: SELECT id,account,name,password,role,gender,email,phone,openid,description,teacher_remark,password_update_time,class_id,status,create_by,create_time,update_by,update_time FROM sys_user WHERE id=?
2026-07-22 21:46:52.041 [http-nio-8080-exec-1] DEBUG [traceId=3810ed6a574b4b278cca43a1fc9d3dac userId= role=] c.k.i.m.SysUserMapper.selectById - ==> Parameters: 22(Long)
2026-07-22 21:46:52.041 [http-nio-8080-exec-2] DEBUG [traceId=2f7aa408bb374155a4a66a588a0c8c4e userId= role=] c.k.i.m.SysUserMapper.selectById - ==> Parameters: 22(Long)
2026-07-22 21:46:52.042 [http-nio-8080-exec-2] DEBUG [traceId=2f7aa408bb374155a4a66a588a0c8c4e userId= role=] c.k.i.m.SysUserMapper.selectById - <==      Total: 1
2026-07-22 21:46:52.042 [http-nio-8080-exec-1] DEBUG [traceId=3810ed6a574b4b278cca43a1fc9d3dac userId= role=] c.k.i.m.SysUserMapper.selectById - <==      Total: 1
2026-07-22 21:46:52.045 [http-nio-8080-exec-1] DEBUG [traceId=3810ed6a574b4b278cca43a1fc9d3dac userId=22 role=3] c.k.i.m.TaskUserMapper.selectCount - ==>  Preparing: SELECT COUNT( * ) AS total FROM task_user WHERE (user_id = ? AND status = ?)
2026-07-22 21:46:52.045 [http-nio-8080-exec-2] DEBUG [traceId=2f7aa408bb374155a4a66a588a0c8c4e userId=22 role=3] c.k.i.m.TaskUserMapper.selectCount - ==>  Preparing: SELECT COUNT( * ) AS total FROM task_user WHERE (user_id = ? AND status = ?)
2026-07-22 21:46:52.045 [http-nio-8080-exec-1] DEBUG [traceId=3810ed6a574b4b278cca43a1fc9d3dac userId=22 role=3] c.k.i.m.TaskUserMapper.selectCount - ==> Parameters: 22(Long), 0(String)
2026-07-22 21:46:52.045 [http-nio-8080-exec-2] DEBUG [traceId=2f7aa408bb374155a4a66a588a0c8c4e userId=22 role=3] c.k.i.m.TaskUserMapper.selectCount - ==> Parameters: 22(Long), 0(String)
2026-07-22 21:46:52.046 [http-nio-8080-exec-8] INFO  [traceId=2e54b3cd17914bd290902fb20b8cc99b userId= role=] com.kg.interceptor.TraceIdFilter - HTTP_REQUEST_START method=POST uri=/my-task/list query=null requestBody={"pageNo":1,"pageSize":10,"status":"0"} ip=0:0:0:0:0:0:0:1 userAgent=Mozilla/5.0 (iPhone; CPU iPhone OS 15_0 like Mac OS X) AppleWebKit/605.1.15 (KHTML, like Gecko) Version/15.0 Mobile/15E148 Safari/604.1 wechatdevtools/2.01.2510290 MicroMessenger/8.0.5 Language/zh_CN webview/ hash/597225176 sid/jAVCl7QYrr
2026-07-22 21:46:52.046 [http-nio-8080-exec-2] DEBUG [traceId=2f7aa408bb374155a4a66a588a0c8c4e userId=22 role=3] c.k.i.m.TaskUserMapper.selectCount - <==      Total: 1
2026-07-22 21:46:52.046 [http-nio-8080-exec-1] DEBUG [traceId=3810ed6a574b4b278cca43a1fc9d3dac userId=22 role=3] c.k.i.m.TaskUserMapper.selectCount - <==      Total: 1
2026-07-22 21:46:52.048 [http-nio-8080-exec-2] DEBUG [traceId=2f7aa408bb374155a4a66a588a0c8c4e userId=22 role=3] c.k.i.m.TaskUserMapper.selectCount - ==>  Preparing: SELECT COUNT( * ) AS total FROM task_user WHERE (user_id = ? AND status IN (?,?))
2026-07-22 21:46:52.048 [http-nio-8080-exec-1] DEBUG [traceId=3810ed6a574b4b278cca43a1fc9d3dac userId=22 role=3] c.k.i.m.TaskUserMapper.selectCount - ==>  Preparing: SELECT COUNT( * ) AS total FROM task_user WHERE (user_id = ? AND status IN (?,?))
2026-07-22 21:46:52.048 [http-nio-8080-exec-2] DEBUG [traceId=2f7aa408bb374155a4a66a588a0c8c4e userId=22 role=3] c.k.i.m.TaskUserMapper.selectCount - ==> Parameters: 22(Long), 1(String), 2(String)
2026-07-22 21:46:52.048 [http-nio-8080-exec-1] DEBUG [traceId=3810ed6a574b4b278cca43a1fc9d3dac userId=22 role=3] c.k.i.m.TaskUserMapper.selectCount - ==> Parameters: 22(Long), 1(String), 2(String)
2026-07-22 21:46:52.050 [http-nio-8080-exec-2] DEBUG [traceId=2f7aa408bb374155a4a66a588a0c8c4e userId=22 role=3] c.k.i.m.TaskUserMapper.selectCount - <==      Total: 1
2026-07-22 21:46:52.050 [http-nio-8080-exec-1] DEBUG [traceId=3810ed6a574b4b278cca43a1fc9d3dac userId=22 role=3] c.k.i.m.TaskUserMapper.selectCount - <==      Total: 1
2026-07-22 21:46:52.051 [http-nio-8080-exec-8] DEBUG [traceId=2e54b3cd17914bd290902fb20b8cc99b userId= role=] c.k.i.m.SysUserMapper.selectById - ==>  Preparing: SELECT id,account,name,password,role,gender,email,phone,openid,description,teacher_remark,password_update_time,class_id,status,create_by,create_time,update_by,update_time FROM sys_user WHERE id=?
2026-07-22 21:46:52.051 [http-nio-8080-exec-8] DEBUG [traceId=2e54b3cd17914bd290902fb20b8cc99b userId= role=] c.k.i.m.SysUserMapper.selectById - ==> Parameters: 22(Long)
2026-07-22 21:46:52.051 [http-nio-8080-exec-1] INFO  [traceId=3810ed6a574b4b278cca43a1fc9d3dac userId=22 role=3] com.kg.interceptor.TraceIdFilter - HTTP_REQUEST_END method=POST uri=/my-task/stats status=200 cost=14ms responseBody={"code":200,"message":"查询成功","data":{"unfinished":0,"finished":0}}
2026-07-22 21:46:52.051 [http-nio-8080-exec-2] INFO  [traceId=2f7aa408bb374155a4a66a588a0c8c4e userId=22 role=3] com.kg.interceptor.TraceIdFilter - HTTP_REQUEST_END method=POST uri=/my-task/stats status=200 cost=14ms responseBody={"code":200,"message":"查询成功","data":{"unfinished":0,"finished":0}}
2026-07-22 21:46:52.052 [http-nio-8080-exec-8] DEBUG [traceId=2e54b3cd17914bd290902fb20b8cc99b userId= role=] c.k.i.m.SysUserMapper.selectById - <==      Total: 1
2026-07-22 21:46:52.054 [http-nio-8080-exec-8] WARN  [traceId=2e54b3cd17914bd290902fb20b8cc99b userId=22 role=3] c.k.exception.GlobalExceptionHandler - 参数校验失败: 不能为null
2026-07-22 21:46:52.055 [http-nio-8080-exec-8] INFO  [traceId=2e54b3cd17914bd290902fb20b8cc99b userId=22 role=3] com.kg.interceptor.TraceIdFilter - HTTP_REQUEST_END method=POST uri=/my-task/list status=200 cost=10ms responseBody={"code":400,"message":"不能为null"}
2026-07-22 21:47:26.753 [http-nio-8080-exec-3] INFO  [traceId=4358fb639655434790a1e8df4344c12e userId= role=] com.kg.interceptor.TraceIdFilter - HTTP_REQUEST_START method=GET uri=/home/student/stat query=null requestBody= ip=0:0:0:0:0:0:0:1 userAgent=Mozilla/5.0 (iPhone; CPU iPhone OS 15_0 like Mac OS X) AppleWebKit/605.1.15 (KHTML, like Gecko) Version/15.0 Mobile/15E148 Safari/604.1 wechatdevtools/2.01.2510290 MicroMessenger/8.0.5 Language/zh_CN webview/ hash/597225176 sid/jAVCl7QYrr
2026-07-22 21:47:26.759 [http-nio-8080-exec-3] DEBUG [traceId=4358fb639655434790a1e8df4344c12e userId= role=] c.k.i.m.SysUserMapper.selectById - ==>  Preparing: SELECT id,account,name,password,role,gender,email,phone,openid,description,teacher_remark,password_update_time,class_id,status,create_by,create_time,update_by,update_time FROM sys_user WHERE id=?
2026-07-22 21:47:26.759 [http-nio-8080-exec-3] DEBUG [traceId=4358fb639655434790a1e8df4344c12e userId= role=] c.k.i.m.SysUserMapper.selectById - ==> Parameters: 22(Long)
2026-07-22 21:47:26.761 [http-nio-8080-exec-3] DEBUG [traceId=4358fb639655434790a1e8df4344c12e userId= role=] c.k.i.m.SysUserMapper.selectById - <==      Total: 1
2026-07-22 21:47:26.761 [http-nio-8080-exec-3] DEBUG [traceId=4358fb639655434790a1e8df4344c12e userId=22 role=3] c.k.i.m.H.countTodoForStudent - ==>  Preparing: SELECT COUNT(*) FROM task_user WHERE user_id = ? AND status = '0'
2026-07-22 21:47:26.761 [http-nio-8080-exec-3] DEBUG [traceId=4358fb639655434790a1e8df4344c12e userId=22 role=3] c.k.i.m.H.countTodoForStudent - ==> Parameters: 22(Long)
2026-07-22 21:47:26.762 [http-nio-8080-exec-10] INFO  [traceId=bf2a7a2278074809bf7c0fc29253a6ab userId= role=] com.kg.interceptor.TraceIdFilter - HTTP_REQUEST_START method=GET uri=/student/checkin/stat query=null requestBody= ip=0:0:0:0:0:0:0:1 userAgent=Mozilla/5.0 (iPhone; CPU iPhone OS 15_0 like Mac OS X) AppleWebKit/605.1.15 (KHTML, like Gecko) Version/15.0 Mobile/15E148 Safari/604.1 wechatdevtools/2.01.2510290 MicroMessenger/8.0.5 Language/zh_CN webview/ hash/597225176 sid/jAVCl7QYrr
2026-07-22 21:47:26.762 [http-nio-8080-exec-3] DEBUG [traceId=4358fb639655434790a1e8df4344c12e userId=22 role=3] c.k.i.m.H.countTodoForStudent - <==      Total: 1
2026-07-22 21:47:26.764 [http-nio-8080-exec-3] DEBUG [traceId=4358fb639655434790a1e8df4344c12e userId=22 role=3] c.k.i.m.H.countCompletedForStudent - ==>  Preparing: SELECT COUNT(*) FROM task_user WHERE user_id = ? AND status IN ('1','2')
2026-07-22 21:47:26.764 [http-nio-8080-exec-3] DEBUG [traceId=4358fb639655434790a1e8df4344c12e userId=22 role=3] c.k.i.m.H.countCompletedForStudent - ==> Parameters: 22(Long)
2026-07-22 21:47:26.765 [http-nio-8080-exec-3] DEBUG [traceId=4358fb639655434790a1e8df4344c12e userId=22 role=3] c.k.i.m.H.countCompletedForStudent - <==      Total: 1
2026-07-22 21:47:26.766 [http-nio-8080-exec-3] DEBUG [traceId=4358fb639655434790a1e8df4344c12e userId=22 role=3] c.k.i.m.H.nearEndTop3ForStudent - ==>  Preparing: SELECT t.id AS task_id, t.task_name, t.task_end_time AS end_time FROM task_user tu JOIN task t ON t.id = tu.task_id WHERE tu.user_id = ? AND tu.status = '0' ORDER BY t.task_end_time ASC LIMIT 3
2026-07-22 21:47:26.766 [http-nio-8080-exec-3] DEBUG [traceId=4358fb639655434790a1e8df4344c12e userId=22 role=3] c.k.i.m.H.nearEndTop3ForStudent - ==> Parameters: 22(Long)
2026-07-22 21:47:26.767 [http-nio-8080-exec-10] DEBUG [traceId=bf2a7a2278074809bf7c0fc29253a6ab userId= role=] c.k.i.m.SysUserMapper.selectById - ==>  Preparing: SELECT id,account,name,password,role,gender,email,phone,openid,description,teacher_remark,password_update_time,class_id,status,create_by,create_time,update_by,update_time FROM sys_user WHERE id=?
2026-07-22 21:47:26.767 [http-nio-8080-exec-3] DEBUG [traceId=4358fb639655434790a1e8df4344c12e userId=22 role=3] c.k.i.m.H.nearEndTop3ForStudent - <==      Total: 0
2026-07-22 21:47:26.767 [http-nio-8080-exec-10] DEBUG [traceId=bf2a7a2278074809bf7c0fc29253a6ab userId= role=] c.k.i.m.SysUserMapper.selectById - ==> Parameters: 22(Long)
2026-07-22 21:47:26.768 [http-nio-8080-exec-10] DEBUG [traceId=bf2a7a2278074809bf7c0fc29253a6ab userId= role=] c.k.i.m.SysUserMapper.selectById - <==      Total: 1
2026-07-22 21:47:26.768 [http-nio-8080-exec-3] INFO  [traceId=4358fb639655434790a1e8df4344c12e userId=22 role=3] com.kg.interceptor.TraceIdFilter - HTTP_REQUEST_END method=GET uri=/home/student/stat status=200 cost=15ms responseBody={"code":200,"message":"查询成功","data":{"todoTaskCount":0,"completedTaskCount":0,"nearEndTasks":[]}}
2026-07-22 21:47:26.768 [http-nio-8080-exec-10] DEBUG [traceId=bf2a7a2278074809bf7c0fc29253a6ab userId=22 role=3] c.k.i.m.S.findCheckinDates - ==>  Preparing: SELECT DISTINCT DATE(t.task_start_time) AS checkinDate FROM task_user tu JOIN task t ON t.id = tu.task_id WHERE tu.user_id = ? AND t.task_type = ? AND tu.status = '1' ORDER BY checkinDate DESC
2026-07-22 21:47:26.768 [http-nio-8080-exec-10] DEBUG [traceId=bf2a7a2278074809bf7c0fc29253a6ab userId=22 role=3] c.k.i.m.S.findCheckinDates - ==> Parameters: 22(Long), 2(String)
2026-07-22 21:47:26.769 [http-nio-8080-exec-10] DEBUG [traceId=bf2a7a2278074809bf7c0fc29253a6ab userId=22 role=3] c.k.i.m.S.findCheckinDates - <==      Total: 0
2026-07-22 21:47:26.770 [http-nio-8080-exec-10] INFO  [traceId=bf2a7a2278074809bf7c0fc29253a6ab userId=22 role=3] com.kg.interceptor.TraceIdFilter - HTTP_REQUEST_END method=GET uri=/student/checkin/stat status=200 cost=8ms responseBody={"code":200,"message":"查询成功","data":{"continuousDays":0,"monthCheckinCount":0,"todayChecked":false}}
2026-07-22 21:47:27.535 [http-nio-8080-exec-5] INFO  [traceId=fd39355ed09b4183aeb7d93374aae284 userId= role=] com.kg.interceptor.TraceIdFilter - HTTP_REQUEST_START method=POST uri=/my-task/stats query=null requestBody={"status":"0"} ip=0:0:0:0:0:0:0:1 userAgent=Mozilla/5.0 (iPhone; CPU iPhone OS 15_0 like Mac OS X) AppleWebKit/605.1.15 (KHTML, like Gecko) Version/15.0 Mobile/15E148 Safari/604.1 wechatdevtools/2.01.2510290 MicroMessenger/8.0.5 Language/zh_CN webview/ hash/597225176 sid/jAVCl7QYrr
2026-07-22 21:47:27.537 [http-nio-8080-exec-7] INFO  [traceId=248355174f6f482299a83f4ccf742019 userId= role=] com.kg.interceptor.TraceIdFilter - HTTP_REQUEST_START method=POST uri=/my-task/stats query=null requestBody={"status":"1"} ip=0:0:0:0:0:0:0:1 userAgent=Mozilla/5.0 (iPhone; CPU iPhone OS 15_0 like Mac OS X) AppleWebKit/605.1.15 (KHTML, like Gecko) Version/15.0 Mobile/15E148 Safari/604.1 wechatdevtools/2.01.2510290 MicroMessenger/8.0.5 Language/zh_CN webview/ hash/597225176 sid/jAVCl7QYrr
2026-07-22 21:47:27.539 [http-nio-8080-exec-5] DEBUG [traceId=fd39355ed09b4183aeb7d93374aae284 userId= role=] c.k.i.m.SysUserMapper.selectById - ==>  Preparing: SELECT id,account,name,password,role,gender,email,phone,openid,description,teacher_remark,password_update_time,class_id,status,create_by,create_time,update_by,update_time FROM sys_user WHERE id=?
2026-07-22 21:47:27.539 [http-nio-8080-exec-5] DEBUG [traceId=fd39355ed09b4183aeb7d93374aae284 userId= role=] c.k.i.m.SysUserMapper.selectById - ==> Parameters: 22(Long)
2026-07-22 21:47:27.540 [http-nio-8080-exec-5] DEBUG [traceId=fd39355ed09b4183aeb7d93374aae284 userId= role=] c.k.i.m.SysUserMapper.selectById - <==      Total: 1
2026-07-22 21:47:27.541 [http-nio-8080-exec-7] DEBUG [traceId=248355174f6f482299a83f4ccf742019 userId= role=] c.k.i.m.SysUserMapper.selectById - ==>  Preparing: SELECT id,account,name,password,role,gender,email,phone,openid,description,teacher_remark,password_update_time,class_id,status,create_by,create_time,update_by,update_time FROM sys_user WHERE id=?
2026-07-22 21:47:27.542 [http-nio-8080-exec-7] DEBUG [traceId=248355174f6f482299a83f4ccf742019 userId= role=] c.k.i.m.SysUserMapper.selectById - ==> Parameters: 22(Long)
2026-07-22 21:47:27.542 [http-nio-8080-exec-5] DEBUG [traceId=fd39355ed09b4183aeb7d93374aae284 userId=22 role=3] c.k.i.m.TaskUserMapper.selectCount - ==>  Preparing: SELECT COUNT( * ) AS total FROM task_user WHERE (user_id = ? AND status = ?)
2026-07-22 21:47:27.542 [http-nio-8080-exec-5] DEBUG [traceId=fd39355ed09b4183aeb7d93374aae284 userId=22 role=3] c.k.i.m.TaskUserMapper.selectCount - ==> Parameters: 22(Long), 0(String)
2026-07-22 21:47:27.542 [http-nio-8080-exec-7] DEBUG [traceId=248355174f6f482299a83f4ccf742019 userId= role=] c.k.i.m.SysUserMapper.selectById - <==      Total: 1
2026-07-22 21:47:27.543 [http-nio-8080-exec-5] DEBUG [traceId=fd39355ed09b4183aeb7d93374aae284 userId=22 role=3] c.k.i.m.TaskUserMapper.selectCount - <==      Total: 1
2026-07-22 21:47:27.543 [http-nio-8080-exec-5] DEBUG [traceId=fd39355ed09b4183aeb7d93374aae284 userId=22 role=3] c.k.i.m.TaskUserMapper.selectCount - ==>  Preparing: SELECT COUNT( * ) AS total FROM task_user WHERE (user_id = ? AND status IN (?,?))
2026-07-22 21:47:27.543 [http-nio-8080-exec-7] DEBUG [traceId=248355174f6f482299a83f4ccf742019 userId=22 role=3] c.k.i.m.TaskUserMapper.selectCount - ==>  Preparing: SELECT COUNT( * ) AS total FROM task_user WHERE (user_id = ? AND status = ?)
2026-07-22 21:47:27.544 [http-nio-8080-exec-7] DEBUG [traceId=248355174f6f482299a83f4ccf742019 userId=22 role=3] c.k.i.m.TaskUserMapper.selectCount - ==> Parameters: 22(Long), 0(String)
2026-07-22 21:47:27.544 [http-nio-8080-exec-5] DEBUG [traceId=fd39355ed09b4183aeb7d93374aae284 userId=22 role=3] c.k.i.m.TaskUserMapper.selectCount - ==> Parameters: 22(Long), 1(String), 2(String)
2026-07-22 21:47:27.544 [http-nio-8080-exec-7] DEBUG [traceId=248355174f6f482299a83f4ccf742019 userId=22 role=3] c.k.i.m.TaskUserMapper.selectCount - <==      Total: 1
2026-07-22 21:47:27.544 [http-nio-8080-exec-5] DEBUG [traceId=fd39355ed09b4183aeb7d93374aae284 userId=22 role=3] c.k.i.m.TaskUserMapper.selectCount - <==      Total: 1
2026-07-22 21:47:27.546 [http-nio-8080-exec-7] DEBUG [traceId=248355174f6f482299a83f4ccf742019 userId=22 role=3] c.k.i.m.TaskUserMapper.selectCount - ==>  Preparing: SELECT COUNT( * ) AS total FROM task_user WHERE (user_id = ? AND status IN (?,?))
2026-07-22 21:47:27.546 [http-nio-8080-exec-5] INFO  [traceId=fd39355ed09b4183aeb7d93374aae284 userId=22 role=3] com.kg.interceptor.TraceIdFilter - HTTP_REQUEST_END method=POST uri=/my-task/stats status=200 cost=11ms responseBody={"code":200,"message":"查询成功","data":{"unfinished":0,"finished":0}}
2026-07-22 21:47:27.546 [http-nio-8080-exec-6] INFO  [traceId=15eab0f50a8d473ea296b073e7f96309 userId= role=] com.kg.interceptor.TraceIdFilter - HTTP_REQUEST_START method=POST uri=/my-task/list query=null requestBody={"pageNo":1,"pageSize":10,"status":"0"} ip=0:0:0:0:0:0:0:1 userAgent=Mozilla/5.0 (iPhone; CPU iPhone OS 15_0 like Mac OS X) AppleWebKit/605.1.15 (KHTML, like Gecko) Version/15.0 Mobile/15E148 Safari/604.1 wechatdevtools/2.01.2510290 MicroMessenger/8.0.5 Language/zh_CN webview/ hash/597225176 sid/jAVCl7QYrr
2026-07-22 21:47:27.546 [http-nio-8080-exec-7] DEBUG [traceId=248355174f6f482299a83f4ccf742019 userId=22 role=3] c.k.i.m.TaskUserMapper.selectCount - ==> Parameters: 22(Long), 1(String), 2(String)
2026-07-22 21:47:27.547 [http-nio-8080-exec-7] DEBUG [traceId=248355174f6f482299a83f4ccf742019 userId=22 role=3] c.k.i.m.TaskUserMapper.selectCount - <==      Total: 1
2026-07-22 21:47:27.548 [http-nio-8080-exec-7] INFO  [traceId=248355174f6f482299a83f4ccf742019 userId=22 role=3] com.kg.interceptor.TraceIdFilter - HTTP_REQUEST_END method=POST uri=/my-task/stats status=200 cost=11ms responseBody={"code":200,"message":"查询成功","data":{"unfinished":0,"finished":0}}
2026-07-22 21:47:27.548 [http-nio-8080-exec-6] DEBUG [traceId=15eab0f50a8d473ea296b073e7f96309 userId= role=] c.k.i.m.SysUserMapper.selectById - ==>  Preparing: SELECT id,account,name,password,role,gender,email,phone,openid,description,teacher_remark,password_update_time,class_id,status,create_by,create_time,update_by,update_time FROM sys_user WHERE id=?
2026-07-22 21:47:27.549 [http-nio-8080-exec-6] DEBUG [traceId=15eab0f50a8d473ea296b073e7f96309 userId= role=] c.k.i.m.SysUserMapper.selectById - ==> Parameters: 22(Long)
2026-07-22 21:47:27.549 [http-nio-8080-exec-6] DEBUG [traceId=15eab0f50a8d473ea296b073e7f96309 userId= role=] c.k.i.m.SysUserMapper.selectById - <==      Total: 1
2026-07-22 21:47:44.655 [http-nio-8080-exec-6] WARN  [traceId=15eab0f50a8d473ea296b073e7f96309 userId=22 role=3] c.k.exception.GlobalExceptionHandler - 参数校验失败: 不能为null
2026-07-22 21:47:44.656 [http-nio-8080-exec-6] INFO  [traceId=15eab0f50a8d473ea296b073e7f96309 userId=22 role=3] com.kg.interceptor.TraceIdFilter - HTTP_REQUEST_END method=POST uri=/my-task/list status=200 cost=17110ms responseBody={"code":400,"message":"不能为null"}
2026-07-22 21:48:15.228 [http-nio-8080-exec-2] INFO  [traceId=8bc265c69790404f9a4da3b49a4d2de0 userId= role=] com.kg.interceptor.TraceIdFilter - HTTP_REQUEST_START method=POST uri=/auth/login query=null requestBody={"account":"17200615563","password":"123456"} ip=0:0:0:0:0:0:0:1 userAgent=Mozilla/5.0 (Windows NT 10.0; Win64; x64) AppleWebKit/537.36 (KHTML, like Gecko) Chrome/123.0.0.0 Safari/537.36
2026-07-22 21:48:15.231 [http-nio-8080-exec-2] DEBUG [traceId=8bc265c69790404f9a4da3b49a4d2de0 userId= role=] c.k.i.m.SysUserMapper.selectList - ==>  Preparing: SELECT id,account,name,password,role,gender,email,phone,openid,description,teacher_remark,password_update_time,class_id,status,create_by,create_time,update_by,update_time FROM sys_user WHERE (account = ?)
2026-07-22 21:48:15.231 [http-nio-8080-exec-2] DEBUG [traceId=8bc265c69790404f9a4da3b49a4d2de0 userId= role=] c.k.i.m.SysUserMapper.selectList - ==> Parameters: 17200615563(String)
2026-07-22 21:48:15.233 [http-nio-8080-exec-2] DEBUG [traceId=8bc265c69790404f9a4da3b49a4d2de0 userId= role=] c.k.i.m.SysUserMapper.selectList - <==      Total: 1
2026-07-22 21:48:15.293 [http-nio-8080-exec-2] DEBUG [traceId=8bc265c69790404f9a4da3b49a4d2de0 userId= role=] c.k.i.m.ClassInfoMapper.selectById - ==>  Preparing: SELECT id,class_name,description,status,create_by,create_time,update_by,update_time FROM class_info WHERE id=?
2026-07-22 21:48:15.293 [http-nio-8080-exec-2] DEBUG [traceId=8bc265c69790404f9a4da3b49a4d2de0 userId= role=] c.k.i.m.ClassInfoMapper.selectById - ==> Parameters: 8(Long)
2026-07-22 21:48:15.296 [http-nio-8080-exec-2] DEBUG [traceId=8bc265c69790404f9a4da3b49a4d2de0 userId= role=] c.k.i.m.ClassInfoMapper.selectById - <==      Total: 1
2026-07-22 21:48:15.298 [http-nio-8080-exec-2] INFO  [traceId=8bc265c69790404f9a4da3b49a4d2de0 userId= role=] c.k.a.service.AuthApplicationService - 登录成功: userId=22, account=17200615563, role=3
2026-07-22 21:48:15.298 [http-nio-8080-exec-2] INFO  [traceId=8bc265c69790404f9a4da3b49a4d2de0 userId= role=] com.kg.interceptor.TraceIdFilter - HTTP_REQUEST_END method=POST uri=/auth/login status=200 cost=70ms responseBody={"code":200,"message":"登录成功","data":{"token":"eyJhbGciOiJIUzI1NiJ9.eyJyb2xlIjoiMyIsInN1YiI6IjIyIiwiaWF0IjoxNzg0NzI4MDk1LCJleHAiOjE3ODQ4MTQ0OTV9.qBWH_267sMuTC2rUXi1qJv-oQTpy7wRLw9E-oE9bJao","userId":22,"account":"17200615563","name":"李老师","role":"3","classId":8,"className":"1班"}}
2026-07-22 21:48:15.435 [http-nio-8080-exec-1] INFO  [traceId=10835243084e42eeae072842d493ad4b userId= role=] com.kg.interceptor.TraceIdFilter - HTTP_REQUEST_START method=GET uri=/home/student/stat query=null requestBody= ip=0:0:0:0:0:0:0:1 userAgent=Mozilla/5.0 (Windows NT 10.0; Win64; x64) AppleWebKit/537.36 (KHTML, like Gecko) Chrome/123.0.0.0 Safari/537.36
2026-07-22 21:48:15.435 [http-nio-8080-exec-8] INFO  [traceId=5f16f199d1604a86bbd2b62483e5b91e userId= role=] com.kg.interceptor.TraceIdFilter - HTTP_REQUEST_START method=GET uri=/notification/unread-count query=null requestBody= ip=0:0:0:0:0:0:0:1 userAgent=Mozilla/5.0 (Windows NT 10.0; Win64; x64) AppleWebKit/537.36 (KHTML, like Gecko) Chrome/123.0.0.0 Safari/537.36
2026-07-22 21:48:15.439 [http-nio-8080-exec-1] DEBUG [traceId=10835243084e42eeae072842d493ad4b userId= role=] c.k.i.m.SysUserMapper.selectById - ==>  Preparing: SELECT id,account,name,password,role,gender,email,phone,openid,description,teacher_remark,password_update_time,class_id,status,create_by,create_time,update_by,update_time FROM sys_user WHERE id=?
2026-07-22 21:48:15.439 [http-nio-8080-exec-8] DEBUG [traceId=5f16f199d1604a86bbd2b62483e5b91e userId= role=] c.k.i.m.SysUserMapper.selectById - ==>  Preparing: SELECT id,account,name,password,role,gender,email,phone,openid,description,teacher_remark,password_update_time,class_id,status,create_by,create_time,update_by,update_time FROM sys_user WHERE id=?
2026-07-22 21:48:15.439 [http-nio-8080-exec-1] DEBUG [traceId=10835243084e42eeae072842d493ad4b userId= role=] c.k.i.m.SysUserMapper.selectById - ==> Parameters: 22(Long)
2026-07-22 21:48:15.439 [http-nio-8080-exec-8] DEBUG [traceId=5f16f199d1604a86bbd2b62483e5b91e userId= role=] c.k.i.m.SysUserMapper.selectById - ==> Parameters: 22(Long)
2026-07-22 21:48:15.440 [http-nio-8080-exec-1] DEBUG [traceId=10835243084e42eeae072842d493ad4b userId= role=] c.k.i.m.SysUserMapper.selectById - <==      Total: 1
2026-07-22 21:48:15.440 [http-nio-8080-exec-8] DEBUG [traceId=5f16f199d1604a86bbd2b62483e5b91e userId= role=] c.k.i.m.SysUserMapper.selectById - <==      Total: 1
2026-07-22 21:48:15.442 [http-nio-8080-exec-1] DEBUG [traceId=10835243084e42eeae072842d493ad4b userId=22 role=3] c.k.i.m.H.countTodoForStudent - ==>  Preparing: SELECT COUNT(*) FROM task_user WHERE user_id = ? AND status = '0'
2026-07-22 21:48:15.442 [http-nio-8080-exec-1] DEBUG [traceId=10835243084e42eeae072842d493ad4b userId=22 role=3] c.k.i.m.H.countTodoForStudent - ==> Parameters: 22(Long)
2026-07-22 21:48:15.443 [http-nio-8080-exec-8] DEBUG [traceId=5f16f199d1604a86bbd2b62483e5b91e userId=22 role=3] c.k.i.m.N.selectCount - ==>  Preparing: SELECT COUNT( * ) AS total FROM notification_message WHERE (user_id = ? AND is_read = ? AND status = ? AND notify_time <= ?)
2026-07-22 21:48:15.443 [http-nio-8080-exec-8] DEBUG [traceId=5f16f199d1604a86bbd2b62483e5b91e userId=22 role=3] c.k.i.m.N.selectCount - ==> Parameters: 22(Long), 0(Integer), 0(String), 2026-07-22T21:48:15.442(LocalDateTime)
2026-07-22 21:48:15.443 [http-nio-8080-exec-1] DEBUG [traceId=10835243084e42eeae072842d493ad4b userId=22 role=3] c.k.i.m.H.countTodoForStudent - <==      Total: 1
2026-07-22 21:48:15.444 [http-nio-8080-exec-1] DEBUG [traceId=10835243084e42eeae072842d493ad4b userId=22 role=3] c.k.i.m.H.countCompletedForStudent - ==>  Preparing: SELECT COUNT(*) FROM task_user WHERE user_id = ? AND status IN ('1','2')
2026-07-22 21:48:15.444 [http-nio-8080-exec-1] DEBUG [traceId=10835243084e42eeae072842d493ad4b userId=22 role=3] c.k.i.m.H.countCompletedForStudent - ==> Parameters: 22(Long)
2026-07-22 21:48:15.444 [http-nio-8080-exec-1] DEBUG [traceId=10835243084e42eeae072842d493ad4b userId=22 role=3] c.k.i.m.H.countCompletedForStudent - <==      Total: 1
2026-07-22 21:48:15.445 [http-nio-8080-exec-1] DEBUG [traceId=10835243084e42eeae072842d493ad4b userId=22 role=3] c.k.i.m.H.nearEndTop3ForStudent - ==>  Preparing: SELECT t.id AS task_id, t.task_name, t.task_end_time AS end_time FROM task_user tu JOIN task t ON t.id = tu.task_id WHERE tu.user_id = ? AND tu.status = '0' ORDER BY t.task_end_time ASC LIMIT 3
2026-07-22 21:48:15.445 [http-nio-8080-exec-1] DEBUG [traceId=10835243084e42eeae072842d493ad4b userId=22 role=3] c.k.i.m.H.nearEndTop3ForStudent - ==> Parameters: 22(Long)
2026-07-22 21:48:15.445 [http-nio-8080-exec-8] DEBUG [traceId=5f16f199d1604a86bbd2b62483e5b91e userId=22 role=3] c.k.i.m.N.selectCount - <==      Total: 1
2026-07-22 21:48:15.445 [http-nio-8080-exec-1] DEBUG [traceId=10835243084e42eeae072842d493ad4b userId=22 role=3] c.k.i.m.H.nearEndTop3ForStudent - <==      Total: 0
2026-07-22 21:48:15.446 [http-nio-8080-exec-8] INFO  [traceId=5f16f199d1604a86bbd2b62483e5b91e userId=22 role=3] com.kg.interceptor.TraceIdFilter - HTTP_REQUEST_END method=GET uri=/notification/unread-count status=200 cost=11ms responseBody={"code":200,"message":"查询成功","data":0}
2026-07-22 21:48:15.446 [http-nio-8080-exec-1] INFO  [traceId=10835243084e42eeae072842d493ad4b userId=22 role=3] com.kg.interceptor.TraceIdFilter - HTTP_REQUEST_END method=GET uri=/home/student/stat status=200 cost=11ms responseBody={"code":200,"message":"查询成功","data":{"todoTaskCount":0,"completedTaskCount":0,"nearEndTasks":[]}}
2026-07-22 21:48:15.507 [http-nio-8080-exec-3] INFO  [traceId=a613b73726a448e99926911edc209cd5 userId= role=] com.kg.interceptor.TraceIdFilter - HTTP_REQUEST_START method=GET uri=/student/checkin/stat query=null requestBody= ip=0:0:0:0:0:0:0:1 userAgent=Mozilla/5.0 (Windows NT 10.0; Win64; x64) AppleWebKit/537.36 (KHTML, like Gecko) Chrome/123.0.0.0 Safari/537.36
2026-07-22 21:48:15.513 [http-nio-8080-exec-3] DEBUG [traceId=a613b73726a448e99926911edc209cd5 userId= role=] c.k.i.m.SysUserMapper.selectById - ==>  Preparing: SELECT id,account,name,password,role,gender,email,phone,openid,description,teacher_remark,password_update_time,class_id,status,create_by,create_time,update_by,update_time FROM sys_user WHERE id=?
2026-07-22 21:48:15.513 [http-nio-8080-exec-3] DEBUG [traceId=a613b73726a448e99926911edc209cd5 userId= role=] c.k.i.m.SysUserMapper.selectById - ==> Parameters: 22(Long)
2026-07-22 21:48:15.515 [http-nio-8080-exec-3] DEBUG [traceId=a613b73726a448e99926911edc209cd5 userId= role=] c.k.i.m.SysUserMapper.selectById - <==      Total: 1
2026-07-22 21:48:15.515 [http-nio-8080-exec-3] DEBUG [traceId=a613b73726a448e99926911edc209cd5 userId=22 role=3] c.k.i.m.S.findCheckinDates - ==>  Preparing: SELECT DISTINCT DATE(t.task_start_time) AS checkinDate FROM task_user tu JOIN task t ON t.id = tu.task_id WHERE tu.user_id = ? AND t.task_type = ? AND tu.status = '1' ORDER BY checkinDate DESC
2026-07-22 21:48:15.516 [http-nio-8080-exec-3] DEBUG [traceId=a613b73726a448e99926911edc209cd5 userId=22 role=3] c.k.i.m.S.findCheckinDates - ==> Parameters: 22(Long), 2(String)
2026-07-22 21:48:15.516 [http-nio-8080-exec-3] DEBUG [traceId=a613b73726a448e99926911edc209cd5 userId=22 role=3] c.k.i.m.S.findCheckinDates - <==      Total: 0
2026-07-22 21:48:15.518 [http-nio-8080-exec-3] INFO  [traceId=a613b73726a448e99926911edc209cd5 userId=22 role=3] com.kg.interceptor.TraceIdFilter - HTTP_REQUEST_END method=GET uri=/student/checkin/stat status=200 cost=11ms responseBody={"code":200,"message":"查询成功","data":{"continuousDays":0,"monthCheckinCount":0,"todayChecked":false}}
2026-07-22 21:48:15.810 [http-nio-8080-exec-10] INFO  [traceId=4d84727dcd034049b7d1db17a4c0d5c2 userId= role=] com.kg.interceptor.TraceIdFilter - HTTP_REQUEST_START method=GET uri=/dict/group/task_type query=null requestBody= ip=0:0:0:0:0:0:0:1 userAgent=Mozilla/5.0 (Windows NT 10.0; Win64; x64) AppleWebKit/537.36 (KHTML, like Gecko) Chrome/123.0.0.0 Safari/537.36
2026-07-22 21:48:15.814 [http-nio-8080-exec-10] DEBUG [traceId=4d84727dcd034049b7d1db17a4c0d5c2 userId= role=] c.k.i.m.SysUserMapper.selectById - ==>  Preparing: SELECT id,account,name,password,role,gender,email,phone,openid,description,teacher_remark,password_update_time,class_id,status,create_by,create_time,update_by,update_time FROM sys_user WHERE id=?
2026-07-22 21:48:15.814 [http-nio-8080-exec-10] DEBUG [traceId=4d84727dcd034049b7d1db17a4c0d5c2 userId= role=] c.k.i.m.SysUserMapper.selectById - ==> Parameters: 22(Long)
2026-07-22 21:48:15.815 [http-nio-8080-exec-10] DEBUG [traceId=4d84727dcd034049b7d1db17a4c0d5c2 userId= role=] c.k.i.m.SysUserMapper.selectById - <==      Total: 1
2026-07-22 21:48:15.816 [http-nio-8080-exec-10] DEBUG [traceId=4d84727dcd034049b7d1db17a4c0d5c2 userId=22 role=3] c.k.i.mapper.DictMapper.selectList - ==>  Preparing: SELECT id,dict_code,dict_name,dict_label,dict_value,display_color,sort_no,status,create_by,create_time,update_by,update_time FROM sys_dict WHERE (dict_code = ?) ORDER BY sort_no ASC
2026-07-22 21:48:15.816 [http-nio-8080-exec-10] DEBUG [traceId=4d84727dcd034049b7d1db17a4c0d5c2 userId=22 role=3] c.k.i.mapper.DictMapper.selectList - ==> Parameters: task_type(String)
2026-07-22 21:48:15.819 [http-nio-8080-exec-10] DEBUG [traceId=4d84727dcd034049b7d1db17a4c0d5c2 userId=22 role=3] c.k.i.mapper.DictMapper.selectList - <==      Total: 4
2026-07-22 21:48:15.821 [http-nio-8080-exec-10] INFO  [traceId=4d84727dcd034049b7d1db17a4c0d5c2 userId=22 role=3] com.kg.interceptor.TraceIdFilter - HTTP_REQUEST_END method=GET uri=/dict/group/task_type status=200 cost=11ms responseBody={"code":200,"message":"查询成功","data":{"dictCode":"task_type","dictName":"任务类型","items":[{"dictValue":"0","dictLabel":"刷题","sortNo":0,"status":1,"displayColor":"#ff6f00"},{"dictValue":"1","dictLabel":"学习","sortNo":1,"status":1,"displayColor":"#f7ff00"},{"dictValue":"2","dictLabel":"打卡","sortNo":2,"status":1,"displayColor":"#66ff00"},{"dictValue":"3","dictLabel":"每日复盘","sortNo":3,"status":1,"displayColor":"#00bfff"}]}}
2026-07-22 21:48:15.833 [http-nio-8080-exec-7] INFO  [traceId=50c4d787a6ab4ca69836922d27d72bf6 userId= role=] com.kg.interceptor.TraceIdFilter - HTTP_REQUEST_START method=POST uri=/my-task/list query=null requestBody={"pageNum":1,"pageSize":5,"status":"1","finishTimeStart":"2026-07-22 00:00:00","finishTimeEnd":"2026-07-22 23:59:59"} ip=0:0:0:0:0:0:0:1 userAgent=Mozilla/5.0 (Windows NT 10.0; Win64; x64) AppleWebKit/537.36 (KHTML, like Gecko) Chrome/123.0.0.0 Safari/537.36
2026-07-22 21:48:15.833 [http-nio-8080-exec-6] INFO  [traceId=aa4348f58be94d46b04c2b40703f8db0 userId= role=] com.kg.interceptor.TraceIdFilter - HTTP_REQUEST_START method=POST uri=/my-task/list query=null requestBody={"pageNum":1,"pageSize":5,"status":"0","startTimeEnd":"2026-07-22"} ip=0:0:0:0:0:0:0:1 userAgent=Mozilla/5.0 (Windows NT 10.0; Win64; x64) AppleWebKit/537.36 (KHTML, like Gecko) Chrome/123.0.0.0 Safari/537.36
2026-07-22 21:48:15.833 [http-nio-8080-exec-5] INFO  [traceId=d6848d3afec94a82af8489266ed5bb8d userId= role=] com.kg.interceptor.TraceIdFilter - HTTP_REQUEST_START method=POST uri=/my-task/list query=null requestBody={"pageNum":1,"pageSize":500,"status":"1"} ip=0:0:0:0:0:0:0:1 userAgent=Mozilla/5.0 (Windows NT 10.0; Win64; x64) AppleWebKit/537.36 (KHTML, like Gecko) Chrome/123.0.0.0 Safari/537.36
2026-07-22 21:48:15.833 [http-nio-8080-exec-4] INFO  [traceId=f93dafefa55f4bc39f2b17eed5318f84 userId= role=] com.kg.interceptor.TraceIdFilter - HTTP_REQUEST_START method=GET uri=/study-phase/calendar query=startDate=2026-07-01&endDate=2026-07-31&classId=8 requestBody= ip=0:0:0:0:0:0:0:1 userAgent=Mozilla/5.0 (Windows NT 10.0; Win64; x64) AppleWebKit/537.36 (KHTML, like Gecko) Chrome/123.0.0.0 Safari/537.36
2026-07-22 21:48:15.836 [http-nio-8080-exec-6] DEBUG [traceId=aa4348f58be94d46b04c2b40703f8db0 userId= role=] c.k.i.m.SysUserMapper.selectById - ==>  Preparing: SELECT id,account,name,password,role,gender,email,phone,openid,description,teacher_remark,password_update_time,class_id,status,create_by,create_time,update_by,update_time FROM sys_user WHERE id=?
2026-07-22 21:48:15.836 [http-nio-8080-exec-7] DEBUG [traceId=50c4d787a6ab4ca69836922d27d72bf6 userId= role=] c.k.i.m.SysUserMapper.selectById - ==>  Preparing: SELECT id,account,name,password,role,gender,email,phone,openid,description,teacher_remark,password_update_time,class_id,status,create_by,create_time,update_by,update_time FROM sys_user WHERE id=?
2026-07-22 21:48:15.836 [http-nio-8080-exec-4] DEBUG [traceId=f93dafefa55f4bc39f2b17eed5318f84 userId= role=] c.k.i.m.SysUserMapper.selectById - ==>  Preparing: SELECT id,account,name,password,role,gender,email,phone,openid,description,teacher_remark,password_update_time,class_id,status,create_by,create_time,update_by,update_time FROM sys_user WHERE id=?
2026-07-22 21:48:15.836 [http-nio-8080-exec-7] DEBUG [traceId=50c4d787a6ab4ca69836922d27d72bf6 userId= role=] c.k.i.m.SysUserMapper.selectById - ==> Parameters: 22(Long)
2026-07-22 21:48:15.836 [http-nio-8080-exec-4] DEBUG [traceId=f93dafefa55f4bc39f2b17eed5318f84 userId= role=] c.k.i.m.SysUserMapper.selectById - ==> Parameters: 22(Long)
2026-07-22 21:48:15.836 [http-nio-8080-exec-5] DEBUG [traceId=d6848d3afec94a82af8489266ed5bb8d userId= role=] c.k.i.m.SysUserMapper.selectById - ==>  Preparing: SELECT id,account,name,password,role,gender,email,phone,openid,description,teacher_remark,password_update_time,class_id,status,create_by,create_time,update_by,update_time FROM sys_user WHERE id=?
2026-07-22 21:48:15.836 [http-nio-8080-exec-6] DEBUG [traceId=aa4348f58be94d46b04c2b40703f8db0 userId= role=] c.k.i.m.SysUserMapper.selectById - ==> Parameters: 22(Long)
2026-07-22 21:48:15.836 [http-nio-8080-exec-5] DEBUG [traceId=d6848d3afec94a82af8489266ed5bb8d userId= role=] c.k.i.m.SysUserMapper.selectById - ==> Parameters: 22(Long)
2026-07-22 21:48:15.837 [http-nio-8080-exec-5] DEBUG [traceId=d6848d3afec94a82af8489266ed5bb8d userId= role=] c.k.i.m.SysUserMapper.selectById - <==      Total: 1
2026-07-22 21:48:15.837 [http-nio-8080-exec-6] DEBUG [traceId=aa4348f58be94d46b04c2b40703f8db0 userId= role=] c.k.i.m.SysUserMapper.selectById - <==      Total: 1
2026-07-22 21:48:15.837 [http-nio-8080-exec-7] DEBUG [traceId=50c4d787a6ab4ca69836922d27d72bf6 userId= role=] c.k.i.m.SysUserMapper.selectById - <==      Total: 1
2026-07-22 21:48:15.837 [http-nio-8080-exec-4] DEBUG [traceId=f93dafefa55f4bc39f2b17eed5318f84 userId= role=] c.k.i.m.SysUserMapper.selectById - <==      Total: 1
2026-07-22 21:48:15.838 [http-nio-8080-exec-4] DEBUG [traceId=f93dafefa55f4bc39f2b17eed5318f84 userId=22 role=3] c.k.i.m.S.selectList - ==>  Preparing: SELECT id,phase_id,class_id,create_time FROM study_phase_class WHERE (class_id = ?)
2026-07-22 21:48:15.839 [http-nio-8080-exec-4] DEBUG [traceId=f93dafefa55f4bc39f2b17eed5318f84 userId=22 role=3] c.k.i.m.S.selectList - ==> Parameters: 8(Long)
2026-07-22 21:48:15.839 [http-nio-8080-exec-4] DEBUG [traceId=f93dafefa55f4bc39f2b17eed5318f84 userId=22 role=3] c.k.i.m.S.selectList - <==      Total: 2
2026-07-22 21:48:15.842 [http-nio-8080-exec-4] DEBUG [traceId=f93dafefa55f4bc39f2b17eed5318f84 userId=22 role=3] c.k.i.m.StudyPhaseMapper.selectList - ==>  Preparing: SELECT id,phase_title,phase_content,start_date,end_date,display_color,status,create_by,create_time,update_by,update_time FROM study_phase WHERE (id IN (?,?) AND status = ? AND start_date <= ? AND end_date >= ?) ORDER BY start_date ASC
2026-07-22 21:48:15.843 [http-nio-8080-exec-6] DEBUG [traceId=aa4348f58be94d46b04c2b40703f8db0 userId=22 role=3] c.k.i.mapper.MyTaskMapper.count - ==>  Preparing: SELECT COUNT(*) FROM task_user tu JOIN task t ON t.id = tu.task_id WHERE tu.user_id = ? AND tu.status = '0' AND t.task_start_time <= ?
2026-07-22 21:48:15.843 [http-nio-8080-exec-7] DEBUG [traceId=50c4d787a6ab4ca69836922d27d72bf6 userId=22 role=3] c.k.i.mapper.MyTaskMapper.count - ==>  Preparing: SELECT COUNT(*) FROM task_user tu JOIN task t ON t.id = tu.task_id WHERE tu.user_id = ? AND tu.status IN ('1','2') AND tu.finish_time >= ? AND tu.finish_time <= ?
2026-07-22 21:48:15.843 [http-nio-8080-exec-6] DEBUG [traceId=aa4348f58be94d46b04c2b40703f8db0 userId=22 role=3] c.k.i.mapper.MyTaskMapper.count - ==> Parameters: 22(Long), 2026-07-22(String)
2026-07-22 21:48:15.843 [http-nio-8080-exec-5] DEBUG [traceId=d6848d3afec94a82af8489266ed5bb8d userId=22 role=3] c.k.i.mapper.MyTaskMapper.count - ==>  Preparing: SELECT COUNT(*) FROM task_user tu JOIN task t ON t.id = tu.task_id WHERE tu.user_id = ? AND tu.status IN ('1','2')
2026-07-22 21:48:15.843 [http-nio-8080-exec-7] DEBUG [traceId=50c4d787a6ab4ca69836922d27d72bf6 userId=22 role=3] c.k.i.mapper.MyTaskMapper.count - ==> Parameters: 22(Long), 2026-07-22 00:00:00(String), 2026-07-22 23:59:59(String)
2026-07-22 21:48:15.843 [http-nio-8080-exec-4] DEBUG [traceId=f93dafefa55f4bc39f2b17eed5318f84 userId=22 role=3] c.k.i.m.StudyPhaseMapper.selectList - ==> Parameters: 2(Long), 1(Long), 1(Integer), 2026-07-31(LocalDate), 2026-07-01(LocalDate)
2026-07-22 21:48:15.843 [http-nio-8080-exec-5] DEBUG [traceId=d6848d3afec94a82af8489266ed5bb8d userId=22 role=3] c.k.i.mapper.MyTaskMapper.count - ==> Parameters: 22(Long)
2026-07-22 21:48:15.844 [http-nio-8080-exec-7] DEBUG [traceId=50c4d787a6ab4ca69836922d27d72bf6 userId=22 role=3] c.k.i.mapper.MyTaskMapper.count - <==      Total: 1
2026-07-22 21:48:15.844 [http-nio-8080-exec-5] DEBUG [traceId=d6848d3afec94a82af8489266ed5bb8d userId=22 role=3] c.k.i.mapper.MyTaskMapper.count - <==      Total: 1
2026-07-22 21:48:15.844 [http-nio-8080-exec-6] DEBUG [traceId=aa4348f58be94d46b04c2b40703f8db0 userId=22 role=3] c.k.i.mapper.MyTaskMapper.count - <==      Total: 1
2026-07-22 21:48:15.844 [http-nio-8080-exec-4] DEBUG [traceId=f93dafefa55f4bc39f2b17eed5318f84 userId=22 role=3] c.k.i.m.StudyPhaseMapper.selectList - <==      Total: 2
2026-07-22 21:48:15.846 [http-nio-8080-exec-7] DEBUG [traceId=50c4d787a6ab4ca69836922d27d72bf6 userId=22 role=3] c.k.i.mapper.MyTaskMapper.page - ==>  Preparing: SELECT u.name AS task_create_name,t.round_no AS round_no,t.template_id AS template_id,t.id AS task_id, t.task_name, t.task_type, t.is_mandatory AS force_flag, t.task_description, t.priority, t.task_start_time AS start_time, t.task_end_time AS end_time, t.plan_id AS planId, t.plan_date AS planDate, t.is_repeat_task AS isRepeatTask, t.status AS taskStatus, tu.id AS task_user_id, tu.status, tu.total_score, tu.submit_time FROM task_user tu JOIN task t ON t.id = tu.task_id LEFT JOIN sys_user u ON u.id = t.create_by WHERE tu.user_id = ? AND tu.status IN ('1','2') AND tu.finish_time >= ? AND tu.finish_time <= ? ORDER BY t.create_time DESC LIMIT ?, ?
2026-07-22 21:48:15.846 [http-nio-8080-exec-6] DEBUG [traceId=aa4348f58be94d46b04c2b40703f8db0 userId=22 role=3] c.k.i.mapper.MyTaskMapper.page - ==>  Preparing: SELECT u.name AS task_create_name,t.round_no AS round_no,t.template_id AS template_id,t.id AS task_id, t.task_name, t.task_type, t.is_mandatory AS force_flag, t.task_description, t.priority, t.task_start_time AS start_time, t.task_end_time AS end_time, t.plan_id AS planId, t.plan_date AS planDate, t.is_repeat_task AS isRepeatTask, t.status AS taskStatus, tu.id AS task_user_id, tu.status, tu.total_score, tu.submit_time FROM task_user tu JOIN task t ON t.id = tu.task_id LEFT JOIN sys_user u ON u.id = t.create_by WHERE tu.user_id = ? AND tu.status = '0' AND t.task_start_time <= ? ORDER BY t.create_time DESC LIMIT ?, ?
2026-07-22 21:48:15.846 [http-nio-8080-exec-5] DEBUG [traceId=d6848d3afec94a82af8489266ed5bb8d userId=22 role=3] c.k.i.mapper.MyTaskMapper.page - ==>  Preparing: SELECT u.name AS task_create_name,t.round_no AS round_no,t.template_id AS template_id,t.id AS task_id, t.task_name, t.task_type, t.is_mandatory AS force_flag, t.task_description, t.priority, t.task_start_time AS start_time, t.task_end_time AS end_time, t.plan_id AS planId, t.plan_date AS planDate, t.is_repeat_task AS isRepeatTask, t.status AS taskStatus, tu.id AS task_user_id, tu.status, tu.total_score, tu.submit_time FROM task_user tu JOIN task t ON t.id = tu.task_id LEFT JOIN sys_user u ON u.id = t.create_by WHERE tu.user_id = ? AND tu.status IN ('1','2') ORDER BY t.create_time DESC LIMIT ?, ?
2026-07-22 21:48:15.846 [http-nio-8080-exec-4] DEBUG [traceId=f93dafefa55f4bc39f2b17eed5318f84 userId=22 role=3] c.k.i.m.S.selectList - ==>  Preparing: SELECT id,phase_id,class_id,create_time FROM study_phase_class WHERE (phase_id = ?)
2026-07-22 21:48:15.846 [http-nio-8080-exec-4] DEBUG [traceId=f93dafefa55f4bc39f2b17eed5318f84 userId=22 role=3] c.k.i.m.S.selectList - ==> Parameters: 1(Long)
2026-07-22 21:48:15.846 [http-nio-8080-exec-5] DEBUG [traceId=d6848d3afec94a82af8489266ed5bb8d userId=22 role=3] c.k.i.mapper.MyTaskMapper.page - ==> Parameters: 22(Long), 0(Integer), 500(Integer)
2026-07-22 21:48:15.846 [http-nio-8080-exec-7] DEBUG [traceId=50c4d787a6ab4ca69836922d27d72bf6 userId=22 role=3] c.k.i.mapper.MyTaskMapper.page - ==> Parameters: 22(Long), 2026-07-22 00:00:00(String), 2026-07-22 23:59:59(String), 0(Integer), 5(Integer)
2026-07-22 21:48:15.847 [http-nio-8080-exec-6] DEBUG [traceId=aa4348f58be94d46b04c2b40703f8db0 userId=22 role=3] c.k.i.mapper.MyTaskMapper.page - ==> Parameters: 22(Long), 2026-07-23T00:00(LocalDateTime), 0(Integer), 5(Integer)
2026-07-22 21:48:15.848 [http-nio-8080-exec-4] DEBUG [traceId=f93dafefa55f4bc39f2b17eed5318f84 userId=22 role=3] c.k.i.m.S.selectList - <==      Total: 3
2026-07-22 21:48:15.849 [http-nio-8080-exec-4] DEBUG [traceId=f93dafefa55f4bc39f2b17eed5318f84 userId=22 role=3] c.k.i.m.ClassInfoMapper.selectById - ==>  Preparing: SELECT id,class_name,description,status,create_by,create_time,update_by,update_time FROM class_info WHERE id=?
2026-07-22 21:48:15.849 [http-nio-8080-exec-4] DEBUG [traceId=f93dafefa55f4bc39f2b17eed5318f84 userId=22 role=3] c.k.i.m.ClassInfoMapper.selectById - ==> Parameters: 8(Long)
2026-07-22 21:48:15.849 [http-nio-8080-exec-6] DEBUG [traceId=aa4348f58be94d46b04c2b40703f8db0 userId=22 role=3] c.k.i.mapper.MyTaskMapper.page - <==      Total: 0
2026-07-22 21:48:15.849 [http-nio-8080-exec-4] DEBUG [traceId=f93dafefa55f4bc39f2b17eed5318f84 userId=22 role=3] c.k.i.m.ClassInfoMapper.selectById - <==      Total: 1
2026-07-22 21:48:15.849 [http-nio-8080-exec-4] DEBUG [traceId=f93dafefa55f4bc39f2b17eed5318f84 userId=22 role=3] c.k.i.m.ClassInfoMapper.selectById - ==>  Preparing: SELECT id,class_name,description,status,create_by,create_time,update_by,update_time FROM class_info WHERE id=?
2026-07-22 21:48:15.850 [http-nio-8080-exec-4] DEBUG [traceId=f93dafefa55f4bc39f2b17eed5318f84 userId=22 role=3] c.k.i.m.ClassInfoMapper.selectById - ==> Parameters: 9(Long)
2026-07-22 21:48:15.850 [http-nio-8080-exec-6] INFO  [traceId=aa4348f58be94d46b04c2b40703f8db0 userId=22 role=3] com.kg.interceptor.TraceIdFilter - HTTP_REQUEST_END method=POST uri=/my-task/list status=200 cost=17ms responseBody={"code":200,"message":"查询成功","data":{"total":0,"list":[]}}
2026-07-22 21:48:15.850 [http-nio-8080-exec-4] DEBUG [traceId=f93dafefa55f4bc39f2b17eed5318f84 userId=22 role=3] c.k.i.m.ClassInfoMapper.selectById - <==      Total: 1
2026-07-22 21:48:15.850 [http-nio-8080-exec-4] DEBUG [traceId=f93dafefa55f4bc39f2b17eed5318f84 userId=22 role=3] c.k.i.m.ClassInfoMapper.selectById - ==>  Preparing: SELECT id,class_name,description,status,create_by,create_time,update_by,update_time FROM class_info WHERE id=?
2026-07-22 21:48:15.851 [http-nio-8080-exec-4] DEBUG [traceId=f93dafefa55f4bc39f2b17eed5318f84 userId=22 role=3] c.k.i.m.ClassInfoMapper.selectById - ==> Parameters: 10(Long)
2026-07-22 21:48:15.851 [http-nio-8080-exec-4] DEBUG [traceId=f93dafefa55f4bc39f2b17eed5318f84 userId=22 role=3] c.k.i.m.ClassInfoMapper.selectById - <==      Total: 1
2026-07-22 21:48:15.852 [http-nio-8080-exec-4] DEBUG [traceId=f93dafefa55f4bc39f2b17eed5318f84 userId=22 role=3] c.k.i.m.S.selectList - ==>  Preparing: SELECT id,phase_id,class_id,create_time FROM study_phase_class WHERE (phase_id = ?)
2026-07-22 21:48:15.854 [http-nio-8080-exec-4] DEBUG [traceId=f93dafefa55f4bc39f2b17eed5318f84 userId=22 role=3] c.k.i.m.S.selectList - ==> Parameters: 2(Long)
2026-07-22 21:48:15.855 [http-nio-8080-exec-4] DEBUG [traceId=f93dafefa55f4bc39f2b17eed5318f84 userId=22 role=3] c.k.i.m.S.selectList - <==      Total: 1
2026-07-22 21:48:15.856 [http-nio-8080-exec-4] DEBUG [traceId=f93dafefa55f4bc39f2b17eed5318f84 userId=22 role=3] c.k.i.m.ClassInfoMapper.selectById - ==>  Preparing: SELECT id,class_name,description,status,create_by,create_time,update_by,update_time FROM class_info WHERE id=?
2026-07-22 21:48:15.856 [http-nio-8080-exec-4] DEBUG [traceId=f93dafefa55f4bc39f2b17eed5318f84 userId=22 role=3] c.k.i.m.ClassInfoMapper.selectById - ==> Parameters: 8(Long)
2026-07-22 21:48:15.856 [http-nio-8080-exec-7] DEBUG [traceId=50c4d787a6ab4ca69836922d27d72bf6 userId=22 role=3] c.k.i.mapper.MyTaskMapper.page - <==      Total: 0
2026-07-22 21:48:15.856 [http-nio-8080-exec-5] DEBUG [traceId=d6848d3afec94a82af8489266ed5bb8d userId=22 role=3] c.k.i.mapper.MyTaskMapper.page - <==      Total: 0
2026-07-22 21:48:15.856 [http-nio-8080-exec-4] DEBUG [traceId=f93dafefa55f4bc39f2b17eed5318f84 userId=22 role=3] c.k.i.m.ClassInfoMapper.selectById - <==      Total: 1
2026-07-22 21:48:15.857 [http-nio-8080-exec-7] INFO  [traceId=50c4d787a6ab4ca69836922d27d72bf6 userId=22 role=3] com.kg.interceptor.TraceIdFilter - HTTP_REQUEST_END method=POST uri=/my-task/list status=200 cost=24ms responseBody={"code":200,"message":"查询成功","data":{"total":0,"list":[]}}
2026-07-22 21:48:15.857 [http-nio-8080-exec-5] INFO  [traceId=d6848d3afec94a82af8489266ed5bb8d userId=22 role=3] com.kg.interceptor.TraceIdFilter - HTTP_REQUEST_END method=POST uri=/my-task/list status=200 cost=24ms responseBody={"code":200,"message":"查询成功","data":{"total":0,"list":[]}}
2026-07-22 21:48:15.857 [http-nio-8080-exec-4] INFO  [traceId=f93dafefa55f4bc39f2b17eed5318f84 userId=22 role=3] com.kg.interceptor.TraceIdFilter - HTTP_REQUEST_END method=GET uri=/study-phase/calendar status=200 cost=24ms responseBody={"code":200,"message":"查询成功","data":[{"id":1,"phaseTitle":"测试阶段","phaseContent":"这是一条描述","startDate":"2026-07-01","endDate":"2026-07-03","displayColor":"#ee6262","status":1,"classIds":[8,9,10],"classNames":["1班","2班","线上学习1班"],"createTime":"2026-07-02 21:13:33"},{"id":2,"phaseTitle":"测试阶段2","phaseContent":"这是测试阶段2的描述","startDate":"2026-07-02","endDate":"2026-07-09","displayColor":"#6367d4","status":1,"classIds":[8],"classNames":["1班"],"createTime":"2026-07-02 21:23:49"}]}
2026-07-22 21:48:20.749 [http-nio-8080-exec-9] INFO  [traceId=f51c28102f674c4fa1b5500496906997 userId= role=] com.kg.interceptor.TraceIdFilter - HTTP_REQUEST_START method=GET uri=/dict/group/task_type query=null requestBody= ip=0:0:0:0:0:0:0:1 userAgent=Mozilla/5.0 (Windows NT 10.0; Win64; x64) AppleWebKit/537.36 (KHTML, like Gecko) Chrome/123.0.0.0 Safari/537.36
2026-07-22 21:48:20.749 [http-nio-8080-exec-2] INFO  [traceId=d866a6c4cda24fcd8819c90f244ad085 userId= role=] com.kg.interceptor.TraceIdFilter - HTTP_REQUEST_START method=POST uri=/my-task/list query=null requestBody={"pageNum":1,"pageSize":10,"status":"0"} ip=0:0:0:0:0:0:0:1 userAgent=Mozilla/5.0 (Windows NT 10.0; Win64; x64) AppleWebKit/537.36 (KHTML, like Gecko) Chrome/123.0.0.0 Safari/537.36
2026-07-22 21:48:20.749 [http-nio-8080-exec-8] INFO  [traceId=7ec8a0ea4c374bbc9c7084072a5ed433 userId= role=] com.kg.interceptor.TraceIdFilter - HTTP_REQUEST_START method=POST uri=/my-task/stats query=null requestBody={} ip=0:0:0:0:0:0:0:1 userAgent=Mozilla/5.0 (Windows NT 10.0; Win64; x64) AppleWebKit/537.36 (KHTML, like Gecko) Chrome/123.0.0.0 Safari/537.36
2026-07-22 21:48:20.752 [http-nio-8080-exec-8] DEBUG [traceId=7ec8a0ea4c374bbc9c7084072a5ed433 userId= role=] c.k.i.m.SysUserMapper.selectById - ==>  Preparing: SELECT id,account,name,password,role,gender,email,phone,openid,description,teacher_remark,password_update_time,class_id,status,create_by,create_time,update_by,update_time FROM sys_user WHERE id=?
2026-07-22 21:48:20.752 [http-nio-8080-exec-2] DEBUG [traceId=d866a6c4cda24fcd8819c90f244ad085 userId= role=] c.k.i.m.SysUserMapper.selectById - ==>  Preparing: SELECT id,account,name,password,role,gender,email,phone,openid,description,teacher_remark,password_update_time,class_id,status,create_by,create_time,update_by,update_time FROM sys_user WHERE id=?
2026-07-22 21:48:20.752 [http-nio-8080-exec-9] DEBUG [traceId=f51c28102f674c4fa1b5500496906997 userId= role=] c.k.i.m.SysUserMapper.selectById - ==>  Preparing: SELECT id,account,name,password,role,gender,email,phone,openid,description,teacher_remark,password_update_time,class_id,status,create_by,create_time,update_by,update_time FROM sys_user WHERE id=?
2026-07-22 21:48:20.752 [http-nio-8080-exec-2] DEBUG [traceId=d866a6c4cda24fcd8819c90f244ad085 userId= role=] c.k.i.m.SysUserMapper.selectById - ==> Parameters: 22(Long)
2026-07-22 21:48:20.752 [http-nio-8080-exec-9] DEBUG [traceId=f51c28102f674c4fa1b5500496906997 userId= role=] c.k.i.m.SysUserMapper.selectById - ==> Parameters: 22(Long)
2026-07-22 21:48:20.752 [http-nio-8080-exec-8] DEBUG [traceId=7ec8a0ea4c374bbc9c7084072a5ed433 userId= role=] c.k.i.m.SysUserMapper.selectById - ==> Parameters: 22(Long)
2026-07-22 21:48:20.754 [http-nio-8080-exec-2] DEBUG [traceId=d866a6c4cda24fcd8819c90f244ad085 userId= role=] c.k.i.m.SysUserMapper.selectById - <==      Total: 1
2026-07-22 21:48:20.754 [http-nio-8080-exec-8] DEBUG [traceId=7ec8a0ea4c374bbc9c7084072a5ed433 userId= role=] c.k.i.m.SysUserMapper.selectById - <==      Total: 1
2026-07-22 21:48:20.754 [http-nio-8080-exec-9] DEBUG [traceId=f51c28102f674c4fa1b5500496906997 userId= role=] c.k.i.m.SysUserMapper.selectById - <==      Total: 1
2026-07-22 21:48:20.754 [http-nio-8080-exec-2] DEBUG [traceId=d866a6c4cda24fcd8819c90f244ad085 userId=22 role=3] c.k.i.mapper.MyTaskMapper.count - ==>  Preparing: SELECT COUNT(*) FROM task_user tu JOIN task t ON t.id = tu.task_id WHERE tu.user_id = ? AND tu.status = '0'
2026-07-22 21:48:20.754 [http-nio-8080-exec-9] DEBUG [traceId=f51c28102f674c4fa1b5500496906997 userId=22 role=3] c.k.i.mapper.DictMapper.selectList - ==>  Preparing: SELECT id,dict_code,dict_name,dict_label,dict_value,display_color,sort_no,status,create_by,create_time,update_by,update_time FROM sys_dict WHERE (dict_code = ?) ORDER BY sort_no ASC
2026-07-22 21:48:20.755 [http-nio-8080-exec-2] DEBUG [traceId=d866a6c4cda24fcd8819c90f244ad085 userId=22 role=3] c.k.i.mapper.MyTaskMapper.count - ==> Parameters: 22(Long)
2026-07-22 21:48:20.755 [http-nio-8080-exec-8] DEBUG [traceId=7ec8a0ea4c374bbc9c7084072a5ed433 userId=22 role=3] c.k.i.m.TaskUserMapper.selectCount - ==>  Preparing: SELECT COUNT( * ) AS total FROM task_user WHERE (user_id = ? AND status = ?)
2026-07-22 21:48:20.755 [http-nio-8080-exec-9] DEBUG [traceId=f51c28102f674c4fa1b5500496906997 userId=22 role=3] c.k.i.mapper.DictMapper.selectList - ==> Parameters: task_type(String)
2026-07-22 21:48:20.755 [http-nio-8080-exec-8] DEBUG [traceId=7ec8a0ea4c374bbc9c7084072a5ed433 userId=22 role=3] c.k.i.m.TaskUserMapper.selectCount - ==> Parameters: 22(Long), 0(String)
2026-07-22 21:48:20.755 [http-nio-8080-exec-8] DEBUG [traceId=7ec8a0ea4c374bbc9c7084072a5ed433 userId=22 role=3] c.k.i.m.TaskUserMapper.selectCount - <==      Total: 1
2026-07-22 21:48:20.755 [http-nio-8080-exec-2] DEBUG [traceId=d866a6c4cda24fcd8819c90f244ad085 userId=22 role=3] c.k.i.mapper.MyTaskMapper.count - <==      Total: 1
2026-07-22 21:48:20.755 [http-nio-8080-exec-2] DEBUG [traceId=d866a6c4cda24fcd8819c90f244ad085 userId=22 role=3] c.k.i.mapper.MyTaskMapper.page - ==>  Preparing: SELECT u.name AS task_create_name,t.round_no AS round_no,t.template_id AS template_id,t.id AS task_id, t.task_name, t.task_type, t.is_mandatory AS force_flag, t.task_description, t.priority, t.task_start_time AS start_time, t.task_end_time AS end_time, t.plan_id AS planId, t.plan_date AS planDate, t.is_repeat_task AS isRepeatTask, t.status AS taskStatus, tu.id AS task_user_id, tu.status, tu.total_score, tu.submit_time FROM task_user tu JOIN task t ON t.id = tu.task_id LEFT JOIN sys_user u ON u.id = t.create_by WHERE tu.user_id = ? AND tu.status = '0' ORDER BY t.create_time DESC LIMIT ?, ?
2026-07-22 21:48:20.756 [http-nio-8080-exec-2] DEBUG [traceId=d866a6c4cda24fcd8819c90f244ad085 userId=22 role=3] c.k.i.mapper.MyTaskMapper.page - ==> Parameters: 22(Long), 0(Integer), 10(Integer)
2026-07-22 21:48:20.756 [http-nio-8080-exec-8] DEBUG [traceId=7ec8a0ea4c374bbc9c7084072a5ed433 userId=22 role=3] c.k.i.m.TaskUserMapper.selectCount - ==>  Preparing: SELECT COUNT( * ) AS total FROM task_user WHERE (user_id = ? AND status IN (?,?))
2026-07-22 21:48:20.756 [http-nio-8080-exec-8] DEBUG [traceId=7ec8a0ea4c374bbc9c7084072a5ed433 userId=22 role=3] c.k.i.m.TaskUserMapper.selectCount - ==> Parameters: 22(Long), 1(String), 2(String)
2026-07-22 21:48:20.756 [http-nio-8080-exec-8] DEBUG [traceId=7ec8a0ea4c374bbc9c7084072a5ed433 userId=22 role=3] c.k.i.m.TaskUserMapper.selectCount - <==      Total: 1
2026-07-22 21:48:20.757 [http-nio-8080-exec-2] DEBUG [traceId=d866a6c4cda24fcd8819c90f244ad085 userId=22 role=3] c.k.i.mapper.MyTaskMapper.page - <==      Total: 0
2026-07-22 21:48:20.757 [http-nio-8080-exec-9] DEBUG [traceId=f51c28102f674c4fa1b5500496906997 userId=22 role=3] c.k.i.mapper.DictMapper.selectList - <==      Total: 4
2026-07-22 21:48:20.757 [http-nio-8080-exec-2] INFO  [traceId=d866a6c4cda24fcd8819c90f244ad085 userId=22 role=3] com.kg.interceptor.TraceIdFilter - HTTP_REQUEST_END method=POST uri=/my-task/list status=200 cost=8ms responseBody={"code":200,"message":"查询成功","data":{"total":0,"list":[]}}
2026-07-22 21:48:20.757 [http-nio-8080-exec-9] INFO  [traceId=f51c28102f674c4fa1b5500496906997 userId=22 role=3] com.kg.interceptor.TraceIdFilter - HTTP_REQUEST_END method=GET uri=/dict/group/task_type status=200 cost=8ms responseBody={"code":200,"message":"查询成功","data":{"dictCode":"task_type","dictName":"任务类型","items":[{"dictValue":"0","dictLabel":"刷题","sortNo":0,"status":1,"displayColor":"#ff6f00"},{"dictValue":"1","dictLabel":"学习","sortNo":1,"status":1,"displayColor":"#f7ff00"},{"dictValue":"2","dictLabel":"打卡","sortNo":2,"status":1,"displayColor":"#66ff00"},{"dictValue":"3","dictLabel":"每日复盘","sortNo":3,"status":1,"displayColor":"#00bfff"}]}}
2026-07-22 21:48:20.757 [http-nio-8080-exec-8] INFO  [traceId=7ec8a0ea4c374bbc9c7084072a5ed433 userId=22 role=3] com.kg.interceptor.TraceIdFilter - HTTP_REQUEST_END method=POST uri=/my-task/stats status=200 cost=8ms responseBody={"code":200,"message":"查询成功","data":{"unfinished":0,"finished":0}}
2026-07-22 21:49:17.254 [http-nio-8080-exec-1] INFO  [traceId=6956b21558c54ed0987db2caa7f10379 userId= role=] com.kg.interceptor.TraceIdFilter - HTTP_REQUEST_START method=GET uri=/dict/group/task_type query=null requestBody= ip=0:0:0:0:0:0:0:1 userAgent=Mozilla/5.0 (Windows NT 10.0; Win64; x64) AppleWebKit/537.36 (KHTML, like Gecko) Chrome/123.0.0.0 Safari/537.36
2026-07-22 21:49:17.258 [http-nio-8080-exec-1] DEBUG [traceId=6956b21558c54ed0987db2caa7f10379 userId= role=] c.k.i.m.SysUserMapper.selectById - ==>  Preparing: SELECT id,account,name,password,role,gender,email,phone,openid,description,teacher_remark,password_update_time,class_id,status,create_by,create_time,update_by,update_time FROM sys_user WHERE id=?
2026-07-22 21:49:17.258 [http-nio-8080-exec-1] DEBUG [traceId=6956b21558c54ed0987db2caa7f10379 userId= role=] c.k.i.m.SysUserMapper.selectById - ==> Parameters: 22(Long)
2026-07-22 21:49:17.260 [http-nio-8080-exec-1] DEBUG [traceId=6956b21558c54ed0987db2caa7f10379 userId= role=] c.k.i.m.SysUserMapper.selectById - <==      Total: 1
2026-07-22 21:49:17.261 [http-nio-8080-exec-1] DEBUG [traceId=6956b21558c54ed0987db2caa7f10379 userId=22 role=3] c.k.i.mapper.DictMapper.selectList - ==>  Preparing: SELECT id,dict_code,dict_name,dict_label,dict_value,display_color,sort_no,status,create_by,create_time,update_by,update_time FROM sys_dict WHERE (dict_code = ?) ORDER BY sort_no ASC
2026-07-22 21:49:17.261 [http-nio-8080-exec-1] DEBUG [traceId=6956b21558c54ed0987db2caa7f10379 userId=22 role=3] c.k.i.mapper.DictMapper.selectList - ==> Parameters: task_type(String)
2026-07-22 21:49:17.264 [http-nio-8080-exec-1] DEBUG [traceId=6956b21558c54ed0987db2caa7f10379 userId=22 role=3] c.k.i.mapper.DictMapper.selectList - <==      Total: 4
2026-07-22 21:49:17.266 [http-nio-8080-exec-1] INFO  [traceId=6956b21558c54ed0987db2caa7f10379 userId=22 role=3] com.kg.interceptor.TraceIdFilter - HTTP_REQUEST_END method=GET uri=/dict/group/task_type status=200 cost=12ms responseBody={"code":200,"message":"查询成功","data":{"dictCode":"task_type","dictName":"任务类型","items":[{"dictValue":"0","dictLabel":"刷题","sortNo":0,"status":1,"displayColor":"#ff6f00"},{"dictValue":"1","dictLabel":"学习","sortNo":1,"status":1,"displayColor":"#f7ff00"},{"dictValue":"2","dictLabel":"打卡","sortNo":2,"status":1,"displayColor":"#66ff00"},{"dictValue":"3","dictLabel":"每日复盘","sortNo":3,"status":1,"displayColor":"#00bfff"}]}}
2026-07-22 21:49:17.286 [http-nio-8080-exec-3] INFO  [traceId=e4ffe451289e452c9d12d47a2751cc6a userId= role=] com.kg.interceptor.TraceIdFilter - HTTP_REQUEST_START method=POST uri=/my-task/template/page query=null requestBody={"pageNum":1,"pageSize":10,"taskType":"0"} ip=0:0:0:0:0:0:0:1 userAgent=Mozilla/5.0 (Windows NT 10.0; Win64; x64) AppleWebKit/537.36 (KHTML, like Gecko) Chrome/123.0.0.0 Safari/537.36
2026-07-22 21:49:17.290 [http-nio-8080-exec-3] DEBUG [traceId=e4ffe451289e452c9d12d47a2751cc6a userId= role=] c.k.i.m.SysUserMapper.selectById - ==>  Preparing: SELECT id,account,name,password,role,gender,email,phone,openid,description,teacher_remark,password_update_time,class_id,status,create_by,create_time,update_by,update_time FROM sys_user WHERE id=?
2026-07-22 21:49:17.290 [http-nio-8080-exec-3] DEBUG [traceId=e4ffe451289e452c9d12d47a2751cc6a userId= role=] c.k.i.m.SysUserMapper.selectById - ==> Parameters: 22(Long)
2026-07-22 21:49:17.292 [http-nio-8080-exec-3] DEBUG [traceId=e4ffe451289e452c9d12d47a2751cc6a userId= role=] c.k.i.m.SysUserMapper.selectById - <==      Total: 1
2026-07-22 21:49:17.300 [http-nio-8080-exec-3] DEBUG [traceId=e4ffe451289e452c9d12d47a2751cc6a userId=22 role=3] c.k.i.m.MyTaskMapper.countTemplates - ==>  Preparing: SELECT COUNT(DISTINCT tt.id) FROM task t JOIN task_user tu ON tu.task_id = t.id JOIN task_template tt ON tt.id = t.template_id WHERE tu.user_id = ? AND tu.status IN ('1','2') AND t.template_id IS NOT NULL AND tt.task_type = ?
2026-07-22 21:49:17.300 [http-nio-8080-exec-3] DEBUG [traceId=e4ffe451289e452c9d12d47a2751cc6a userId=22 role=3] c.k.i.m.MyTaskMapper.countTemplates - ==> Parameters: 22(Long), 0(String)
2026-07-22 21:49:17.310 [http-nio-8080-exec-3] DEBUG [traceId=e4ffe451289e452c9d12d47a2751cc6a userId=22 role=3] c.k.i.m.MyTaskMapper.countTemplates - <==      Total: 1
2026-07-22 21:49:17.313 [http-nio-8080-exec-3] DEBUG [traceId=e4ffe451289e452c9d12d47a2751cc6a userId=22 role=3] c.k.i.m.MyTaskMapper.pageTemplates - ==>  Preparing: SELECT tt.id AS template_id, tt.template_name, tt.task_type, COUNT(DISTINCT t.id) AS round_count, MAX(tu.total_score) AS max_score, MIN(tu.total_score) AS min_score, AVG(tu.total_score) AS avg_score, (SELECT tu2.total_score FROM task_user tu2 JOIN task t2 ON t2.id = tu2.task_id WHERE t2.template_id = tt.id AND tu2.user_id = ? AND tu2.status IN ('1','2') ORDER BY t2.round_no DESC LIMIT 1) AS latest_score FROM task t JOIN task_user tu ON tu.task_id = t.id JOIN task_template tt ON tt.id = t.template_id WHERE tu.user_id = ? AND tu.status IN ('1','2') AND t.template_id IS NOT NULL AND tt.task_type = ? GROUP BY tt.id, tt.template_name, tt.task_type ORDER BY tt.id DESC LIMIT ?, ?
2026-07-22 21:49:17.313 [http-nio-8080-exec-3] DEBUG [traceId=e4ffe451289e452c9d12d47a2751cc6a userId=22 role=3] c.k.i.m.MyTaskMapper.pageTemplates - ==> Parameters: 22(Long), 22(Long), 0(String), 0(Integer), 10(Integer)
2026-07-22 21:49:17.326 [http-nio-8080-exec-3] DEBUG [traceId=e4ffe451289e452c9d12d47a2751cc6a userId=22 role=3] c.k.i.m.MyTaskMapper.pageTemplates - <==      Total: 0
2026-07-22 21:49:17.328 [http-nio-8080-exec-3] INFO  [traceId=e4ffe451289e452c9d12d47a2751cc6a userId=22 role=3] com.kg.interceptor.TraceIdFilter - HTTP_REQUEST_END method=POST uri=/my-task/template/page status=200 cost=42ms responseBody={"code":200,"message":"查询成功","data":{"total":0,"list":[]}}
2026-07-22 21:49:19.342 [http-nio-8080-exec-10] INFO  [traceId=2d8f3ecdec3d4c22b210a79168b493d2 userId= role=] com.kg.interceptor.TraceIdFilter - HTTP_REQUEST_START method=GET uri=/dict/group/task_type query=null requestBody= ip=0:0:0:0:0:0:0:1 userAgent=Mozilla/5.0 (Windows NT 10.0; Win64; x64) AppleWebKit/537.36 (KHTML, like Gecko) Chrome/123.0.0.0 Safari/537.36
2026-07-22 21:49:19.343 [http-nio-8080-exec-6] INFO  [traceId=bc92b662173046b492de08cf75bd6c22 userId= role=] com.kg.interceptor.TraceIdFilter - HTTP_REQUEST_START method=POST uri=/my-task/list query=null requestBody={"pageNum":1,"pageSize":10,"status":"0"} ip=0:0:0:0:0:0:0:1 userAgent=Mozilla/5.0 (Windows NT 10.0; Win64; x64) AppleWebKit/537.36 (KHTML, like Gecko) Chrome/123.0.0.0 Safari/537.36
2026-07-22 21:49:19.343 [http-nio-8080-exec-7] INFO  [traceId=98026be3164c4452b02fd798e4571beb userId= role=] com.kg.interceptor.TraceIdFilter - HTTP_REQUEST_START method=POST uri=/my-task/stats query=null requestBody={} ip=0:0:0:0:0:0:0:1 userAgent=Mozilla/5.0 (Windows NT 10.0; Win64; x64) AppleWebKit/537.36 (KHTML, like Gecko) Chrome/123.0.0.0 Safari/537.36
2026-07-22 21:49:19.347 [http-nio-8080-exec-6] DEBUG [traceId=bc92b662173046b492de08cf75bd6c22 userId= role=] c.k.i.m.SysUserMapper.selectById - ==>  Preparing: SELECT id,account,name,password,role,gender,email,phone,openid,description,teacher_remark,password_update_time,class_id,status,create_by,create_time,update_by,update_time FROM sys_user WHERE id=?
2026-07-22 21:49:19.347 [http-nio-8080-exec-7] DEBUG [traceId=98026be3164c4452b02fd798e4571beb userId= role=] c.k.i.m.SysUserMapper.selectById - ==>  Preparing: SELECT id,account,name,password,role,gender,email,phone,openid,description,teacher_remark,password_update_time,class_id,status,create_by,create_time,update_by,update_time FROM sys_user WHERE id=?
2026-07-22 21:49:19.347 [http-nio-8080-exec-10] DEBUG [traceId=2d8f3ecdec3d4c22b210a79168b493d2 userId= role=] c.k.i.m.SysUserMapper.selectById - ==>  Preparing: SELECT id,account,name,password,role,gender,email,phone,openid,description,teacher_remark,password_update_time,class_id,status,create_by,create_time,update_by,update_time FROM sys_user WHERE id=?
2026-07-22 21:49:19.347 [http-nio-8080-exec-6] DEBUG [traceId=bc92b662173046b492de08cf75bd6c22 userId= role=] c.k.i.m.SysUserMapper.selectById - ==> Parameters: 22(Long)
2026-07-22 21:49:19.347 [http-nio-8080-exec-7] DEBUG [traceId=98026be3164c4452b02fd798e4571beb userId= role=] c.k.i.m.SysUserMapper.selectById - ==> Parameters: 22(Long)
2026-07-22 21:49:19.347 [http-nio-8080-exec-10] DEBUG [traceId=2d8f3ecdec3d4c22b210a79168b493d2 userId= role=] c.k.i.m.SysUserMapper.selectById - ==> Parameters: 22(Long)
2026-07-22 21:49:19.348 [http-nio-8080-exec-10] DEBUG [traceId=2d8f3ecdec3d4c22b210a79168b493d2 userId= role=] c.k.i.m.SysUserMapper.selectById - <==      Total: 1
2026-07-22 21:49:19.348 [http-nio-8080-exec-7] DEBUG [traceId=98026be3164c4452b02fd798e4571beb userId= role=] c.k.i.m.SysUserMapper.selectById - <==      Total: 1
2026-07-22 21:49:19.348 [http-nio-8080-exec-6] DEBUG [traceId=bc92b662173046b492de08cf75bd6c22 userId= role=] c.k.i.m.SysUserMapper.selectById - <==      Total: 1
2026-07-22 21:49:19.349 [http-nio-8080-exec-6] DEBUG [traceId=bc92b662173046b492de08cf75bd6c22 userId=22 role=3] c.k.i.mapper.MyTaskMapper.count - ==>  Preparing: SELECT COUNT(*) FROM task_user tu JOIN task t ON t.id = tu.task_id WHERE tu.user_id = ? AND tu.status = '0'
2026-07-22 21:49:19.349 [http-nio-8080-exec-6] DEBUG [traceId=bc92b662173046b492de08cf75bd6c22 userId=22 role=3] c.k.i.mapper.MyTaskMapper.count - ==> Parameters: 22(Long)
2026-07-22 21:49:19.349 [http-nio-8080-exec-7] DEBUG [traceId=98026be3164c4452b02fd798e4571beb userId=22 role=3] c.k.i.m.TaskUserMapper.selectCount - ==>  Preparing: SELECT COUNT( * ) AS total FROM task_user WHERE (user_id = ? AND status = ?)
2026-07-22 21:49:19.349 [http-nio-8080-exec-10] DEBUG [traceId=2d8f3ecdec3d4c22b210a79168b493d2 userId=22 role=3] c.k.i.mapper.DictMapper.selectList - ==>  Preparing: SELECT id,dict_code,dict_name,dict_label,dict_value,display_color,sort_no,status,create_by,create_time,update_by,update_time FROM sys_dict WHERE (dict_code = ?) ORDER BY sort_no ASC
2026-07-22 21:49:19.349 [http-nio-8080-exec-7] DEBUG [traceId=98026be3164c4452b02fd798e4571beb userId=22 role=3] c.k.i.m.TaskUserMapper.selectCount - ==> Parameters: 22(Long), 0(String)
2026-07-22 21:49:19.349 [http-nio-8080-exec-10] DEBUG [traceId=2d8f3ecdec3d4c22b210a79168b493d2 userId=22 role=3] c.k.i.mapper.DictMapper.selectList - ==> Parameters: task_type(String)
2026-07-22 21:49:19.349 [http-nio-8080-exec-6] DEBUG [traceId=bc92b662173046b492de08cf75bd6c22 userId=22 role=3] c.k.i.mapper.MyTaskMapper.count - <==      Total: 1
2026-07-22 21:49:19.349 [http-nio-8080-exec-7] DEBUG [traceId=98026be3164c4452b02fd798e4571beb userId=22 role=3] c.k.i.m.TaskUserMapper.selectCount - <==      Total: 1
2026-07-22 21:49:19.350 [http-nio-8080-exec-10] DEBUG [traceId=2d8f3ecdec3d4c22b210a79168b493d2 userId=22 role=3] c.k.i.mapper.DictMapper.selectList - <==      Total: 4
2026-07-22 21:49:19.350 [http-nio-8080-exec-6] DEBUG [traceId=bc92b662173046b492de08cf75bd6c22 userId=22 role=3] c.k.i.mapper.MyTaskMapper.page - ==>  Preparing: SELECT u.name AS task_create_name,t.round_no AS round_no,t.template_id AS template_id,t.id AS task_id, t.task_name, t.task_type, t.is_mandatory AS force_flag, t.task_description, t.priority, t.task_start_time AS start_time, t.task_end_time AS end_time, t.plan_id AS planId, t.plan_date AS planDate, t.is_repeat_task AS isRepeatTask, t.status AS taskStatus, tu.id AS task_user_id, tu.status, tu.total_score, tu.submit_time FROM task_user tu JOIN task t ON t.id = tu.task_id LEFT JOIN sys_user u ON u.id = t.create_by WHERE tu.user_id = ? AND tu.status = '0' ORDER BY t.create_time DESC LIMIT ?, ?
2026-07-22 21:49:19.350 [http-nio-8080-exec-6] DEBUG [traceId=bc92b662173046b492de08cf75bd6c22 userId=22 role=3] c.k.i.mapper.MyTaskMapper.page - ==> Parameters: 22(Long), 0(Integer), 10(Integer)
2026-07-22 21:49:19.350 [http-nio-8080-exec-7] DEBUG [traceId=98026be3164c4452b02fd798e4571beb userId=22 role=3] c.k.i.m.TaskUserMapper.selectCount - ==>  Preparing: SELECT COUNT( * ) AS total FROM task_user WHERE (user_id = ? AND status IN (?,?))
2026-07-22 21:49:19.350 [http-nio-8080-exec-10] INFO  [traceId=2d8f3ecdec3d4c22b210a79168b493d2 userId=22 role=3] com.kg.interceptor.TraceIdFilter - HTTP_REQUEST_END method=GET uri=/dict/group/task_type status=200 cost=8ms responseBody={"code":200,"message":"查询成功","data":{"dictCode":"task_type","dictName":"任务类型","items":[{"dictValue":"0","dictLabel":"刷题","sortNo":0,"status":1,"displayColor":"#ff6f00"},{"dictValue":"1","dictLabel":"学习","sortNo":1,"status":1,"displayColor":"#f7ff00"},{"dictValue":"2","dictLabel":"打卡","sortNo":2,"status":1,"displayColor":"#66ff00"},{"dictValue":"3","dictLabel":"每日复盘","sortNo":3,"status":1,"displayColor":"#00bfff"}]}}
2026-07-22 21:49:19.350 [http-nio-8080-exec-7] DEBUG [traceId=98026be3164c4452b02fd798e4571beb userId=22 role=3] c.k.i.m.TaskUserMapper.selectCount - ==> Parameters: 22(Long), 1(String), 2(String)
2026-07-22 21:49:19.352 [http-nio-8080-exec-7] DEBUG [traceId=98026be3164c4452b02fd798e4571beb userId=22 role=3] c.k.i.m.TaskUserMapper.selectCount - <==      Total: 1
2026-07-22 21:49:19.353 [http-nio-8080-exec-6] DEBUG [traceId=bc92b662173046b492de08cf75bd6c22 userId=22 role=3] c.k.i.mapper.MyTaskMapper.page - <==      Total: 0
2026-07-22 21:49:19.353 [http-nio-8080-exec-7] INFO  [traceId=98026be3164c4452b02fd798e4571beb userId=22 role=3] com.kg.interceptor.TraceIdFilter - HTTP_REQUEST_END method=POST uri=/my-task/stats status=200 cost=10ms responseBody={"code":200,"message":"查询成功","data":{"unfinished":0,"finished":0}}
2026-07-22 21:49:19.353 [http-nio-8080-exec-6] INFO  [traceId=bc92b662173046b492de08cf75bd6c22 userId=22 role=3] com.kg.interceptor.TraceIdFilter - HTTP_REQUEST_END method=POST uri=/my-task/list status=200 cost=10ms responseBody={"code":200,"message":"查询成功","data":{"total":0,"list":[]}}
2026-07-22 21:50:30.205 [http-nio-8080-exec-5] INFO  [traceId=0832fd89c01e4e72a3e64e0a7b8a1e1d userId= role=] com.kg.interceptor.TraceIdFilter - HTTP_REQUEST_START method=GET uri=/student/checkin/stat query=null requestBody= ip=0:0:0:0:0:0:0:1 userAgent=Mozilla/5.0 (iPhone; CPU iPhone OS 15_0 like Mac OS X) AppleWebKit/605.1.15 (KHTML, like Gecko) Version/15.0 Mobile/15E148 Safari/604.1 wechatdevtools/2.01.2510290 MicroMessenger/8.0.5 Language/zh_CN webview/ hash/597225176 sid/jAVCl7QYrr
2026-07-22 21:50:30.205 [http-nio-8080-exec-4] INFO  [traceId=29a6f217097a4ab78382aadc3f056960 userId= role=] com.kg.interceptor.TraceIdFilter - HTTP_REQUEST_START method=GET uri=/home/student/stat query=null requestBody= ip=0:0:0:0:0:0:0:1 userAgent=Mozilla/5.0 (iPhone; CPU iPhone OS 15_0 like Mac OS X) AppleWebKit/605.1.15 (KHTML, like Gecko) Version/15.0 Mobile/15E148 Safari/604.1 wechatdevtools/2.01.2510290 MicroMessenger/8.0.5 Language/zh_CN webview/ hash/597225176 sid/jAVCl7QYrr
2026-07-22 21:50:30.211 [http-nio-8080-exec-5] DEBUG [traceId=0832fd89c01e4e72a3e64e0a7b8a1e1d userId= role=] c.k.i.m.SysUserMapper.selectById - ==>  Preparing: SELECT id,account,name,password,role,gender,email,phone,openid,description,teacher_remark,password_update_time,class_id,status,create_by,create_time,update_by,update_time FROM sys_user WHERE id=?
2026-07-22 21:50:30.211 [http-nio-8080-exec-4] DEBUG [traceId=29a6f217097a4ab78382aadc3f056960 userId= role=] c.k.i.m.SysUserMapper.selectById - ==>  Preparing: SELECT id,account,name,password,role,gender,email,phone,openid,description,teacher_remark,password_update_time,class_id,status,create_by,create_time,update_by,update_time FROM sys_user WHERE id=?
2026-07-22 21:50:30.212 [http-nio-8080-exec-5] DEBUG [traceId=0832fd89c01e4e72a3e64e0a7b8a1e1d userId= role=] c.k.i.m.SysUserMapper.selectById - ==> Parameters: 22(Long)
2026-07-22 21:50:30.212 [http-nio-8080-exec-4] DEBUG [traceId=29a6f217097a4ab78382aadc3f056960 userId= role=] c.k.i.m.SysUserMapper.selectById - ==> Parameters: 22(Long)
2026-07-22 21:50:30.214 [http-nio-8080-exec-4] DEBUG [traceId=29a6f217097a4ab78382aadc3f056960 userId= role=] c.k.i.m.SysUserMapper.selectById - <==      Total: 1
2026-07-22 21:50:30.214 [http-nio-8080-exec-5] DEBUG [traceId=0832fd89c01e4e72a3e64e0a7b8a1e1d userId= role=] c.k.i.m.SysUserMapper.selectById - <==      Total: 1
2026-07-22 21:50:30.214 [http-nio-8080-exec-4] DEBUG [traceId=29a6f217097a4ab78382aadc3f056960 userId=22 role=3] c.k.i.m.H.countTodoForStudent - ==>  Preparing: SELECT COUNT(*) FROM task_user WHERE user_id = ? AND status = '0'
2026-07-22 21:50:30.214 [http-nio-8080-exec-5] DEBUG [traceId=0832fd89c01e4e72a3e64e0a7b8a1e1d userId=22 role=3] c.k.i.m.S.findCheckinDates - ==>  Preparing: SELECT DISTINCT DATE(t.task_start_time) AS checkinDate FROM task_user tu JOIN task t ON t.id = tu.task_id WHERE tu.user_id = ? AND t.task_type = ? AND tu.status = '1' ORDER BY checkinDate DESC
2026-07-22 21:50:30.214 [http-nio-8080-exec-4] DEBUG [traceId=29a6f217097a4ab78382aadc3f056960 userId=22 role=3] c.k.i.m.H.countTodoForStudent - ==> Parameters: 22(Long)
2026-07-22 21:50:30.214 [http-nio-8080-exec-5] DEBUG [traceId=0832fd89c01e4e72a3e64e0a7b8a1e1d userId=22 role=3] c.k.i.m.S.findCheckinDates - ==> Parameters: 22(Long), 2(String)
2026-07-22 21:50:30.215 [http-nio-8080-exec-5] DEBUG [traceId=0832fd89c01e4e72a3e64e0a7b8a1e1d userId=22 role=3] c.k.i.m.S.findCheckinDates - <==      Total: 0
2026-07-22 21:50:30.215 [http-nio-8080-exec-4] DEBUG [traceId=29a6f217097a4ab78382aadc3f056960 userId=22 role=3] c.k.i.m.H.countTodoForStudent - <==      Total: 1
2026-07-22 21:50:30.216 [http-nio-8080-exec-4] DEBUG [traceId=29a6f217097a4ab78382aadc3f056960 userId=22 role=3] c.k.i.m.H.countCompletedForStudent - ==>  Preparing: SELECT COUNT(*) FROM task_user WHERE user_id = ? AND status IN ('1','2')
2026-07-22 21:50:30.216 [http-nio-8080-exec-4] DEBUG [traceId=29a6f217097a4ab78382aadc3f056960 userId=22 role=3] c.k.i.m.H.countCompletedForStudent - ==> Parameters: 22(Long)
2026-07-22 21:50:30.216 [http-nio-8080-exec-5] INFO  [traceId=0832fd89c01e4e72a3e64e0a7b8a1e1d userId=22 role=3] com.kg.interceptor.TraceIdFilter - HTTP_REQUEST_END method=GET uri=/student/checkin/stat status=200 cost=11ms responseBody={"code":200,"message":"查询成功","data":{"continuousDays":0,"monthCheckinCount":0,"todayChecked":false}}
2026-07-22 21:50:30.216 [http-nio-8080-exec-4] DEBUG [traceId=29a6f217097a4ab78382aadc3f056960 userId=22 role=3] c.k.i.m.H.countCompletedForStudent - <==      Total: 1
2026-07-22 21:50:30.217 [http-nio-8080-exec-4] DEBUG [traceId=29a6f217097a4ab78382aadc3f056960 userId=22 role=3] c.k.i.m.H.nearEndTop3ForStudent - ==>  Preparing: SELECT t.id AS task_id, t.task_name, t.task_end_time AS end_time FROM task_user tu JOIN task t ON t.id = tu.task_id WHERE tu.user_id = ? AND tu.status = '0' ORDER BY t.task_end_time ASC LIMIT 3
2026-07-22 21:50:30.217 [http-nio-8080-exec-4] DEBUG [traceId=29a6f217097a4ab78382aadc3f056960 userId=22 role=3] c.k.i.m.H.nearEndTop3ForStudent - ==> Parameters: 22(Long)
2026-07-22 21:50:30.218 [http-nio-8080-exec-4] DEBUG [traceId=29a6f217097a4ab78382aadc3f056960 userId=22 role=3] c.k.i.m.H.nearEndTop3ForStudent - <==      Total: 0
2026-07-22 21:50:30.218 [http-nio-8080-exec-4] INFO  [traceId=29a6f217097a4ab78382aadc3f056960 userId=22 role=3] com.kg.interceptor.TraceIdFilter - HTTP_REQUEST_END method=GET uri=/home/student/stat status=200 cost=13ms responseBody={"code":200,"message":"查询成功","data":{"todoTaskCount":0,"completedTaskCount":0,"nearEndTasks":[]}}
2026-07-22 21:50:32.545 [http-nio-8080-exec-2] INFO  [traceId=9ef1e0bed0c1481f8747a2c577a346a8 userId= role=] com.kg.interceptor.TraceIdFilter - HTTP_REQUEST_START method=POST uri=/my-task/stats query=null requestBody={"status":"1"} ip=0:0:0:0:0:0:0:1 userAgent=Mozilla/5.0 (iPhone; CPU iPhone OS 15_0 like Mac OS X) AppleWebKit/605.1.15 (KHTML, like Gecko) Version/15.0 Mobile/15E148 Safari/604.1 wechatdevtools/2.01.2510290 MicroMessenger/8.0.5 Language/zh_CN webview/ hash/597225176 sid/jAVCl7QYrr
2026-07-22 21:50:32.545 [http-nio-8080-exec-9] INFO  [traceId=7e4f638ceb4c435cb926c33df2722f27 userId= role=] com.kg.interceptor.TraceIdFilter - HTTP_REQUEST_START method=POST uri=/my-task/stats query=null requestBody={"status":"0"} ip=0:0:0:0:0:0:0:1 userAgent=Mozilla/5.0 (iPhone; CPU iPhone OS 15_0 like Mac OS X) AppleWebKit/605.1.15 (KHTML, like Gecko) Version/15.0 Mobile/15E148 Safari/604.1 wechatdevtools/2.01.2510290 MicroMessenger/8.0.5 Language/zh_CN webview/ hash/597225176 sid/jAVCl7QYrr
2026-07-22 21:50:32.549 [http-nio-8080-exec-2] DEBUG [traceId=9ef1e0bed0c1481f8747a2c577a346a8 userId= role=] c.k.i.m.SysUserMapper.selectById - ==>  Preparing: SELECT id,account,name,password,role,gender,email,phone,openid,description,teacher_remark,password_update_time,class_id,status,create_by,create_time,update_by,update_time FROM sys_user WHERE id=?
2026-07-22 21:50:32.549 [http-nio-8080-exec-9] DEBUG [traceId=7e4f638ceb4c435cb926c33df2722f27 userId= role=] c.k.i.m.SysUserMapper.selectById - ==>  Preparing: SELECT id,account,name,password,role,gender,email,phone,openid,description,teacher_remark,password_update_time,class_id,status,create_by,create_time,update_by,update_time FROM sys_user WHERE id=?
2026-07-22 21:50:32.550 [http-nio-8080-exec-2] DEBUG [traceId=9ef1e0bed0c1481f8747a2c577a346a8 userId= role=] c.k.i.m.SysUserMapper.selectById - ==> Parameters: 22(Long)
2026-07-22 21:50:32.550 [http-nio-8080-exec-9] DEBUG [traceId=7e4f638ceb4c435cb926c33df2722f27 userId= role=] c.k.i.m.SysUserMapper.selectById - ==> Parameters: 22(Long)
2026-07-22 21:50:32.550 [http-nio-8080-exec-2] DEBUG [traceId=9ef1e0bed0c1481f8747a2c577a346a8 userId= role=] c.k.i.m.SysUserMapper.selectById - <==      Total: 1
2026-07-22 21:50:32.550 [http-nio-8080-exec-9] DEBUG [traceId=7e4f638ceb4c435cb926c33df2722f27 userId= role=] c.k.i.m.SysUserMapper.selectById - <==      Total: 1
2026-07-22 21:50:32.553 [http-nio-8080-exec-2] DEBUG [traceId=9ef1e0bed0c1481f8747a2c577a346a8 userId=22 role=3] c.k.i.m.TaskUserMapper.selectCount - ==>  Preparing: SELECT COUNT( * ) AS total FROM task_user WHERE (user_id = ? AND status = ?)
2026-07-22 21:50:32.553 [http-nio-8080-exec-9] DEBUG [traceId=7e4f638ceb4c435cb926c33df2722f27 userId=22 role=3] c.k.i.m.TaskUserMapper.selectCount - ==>  Preparing: SELECT COUNT( * ) AS total FROM task_user WHERE (user_id = ? AND status = ?)
2026-07-22 21:50:32.553 [http-nio-8080-exec-2] DEBUG [traceId=9ef1e0bed0c1481f8747a2c577a346a8 userId=22 role=3] c.k.i.m.TaskUserMapper.selectCount - ==> Parameters: 22(Long), 0(String)
2026-07-22 21:50:32.553 [http-nio-8080-exec-9] DEBUG [traceId=7e4f638ceb4c435cb926c33df2722f27 userId=22 role=3] c.k.i.m.TaskUserMapper.selectCount - ==> Parameters: 22(Long), 0(String)
2026-07-22 21:50:32.554 [http-nio-8080-exec-9] DEBUG [traceId=7e4f638ceb4c435cb926c33df2722f27 userId=22 role=3] c.k.i.m.TaskUserMapper.selectCount - <==      Total: 1
2026-07-22 21:50:32.554 [http-nio-8080-exec-2] DEBUG [traceId=9ef1e0bed0c1481f8747a2c577a346a8 userId=22 role=3] c.k.i.m.TaskUserMapper.selectCount - <==      Total: 1
2026-07-22 21:50:32.555 [http-nio-8080-exec-9] DEBUG [traceId=7e4f638ceb4c435cb926c33df2722f27 userId=22 role=3] c.k.i.m.TaskUserMapper.selectCount - ==>  Preparing: SELECT COUNT( * ) AS total FROM task_user WHERE (user_id = ? AND status IN (?,?))
2026-07-22 21:50:32.555 [http-nio-8080-exec-2] DEBUG [traceId=9ef1e0bed0c1481f8747a2c577a346a8 userId=22 role=3] c.k.i.m.TaskUserMapper.selectCount - ==>  Preparing: SELECT COUNT( * ) AS total FROM task_user WHERE (user_id = ? AND status IN (?,?))
2026-07-22 21:50:32.555 [http-nio-8080-exec-9] DEBUG [traceId=7e4f638ceb4c435cb926c33df2722f27 userId=22 role=3] c.k.i.m.TaskUserMapper.selectCount - ==> Parameters: 22(Long), 1(String), 2(String)
2026-07-22 21:50:32.555 [http-nio-8080-exec-2] DEBUG [traceId=9ef1e0bed0c1481f8747a2c577a346a8 userId=22 role=3] c.k.i.m.TaskUserMapper.selectCount - ==> Parameters: 22(Long), 1(String), 2(String)
2026-07-22 21:50:32.555 [http-nio-8080-exec-9] DEBUG [traceId=7e4f638ceb4c435cb926c33df2722f27 userId=22 role=3] c.k.i.m.TaskUserMapper.selectCount - <==      Total: 1
2026-07-22 21:50:32.555 [http-nio-8080-exec-2] DEBUG [traceId=9ef1e0bed0c1481f8747a2c577a346a8 userId=22 role=3] c.k.i.m.TaskUserMapper.selectCount - <==      Total: 1
2026-07-22 21:50:32.557 [http-nio-8080-exec-2] INFO  [traceId=9ef1e0bed0c1481f8747a2c577a346a8 userId=22 role=3] com.kg.interceptor.TraceIdFilter - HTTP_REQUEST_END method=POST uri=/my-task/stats status=200 cost=12ms responseBody={"code":200,"message":"查询成功","data":{"unfinished":0,"finished":0}}
2026-07-22 21:50:32.557 [http-nio-8080-exec-9] INFO  [traceId=7e4f638ceb4c435cb926c33df2722f27 userId=22 role=3] com.kg.interceptor.TraceIdFilter - HTTP_REQUEST_END method=POST uri=/my-task/stats status=200 cost=12ms responseBody={"code":200,"message":"查询成功","data":{"unfinished":0,"finished":0}}
2026-07-22 21:50:32.558 [http-nio-8080-exec-8] INFO  [traceId=6327da237cea4a2db77c4f66fa8e2934 userId= role=] com.kg.interceptor.TraceIdFilter - HTTP_REQUEST_START method=POST uri=/my-task/list query=null requestBody={"pageNo":1,"pageSize":10,"status":"0"} ip=0:0:0:0:0:0:0:1 userAgent=Mozilla/5.0 (iPhone; CPU iPhone OS 15_0 like Mac OS X) AppleWebKit/605.1.15 (KHTML, like Gecko) Version/15.0 Mobile/15E148 Safari/604.1 wechatdevtools/2.01.2510290 MicroMessenger/8.0.5 Language/zh_CN webview/ hash/597225176 sid/jAVCl7QYrr
2026-07-22 21:50:32.562 [http-nio-8080-exec-8] DEBUG [traceId=6327da237cea4a2db77c4f66fa8e2934 userId= role=] c.k.i.m.SysUserMapper.selectById - ==>  Preparing: SELECT id,account,name,password,role,gender,email,phone,openid,description,teacher_remark,password_update_time,class_id,status,create_by,create_time,update_by,update_time FROM sys_user WHERE id=?
2026-07-22 21:50:32.562 [http-nio-8080-exec-8] DEBUG [traceId=6327da237cea4a2db77c4f66fa8e2934 userId= role=] c.k.i.m.SysUserMapper.selectById - ==> Parameters: 22(Long)
2026-07-22 21:50:32.563 [http-nio-8080-exec-8] DEBUG [traceId=6327da237cea4a2db77c4f66fa8e2934 userId= role=] c.k.i.m.SysUserMapper.selectById - <==      Total: 1
2026-07-22 21:50:32.565 [http-nio-8080-exec-8] WARN  [traceId=6327da237cea4a2db77c4f66fa8e2934 userId=22 role=3] c.k.exception.GlobalExceptionHandler - 参数校验失败: 不能为null
2026-07-22 21:50:32.565 [http-nio-8080-exec-8] INFO  [traceId=6327da237cea4a2db77c4f66fa8e2934 userId=22 role=3] com.kg.interceptor.TraceIdFilter - HTTP_REQUEST_END method=POST uri=/my-task/list status=200 cost=7ms responseBody={"code":400,"message":"不能为null"}
2026-07-22 21:51:41.820 [http-nio-8080-exec-6] INFO  [traceId=3bac35bc4c6741e5a7b433d7c066c043 userId= role=] com.kg.interceptor.TraceIdFilter - HTTP_REQUEST_START method=GET uri=/student/checkin/stat query=null requestBody= ip=0:0:0:0:0:0:0:1 userAgent=Mozilla/5.0 (iPhone; CPU iPhone OS 15_0 like Mac OS X) AppleWebKit/605.1.15 (KHTML, like Gecko) Version/15.0 Mobile/15E148 Safari/604.1 wechatdevtools/2.01.2510290 MicroMessenger/8.0.5 Language/zh_CN webview/ hash/597225176 sid/jAVCl7QYrr
2026-07-22 21:51:41.820 [http-nio-8080-exec-7] INFO  [traceId=bd66a21ba8714b00a6e13d9aad382a6b userId= role=] com.kg.interceptor.TraceIdFilter - HTTP_REQUEST_START method=GET uri=/home/student/stat query=null requestBody= ip=0:0:0:0:0:0:0:1 userAgent=Mozilla/5.0 (iPhone; CPU iPhone OS 15_0 like Mac OS X) AppleWebKit/605.1.15 (KHTML, like Gecko) Version/15.0 Mobile/15E148 Safari/604.1 wechatdevtools/2.01.2510290 MicroMessenger/8.0.5 Language/zh_CN webview/ hash/597225176 sid/jAVCl7QYrr
2026-07-22 21:51:41.826 [http-nio-8080-exec-6] DEBUG [traceId=3bac35bc4c6741e5a7b433d7c066c043 userId= role=] c.k.i.m.SysUserMapper.selectById - ==>  Preparing: SELECT id,account,name,password,role,gender,email,phone,openid,description,teacher_remark,password_update_time,class_id,status,create_by,create_time,update_by,update_time FROM sys_user WHERE id=?
2026-07-22 21:51:41.826 [http-nio-8080-exec-7] DEBUG [traceId=bd66a21ba8714b00a6e13d9aad382a6b userId= role=] c.k.i.m.SysUserMapper.selectById - ==>  Preparing: SELECT id,account,name,password,role,gender,email,phone,openid,description,teacher_remark,password_update_time,class_id,status,create_by,create_time,update_by,update_time FROM sys_user WHERE id=?
2026-07-22 21:51:41.826 [http-nio-8080-exec-6] DEBUG [traceId=3bac35bc4c6741e5a7b433d7c066c043 userId= role=] c.k.i.m.SysUserMapper.selectById - ==> Parameters: 22(Long)
2026-07-22 21:51:41.826 [http-nio-8080-exec-7] DEBUG [traceId=bd66a21ba8714b00a6e13d9aad382a6b userId= role=] c.k.i.m.SysUserMapper.selectById - ==> Parameters: 22(Long)
2026-07-22 21:51:41.827 [http-nio-8080-exec-7] DEBUG [traceId=bd66a21ba8714b00a6e13d9aad382a6b userId= role=] c.k.i.m.SysUserMapper.selectById - <==      Total: 1
2026-07-22 21:51:41.827 [http-nio-8080-exec-6] DEBUG [traceId=3bac35bc4c6741e5a7b433d7c066c043 userId= role=] c.k.i.m.SysUserMapper.selectById - <==      Total: 1
2026-07-22 21:51:41.827 [http-nio-8080-exec-7] DEBUG [traceId=bd66a21ba8714b00a6e13d9aad382a6b userId=22 role=3] c.k.i.m.H.countTodoForStudent - ==>  Preparing: SELECT COUNT(*) FROM task_user WHERE user_id = ? AND status = '0'
2026-07-22 21:51:41.827 [http-nio-8080-exec-7] DEBUG [traceId=bd66a21ba8714b00a6e13d9aad382a6b userId=22 role=3] c.k.i.m.H.countTodoForStudent - ==> Parameters: 22(Long)
2026-07-22 21:51:41.827 [http-nio-8080-exec-6] DEBUG [traceId=3bac35bc4c6741e5a7b433d7c066c043 userId=22 role=3] c.k.i.m.S.findCheckinDates - ==>  Preparing: SELECT DISTINCT DATE(t.task_start_time) AS checkinDate FROM task_user tu JOIN task t ON t.id = tu.task_id WHERE tu.user_id = ? AND t.task_type = ? AND tu.status = '1' ORDER BY checkinDate DESC
2026-07-22 21:51:41.827 [http-nio-8080-exec-6] DEBUG [traceId=3bac35bc4c6741e5a7b433d7c066c043 userId=22 role=3] c.k.i.m.S.findCheckinDates - ==> Parameters: 22(Long), 2(String)
2026-07-22 21:51:41.828 [http-nio-8080-exec-6] DEBUG [traceId=3bac35bc4c6741e5a7b433d7c066c043 userId=22 role=3] c.k.i.m.S.findCheckinDates - <==      Total: 0
2026-07-22 21:51:41.828 [http-nio-8080-exec-7] DEBUG [traceId=bd66a21ba8714b00a6e13d9aad382a6b userId=22 role=3] c.k.i.m.H.countTodoForStudent - <==      Total: 1
2026-07-22 21:51:41.828 [http-nio-8080-exec-7] DEBUG [traceId=bd66a21ba8714b00a6e13d9aad382a6b userId=22 role=3] c.k.i.m.H.countCompletedForStudent - ==>  Preparing: SELECT COUNT(*) FROM task_user WHERE user_id = ? AND status IN ('1','2')
2026-07-22 21:51:41.828 [http-nio-8080-exec-7] DEBUG [traceId=bd66a21ba8714b00a6e13d9aad382a6b userId=22 role=3] c.k.i.m.H.countCompletedForStudent - ==> Parameters: 22(Long)
2026-07-22 21:51:41.828 [http-nio-8080-exec-6] INFO  [traceId=3bac35bc4c6741e5a7b433d7c066c043 userId=22 role=3] com.kg.interceptor.TraceIdFilter - HTTP_REQUEST_END method=GET uri=/student/checkin/stat status=200 cost=8ms responseBody={"code":200,"message":"查询成功","data":{"continuousDays":0,"monthCheckinCount":0,"todayChecked":false}}
2026-07-22 21:51:41.829 [http-nio-8080-exec-7] DEBUG [traceId=bd66a21ba8714b00a6e13d9aad382a6b userId=22 role=3] c.k.i.m.H.countCompletedForStudent - <==      Total: 1
2026-07-22 21:51:41.829 [http-nio-8080-exec-7] DEBUG [traceId=bd66a21ba8714b00a6e13d9aad382a6b userId=22 role=3] c.k.i.m.H.nearEndTop3ForStudent - ==>  Preparing: SELECT t.id AS task_id, t.task_name, t.task_end_time AS end_time FROM task_user tu JOIN task t ON t.id = tu.task_id WHERE tu.user_id = ? AND tu.status = '0' ORDER BY t.task_end_time ASC LIMIT 3
2026-07-22 21:51:41.829 [http-nio-8080-exec-7] DEBUG [traceId=bd66a21ba8714b00a6e13d9aad382a6b userId=22 role=3] c.k.i.m.H.nearEndTop3ForStudent - ==> Parameters: 22(Long)
2026-07-22 21:51:41.829 [http-nio-8080-exec-7] DEBUG [traceId=bd66a21ba8714b00a6e13d9aad382a6b userId=22 role=3] c.k.i.m.H.nearEndTop3ForStudent - <==      Total: 0
2026-07-22 21:51:41.831 [http-nio-8080-exec-7] INFO  [traceId=bd66a21ba8714b00a6e13d9aad382a6b userId=22 role=3] com.kg.interceptor.TraceIdFilter - HTTP_REQUEST_END method=GET uri=/home/student/stat status=200 cost=11ms responseBody={"code":200,"message":"查询成功","data":{"todoTaskCount":0,"completedTaskCount":0,"nearEndTasks":[]}}
2026-07-22 21:51:42.243 [http-nio-8080-exec-4] INFO  [traceId=6463cc868118470abe95721f47d5d4e5 userId= role=] com.kg.interceptor.TraceIdFilter - HTTP_REQUEST_START method=POST uri=/my-task/stats query=null requestBody={"status":"1"} ip=0:0:0:0:0:0:0:1 userAgent=Mozilla/5.0 (iPhone; CPU iPhone OS 15_0 like Mac OS X) AppleWebKit/605.1.15 (KHTML, like Gecko) Version/15.0 Mobile/15E148 Safari/604.1 wechatdevtools/2.01.2510290 MicroMessenger/8.0.5 Language/zh_CN webview/ hash/597225176 sid/jAVCl7QYrr
2026-07-22 21:51:42.243 [http-nio-8080-exec-5] INFO  [traceId=dd30e4bf1eda48fba9e2eb12df0996eb userId= role=] com.kg.interceptor.TraceIdFilter - HTTP_REQUEST_START method=POST uri=/my-task/stats query=null requestBody={"status":"0"} ip=0:0:0:0:0:0:0:1 userAgent=Mozilla/5.0 (iPhone; CPU iPhone OS 15_0 like Mac OS X) AppleWebKit/605.1.15 (KHTML, like Gecko) Version/15.0 Mobile/15E148 Safari/604.1 wechatdevtools/2.01.2510290 MicroMessenger/8.0.5 Language/zh_CN webview/ hash/597225176 sid/jAVCl7QYrr
2026-07-22 21:51:42.247 [http-nio-8080-exec-4] DEBUG [traceId=6463cc868118470abe95721f47d5d4e5 userId= role=] c.k.i.m.SysUserMapper.selectById - ==>  Preparing: SELECT id,account,name,password,role,gender,email,phone,openid,description,teacher_remark,password_update_time,class_id,status,create_by,create_time,update_by,update_time FROM sys_user WHERE id=?
2026-07-22 21:51:42.247 [http-nio-8080-exec-5] DEBUG [traceId=dd30e4bf1eda48fba9e2eb12df0996eb userId= role=] c.k.i.m.SysUserMapper.selectById - ==>  Preparing: SELECT id,account,name,password,role,gender,email,phone,openid,description,teacher_remark,password_update_time,class_id,status,create_by,create_time,update_by,update_time FROM sys_user WHERE id=?
2026-07-22 21:51:42.247 [http-nio-8080-exec-4] DEBUG [traceId=6463cc868118470abe95721f47d5d4e5 userId= role=] c.k.i.m.SysUserMapper.selectById - ==> Parameters: 22(Long)
2026-07-22 21:51:42.247 [http-nio-8080-exec-5] DEBUG [traceId=dd30e4bf1eda48fba9e2eb12df0996eb userId= role=] c.k.i.m.SysUserMapper.selectById - ==> Parameters: 22(Long)
2026-07-22 21:51:42.247 [http-nio-8080-exec-4] DEBUG [traceId=6463cc868118470abe95721f47d5d4e5 userId= role=] c.k.i.m.SysUserMapper.selectById - <==      Total: 1
2026-07-22 21:51:42.247 [http-nio-8080-exec-5] DEBUG [traceId=dd30e4bf1eda48fba9e2eb12df0996eb userId= role=] c.k.i.m.SysUserMapper.selectById - <==      Total: 1
2026-07-22 21:51:42.250 [http-nio-8080-exec-5] DEBUG [traceId=dd30e4bf1eda48fba9e2eb12df0996eb userId=22 role=3] c.k.i.m.TaskUserMapper.selectCount - ==>  Preparing: SELECT COUNT( * ) AS total FROM task_user WHERE (user_id = ? AND status = ?)
2026-07-22 21:51:42.250 [http-nio-8080-exec-4] DEBUG [traceId=6463cc868118470abe95721f47d5d4e5 userId=22 role=3] c.k.i.m.TaskUserMapper.selectCount - ==>  Preparing: SELECT COUNT( * ) AS total FROM task_user WHERE (user_id = ? AND status = ?)
2026-07-22 21:51:42.251 [http-nio-8080-exec-5] DEBUG [traceId=dd30e4bf1eda48fba9e2eb12df0996eb userId=22 role=3] c.k.i.m.TaskUserMapper.selectCount - ==> Parameters: 22(Long), 0(String)
2026-07-22 21:51:42.251 [http-nio-8080-exec-4] DEBUG [traceId=6463cc868118470abe95721f47d5d4e5 userId=22 role=3] c.k.i.m.TaskUserMapper.selectCount - ==> Parameters: 22(Long), 0(String)
2026-07-22 21:51:42.252 [http-nio-8080-exec-5] DEBUG [traceId=dd30e4bf1eda48fba9e2eb12df0996eb userId=22 role=3] c.k.i.m.TaskUserMapper.selectCount - <==      Total: 1
2026-07-22 21:51:42.252 [http-nio-8080-exec-4] DEBUG [traceId=6463cc868118470abe95721f47d5d4e5 userId=22 role=3] c.k.i.m.TaskUserMapper.selectCount - <==      Total: 1
2026-07-22 21:51:42.253 [http-nio-8080-exec-4] DEBUG [traceId=6463cc868118470abe95721f47d5d4e5 userId=22 role=3] c.k.i.m.TaskUserMapper.selectCount - ==>  Preparing: SELECT COUNT( * ) AS total FROM task_user WHERE (user_id = ? AND status IN (?,?))
2026-07-22 21:51:42.253 [http-nio-8080-exec-5] DEBUG [traceId=dd30e4bf1eda48fba9e2eb12df0996eb userId=22 role=3] c.k.i.m.TaskUserMapper.selectCount - ==>  Preparing: SELECT COUNT( * ) AS total FROM task_user WHERE (user_id = ? AND status IN (?,?))
2026-07-22 21:51:42.253 [http-nio-8080-exec-4] DEBUG [traceId=6463cc868118470abe95721f47d5d4e5 userId=22 role=3] c.k.i.m.TaskUserMapper.selectCount - ==> Parameters: 22(Long), 1(String), 2(String)
2026-07-22 21:51:42.253 [http-nio-8080-exec-5] DEBUG [traceId=dd30e4bf1eda48fba9e2eb12df0996eb userId=22 role=3] c.k.i.m.TaskUserMapper.selectCount - ==> Parameters: 22(Long), 1(String), 2(String)
2026-07-22 21:51:42.254 [http-nio-8080-exec-4] DEBUG [traceId=6463cc868118470abe95721f47d5d4e5 userId=22 role=3] c.k.i.m.TaskUserMapper.selectCount - <==      Total: 1
2026-07-22 21:51:42.254 [http-nio-8080-exec-5] DEBUG [traceId=dd30e4bf1eda48fba9e2eb12df0996eb userId=22 role=3] c.k.i.m.TaskUserMapper.selectCount - <==      Total: 1
2026-07-22 21:51:42.254 [http-nio-8080-exec-4] INFO  [traceId=6463cc868118470abe95721f47d5d4e5 userId=22 role=3] com.kg.interceptor.TraceIdFilter - HTTP_REQUEST_END method=POST uri=/my-task/stats status=200 cost=11ms responseBody={"code":200,"message":"查询成功","data":{"unfinished":0,"finished":0}}
2026-07-22 21:51:42.254 [http-nio-8080-exec-5] INFO  [traceId=dd30e4bf1eda48fba9e2eb12df0996eb userId=22 role=3] com.kg.interceptor.TraceIdFilter - HTTP_REQUEST_END method=POST uri=/my-task/stats status=200 cost=11ms responseBody={"code":200,"message":"查询成功","data":{"unfinished":0,"finished":0}}
2026-07-22 21:51:42.255 [http-nio-8080-exec-2] INFO  [traceId=ebc6647b155d4cf3a2a25bc4d1462ee3 userId= role=] com.kg.interceptor.TraceIdFilter - HTTP_REQUEST_START method=POST uri=/my-task/list query=null requestBody={"pageNo":1,"pageSize":10,"status":"0"} ip=0:0:0:0:0:0:0:1 userAgent=Mozilla/5.0 (iPhone; CPU iPhone OS 15_0 like Mac OS X) AppleWebKit/605.1.15 (KHTML, like Gecko) Version/15.0 Mobile/15E148 Safari/604.1 wechatdevtools/2.01.2510290 MicroMessenger/8.0.5 Language/zh_CN webview/ hash/597225176 sid/jAVCl7QYrr
2026-07-22 21:51:42.258 [http-nio-8080-exec-2] DEBUG [traceId=ebc6647b155d4cf3a2a25bc4d1462ee3 userId= role=] c.k.i.m.SysUserMapper.selectById - ==>  Preparing: SELECT id,account,name,password,role,gender,email,phone,openid,description,teacher_remark,password_update_time,class_id,status,create_by,create_time,update_by,update_time FROM sys_user WHERE id=?
2026-07-22 21:51:42.259 [http-nio-8080-exec-2] DEBUG [traceId=ebc6647b155d4cf3a2a25bc4d1462ee3 userId= role=] c.k.i.m.SysUserMapper.selectById - ==> Parameters: 22(Long)
2026-07-22 21:51:42.260 [http-nio-8080-exec-2] DEBUG [traceId=ebc6647b155d4cf3a2a25bc4d1462ee3 userId= role=] c.k.i.m.SysUserMapper.selectById - <==      Total: 1
2026-07-22 21:53:24.553 [http-nio-8080-exec-2] WARN  [traceId=ebc6647b155d4cf3a2a25bc4d1462ee3 userId=22 role=3] c.k.exception.GlobalExceptionHandler - 参数校验失败: 不能为null
2026-07-22 21:53:24.554 [HikariPool-1 housekeeper] WARN  [traceId= userId= role=] com.zaxxer.hikari.pool.HikariPool - HikariPool-1 - Thread starvation or clock leap detected (housekeeper delta=2m9s850ms205µs400ns).
2026-07-22 21:53:24.554 [http-nio-8080-exec-2] INFO  [traceId=ebc6647b155d4cf3a2a25bc4d1462ee3 userId=22 role=3] com.kg.interceptor.TraceIdFilter - HTTP_REQUEST_END method=POST uri=/my-task/list status=200 cost=102299ms responseBody={"code":400,"message":"不能为null"}
2026-07-22 21:53:32.618 [http-nio-8080-exec-3] INFO  [traceId=8c9333253f7a4ccdb739e62c5700483b userId= role=] com.kg.interceptor.TraceIdFilter - HTTP_REQUEST_START method=GET uri=/home/student/stat query=null requestBody= ip=0:0:0:0:0:0:0:1 userAgent=Mozilla/5.0 (iPhone; CPU iPhone OS 15_0 like Mac OS X) AppleWebKit/605.1.15 (KHTML, like Gecko) Version/15.0 Mobile/15E148 Safari/604.1 wechatdevtools/2.01.2510290 MicroMessenger/8.0.5 Language/zh_CN webview/ hash/597225176 sid/jAVCl7QYrr
2026-07-22 21:53:32.619 [http-nio-8080-exec-10] INFO  [traceId=945ff1a4347840788bc1a4f5bc3f52cb userId= role=] com.kg.interceptor.TraceIdFilter - HTTP_REQUEST_START method=GET uri=/student/checkin/stat query=null requestBody= ip=0:0:0:0:0:0:0:1 userAgent=Mozilla/5.0 (iPhone; CPU iPhone OS 15_0 like Mac OS X) AppleWebKit/605.1.15 (KHTML, like Gecko) Version/15.0 Mobile/15E148 Safari/604.1 wechatdevtools/2.01.2510290 MicroMessenger/8.0.5 Language/zh_CN webview/ hash/597225176 sid/jAVCl7QYrr
2026-07-22 21:53:32.624 [http-nio-8080-exec-3] DEBUG [traceId=8c9333253f7a4ccdb739e62c5700483b userId= role=] c.k.i.m.SysUserMapper.selectById - ==>  Preparing: SELECT id,account,name,password,role,gender,email,phone,openid,description,teacher_remark,password_update_time,class_id,status,create_by,create_time,update_by,update_time FROM sys_user WHERE id=?
2026-07-22 21:53:32.624 [http-nio-8080-exec-10] DEBUG [traceId=945ff1a4347840788bc1a4f5bc3f52cb userId= role=] c.k.i.m.SysUserMapper.selectById - ==>  Preparing: SELECT id,account,name,password,role,gender,email,phone,openid,description,teacher_remark,password_update_time,class_id,status,create_by,create_time,update_by,update_time FROM sys_user WHERE id=?
2026-07-22 21:53:32.625 [http-nio-8080-exec-3] DEBUG [traceId=8c9333253f7a4ccdb739e62c5700483b userId= role=] c.k.i.m.SysUserMapper.selectById - ==> Parameters: 22(Long)
2026-07-22 21:53:32.625 [http-nio-8080-exec-10] DEBUG [traceId=945ff1a4347840788bc1a4f5bc3f52cb userId= role=] c.k.i.m.SysUserMapper.selectById - ==> Parameters: 22(Long)
2026-07-22 21:53:32.626 [http-nio-8080-exec-3] DEBUG [traceId=8c9333253f7a4ccdb739e62c5700483b userId= role=] c.k.i.m.SysUserMapper.selectById - <==      Total: 1
2026-07-22 21:53:32.626 [http-nio-8080-exec-10] DEBUG [traceId=945ff1a4347840788bc1a4f5bc3f52cb userId= role=] c.k.i.m.SysUserMapper.selectById - <==      Total: 1
2026-07-22 21:53:32.626 [http-nio-8080-exec-3] DEBUG [traceId=8c9333253f7a4ccdb739e62c5700483b userId=22 role=3] c.k.i.m.H.countTodoForStudent - ==>  Preparing: SELECT COUNT(*) FROM task_user WHERE user_id = ? AND status = '0'
2026-07-22 21:53:32.626 [http-nio-8080-exec-10] DEBUG [traceId=945ff1a4347840788bc1a4f5bc3f52cb userId=22 role=3] c.k.i.m.S.findCheckinDates - ==>  Preparing: SELECT DISTINCT DATE(t.task_start_time) AS checkinDate FROM task_user tu JOIN task t ON t.id = tu.task_id WHERE tu.user_id = ? AND t.task_type = ? AND tu.status = '1' ORDER BY checkinDate DESC
2026-07-22 21:53:32.626 [http-nio-8080-exec-3] DEBUG [traceId=8c9333253f7a4ccdb739e62c5700483b userId=22 role=3] c.k.i.m.H.countTodoForStudent - ==> Parameters: 22(Long)
2026-07-22 21:53:32.626 [http-nio-8080-exec-10] DEBUG [traceId=945ff1a4347840788bc1a4f5bc3f52cb userId=22 role=3] c.k.i.m.S.findCheckinDates - ==> Parameters: 22(Long), 2(String)
2026-07-22 21:53:32.627 [http-nio-8080-exec-3] DEBUG [traceId=8c9333253f7a4ccdb739e62c5700483b userId=22 role=3] c.k.i.m.H.countTodoForStudent - <==      Total: 1
2026-07-22 21:53:32.627 [http-nio-8080-exec-10] DEBUG [traceId=945ff1a4347840788bc1a4f5bc3f52cb userId=22 role=3] c.k.i.m.S.findCheckinDates - <==      Total: 0
2026-07-22 21:53:32.627 [http-nio-8080-exec-3] DEBUG [traceId=8c9333253f7a4ccdb739e62c5700483b userId=22 role=3] c.k.i.m.H.countCompletedForStudent - ==>  Preparing: SELECT COUNT(*) FROM task_user WHERE user_id = ? AND status IN ('1','2')
2026-07-22 21:53:32.629 [http-nio-8080-exec-3] DEBUG [traceId=8c9333253f7a4ccdb739e62c5700483b userId=22 role=3] c.k.i.m.H.countCompletedForStudent - ==> Parameters: 22(Long)
2026-07-22 21:53:32.629 [http-nio-8080-exec-10] INFO  [traceId=945ff1a4347840788bc1a4f5bc3f52cb userId=22 role=3] com.kg.interceptor.TraceIdFilter - HTTP_REQUEST_END method=GET uri=/student/checkin/stat status=200 cost=10ms responseBody={"code":200,"message":"查询成功","data":{"continuousDays":0,"monthCheckinCount":0,"todayChecked":false}}
2026-07-22 21:53:32.630 [http-nio-8080-exec-3] DEBUG [traceId=8c9333253f7a4ccdb739e62c5700483b userId=22 role=3] c.k.i.m.H.countCompletedForStudent - <==      Total: 1
2026-07-22 21:53:32.630 [http-nio-8080-exec-3] DEBUG [traceId=8c9333253f7a4ccdb739e62c5700483b userId=22 role=3] c.k.i.m.H.nearEndTop3ForStudent - ==>  Preparing: SELECT t.id AS task_id, t.task_name, t.task_end_time AS end_time FROM task_user tu JOIN task t ON t.id = tu.task_id WHERE tu.user_id = ? AND tu.status = '0' ORDER BY t.task_end_time ASC LIMIT 3
2026-07-22 21:53:32.630 [http-nio-8080-exec-3] DEBUG [traceId=8c9333253f7a4ccdb739e62c5700483b userId=22 role=3] c.k.i.m.H.nearEndTop3ForStudent - ==> Parameters: 22(Long)
2026-07-22 21:53:32.631 [http-nio-8080-exec-3] DEBUG [traceId=8c9333253f7a4ccdb739e62c5700483b userId=22 role=3] c.k.i.m.H.nearEndTop3ForStudent - <==      Total: 0
2026-07-22 21:53:32.632 [http-nio-8080-exec-3] INFO  [traceId=8c9333253f7a4ccdb739e62c5700483b userId=22 role=3] com.kg.interceptor.TraceIdFilter - HTTP_REQUEST_END method=GET uri=/home/student/stat status=200 cost=14ms responseBody={"code":200,"message":"查询成功","data":{"todoTaskCount":0,"completedTaskCount":0,"nearEndTasks":[]}}
2026-07-22 21:53:33.069 [http-nio-8080-exec-1] INFO  [traceId=8e463882aa224d3abaa7c4cb1f06a1f3 userId= role=] com.kg.interceptor.TraceIdFilter - HTTP_REQUEST_START method=POST uri=/my-task/stats query=null requestBody={"status":"0"} ip=0:0:0:0:0:0:0:1 userAgent=Mozilla/5.0 (iPhone; CPU iPhone OS 15_0 like Mac OS X) AppleWebKit/605.1.15 (KHTML, like Gecko) Version/15.0 Mobile/15E148 Safari/604.1 wechatdevtools/2.01.2510290 MicroMessenger/8.0.5 Language/zh_CN webview/ hash/597225176 sid/jAVCl7QYrr
2026-07-22 21:53:33.069 [http-nio-8080-exec-6] INFO  [traceId=c2261aa2fca94a6fbbab6d229b9f4663 userId= role=] com.kg.interceptor.TraceIdFilter - HTTP_REQUEST_START method=POST uri=/my-task/stats query=null requestBody={"status":"1"} ip=0:0:0:0:0:0:0:1 userAgent=Mozilla/5.0 (iPhone; CPU iPhone OS 15_0 like Mac OS X) AppleWebKit/605.1.15 (KHTML, like Gecko) Version/15.0 Mobile/15E148 Safari/604.1 wechatdevtools/2.01.2510290 MicroMessenger/8.0.5 Language/zh_CN webview/ hash/597225176 sid/jAVCl7QYrr
2026-07-22 21:53:33.072 [http-nio-8080-exec-1] DEBUG [traceId=8e463882aa224d3abaa7c4cb1f06a1f3 userId= role=] c.k.i.m.SysUserMapper.selectById - ==>  Preparing: SELECT id,account,name,password,role,gender,email,phone,openid,description,teacher_remark,password_update_time,class_id,status,create_by,create_time,update_by,update_time FROM sys_user WHERE id=?
2026-07-22 21:53:33.072 [http-nio-8080-exec-1] DEBUG [traceId=8e463882aa224d3abaa7c4cb1f06a1f3 userId= role=] c.k.i.m.SysUserMapper.selectById - ==> Parameters: 22(Long)
2026-07-22 21:53:33.072 [http-nio-8080-exec-6] DEBUG [traceId=c2261aa2fca94a6fbbab6d229b9f4663 userId= role=] c.k.i.m.SysUserMapper.selectById - ==>  Preparing: SELECT id,account,name,password,role,gender,email,phone,openid,description,teacher_remark,password_update_time,class_id,status,create_by,create_time,update_by,update_time FROM sys_user WHERE id=?
2026-07-22 21:53:33.072 [http-nio-8080-exec-6] DEBUG [traceId=c2261aa2fca94a6fbbab6d229b9f4663 userId= role=] c.k.i.m.SysUserMapper.selectById - ==> Parameters: 22(Long)
2026-07-22 21:53:33.073 [http-nio-8080-exec-6] DEBUG [traceId=c2261aa2fca94a6fbbab6d229b9f4663 userId= role=] c.k.i.m.SysUserMapper.selectById - <==      Total: 1
2026-07-22 21:53:33.073 [http-nio-8080-exec-1] DEBUG [traceId=8e463882aa224d3abaa7c4cb1f06a1f3 userId= role=] c.k.i.m.SysUserMapper.selectById - <==      Total: 1
2026-07-22 21:53:33.074 [http-nio-8080-exec-1] DEBUG [traceId=8e463882aa224d3abaa7c4cb1f06a1f3 userId=22 role=3] c.k.i.m.TaskUserMapper.selectCount - ==>  Preparing: SELECT COUNT( * ) AS total FROM task_user WHERE (user_id = ? AND status = ?)
2026-07-22 21:53:33.074 [http-nio-8080-exec-6] DEBUG [traceId=c2261aa2fca94a6fbbab6d229b9f4663 userId=22 role=3] c.k.i.m.TaskUserMapper.selectCount - ==>  Preparing: SELECT COUNT( * ) AS total FROM task_user WHERE (user_id = ? AND status = ?)
2026-07-22 21:53:33.074 [http-nio-8080-exec-1] DEBUG [traceId=8e463882aa224d3abaa7c4cb1f06a1f3 userId=22 role=3] c.k.i.m.TaskUserMapper.selectCount - ==> Parameters: 22(Long), 0(String)
2026-07-22 21:53:33.074 [http-nio-8080-exec-6] DEBUG [traceId=c2261aa2fca94a6fbbab6d229b9f4663 userId=22 role=3] c.k.i.m.TaskUserMapper.selectCount - ==> Parameters: 22(Long), 0(String)
2026-07-22 21:53:33.075 [http-nio-8080-exec-1] DEBUG [traceId=8e463882aa224d3abaa7c4cb1f06a1f3 userId=22 role=3] c.k.i.m.TaskUserMapper.selectCount - <==      Total: 1
2026-07-22 21:53:33.075 [http-nio-8080-exec-6] DEBUG [traceId=c2261aa2fca94a6fbbab6d229b9f4663 userId=22 role=3] c.k.i.m.TaskUserMapper.selectCount - <==      Total: 1
2026-07-22 21:53:33.076 [http-nio-8080-exec-6] DEBUG [traceId=c2261aa2fca94a6fbbab6d229b9f4663 userId=22 role=3] c.k.i.m.TaskUserMapper.selectCount - ==>  Preparing: SELECT COUNT( * ) AS total FROM task_user WHERE (user_id = ? AND status IN (?,?))
2026-07-22 21:53:33.076 [http-nio-8080-exec-1] DEBUG [traceId=8e463882aa224d3abaa7c4cb1f06a1f3 userId=22 role=3] c.k.i.m.TaskUserMapper.selectCount - ==>  Preparing: SELECT COUNT( * ) AS total FROM task_user WHERE (user_id = ? AND status IN (?,?))
2026-07-22 21:53:33.076 [http-nio-8080-exec-6] DEBUG [traceId=c2261aa2fca94a6fbbab6d229b9f4663 userId=22 role=3] c.k.i.m.TaskUserMapper.selectCount - ==> Parameters: 22(Long), 1(String), 2(String)
2026-07-22 21:53:33.076 [http-nio-8080-exec-1] DEBUG [traceId=8e463882aa224d3abaa7c4cb1f06a1f3 userId=22 role=3] c.k.i.m.TaskUserMapper.selectCount - ==> Parameters: 22(Long), 1(String), 2(String)
2026-07-22 21:53:33.077 [http-nio-8080-exec-6] DEBUG [traceId=c2261aa2fca94a6fbbab6d229b9f4663 userId=22 role=3] c.k.i.m.TaskUserMapper.selectCount - <==      Total: 1
2026-07-22 21:53:33.077 [http-nio-8080-exec-1] DEBUG [traceId=8e463882aa224d3abaa7c4cb1f06a1f3 userId=22 role=3] c.k.i.m.TaskUserMapper.selectCount - <==      Total: 1
2026-07-22 21:53:33.079 [http-nio-8080-exec-6] INFO  [traceId=c2261aa2fca94a6fbbab6d229b9f4663 userId=22 role=3] com.kg.interceptor.TraceIdFilter - HTTP_REQUEST_END method=POST uri=/my-task/stats status=200 cost=10ms responseBody={"code":200,"message":"查询成功","data":{"unfinished":0,"finished":0}}
2026-07-22 21:53:33.079 [http-nio-8080-exec-1] INFO  [traceId=8e463882aa224d3abaa7c4cb1f06a1f3 userId=22 role=3] com.kg.interceptor.TraceIdFilter - HTTP_REQUEST_END method=POST uri=/my-task/stats status=200 cost=10ms responseBody={"code":200,"message":"查询成功","data":{"unfinished":0,"finished":0}}
2026-07-22 21:53:33.079 [http-nio-8080-exec-7] INFO  [traceId=6845f06959424ca996bcc510e2e48949 userId= role=] com.kg.interceptor.TraceIdFilter - HTTP_REQUEST_START method=POST uri=/my-task/list query=null requestBody={"pageNo":1,"pageSize":10,"status":"0"} ip=0:0:0:0:0:0:0:1 userAgent=Mozilla/5.0 (iPhone; CPU iPhone OS 15_0 like Mac OS X) AppleWebKit/605.1.15 (KHTML, like Gecko) Version/15.0 Mobile/15E148 Safari/604.1 wechatdevtools/2.01.2510290 MicroMessenger/8.0.5 Language/zh_CN webview/ hash/597225176 sid/jAVCl7QYrr
2026-07-22 21:53:33.082 [http-nio-8080-exec-7] DEBUG [traceId=6845f06959424ca996bcc510e2e48949 userId= role=] c.k.i.m.SysUserMapper.selectById - ==>  Preparing: SELECT id,account,name,password,role,gender,email,phone,openid,description,teacher_remark,password_update_time,class_id,status,create_by,create_time,update_by,update_time FROM sys_user WHERE id=?
2026-07-22 21:53:33.082 [http-nio-8080-exec-7] DEBUG [traceId=6845f06959424ca996bcc510e2e48949 userId= role=] c.k.i.m.SysUserMapper.selectById - ==> Parameters: 22(Long)
2026-07-22 21:53:33.083 [http-nio-8080-exec-7] DEBUG [traceId=6845f06959424ca996bcc510e2e48949 userId= role=] c.k.i.m.SysUserMapper.selectById - <==      Total: 1
2026-07-22 21:53:35.931 [http-nio-8080-exec-7] WARN  [traceId=6845f06959424ca996bcc510e2e48949 userId=22 role=3] c.k.exception.GlobalExceptionHandler - 参数校验失败: 不能为null
2026-07-22 21:53:35.932 [http-nio-8080-exec-7] INFO  [traceId=6845f06959424ca996bcc510e2e48949 userId=22 role=3] com.kg.interceptor.TraceIdFilter - HTTP_REQUEST_END method=POST uri=/my-task/list status=200 cost=2853ms responseBody={"code":400,"message":"不能为null"}
2026-07-22 21:59:15.365 [http-nio-8080-exec-9] INFO  [traceId=83b185abf12c4ed9bf9d06f11870c15b userId= role=] com.kg.interceptor.TraceIdFilter - HTTP_REQUEST_START method=POST uri=/my-task/list query=null requestBody={"pageNo":1,"pageSize":10,"status":"1"} ip=0:0:0:0:0:0:0:1 userAgent=Mozilla/5.0 (iPhone; CPU iPhone OS 15_0 like Mac OS X) AppleWebKit/605.1.15 (KHTML, like Gecko) Version/15.0 Mobile/15E148 Safari/604.1 wechatdevtools/2.01.2510290 MicroMessenger/8.0.5 Language/zh_CN webview/ hash/597225176 sid/jAVCl7QYrr
2026-07-22 21:59:15.369 [http-nio-8080-exec-9] DEBUG [traceId=83b185abf12c4ed9bf9d06f11870c15b userId= role=] c.k.i.m.SysUserMapper.selectById - ==>  Preparing: SELECT id,account,name,password,role,gender,email,phone,openid,description,teacher_remark,password_update_time,class_id,status,create_by,create_time,update_by,update_time FROM sys_user WHERE id=?
2026-07-22 21:59:15.369 [http-nio-8080-exec-9] DEBUG [traceId=83b185abf12c4ed9bf9d06f11870c15b userId= role=] c.k.i.m.SysUserMapper.selectById - ==> Parameters: 22(Long)
2026-07-22 21:59:15.370 [http-nio-8080-exec-9] DEBUG [traceId=83b185abf12c4ed9bf9d06f11870c15b userId= role=] c.k.i.m.SysUserMapper.selectById - <==      Total: 1
2026-07-22 21:59:15.371 [http-nio-8080-exec-9] WARN  [traceId=83b185abf12c4ed9bf9d06f11870c15b userId=22 role=3] c.k.exception.GlobalExceptionHandler - 参数校验失败: 不能为null
2026-07-22 21:59:15.372 [http-nio-8080-exec-9] INFO  [traceId=83b185abf12c4ed9bf9d06f11870c15b userId=22 role=3] com.kg.interceptor.TraceIdFilter - HTTP_REQUEST_END method=POST uri=/my-task/list status=200 cost=7ms responseBody={"code":400,"message":"不能为null"}
2026-07-22 21:59:16.209 [http-nio-8080-exec-2] INFO  [traceId=3a02acc429514df08b166767ad680387 userId= role=] com.kg.interceptor.TraceIdFilter - HTTP_REQUEST_START method=POST uri=/my-task/list query=null requestBody={"pageNo":1,"pageSize":10,"status":"0"} ip=0:0:0:0:0:0:0:1 userAgent=Mozilla/5.0 (iPhone; CPU iPhone OS 15_0 like Mac OS X) AppleWebKit/605.1.15 (KHTML, like Gecko) Version/15.0 Mobile/15E148 Safari/604.1 wechatdevtools/2.01.2510290 MicroMessenger/8.0.5 Language/zh_CN webview/ hash/597225176 sid/jAVCl7QYrr
2026-07-22 21:59:16.212 [http-nio-8080-exec-2] DEBUG [traceId=3a02acc429514df08b166767ad680387 userId= role=] c.k.i.m.SysUserMapper.selectById - ==>  Preparing: SELECT id,account,name,password,role,gender,email,phone,openid,description,teacher_remark,password_update_time,class_id,status,create_by,create_time,update_by,update_time FROM sys_user WHERE id=?
2026-07-22 21:59:16.212 [http-nio-8080-exec-2] DEBUG [traceId=3a02acc429514df08b166767ad680387 userId= role=] c.k.i.m.SysUserMapper.selectById - ==> Parameters: 22(Long)
2026-07-22 21:59:16.214 [http-nio-8080-exec-2] DEBUG [traceId=3a02acc429514df08b166767ad680387 userId= role=] c.k.i.m.SysUserMapper.selectById - <==      Total: 1
2026-07-22 21:59:16.215 [http-nio-8080-exec-2] WARN  [traceId=3a02acc429514df08b166767ad680387 userId=22 role=3] c.k.exception.GlobalExceptionHandler - 参数校验失败: 不能为null
2026-07-22 21:59:16.216 [http-nio-8080-exec-2] INFO  [traceId=3a02acc429514df08b166767ad680387 userId=22 role=3] com.kg.interceptor.TraceIdFilter - HTTP_REQUEST_END method=POST uri=/my-task/list status=200 cost=7ms responseBody={"code":400,"message":"不能为null"}
2026-07-22 21:59:18.672 [http-nio-8080-exec-10] INFO  [traceId=91cecac7266640a39025c67e63bcc835 userId= role=] com.kg.interceptor.TraceIdFilter - HTTP_REQUEST_START method=GET uri=/home/student/stat query=null requestBody= ip=0:0:0:0:0:0:0:1 userAgent=Mozilla/5.0 (iPhone; CPU iPhone OS 15_0 like Mac OS X) AppleWebKit/605.1.15 (KHTML, like Gecko) Version/15.0 Mobile/15E148 Safari/604.1 wechatdevtools/2.01.2510290 MicroMessenger/8.0.5 Language/zh_CN webview/ hash/597225176 sid/jAVCl7QYrr
2026-07-22 21:59:18.674 [http-nio-8080-exec-3] INFO  [traceId=e4df4043ea924111b883719d4e767b15 userId= role=] com.kg.interceptor.TraceIdFilter - HTTP_REQUEST_START method=GET uri=/student/checkin/stat query=null requestBody= ip=0:0:0:0:0:0:0:1 userAgent=Mozilla/5.0 (iPhone; CPU iPhone OS 15_0 like Mac OS X) AppleWebKit/605.1.15 (KHTML, like Gecko) Version/15.0 Mobile/15E148 Safari/604.1 wechatdevtools/2.01.2510290 MicroMessenger/8.0.5 Language/zh_CN webview/ hash/597225176 sid/jAVCl7QYrr
2026-07-22 21:59:18.679 [http-nio-8080-exec-10] DEBUG [traceId=91cecac7266640a39025c67e63bcc835 userId= role=] c.k.i.m.SysUserMapper.selectById - ==>  Preparing: SELECT id,account,name,password,role,gender,email,phone,openid,description,teacher_remark,password_update_time,class_id,status,create_by,create_time,update_by,update_time FROM sys_user WHERE id=?
2026-07-22 21:59:18.680 [http-nio-8080-exec-10] DEBUG [traceId=91cecac7266640a39025c67e63bcc835 userId= role=] c.k.i.m.SysUserMapper.selectById - ==> Parameters: 22(Long)
2026-07-22 21:59:18.681 [http-nio-8080-exec-10] DEBUG [traceId=91cecac7266640a39025c67e63bcc835 userId= role=] c.k.i.m.SysUserMapper.selectById - <==      Total: 1
2026-07-22 21:59:18.682 [http-nio-8080-exec-10] DEBUG [traceId=91cecac7266640a39025c67e63bcc835 userId=22 role=3] c.k.i.m.H.countTodoForStudent - ==>  Preparing: SELECT COUNT(*) FROM task_user WHERE user_id = ? AND status = '0'
2026-07-22 21:59:18.682 [http-nio-8080-exec-10] DEBUG [traceId=91cecac7266640a39025c67e63bcc835 userId=22 role=3] c.k.i.m.H.countTodoForStudent - ==> Parameters: 22(Long)
2026-07-22 21:59:18.682 [http-nio-8080-exec-3] DEBUG [traceId=e4df4043ea924111b883719d4e767b15 userId= role=] c.k.i.m.SysUserMapper.selectById - ==>  Preparing: SELECT id,account,name,password,role,gender,email,phone,openid,description,teacher_remark,password_update_time,class_id,status,create_by,create_time,update_by,update_time FROM sys_user WHERE id=?
2026-07-22 21:59:18.682 [http-nio-8080-exec-3] DEBUG [traceId=e4df4043ea924111b883719d4e767b15 userId= role=] c.k.i.m.SysUserMapper.selectById - ==> Parameters: 22(Long)
2026-07-22 21:59:18.683 [http-nio-8080-exec-10] DEBUG [traceId=91cecac7266640a39025c67e63bcc835 userId=22 role=3] c.k.i.m.H.countTodoForStudent - <==      Total: 1
2026-07-22 21:59:18.683 [http-nio-8080-exec-3] DEBUG [traceId=e4df4043ea924111b883719d4e767b15 userId= role=] c.k.i.m.SysUserMapper.selectById - <==      Total: 1
2026-07-22 21:59:18.683 [http-nio-8080-exec-10] DEBUG [traceId=91cecac7266640a39025c67e63bcc835 userId=22 role=3] c.k.i.m.H.countCompletedForStudent - ==>  Preparing: SELECT COUNT(*) FROM task_user WHERE user_id = ? AND status IN ('1','2')
2026-07-22 21:59:18.683 [http-nio-8080-exec-10] DEBUG [traceId=91cecac7266640a39025c67e63bcc835 userId=22 role=3] c.k.i.m.H.countCompletedForStudent - ==> Parameters: 22(Long)
2026-07-22 21:59:18.683 [http-nio-8080-exec-3] DEBUG [traceId=e4df4043ea924111b883719d4e767b15 userId=22 role=3] c.k.i.m.S.findCheckinDates - ==>  Preparing: SELECT DISTINCT DATE(t.task_start_time) AS checkinDate FROM task_user tu JOIN task t ON t.id = tu.task_id WHERE tu.user_id = ? AND t.task_type = ? AND tu.status = '1' ORDER BY checkinDate DESC
2026-07-22 21:59:18.684 [http-nio-8080-exec-3] DEBUG [traceId=e4df4043ea924111b883719d4e767b15 userId=22 role=3] c.k.i.m.S.findCheckinDates - ==> Parameters: 22(Long), 2(String)
2026-07-22 21:59:18.684 [http-nio-8080-exec-10] DEBUG [traceId=91cecac7266640a39025c67e63bcc835 userId=22 role=3] c.k.i.m.H.countCompletedForStudent - <==      Total: 1
2026-07-22 21:59:18.684 [http-nio-8080-exec-10] DEBUG [traceId=91cecac7266640a39025c67e63bcc835 userId=22 role=3] c.k.i.m.H.nearEndTop3ForStudent - ==>  Preparing: SELECT t.id AS task_id, t.task_name, t.task_end_time AS end_time FROM task_user tu JOIN task t ON t.id = tu.task_id WHERE tu.user_id = ? AND tu.status = '0' ORDER BY t.task_end_time ASC LIMIT 3
2026-07-22 21:59:18.685 [http-nio-8080-exec-3] DEBUG [traceId=e4df4043ea924111b883719d4e767b15 userId=22 role=3] c.k.i.m.S.findCheckinDates - <==      Total: 0
2026-07-22 21:59:18.685 [http-nio-8080-exec-10] DEBUG [traceId=91cecac7266640a39025c67e63bcc835 userId=22 role=3] c.k.i.m.H.nearEndTop3ForStudent - ==> Parameters: 22(Long)
2026-07-22 21:59:18.685 [http-nio-8080-exec-10] DEBUG [traceId=91cecac7266640a39025c67e63bcc835 userId=22 role=3] c.k.i.m.H.nearEndTop3ForStudent - <==      Total: 0
2026-07-22 21:59:18.685 [http-nio-8080-exec-3] INFO  [traceId=e4df4043ea924111b883719d4e767b15 userId=22 role=3] com.kg.interceptor.TraceIdFilter - HTTP_REQUEST_END method=GET uri=/student/checkin/stat status=200 cost=11ms responseBody={"code":200,"message":"查询成功","data":{"continuousDays":0,"monthCheckinCount":0,"todayChecked":false}}
2026-07-22 21:59:18.686 [http-nio-8080-exec-10] INFO  [traceId=91cecac7266640a39025c67e63bcc835 userId=22 role=3] com.kg.interceptor.TraceIdFilter - HTTP_REQUEST_END method=GET uri=/home/student/stat status=200 cost=14ms responseBody={"code":200,"message":"查询成功","data":{"todoTaskCount":0,"completedTaskCount":0,"nearEndTasks":[]}}
2026-07-22 21:59:21.736 [http-nio-8080-exec-1] INFO  [traceId=c108eedb945f4f41b0edbe1a6fee8869 userId= role=] com.kg.interceptor.TraceIdFilter - HTTP_REQUEST_START method=GET uri=/profile query=null requestBody= ip=0:0:0:0:0:0:0:1 userAgent=Mozilla/5.0 (iPhone; CPU iPhone OS 15_0 like Mac OS X) AppleWebKit/605.1.15 (KHTML, like Gecko) Version/15.0 Mobile/15E148 Safari/604.1 wechatdevtools/2.01.2510290 MicroMessenger/8.0.5 Language/zh_CN webview/ hash/597225176 sid/jAVCl7QYrr
2026-07-22 21:59:21.740 [http-nio-8080-exec-1] DEBUG [traceId=c108eedb945f4f41b0edbe1a6fee8869 userId= role=] c.k.i.m.SysUserMapper.selectById - ==>  Preparing: SELECT id,account,name,password,role,gender,email,phone,openid,description,teacher_remark,password_update_time,class_id,status,create_by,create_time,update_by,update_time FROM sys_user WHERE id=?
2026-07-22 21:59:21.740 [http-nio-8080-exec-1] DEBUG [traceId=c108eedb945f4f41b0edbe1a6fee8869 userId= role=] c.k.i.m.SysUserMapper.selectById - ==> Parameters: 22(Long)
2026-07-22 21:59:21.740 [http-nio-8080-exec-1] DEBUG [traceId=c108eedb945f4f41b0edbe1a6fee8869 userId= role=] c.k.i.m.SysUserMapper.selectById - <==      Total: 1
2026-07-22 21:59:21.741 [http-nio-8080-exec-1] DEBUG [traceId=c108eedb945f4f41b0edbe1a6fee8869 userId=22 role=3] c.k.i.m.SysUserMapper.selectById - ==>  Preparing: SELECT id,account,name,password,role,gender,email,phone,openid,description,teacher_remark,password_update_time,class_id,status,create_by,create_time,update_by,update_time FROM sys_user WHERE id=?
2026-07-22 21:59:21.741 [http-nio-8080-exec-1] DEBUG [traceId=c108eedb945f4f41b0edbe1a6fee8869 userId=22 role=3] c.k.i.m.SysUserMapper.selectById - ==> Parameters: 22(Long)
2026-07-22 21:59:21.742 [http-nio-8080-exec-1] DEBUG [traceId=c108eedb945f4f41b0edbe1a6fee8869 userId=22 role=3] c.k.i.m.SysUserMapper.selectById - <==      Total: 1
2026-07-22 21:59:21.742 [http-nio-8080-exec-1] DEBUG [traceId=c108eedb945f4f41b0edbe1a6fee8869 userId=22 role=3] c.k.i.m.ClassInfoMapper.selectById - ==>  Preparing: SELECT id,class_name,description,status,create_by,create_time,update_by,update_time FROM class_info WHERE id=?
2026-07-22 21:59:21.742 [http-nio-8080-exec-1] DEBUG [traceId=c108eedb945f4f41b0edbe1a6fee8869 userId=22 role=3] c.k.i.m.ClassInfoMapper.selectById - ==> Parameters: 8(Long)
2026-07-22 21:59:21.743 [http-nio-8080-exec-1] DEBUG [traceId=c108eedb945f4f41b0edbe1a6fee8869 userId=22 role=3] c.k.i.m.ClassInfoMapper.selectById - <==      Total: 1
2026-07-22 21:59:21.743 [http-nio-8080-exec-1] INFO  [traceId=c108eedb945f4f41b0edbe1a6fee8869 userId=22 role=3] com.kg.interceptor.TraceIdFilter - HTTP_REQUEST_END method=GET uri=/profile status=200 cost=7ms responseBody={"code":200,"message":"查询成功","data":{"id":22,"account":"17200615563","name":"李老师","role":"3","gender":1,"email":"","phone":"17200615563","description":"","classId":8,"className":"1班","status":1,"createTime":"2026-06-01 00:12:24"}}
2026-07-22 22:01:15.533 [http-nio-8080-exec-5] INFO  [traceId=abe972873e2347d191ebb42096c838fb userId= role=] com.kg.interceptor.TraceIdFilter - HTTP_REQUEST_START method=GET uri=/home/student/stat query=null requestBody= ip=0:0:0:0:0:0:0:1 userAgent=Mozilla/5.0 (iPhone; CPU iPhone OS 15_0 like Mac OS X) AppleWebKit/605.1.15 (KHTML, like Gecko) Version/15.0 Mobile/15E148 Safari/604.1 wechatdevtools/2.01.2510290 MicroMessenger/8.0.5 Language/zh_CN webview/ hash/597225176 sid/jAVCl7QYrr
2026-07-22 22:01:15.536 [http-nio-8080-exec-4] INFO  [traceId=5c42c2807d164d83b04d6ab4dc88b6d5 userId= role=] com.kg.interceptor.TraceIdFilter - HTTP_REQUEST_START method=GET uri=/student/checkin/stat query=null requestBody= ip=0:0:0:0:0:0:0:1 userAgent=Mozilla/5.0 (iPhone; CPU iPhone OS 15_0 like Mac OS X) AppleWebKit/605.1.15 (KHTML, like Gecko) Version/15.0 Mobile/15E148 Safari/604.1 wechatdevtools/2.01.2510290 MicroMessenger/8.0.5 Language/zh_CN webview/ hash/597225176 sid/jAVCl7QYrr
2026-07-22 22:01:15.540 [http-nio-8080-exec-5] DEBUG [traceId=abe972873e2347d191ebb42096c838fb userId= role=] c.k.i.m.SysUserMapper.selectById - ==>  Preparing: SELECT id,account,name,password,role,gender,email,phone,openid,description,teacher_remark,password_update_time,class_id,status,create_by,create_time,update_by,update_time FROM sys_user WHERE id=?
2026-07-22 22:01:15.540 [http-nio-8080-exec-5] DEBUG [traceId=abe972873e2347d191ebb42096c838fb userId= role=] c.k.i.m.SysUserMapper.selectById - ==> Parameters: 22(Long)
2026-07-22 22:01:15.540 [http-nio-8080-exec-4] DEBUG [traceId=5c42c2807d164d83b04d6ab4dc88b6d5 userId= role=] c.k.i.m.SysUserMapper.selectById - ==>  Preparing: SELECT id,account,name,password,role,gender,email,phone,openid,description,teacher_remark,password_update_time,class_id,status,create_by,create_time,update_by,update_time FROM sys_user WHERE id=?
2026-07-22 22:01:15.541 [http-nio-8080-exec-4] DEBUG [traceId=5c42c2807d164d83b04d6ab4dc88b6d5 userId= role=] c.k.i.m.SysUserMapper.selectById - ==> Parameters: 22(Long)
2026-07-22 22:01:15.541 [http-nio-8080-exec-5] DEBUG [traceId=abe972873e2347d191ebb42096c838fb userId= role=] c.k.i.m.SysUserMapper.selectById - <==      Total: 1
2026-07-22 22:01:15.541 [http-nio-8080-exec-5] DEBUG [traceId=abe972873e2347d191ebb42096c838fb userId=22 role=3] c.k.i.m.H.countTodoForStudent - ==>  Preparing: SELECT COUNT(*) FROM task_user WHERE user_id = ? AND status = '0'
2026-07-22 22:01:15.541 [http-nio-8080-exec-5] DEBUG [traceId=abe972873e2347d191ebb42096c838fb userId=22 role=3] c.k.i.m.H.countTodoForStudent - ==> Parameters: 22(Long)
2026-07-22 22:01:15.542 [http-nio-8080-exec-4] DEBUG [traceId=5c42c2807d164d83b04d6ab4dc88b6d5 userId= role=] c.k.i.m.SysUserMapper.selectById - <==      Total: 1
2026-07-22 22:01:15.542 [http-nio-8080-exec-4] DEBUG [traceId=5c42c2807d164d83b04d6ab4dc88b6d5 userId=22 role=3] c.k.i.m.S.findCheckinDates - ==>  Preparing: SELECT DISTINCT DATE(t.task_start_time) AS checkinDate FROM task_user tu JOIN task t ON t.id = tu.task_id WHERE tu.user_id = ? AND t.task_type = ? AND tu.status = '1' ORDER BY checkinDate DESC
2026-07-22 22:01:15.542 [http-nio-8080-exec-4] DEBUG [traceId=5c42c2807d164d83b04d6ab4dc88b6d5 userId=22 role=3] c.k.i.m.S.findCheckinDates - ==> Parameters: 22(Long), 2(String)
2026-07-22 22:01:15.542 [http-nio-8080-exec-5] DEBUG [traceId=abe972873e2347d191ebb42096c838fb userId=22 role=3] c.k.i.m.H.countTodoForStudent - <==      Total: 1
2026-07-22 22:01:15.542 [http-nio-8080-exec-5] DEBUG [traceId=abe972873e2347d191ebb42096c838fb userId=22 role=3] c.k.i.m.H.countCompletedForStudent - ==>  Preparing: SELECT COUNT(*) FROM task_user WHERE user_id = ? AND status IN ('1','2')
2026-07-22 22:01:15.542 [http-nio-8080-exec-5] DEBUG [traceId=abe972873e2347d191ebb42096c838fb userId=22 role=3] c.k.i.m.H.countCompletedForStudent - ==> Parameters: 22(Long)
2026-07-22 22:01:15.542 [http-nio-8080-exec-4] DEBUG [traceId=5c42c2807d164d83b04d6ab4dc88b6d5 userId=22 role=3] c.k.i.m.S.findCheckinDates - <==      Total: 0
2026-07-22 22:01:15.543 [http-nio-8080-exec-5] DEBUG [traceId=abe972873e2347d191ebb42096c838fb userId=22 role=3] c.k.i.m.H.countCompletedForStudent - <==      Total: 1
2026-07-22 22:01:15.543 [http-nio-8080-exec-4] INFO  [traceId=5c42c2807d164d83b04d6ab4dc88b6d5 userId=22 role=3] com.kg.interceptor.TraceIdFilter - HTTP_REQUEST_END method=GET uri=/student/checkin/stat status=200 cost=7ms responseBody={"code":200,"message":"查询成功","data":{"continuousDays":0,"monthCheckinCount":0,"todayChecked":false}}
2026-07-22 22:01:15.543 [http-nio-8080-exec-5] DEBUG [traceId=abe972873e2347d191ebb42096c838fb userId=22 role=3] c.k.i.m.H.nearEndTop3ForStudent - ==>  Preparing: SELECT t.id AS task_id, t.task_name, t.task_end_time AS end_time FROM task_user tu JOIN task t ON t.id = tu.task_id WHERE tu.user_id = ? AND tu.status = '0' ORDER BY t.task_end_time ASC LIMIT 3
2026-07-22 22:01:15.544 [http-nio-8080-exec-5] DEBUG [traceId=abe972873e2347d191ebb42096c838fb userId=22 role=3] c.k.i.m.H.nearEndTop3ForStudent - ==> Parameters: 22(Long)
2026-07-22 22:01:15.544 [http-nio-8080-exec-5] DEBUG [traceId=abe972873e2347d191ebb42096c838fb userId=22 role=3] c.k.i.m.H.nearEndTop3ForStudent - <==      Total: 0
2026-07-22 22:01:15.545 [http-nio-8080-exec-5] INFO  [traceId=abe972873e2347d191ebb42096c838fb userId=22 role=3] com.kg.interceptor.TraceIdFilter - HTTP_REQUEST_END method=GET uri=/home/student/stat status=200 cost=12ms responseBody={"code":200,"message":"查询成功","data":{"todoTaskCount":0,"completedTaskCount":0,"nearEndTasks":[]}}
2026-07-22 22:01:15.656 [http-nio-8080-exec-8] INFO  [traceId=3b235149e50541e086d947a123b42f36 userId= role=] com.kg.interceptor.TraceIdFilter - HTTP_REQUEST_START method=POST uri=/my-task/stats query=null requestBody={"status":"0"} ip=0:0:0:0:0:0:0:1 userAgent=Mozilla/5.0 (iPhone; CPU iPhone OS 15_0 like Mac OS X) AppleWebKit/605.1.15 (KHTML, like Gecko) Version/15.0 Mobile/15E148 Safari/604.1 wechatdevtools/2.01.2510290 MicroMessenger/8.0.5 Language/zh_CN webview/ hash/597225176 sid/jAVCl7QYrr
2026-07-22 22:01:15.659 [http-nio-8080-exec-9] INFO  [traceId=560786c734204f478d31e95b98c6e08e userId= role=] com.kg.interceptor.TraceIdFilter - HTTP_REQUEST_START method=POST uri=/my-task/stats query=null requestBody={"status":"1"} ip=0:0:0:0:0:0:0:1 userAgent=Mozilla/5.0 (iPhone; CPU iPhone OS 15_0 like Mac OS X) AppleWebKit/605.1.15 (KHTML, like Gecko) Version/15.0 Mobile/15E148 Safari/604.1 wechatdevtools/2.01.2510290 MicroMessenger/8.0.5 Language/zh_CN webview/ hash/597225176 sid/jAVCl7QYrr
2026-07-22 22:01:15.661 [http-nio-8080-exec-8] DEBUG [traceId=3b235149e50541e086d947a123b42f36 userId= role=] c.k.i.m.SysUserMapper.selectById - ==>  Preparing: SELECT id,account,name,password,role,gender,email,phone,openid,description,teacher_remark,password_update_time,class_id,status,create_by,create_time,update_by,update_time FROM sys_user WHERE id=?
2026-07-22 22:01:15.661 [http-nio-8080-exec-8] DEBUG [traceId=3b235149e50541e086d947a123b42f36 userId= role=] c.k.i.m.SysUserMapper.selectById - ==> Parameters: 22(Long)
2026-07-22 22:01:15.662 [http-nio-8080-exec-9] DEBUG [traceId=560786c734204f478d31e95b98c6e08e userId= role=] c.k.i.m.SysUserMapper.selectById - ==>  Preparing: SELECT id,account,name,password,role,gender,email,phone,openid,description,teacher_remark,password_update_time,class_id,status,create_by,create_time,update_by,update_time FROM sys_user WHERE id=?
2026-07-22 22:01:15.662 [http-nio-8080-exec-9] DEBUG [traceId=560786c734204f478d31e95b98c6e08e userId= role=] c.k.i.m.SysUserMapper.selectById - ==> Parameters: 22(Long)
2026-07-22 22:01:15.662 [http-nio-8080-exec-8] DEBUG [traceId=3b235149e50541e086d947a123b42f36 userId= role=] c.k.i.m.SysUserMapper.selectById - <==      Total: 1
2026-07-22 22:01:15.663 [http-nio-8080-exec-9] DEBUG [traceId=560786c734204f478d31e95b98c6e08e userId= role=] c.k.i.m.SysUserMapper.selectById - <==      Total: 1
2026-07-22 22:01:15.664 [http-nio-8080-exec-8] DEBUG [traceId=3b235149e50541e086d947a123b42f36 userId=22 role=3] c.k.i.m.TaskUserMapper.selectCount - ==>  Preparing: SELECT COUNT( * ) AS total FROM task_user WHERE (user_id = ? AND status = ?)
2026-07-22 22:01:15.666 [http-nio-8080-exec-8] DEBUG [traceId=3b235149e50541e086d947a123b42f36 userId=22 role=3] c.k.i.m.TaskUserMapper.selectCount - ==> Parameters: 22(Long), 0(String)
2026-07-22 22:01:15.666 [http-nio-8080-exec-9] DEBUG [traceId=560786c734204f478d31e95b98c6e08e userId=22 role=3] c.k.i.m.TaskUserMapper.selectCount - ==>  Preparing: SELECT COUNT( * ) AS total FROM task_user WHERE (user_id = ? AND status = ?)
2026-07-22 22:01:15.666 [http-nio-8080-exec-9] DEBUG [traceId=560786c734204f478d31e95b98c6e08e userId=22 role=3] c.k.i.m.TaskUserMapper.selectCount - ==> Parameters: 22(Long), 0(String)
2026-07-22 22:01:15.667 [http-nio-8080-exec-9] DEBUG [traceId=560786c734204f478d31e95b98c6e08e userId=22 role=3] c.k.i.m.TaskUserMapper.selectCount - <==      Total: 1
2026-07-22 22:01:15.667 [http-nio-8080-exec-8] DEBUG [traceId=3b235149e50541e086d947a123b42f36 userId=22 role=3] c.k.i.m.TaskUserMapper.selectCount - <==      Total: 1
2026-07-22 22:01:15.668 [http-nio-8080-exec-2] INFO  [traceId=c9c1847dc4084601a39a208c4fe99c88 userId= role=] com.kg.interceptor.TraceIdFilter - HTTP_REQUEST_START method=POST uri=/my-task/list query=null requestBody={"pageNo":1,"pageSize":10,"status":"0"} ip=0:0:0:0:0:0:0:1 userAgent=Mozilla/5.0 (iPhone; CPU iPhone OS 15_0 like Mac OS X) AppleWebKit/605.1.15 (KHTML, like Gecko) Version/15.0 Mobile/15E148 Safari/604.1 wechatdevtools/2.01.2510290 MicroMessenger/8.0.5 Language/zh_CN webview/ hash/597225176 sid/jAVCl7QYrr
2026-07-22 22:01:15.668 [http-nio-8080-exec-8] DEBUG [traceId=3b235149e50541e086d947a123b42f36 userId=22 role=3] c.k.i.m.TaskUserMapper.selectCount - ==>  Preparing: SELECT COUNT( * ) AS total FROM task_user WHERE (user_id = ? AND status IN (?,?))
2026-07-22 22:01:15.668 [http-nio-8080-exec-9] DEBUG [traceId=560786c734204f478d31e95b98c6e08e userId=22 role=3] c.k.i.m.TaskUserMapper.selectCount - ==>  Preparing: SELECT COUNT( * ) AS total FROM task_user WHERE (user_id = ? AND status IN (?,?))
2026-07-22 22:01:15.669 [http-nio-8080-exec-8] DEBUG [traceId=3b235149e50541e086d947a123b42f36 userId=22 role=3] c.k.i.m.TaskUserMapper.selectCount - ==> Parameters: 22(Long), 1(String), 2(String)
2026-07-22 22:01:15.669 [http-nio-8080-exec-9] DEBUG [traceId=560786c734204f478d31e95b98c6e08e userId=22 role=3] c.k.i.m.TaskUserMapper.selectCount - ==> Parameters: 22(Long), 1(String), 2(String)
2026-07-22 22:01:15.670 [http-nio-8080-exec-9] DEBUG [traceId=560786c734204f478d31e95b98c6e08e userId=22 role=3] c.k.i.m.TaskUserMapper.selectCount - <==      Total: 1
2026-07-22 22:01:15.670 [http-nio-8080-exec-8] DEBUG [traceId=3b235149e50541e086d947a123b42f36 userId=22 role=3] c.k.i.m.TaskUserMapper.selectCount - <==      Total: 1
2026-07-22 22:01:15.671 [http-nio-8080-exec-8] INFO  [traceId=3b235149e50541e086d947a123b42f36 userId=22 role=3] com.kg.interceptor.TraceIdFilter - HTTP_REQUEST_END method=POST uri=/my-task/stats status=200 cost=15ms responseBody={"code":200,"message":"查询成功","data":{"unfinished":0,"finished":0}}
2026-07-22 22:01:15.671 [http-nio-8080-exec-9] INFO  [traceId=560786c734204f478d31e95b98c6e08e userId=22 role=3] com.kg.interceptor.TraceIdFilter - HTTP_REQUEST_END method=POST uri=/my-task/stats status=200 cost=12ms responseBody={"code":200,"message":"查询成功","data":{"unfinished":0,"finished":0}}
2026-07-22 22:01:15.672 [http-nio-8080-exec-2] DEBUG [traceId=c9c1847dc4084601a39a208c4fe99c88 userId= role=] c.k.i.m.SysUserMapper.selectById - ==>  Preparing: SELECT id,account,name,password,role,gender,email,phone,openid,description,teacher_remark,password_update_time,class_id,status,create_by,create_time,update_by,update_time FROM sys_user WHERE id=?
2026-07-22 22:01:15.674 [http-nio-8080-exec-2] DEBUG [traceId=c9c1847dc4084601a39a208c4fe99c88 userId= role=] c.k.i.m.SysUserMapper.selectById - ==> Parameters: 22(Long)
2026-07-22 22:01:15.675 [http-nio-8080-exec-2] DEBUG [traceId=c9c1847dc4084601a39a208c4fe99c88 userId= role=] c.k.i.m.SysUserMapper.selectById - <==      Total: 1
2026-07-22 22:01:15.677 [http-nio-8080-exec-2] WARN  [traceId=c9c1847dc4084601a39a208c4fe99c88 userId=22 role=3] c.k.exception.GlobalExceptionHandler - 参数校验失败: 不能为null
2026-07-22 22:01:15.677 [http-nio-8080-exec-2] INFO  [traceId=c9c1847dc4084601a39a208c4fe99c88 userId=22 role=3] com.kg.interceptor.TraceIdFilter - HTTP_REQUEST_END method=POST uri=/my-task/list status=200 cost=9ms responseBody={"code":400,"message":"不能为null"}
2026-07-22 22:01:16.475 [http-nio-8080-exec-3] INFO  [traceId=e280a73cf16a44f7b808c520d7aa9654 userId= role=] com.kg.interceptor.TraceIdFilter - HTTP_REQUEST_START method=GET uri=/home/student/stat query=null requestBody= ip=0:0:0:0:0:0:0:1 userAgent=Mozilla/5.0 (iPhone; CPU iPhone OS 15_0 like Mac OS X) AppleWebKit/605.1.15 (KHTML, like Gecko) Version/15.0 Mobile/15E148 Safari/604.1 wechatdevtools/2.01.2510290 MicroMessenger/8.0.5 Language/zh_CN webview/ hash/597225176 sid/jAVCl7QYrr
2026-07-22 22:01:16.480 [http-nio-8080-exec-3] DEBUG [traceId=e280a73cf16a44f7b808c520d7aa9654 userId= role=] c.k.i.m.SysUserMapper.selectById - ==>  Preparing: SELECT id,account,name,password,role,gender,email,phone,openid,description,teacher_remark,password_update_time,class_id,status,create_by,create_time,update_by,update_time FROM sys_user WHERE id=?
2026-07-22 22:01:16.481 [http-nio-8080-exec-3] DEBUG [traceId=e280a73cf16a44f7b808c520d7aa9654 userId= role=] c.k.i.m.SysUserMapper.selectById - ==> Parameters: 22(Long)
2026-07-22 22:01:16.481 [http-nio-8080-exec-3] DEBUG [traceId=e280a73cf16a44f7b808c520d7aa9654 userId= role=] c.k.i.m.SysUserMapper.selectById - <==      Total: 1
2026-07-22 22:01:16.483 [http-nio-8080-exec-3] DEBUG [traceId=e280a73cf16a44f7b808c520d7aa9654 userId=22 role=3] c.k.i.m.H.countTodoForStudent - ==>  Preparing: SELECT COUNT(*) FROM task_user WHERE user_id = ? AND status = '0'
2026-07-22 22:01:16.483 [http-nio-8080-exec-3] DEBUG [traceId=e280a73cf16a44f7b808c520d7aa9654 userId=22 role=3] c.k.i.m.H.countTodoForStudent - ==> Parameters: 22(Long)
2026-07-22 22:01:16.484 [http-nio-8080-exec-3] DEBUG [traceId=e280a73cf16a44f7b808c520d7aa9654 userId=22 role=3] c.k.i.m.H.countTodoForStudent - <==      Total: 1
2026-07-22 22:01:16.485 [http-nio-8080-exec-3] DEBUG [traceId=e280a73cf16a44f7b808c520d7aa9654 userId=22 role=3] c.k.i.m.H.countCompletedForStudent - ==>  Preparing: SELECT COUNT(*) FROM task_user WHERE user_id = ? AND status IN ('1','2')
2026-07-22 22:01:16.485 [http-nio-8080-exec-3] DEBUG [traceId=e280a73cf16a44f7b808c520d7aa9654 userId=22 role=3] c.k.i.m.H.countCompletedForStudent - ==> Parameters: 22(Long)
2026-07-22 22:01:16.486 [http-nio-8080-exec-10] INFO  [traceId=4b2997aee1c840b5a170b1de79b0211b userId= role=] com.kg.interceptor.TraceIdFilter - HTTP_REQUEST_START method=GET uri=/student/checkin/stat query=null requestBody= ip=0:0:0:0:0:0:0:1 userAgent=Mozilla/5.0 (iPhone; CPU iPhone OS 15_0 like Mac OS X) AppleWebKit/605.1.15 (KHTML, like Gecko) Version/15.0 Mobile/15E148 Safari/604.1 wechatdevtools/2.01.2510290 MicroMessenger/8.0.5 Language/zh_CN webview/ hash/597225176 sid/jAVCl7QYrr
2026-07-22 22:01:16.487 [http-nio-8080-exec-3] DEBUG [traceId=e280a73cf16a44f7b808c520d7aa9654 userId=22 role=3] c.k.i.m.H.countCompletedForStudent - <==      Total: 1
2026-07-22 22:01:16.487 [http-nio-8080-exec-3] DEBUG [traceId=e280a73cf16a44f7b808c520d7aa9654 userId=22 role=3] c.k.i.m.H.nearEndTop3ForStudent - ==>  Preparing: SELECT t.id AS task_id, t.task_name, t.task_end_time AS end_time FROM task_user tu JOIN task t ON t.id = tu.task_id WHERE tu.user_id = ? AND tu.status = '0' ORDER BY t.task_end_time ASC LIMIT 3
2026-07-22 22:01:16.488 [http-nio-8080-exec-3] DEBUG [traceId=e280a73cf16a44f7b808c520d7aa9654 userId=22 role=3] c.k.i.m.H.nearEndTop3ForStudent - ==> Parameters: 22(Long)
2026-07-22 22:01:16.489 [http-nio-8080-exec-3] DEBUG [traceId=e280a73cf16a44f7b808c520d7aa9654 userId=22 role=3] c.k.i.m.H.nearEndTop3ForStudent - <==      Total: 0
2026-07-22 22:01:16.489 [http-nio-8080-exec-10] DEBUG [traceId=4b2997aee1c840b5a170b1de79b0211b userId= role=] c.k.i.m.SysUserMapper.selectById - ==>  Preparing: SELECT id,account,name,password,role,gender,email,phone,openid,description,teacher_remark,password_update_time,class_id,status,create_by,create_time,update_by,update_time FROM sys_user WHERE id=?
2026-07-22 22:01:16.490 [http-nio-8080-exec-10] DEBUG [traceId=4b2997aee1c840b5a170b1de79b0211b userId= role=] c.k.i.m.SysUserMapper.selectById - ==> Parameters: 22(Long)
2026-07-22 22:01:16.490 [http-nio-8080-exec-3] INFO  [traceId=e280a73cf16a44f7b808c520d7aa9654 userId=22 role=3] com.kg.interceptor.TraceIdFilter - HTTP_REQUEST_END method=GET uri=/home/student/stat status=200 cost=15ms responseBody={"code":200,"message":"查询成功","data":{"todoTaskCount":0,"completedTaskCount":0,"nearEndTasks":[]}}
2026-07-22 22:01:16.492 [http-nio-8080-exec-10] DEBUG [traceId=4b2997aee1c840b5a170b1de79b0211b userId= role=] c.k.i.m.SysUserMapper.selectById - <==      Total: 1
2026-07-22 22:01:16.493 [http-nio-8080-exec-10] DEBUG [traceId=4b2997aee1c840b5a170b1de79b0211b userId=22 role=3] c.k.i.m.S.findCheckinDates - ==>  Preparing: SELECT DISTINCT DATE(t.task_start_time) AS checkinDate FROM task_user tu JOIN task t ON t.id = tu.task_id WHERE tu.user_id = ? AND t.task_type = ? AND tu.status = '1' ORDER BY checkinDate DESC
2026-07-22 22:01:16.494 [http-nio-8080-exec-10] DEBUG [traceId=4b2997aee1c840b5a170b1de79b0211b userId=22 role=3] c.k.i.m.S.findCheckinDates - ==> Parameters: 22(Long), 2(String)
2026-07-22 22:01:16.495 [http-nio-8080-exec-10] DEBUG [traceId=4b2997aee1c840b5a170b1de79b0211b userId=22 role=3] c.k.i.m.S.findCheckinDates - <==      Total: 0
2026-07-22 22:01:16.496 [http-nio-8080-exec-10] INFO  [traceId=4b2997aee1c840b5a170b1de79b0211b userId=22 role=3] com.kg.interceptor.TraceIdFilter - HTTP_REQUEST_END method=GET uri=/student/checkin/stat status=200 cost=10ms responseBody={"code":200,"message":"查询成功","data":{"continuousDays":0,"monthCheckinCount":0,"todayChecked":false}}
2026-07-22 22:01:16.498 [http-nio-8080-exec-1] INFO  [traceId=6dbca56ef4334ae38e0b6a0f5c0f4d5f userId= role=] com.kg.interceptor.TraceIdFilter - HTTP_REQUEST_START method=POST uri=/my-task/stats query=null requestBody={"status":"0"} ip=0:0:0:0:0:0:0:1 userAgent=Mozilla/5.0 (iPhone; CPU iPhone OS 15_0 like Mac OS X) AppleWebKit/605.1.15 (KHTML, like Gecko) Version/15.0 Mobile/15E148 Safari/604.1 wechatdevtools/2.01.2510290 MicroMessenger/8.0.5 Language/zh_CN webview/ hash/597225176 sid/jAVCl7QYrr
2026-07-22 22:01:16.502 [http-nio-8080-exec-6] INFO  [traceId=4d9a978ffd954d21a651c0694f14b40a userId= role=] com.kg.interceptor.TraceIdFilter - HTTP_REQUEST_START method=POST uri=/my-task/stats query=null requestBody={"status":"1"} ip=0:0:0:0:0:0:0:1 userAgent=Mozilla/5.0 (iPhone; CPU iPhone OS 15_0 like Mac OS X) AppleWebKit/605.1.15 (KHTML, like Gecko) Version/15.0 Mobile/15E148 Safari/604.1 wechatdevtools/2.01.2510290 MicroMessenger/8.0.5 Language/zh_CN webview/ hash/597225176 sid/jAVCl7QYrr
2026-07-22 22:01:16.502 [http-nio-8080-exec-1] DEBUG [traceId=6dbca56ef4334ae38e0b6a0f5c0f4d5f userId= role=] c.k.i.m.SysUserMapper.selectById - ==>  Preparing: SELECT id,account,name,password,role,gender,email,phone,openid,description,teacher_remark,password_update_time,class_id,status,create_by,create_time,update_by,update_time FROM sys_user WHERE id=?
2026-07-22 22:01:16.502 [http-nio-8080-exec-1] DEBUG [traceId=6dbca56ef4334ae38e0b6a0f5c0f4d5f userId= role=] c.k.i.m.SysUserMapper.selectById - ==> Parameters: 22(Long)
2026-07-22 22:01:16.504 [http-nio-8080-exec-1] DEBUG [traceId=6dbca56ef4334ae38e0b6a0f5c0f4d5f userId= role=] c.k.i.m.SysUserMapper.selectById - <==      Total: 1
2026-07-22 22:01:16.507 [http-nio-8080-exec-1] DEBUG [traceId=6dbca56ef4334ae38e0b6a0f5c0f4d5f userId=22 role=3] c.k.i.m.TaskUserMapper.selectCount - ==>  Preparing: SELECT COUNT( * ) AS total FROM task_user WHERE (user_id = ? AND status = ?)
2026-07-22 22:01:16.508 [http-nio-8080-exec-1] DEBUG [traceId=6dbca56ef4334ae38e0b6a0f5c0f4d5f userId=22 role=3] c.k.i.m.TaskUserMapper.selectCount - ==> Parameters: 22(Long), 0(String)
2026-07-22 22:01:16.508 [http-nio-8080-exec-6] DEBUG [traceId=4d9a978ffd954d21a651c0694f14b40a userId= role=] c.k.i.m.SysUserMapper.selectById - ==>  Preparing: SELECT id,account,name,password,role,gender,email,phone,openid,description,teacher_remark,password_update_time,class_id,status,create_by,create_time,update_by,update_time FROM sys_user WHERE id=?
2026-07-22 22:01:16.508 [http-nio-8080-exec-6] DEBUG [traceId=4d9a978ffd954d21a651c0694f14b40a userId= role=] c.k.i.m.SysUserMapper.selectById - ==> Parameters: 22(Long)
2026-07-22 22:01:16.509 [http-nio-8080-exec-1] DEBUG [traceId=6dbca56ef4334ae38e0b6a0f5c0f4d5f userId=22 role=3] c.k.i.m.TaskUserMapper.selectCount - <==      Total: 1
2026-07-22 22:01:16.509 [http-nio-8080-exec-6] DEBUG [traceId=4d9a978ffd954d21a651c0694f14b40a userId= role=] c.k.i.m.SysUserMapper.selectById - <==      Total: 1
2026-07-22 22:01:16.510 [http-nio-8080-exec-1] DEBUG [traceId=6dbca56ef4334ae38e0b6a0f5c0f4d5f userId=22 role=3] c.k.i.m.TaskUserMapper.selectCount - ==>  Preparing: SELECT COUNT( * ) AS total FROM task_user WHERE (user_id = ? AND status IN (?,?))
2026-07-22 22:01:16.510 [http-nio-8080-exec-1] DEBUG [traceId=6dbca56ef4334ae38e0b6a0f5c0f4d5f userId=22 role=3] c.k.i.m.TaskUserMapper.selectCount - ==> Parameters: 22(Long), 1(String), 2(String)
2026-07-22 22:01:16.511 [http-nio-8080-exec-6] DEBUG [traceId=4d9a978ffd954d21a651c0694f14b40a userId=22 role=3] c.k.i.m.TaskUserMapper.selectCount - ==>  Preparing: SELECT COUNT( * ) AS total FROM task_user WHERE (user_id = ? AND status = ?)
2026-07-22 22:01:16.511 [http-nio-8080-exec-6] DEBUG [traceId=4d9a978ffd954d21a651c0694f14b40a userId=22 role=3] c.k.i.m.TaskUserMapper.selectCount - ==> Parameters: 22(Long), 0(String)
2026-07-22 22:01:16.511 [http-nio-8080-exec-1] DEBUG [traceId=6dbca56ef4334ae38e0b6a0f5c0f4d5f userId=22 role=3] c.k.i.m.TaskUserMapper.selectCount - <==      Total: 1
2026-07-22 22:01:16.513 [http-nio-8080-exec-6] DEBUG [traceId=4d9a978ffd954d21a651c0694f14b40a userId=22 role=3] c.k.i.m.TaskUserMapper.selectCount - <==      Total: 1
2026-07-22 22:01:16.513 [http-nio-8080-exec-1] INFO  [traceId=6dbca56ef4334ae38e0b6a0f5c0f4d5f userId=22 role=3] com.kg.interceptor.TraceIdFilter - HTTP_REQUEST_END method=POST uri=/my-task/stats status=200 cost=15ms responseBody={"code":200,"message":"查询成功","data":{"unfinished":0,"finished":0}}
2026-07-22 22:01:16.514 [http-nio-8080-exec-6] DEBUG [traceId=4d9a978ffd954d21a651c0694f14b40a userId=22 role=3] c.k.i.m.TaskUserMapper.selectCount - ==>  Preparing: SELECT COUNT( * ) AS total FROM task_user WHERE (user_id = ? AND status IN (?,?))
2026-07-22 22:01:16.514 [http-nio-8080-exec-7] INFO  [traceId=0c590a98b4cb45cd9008feb41221faff userId= role=] com.kg.interceptor.TraceIdFilter - HTTP_REQUEST_START method=POST uri=/my-task/list query=null requestBody={"pageNo":1,"pageSize":10,"status":"0"} ip=0:0:0:0:0:0:0:1 userAgent=Mozilla/5.0 (iPhone; CPU iPhone OS 15_0 like Mac OS X) AppleWebKit/605.1.15 (KHTML, like Gecko) Version/15.0 Mobile/15E148 Safari/604.1 wechatdevtools/2.01.2510290 MicroMessenger/8.0.5 Language/zh_CN webview/ hash/597225176 sid/jAVCl7QYrr
2026-07-22 22:01:16.514 [http-nio-8080-exec-6] DEBUG [traceId=4d9a978ffd954d21a651c0694f14b40a userId=22 role=3] c.k.i.m.TaskUserMapper.selectCount - ==> Parameters: 22(Long), 1(String), 2(String)
2026-07-22 22:01:16.515 [http-nio-8080-exec-6] DEBUG [traceId=4d9a978ffd954d21a651c0694f14b40a userId=22 role=3] c.k.i.m.TaskUserMapper.selectCount - <==      Total: 1
2026-07-22 22:01:16.516 [http-nio-8080-exec-6] INFO  [traceId=4d9a978ffd954d21a651c0694f14b40a userId=22 role=3] com.kg.interceptor.TraceIdFilter - HTTP_REQUEST_END method=POST uri=/my-task/stats status=200 cost=14ms responseBody={"code":200,"message":"查询成功","data":{"unfinished":0,"finished":0}}
2026-07-22 22:01:16.517 [http-nio-8080-exec-7] DEBUG [traceId=0c590a98b4cb45cd9008feb41221faff userId= role=] c.k.i.m.SysUserMapper.selectById - ==>  Preparing: SELECT id,account,name,password,role,gender,email,phone,openid,description,teacher_remark,password_update_time,class_id,status,create_by,create_time,update_by,update_time FROM sys_user WHERE id=?
2026-07-22 22:01:16.517 [http-nio-8080-exec-7] DEBUG [traceId=0c590a98b4cb45cd9008feb41221faff userId= role=] c.k.i.m.SysUserMapper.selectById - ==> Parameters: 22(Long)
2026-07-22 22:01:16.518 [http-nio-8080-exec-7] DEBUG [traceId=0c590a98b4cb45cd9008feb41221faff userId= role=] c.k.i.m.SysUserMapper.selectById - <==      Total: 1
2026-07-22 22:01:16.519 [http-nio-8080-exec-7] WARN  [traceId=0c590a98b4cb45cd9008feb41221faff userId=22 role=3] c.k.exception.GlobalExceptionHandler - 参数校验失败: 不能为null
2026-07-22 22:01:16.520 [http-nio-8080-exec-7] INFO  [traceId=0c590a98b4cb45cd9008feb41221faff userId=22 role=3] com.kg.interceptor.TraceIdFilter - HTTP_REQUEST_END method=POST uri=/my-task/list status=200 cost=6ms responseBody={"code":400,"message":"不能为null"}
2026-07-22 22:01:29.479 [http-nio-8080-exec-4] INFO  [traceId=031d2ee310b643789b2ed23e2be32eed userId= role=] com.kg.interceptor.TraceIdFilter - HTTP_REQUEST_START method=POST uri=/my-task/stats query=null requestBody={} ip=0:0:0:0:0:0:0:1 userAgent=Mozilla/5.0 (iPhone; CPU iPhone OS 15_0 like Mac OS X) AppleWebKit/605.1.15 (KHTML, like Gecko) Version/15.0 Mobile/15E148 Safari/604.1 wechatdevtools/2.01.2510290 MicroMessenger/8.0.5 Language/zh_CN webview/ hash/597225176 sid/jAVCl7QYrr
2026-07-22 22:01:29.483 [http-nio-8080-exec-4] DEBUG [traceId=031d2ee310b643789b2ed23e2be32eed userId= role=] c.k.i.m.SysUserMapper.selectById - ==>  Preparing: SELECT id,account,name,password,role,gender,email,phone,openid,description,teacher_remark,password_update_time,class_id,status,create_by,create_time,update_by,update_time FROM sys_user WHERE id=?
2026-07-22 22:01:29.484 [http-nio-8080-exec-4] DEBUG [traceId=031d2ee310b643789b2ed23e2be32eed userId= role=] c.k.i.m.SysUserMapper.selectById - ==> Parameters: 22(Long)
2026-07-22 22:01:29.484 [http-nio-8080-exec-5] INFO  [traceId=2129c1f772434f42b974d402e32d3fc3 userId= role=] com.kg.interceptor.TraceIdFilter - HTTP_REQUEST_START method=POST uri=/my-task/list query=null requestBody={"pageNum":1,"pageSize":10,"status":"0"} ip=0:0:0:0:0:0:0:1 userAgent=Mozilla/5.0 (iPhone; CPU iPhone OS 15_0 like Mac OS X) AppleWebKit/605.1.15 (KHTML, like Gecko) Version/15.0 Mobile/15E148 Safari/604.1 wechatdevtools/2.01.2510290 MicroMessenger/8.0.5 Language/zh_CN webview/ hash/597225176 sid/jAVCl7QYrr
2026-07-22 22:01:29.486 [http-nio-8080-exec-4] DEBUG [traceId=031d2ee310b643789b2ed23e2be32eed userId= role=] c.k.i.m.SysUserMapper.selectById - <==      Total: 1
2026-07-22 22:01:29.487 [http-nio-8080-exec-4] DEBUG [traceId=031d2ee310b643789b2ed23e2be32eed userId=22 role=3] c.k.i.m.TaskUserMapper.selectCount - ==>  Preparing: SELECT COUNT( * ) AS total FROM task_user WHERE (user_id = ? AND status = ?)
2026-07-22 22:01:29.487 [http-nio-8080-exec-4] DEBUG [traceId=031d2ee310b643789b2ed23e2be32eed userId=22 role=3] c.k.i.m.TaskUserMapper.selectCount - ==> Parameters: 22(Long), 0(String)
2026-07-22 22:01:29.488 [http-nio-8080-exec-4] DEBUG [traceId=031d2ee310b643789b2ed23e2be32eed userId=22 role=3] c.k.i.m.TaskUserMapper.selectCount - <==      Total: 1
2026-07-22 22:01:29.488 [http-nio-8080-exec-5] DEBUG [traceId=2129c1f772434f42b974d402e32d3fc3 userId= role=] c.k.i.m.SysUserMapper.selectById - ==>  Preparing: SELECT id,account,name,password,role,gender,email,phone,openid,description,teacher_remark,password_update_time,class_id,status,create_by,create_time,update_by,update_time FROM sys_user WHERE id=?
2026-07-22 22:01:29.488 [http-nio-8080-exec-5] DEBUG [traceId=2129c1f772434f42b974d402e32d3fc3 userId= role=] c.k.i.m.SysUserMapper.selectById - ==> Parameters: 22(Long)
2026-07-22 22:01:29.488 [http-nio-8080-exec-4] DEBUG [traceId=031d2ee310b643789b2ed23e2be32eed userId=22 role=3] c.k.i.m.TaskUserMapper.selectCount - ==>  Preparing: SELECT COUNT( * ) AS total FROM task_user WHERE (user_id = ? AND status IN (?,?))
2026-07-22 22:01:29.488 [http-nio-8080-exec-4] DEBUG [traceId=031d2ee310b643789b2ed23e2be32eed userId=22 role=3] c.k.i.m.TaskUserMapper.selectCount - ==> Parameters: 22(Long), 1(String), 2(String)
2026-07-22 22:01:29.488 [http-nio-8080-exec-5] DEBUG [traceId=2129c1f772434f42b974d402e32d3fc3 userId= role=] c.k.i.m.SysUserMapper.selectById - <==      Total: 1
2026-07-22 22:01:29.489 [http-nio-8080-exec-4] DEBUG [traceId=031d2ee310b643789b2ed23e2be32eed userId=22 role=3] c.k.i.m.TaskUserMapper.selectCount - <==      Total: 1
2026-07-22 22:01:29.489 [http-nio-8080-exec-5] DEBUG [traceId=2129c1f772434f42b974d402e32d3fc3 userId=22 role=3] c.k.i.mapper.MyTaskMapper.count - ==>  Preparing: SELECT COUNT(*) FROM task_user tu JOIN task t ON t.id = tu.task_id WHERE tu.user_id = ? AND tu.status = '0'
2026-07-22 22:01:29.489 [http-nio-8080-exec-5] DEBUG [traceId=2129c1f772434f42b974d402e32d3fc3 userId=22 role=3] c.k.i.mapper.MyTaskMapper.count - ==> Parameters: 22(Long)
2026-07-22 22:01:29.489 [http-nio-8080-exec-4] INFO  [traceId=031d2ee310b643789b2ed23e2be32eed userId=22 role=3] com.kg.interceptor.TraceIdFilter - HTTP_REQUEST_END method=POST uri=/my-task/stats status=200 cost=10ms responseBody={"code":200,"message":"查询成功","data":{"unfinished":0,"finished":0}}
2026-07-22 22:01:29.490 [http-nio-8080-exec-5] DEBUG [traceId=2129c1f772434f42b974d402e32d3fc3 userId=22 role=3] c.k.i.mapper.MyTaskMapper.count - <==      Total: 1
2026-07-22 22:01:29.490 [http-nio-8080-exec-5] DEBUG [traceId=2129c1f772434f42b974d402e32d3fc3 userId=22 role=3] c.k.i.mapper.MyTaskMapper.page - ==>  Preparing: SELECT u.name AS task_create_name,t.round_no AS round_no,t.template_id AS template_id,t.id AS task_id, t.task_name, t.task_type, t.is_mandatory AS force_flag, t.task_description, t.priority, t.task_start_time AS start_time, t.task_end_time AS end_time, t.plan_id AS planId, t.plan_date AS planDate, t.is_repeat_task AS isRepeatTask, t.status AS taskStatus, tu.id AS task_user_id, tu.status, tu.total_score, tu.submit_time FROM task_user tu JOIN task t ON t.id = tu.task_id LEFT JOIN sys_user u ON u.id = t.create_by WHERE tu.user_id = ? AND tu.status = '0' ORDER BY t.create_time DESC LIMIT ?, ?
2026-07-22 22:01:29.492 [http-nio-8080-exec-5] DEBUG [traceId=2129c1f772434f42b974d402e32d3fc3 userId=22 role=3] c.k.i.mapper.MyTaskMapper.page - ==> Parameters: 22(Long), 0(Integer), 10(Integer)
2026-07-22 22:01:29.493 [http-nio-8080-exec-5] DEBUG [traceId=2129c1f772434f42b974d402e32d3fc3 userId=22 role=3] c.k.i.mapper.MyTaskMapper.page - <==      Total: 0
2026-07-22 22:01:29.494 [http-nio-8080-exec-5] INFO  [traceId=2129c1f772434f42b974d402e32d3fc3 userId=22 role=3] com.kg.interceptor.TraceIdFilter - HTTP_REQUEST_END method=POST uri=/my-task/list status=200 cost=10ms responseBody={"code":200,"message":"查询成功","data":{"total":0,"list":[]}}
2026-07-22 22:02:27.927 [http-nio-8080-exec-9] INFO  [traceId=7cc8b09187c943069ca393772ee0e6e4 userId= role=] com.kg.interceptor.TraceIdFilter - HTTP_REQUEST_START method=POST uri=/my-task/stats query=null requestBody={"status":"0"} ip=0:0:0:0:0:0:0:1 userAgent=Mozilla/5.0 (iPhone; CPU iPhone OS 15_0 like Mac OS X) AppleWebKit/605.1.15 (KHTML, like Gecko) Version/15.0 Mobile/15E148 Safari/604.1 wechatdevtools/2.01.2510290 MicroMessenger/8.0.5 Language/zh_CN webview/ hash/597225176 sid/jAVCl7QYrr
2026-07-22 22:02:27.927 [http-nio-8080-exec-2] INFO  [traceId=e722d538b41b4ccda36df301e6ae2d7a userId= role=] com.kg.interceptor.TraceIdFilter - HTTP_REQUEST_START method=POST uri=/my-task/stats query=null requestBody={"status":"1"} ip=0:0:0:0:0:0:0:1 userAgent=Mozilla/5.0 (iPhone; CPU iPhone OS 15_0 like Mac OS X) AppleWebKit/605.1.15 (KHTML, like Gecko) Version/15.0 Mobile/15E148 Safari/604.1 wechatdevtools/2.01.2510290 MicroMessenger/8.0.5 Language/zh_CN webview/ hash/597225176 sid/jAVCl7QYrr
2026-07-22 22:02:27.931 [http-nio-8080-exec-3] INFO  [traceId=d387fe9d083b4e3799faa6a8a0b4c616 userId= role=] com.kg.interceptor.TraceIdFilter - HTTP_REQUEST_START method=POST uri=/my-task/list query=null requestBody={"pageNo":1,"pageSize":10,"status":"0"} ip=0:0:0:0:0:0:0:1 userAgent=Mozilla/5.0 (iPhone; CPU iPhone OS 15_0 like Mac OS X) AppleWebKit/605.1.15 (KHTML, like Gecko) Version/15.0 Mobile/15E148 Safari/604.1 wechatdevtools/2.01.2510290 MicroMessenger/8.0.5 Language/zh_CN webview/ hash/597225176 sid/jAVCl7QYrr
2026-07-22 22:02:27.933 [http-nio-8080-exec-9] DEBUG [traceId=7cc8b09187c943069ca393772ee0e6e4 userId= role=] c.k.i.m.SysUserMapper.selectById - ==>  Preparing: SELECT id,account,name,password,role,gender,email,phone,openid,description,teacher_remark,password_update_time,class_id,status,create_by,create_time,update_by,update_time FROM sys_user WHERE id=?
2026-07-22 22:02:27.933 [http-nio-8080-exec-2] DEBUG [traceId=e722d538b41b4ccda36df301e6ae2d7a userId= role=] c.k.i.m.SysUserMapper.selectById - ==>  Preparing: SELECT id,account,name,password,role,gender,email,phone,openid,description,teacher_remark,password_update_time,class_id,status,create_by,create_time,update_by,update_time FROM sys_user WHERE id=?
2026-07-22 22:02:27.933 [http-nio-8080-exec-9] DEBUG [traceId=7cc8b09187c943069ca393772ee0e6e4 userId= role=] c.k.i.m.SysUserMapper.selectById - ==> Parameters: 22(Long)
2026-07-22 22:02:27.933 [http-nio-8080-exec-2] DEBUG [traceId=e722d538b41b4ccda36df301e6ae2d7a userId= role=] c.k.i.m.SysUserMapper.selectById - ==> Parameters: 22(Long)
2026-07-22 22:02:27.934 [http-nio-8080-exec-9] DEBUG [traceId=7cc8b09187c943069ca393772ee0e6e4 userId= role=] c.k.i.m.SysUserMapper.selectById - <==      Total: 1
2026-07-22 22:02:27.934 [http-nio-8080-exec-2] DEBUG [traceId=e722d538b41b4ccda36df301e6ae2d7a userId= role=] c.k.i.m.SysUserMapper.selectById - <==      Total: 1
2026-07-22 22:02:27.935 [http-nio-8080-exec-3] DEBUG [traceId=d387fe9d083b4e3799faa6a8a0b4c616 userId= role=] c.k.i.m.SysUserMapper.selectById - ==>  Preparing: SELECT id,account,name,password,role,gender,email,phone,openid,description,teacher_remark,password_update_time,class_id,status,create_by,create_time,update_by,update_time FROM sys_user WHERE id=?
2026-07-22 22:02:27.935 [http-nio-8080-exec-3] DEBUG [traceId=d387fe9d083b4e3799faa6a8a0b4c616 userId= role=] c.k.i.m.SysUserMapper.selectById - ==> Parameters: 22(Long)
2026-07-22 22:02:27.936 [http-nio-8080-exec-2] DEBUG [traceId=e722d538b41b4ccda36df301e6ae2d7a userId=22 role=3] c.k.i.m.TaskUserMapper.selectCount - ==>  Preparing: SELECT COUNT( * ) AS total FROM task_user WHERE (user_id = ? AND status = ?)
2026-07-22 22:02:27.936 [http-nio-8080-exec-9] DEBUG [traceId=7cc8b09187c943069ca393772ee0e6e4 userId=22 role=3] c.k.i.m.TaskUserMapper.selectCount - ==>  Preparing: SELECT COUNT( * ) AS total FROM task_user WHERE (user_id = ? AND status = ?)
2026-07-22 22:02:27.936 [http-nio-8080-exec-3] DEBUG [traceId=d387fe9d083b4e3799faa6a8a0b4c616 userId= role=] c.k.i.m.SysUserMapper.selectById - <==      Total: 1
2026-07-22 22:02:27.936 [http-nio-8080-exec-2] DEBUG [traceId=e722d538b41b4ccda36df301e6ae2d7a userId=22 role=3] c.k.i.m.TaskUserMapper.selectCount - ==> Parameters: 22(Long), 0(String)
2026-07-22 22:02:27.936 [http-nio-8080-exec-9] DEBUG [traceId=7cc8b09187c943069ca393772ee0e6e4 userId=22 role=3] c.k.i.m.TaskUserMapper.selectCount - ==> Parameters: 22(Long), 0(String)
2026-07-22 22:02:27.937 [http-nio-8080-exec-9] DEBUG [traceId=7cc8b09187c943069ca393772ee0e6e4 userId=22 role=3] c.k.i.m.TaskUserMapper.selectCount - <==      Total: 1
2026-07-22 22:02:27.937 [http-nio-8080-exec-2] DEBUG [traceId=e722d538b41b4ccda36df301e6ae2d7a userId=22 role=3] c.k.i.m.TaskUserMapper.selectCount - <==      Total: 1
2026-07-22 22:02:27.937 [http-nio-8080-exec-3] WARN  [traceId=d387fe9d083b4e3799faa6a8a0b4c616 userId=22 role=3] c.k.exception.GlobalExceptionHandler - 参数校验失败: 不能为null
2026-07-22 22:02:27.938 [http-nio-8080-exec-9] DEBUG [traceId=7cc8b09187c943069ca393772ee0e6e4 userId=22 role=3] c.k.i.m.TaskUserMapper.selectCount - ==>  Preparing: SELECT COUNT( * ) AS total FROM task_user WHERE (user_id = ? AND status IN (?,?))
2026-07-22 22:02:27.938 [http-nio-8080-exec-3] INFO  [traceId=d387fe9d083b4e3799faa6a8a0b4c616 userId=22 role=3] com.kg.interceptor.TraceIdFilter - HTTP_REQUEST_END method=POST uri=/my-task/list status=200 cost=7ms responseBody={"code":400,"message":"不能为null"}
2026-07-22 22:02:27.938 [http-nio-8080-exec-2] DEBUG [traceId=e722d538b41b4ccda36df301e6ae2d7a userId=22 role=3] c.k.i.m.TaskUserMapper.selectCount - ==>  Preparing: SELECT COUNT( * ) AS total FROM task_user WHERE (user_id = ? AND status IN (?,?))
2026-07-22 22:02:27.938 [http-nio-8080-exec-2] DEBUG [traceId=e722d538b41b4ccda36df301e6ae2d7a userId=22 role=3] c.k.i.m.TaskUserMapper.selectCount - ==> Parameters: 22(Long), 1(String), 2(String)
2026-07-22 22:02:27.938 [http-nio-8080-exec-9] DEBUG [traceId=7cc8b09187c943069ca393772ee0e6e4 userId=22 role=3] c.k.i.m.TaskUserMapper.selectCount - ==> Parameters: 22(Long), 1(String), 2(String)
2026-07-22 22:02:27.939 [http-nio-8080-exec-2] DEBUG [traceId=e722d538b41b4ccda36df301e6ae2d7a userId=22 role=3] c.k.i.m.TaskUserMapper.selectCount - <==      Total: 1
2026-07-22 22:02:27.939 [http-nio-8080-exec-9] DEBUG [traceId=7cc8b09187c943069ca393772ee0e6e4 userId=22 role=3] c.k.i.m.TaskUserMapper.selectCount - <==      Total: 1
2026-07-22 22:02:27.940 [http-nio-8080-exec-2] INFO  [traceId=e722d538b41b4ccda36df301e6ae2d7a userId=22 role=3] com.kg.interceptor.TraceIdFilter - HTTP_REQUEST_END method=POST uri=/my-task/stats status=200 cost=13ms responseBody={"code":200,"message":"查询成功","data":{"unfinished":0,"finished":0}}
2026-07-22 22:02:27.940 [http-nio-8080-exec-9] INFO  [traceId=7cc8b09187c943069ca393772ee0e6e4 userId=22 role=3] com.kg.interceptor.TraceIdFilter - HTTP_REQUEST_END method=POST uri=/my-task/stats status=200 cost=13ms responseBody={"code":200,"message":"查询成功","data":{"unfinished":0,"finished":0}}
2026-07-22 22:02:29.298 [http-nio-8080-exec-10] INFO  [traceId=70090efcd15b4b7dafa420c099073c1c userId= role=] com.kg.interceptor.TraceIdFilter - HTTP_REQUEST_START method=GET uri=/home/student/stat query=null requestBody= ip=0:0:0:0:0:0:0:1 userAgent=Mozilla/5.0 (iPhone; CPU iPhone OS 15_0 like Mac OS X) AppleWebKit/605.1.15 (KHTML, like Gecko) Version/15.0 Mobile/15E148 Safari/604.1 wechatdevtools/2.01.2510290 MicroMessenger/8.0.5 Language/zh_CN webview/ hash/597225176 sid/jAVCl7QYrr
2026-07-22 22:02:29.299 [http-nio-8080-exec-1] INFO  [traceId=5a7602a394b14add9bb40c99cef36fb7 userId= role=] com.kg.interceptor.TraceIdFilter - HTTP_REQUEST_START method=GET uri=/student/checkin/stat query=null requestBody= ip=0:0:0:0:0:0:0:1 userAgent=Mozilla/5.0 (iPhone; CPU iPhone OS 15_0 like Mac OS X) AppleWebKit/605.1.15 (KHTML, like Gecko) Version/15.0 Mobile/15E148 Safari/604.1 wechatdevtools/2.01.2510290 MicroMessenger/8.0.5 Language/zh_CN webview/ hash/597225176 sid/jAVCl7QYrr
2026-07-22 22:02:29.301 [http-nio-8080-exec-10] DEBUG [traceId=70090efcd15b4b7dafa420c099073c1c userId= role=] c.k.i.m.SysUserMapper.selectById - ==>  Preparing: SELECT id,account,name,password,role,gender,email,phone,openid,description,teacher_remark,password_update_time,class_id,status,create_by,create_time,update_by,update_time FROM sys_user WHERE id=?
2026-07-22 22:02:29.301 [http-nio-8080-exec-1] DEBUG [traceId=5a7602a394b14add9bb40c99cef36fb7 userId= role=] c.k.i.m.SysUserMapper.selectById - ==>  Preparing: SELECT id,account,name,password,role,gender,email,phone,openid,description,teacher_remark,password_update_time,class_id,status,create_by,create_time,update_by,update_time FROM sys_user WHERE id=?
2026-07-22 22:02:29.301 [http-nio-8080-exec-10] DEBUG [traceId=70090efcd15b4b7dafa420c099073c1c userId= role=] c.k.i.m.SysUserMapper.selectById - ==> Parameters: 22(Long)
2026-07-22 22:02:29.301 [http-nio-8080-exec-1] DEBUG [traceId=5a7602a394b14add9bb40c99cef36fb7 userId= role=] c.k.i.m.SysUserMapper.selectById - ==> Parameters: 22(Long)
2026-07-22 22:02:29.302 [http-nio-8080-exec-10] DEBUG [traceId=70090efcd15b4b7dafa420c099073c1c userId= role=] c.k.i.m.SysUserMapper.selectById - <==      Total: 1
2026-07-22 22:02:29.302 [http-nio-8080-exec-1] DEBUG [traceId=5a7602a394b14add9bb40c99cef36fb7 userId= role=] c.k.i.m.SysUserMapper.selectById - <==      Total: 1
2026-07-22 22:02:29.302 [http-nio-8080-exec-10] DEBUG [traceId=70090efcd15b4b7dafa420c099073c1c userId=22 role=3] c.k.i.m.H.countTodoForStudent - ==>  Preparing: SELECT COUNT(*) FROM task_user WHERE user_id = ? AND status = '0'
2026-07-22 22:02:29.303 [http-nio-8080-exec-1] DEBUG [traceId=5a7602a394b14add9bb40c99cef36fb7 userId=22 role=3] c.k.i.m.S.findCheckinDates - ==>  Preparing: SELECT DISTINCT DATE(t.task_start_time) AS checkinDate FROM task_user tu JOIN task t ON t.id = tu.task_id WHERE tu.user_id = ? AND t.task_type = ? AND tu.status = '1' ORDER BY checkinDate DESC
2026-07-22 22:02:29.303 [http-nio-8080-exec-10] DEBUG [traceId=70090efcd15b4b7dafa420c099073c1c userId=22 role=3] c.k.i.m.H.countTodoForStudent - ==> Parameters: 22(Long)
2026-07-22 22:02:29.303 [http-nio-8080-exec-1] DEBUG [traceId=5a7602a394b14add9bb40c99cef36fb7 userId=22 role=3] c.k.i.m.S.findCheckinDates - ==> Parameters: 22(Long), 2(String)
2026-07-22 22:02:29.303 [http-nio-8080-exec-1] DEBUG [traceId=5a7602a394b14add9bb40c99cef36fb7 userId=22 role=3] c.k.i.m.S.findCheckinDates - <==      Total: 0
2026-07-22 22:02:29.303 [http-nio-8080-exec-10] DEBUG [traceId=70090efcd15b4b7dafa420c099073c1c userId=22 role=3] c.k.i.m.H.countTodoForStudent - <==      Total: 1
2026-07-22 22:02:29.303 [http-nio-8080-exec-10] DEBUG [traceId=70090efcd15b4b7dafa420c099073c1c userId=22 role=3] c.k.i.m.H.countCompletedForStudent - ==>  Preparing: SELECT COUNT(*) FROM task_user WHERE user_id = ? AND status IN ('1','2')
2026-07-22 22:02:29.303 [http-nio-8080-exec-10] DEBUG [traceId=70090efcd15b4b7dafa420c099073c1c userId=22 role=3] c.k.i.m.H.countCompletedForStudent - ==> Parameters: 22(Long)
2026-07-22 22:02:29.305 [http-nio-8080-exec-1] INFO  [traceId=5a7602a394b14add9bb40c99cef36fb7 userId=22 role=3] com.kg.interceptor.TraceIdFilter - HTTP_REQUEST_END method=GET uri=/student/checkin/stat status=200 cost=6ms responseBody={"code":200,"message":"查询成功","data":{"continuousDays":0,"monthCheckinCount":0,"todayChecked":false}}
2026-07-22 22:02:29.305 [http-nio-8080-exec-10] DEBUG [traceId=70090efcd15b4b7dafa420c099073c1c userId=22 role=3] c.k.i.m.H.countCompletedForStudent - <==      Total: 1
2026-07-22 22:02:29.305 [http-nio-8080-exec-10] DEBUG [traceId=70090efcd15b4b7dafa420c099073c1c userId=22 role=3] c.k.i.m.H.nearEndTop3ForStudent - ==>  Preparing: SELECT t.id AS task_id, t.task_name, t.task_end_time AS end_time FROM task_user tu JOIN task t ON t.id = tu.task_id WHERE tu.user_id = ? AND tu.status = '0' ORDER BY t.task_end_time ASC LIMIT 3
2026-07-22 22:02:29.305 [http-nio-8080-exec-10] DEBUG [traceId=70090efcd15b4b7dafa420c099073c1c userId=22 role=3] c.k.i.m.H.nearEndTop3ForStudent - ==> Parameters: 22(Long)
2026-07-22 22:02:29.306 [http-nio-8080-exec-10] DEBUG [traceId=70090efcd15b4b7dafa420c099073c1c userId=22 role=3] c.k.i.m.H.nearEndTop3ForStudent - <==      Total: 0
2026-07-22 22:02:29.306 [http-nio-8080-exec-10] INFO  [traceId=70090efcd15b4b7dafa420c099073c1c userId=22 role=3] com.kg.interceptor.TraceIdFilter - HTTP_REQUEST_END method=GET uri=/home/student/stat status=200 cost=8ms responseBody={"code":200,"message":"查询成功","data":{"todoTaskCount":0,"completedTaskCount":0,"nearEndTasks":[]}}
2026-07-22 22:02:49.691 [http-nio-8080-exec-6] INFO  [traceId=7f47306c10a141759a50eca7994dc084 userId= role=] com.kg.interceptor.TraceIdFilter - HTTP_REQUEST_START method=POST uri=/my-task/stats query=null requestBody={"status":"0"} ip=0:0:0:0:0:0:0:1 userAgent=Mozilla/5.0 (iPhone; CPU iPhone OS 15_0 like Mac OS X) AppleWebKit/605.1.15 (KHTML, like Gecko) Version/15.0 Mobile/15E148 Safari/604.1 wechatdevtools/2.01.2510290 MicroMessenger/8.0.5 Language/zh_CN webview/ hash/597225176 sid/jAVCl7QYrr
2026-07-22 22:02:49.692 [http-nio-8080-exec-7] INFO  [traceId=97ea6636633448829195f4f85feea331 userId= role=] com.kg.interceptor.TraceIdFilter - HTTP_REQUEST_START method=POST uri=/my-task/stats query=null requestBody={"status":"1"} ip=0:0:0:0:0:0:0:1 userAgent=Mozilla/5.0 (iPhone; CPU iPhone OS 15_0 like Mac OS X) AppleWebKit/605.1.15 (KHTML, like Gecko) Version/15.0 Mobile/15E148 Safari/604.1 wechatdevtools/2.01.2510290 MicroMessenger/8.0.5 Language/zh_CN webview/ hash/597225176 sid/jAVCl7QYrr
2026-07-22 22:02:49.710 [http-nio-8080-exec-4] INFO  [traceId=e09585ab26f1467db616879780d75c38 userId= role=] com.kg.interceptor.TraceIdFilter - HTTP_REQUEST_START method=POST uri=/my-task/list query=null requestBody={"pageNo":1,"pageSize":10,"status":"0"} ip=0:0:0:0:0:0:0:1 userAgent=Mozilla/5.0 (iPhone; CPU iPhone OS 15_0 like Mac OS X) AppleWebKit/605.1.15 (KHTML, like Gecko) Version/15.0 Mobile/15E148 Safari/604.1 wechatdevtools/2.01.2510290 MicroMessenger/8.0.5 Language/zh_CN webview/ hash/597225176 sid/jAVCl7QYrr
2026-07-22 22:02:49.711 [http-nio-8080-exec-6] DEBUG [traceId=7f47306c10a141759a50eca7994dc084 userId= role=] c.k.i.m.SysUserMapper.selectById - ==>  Preparing: SELECT id,account,name,password,role,gender,email,phone,openid,description,teacher_remark,password_update_time,class_id,status,create_by,create_time,update_by,update_time FROM sys_user WHERE id=?
2026-07-22 22:02:49.711 [http-nio-8080-exec-6] DEBUG [traceId=7f47306c10a141759a50eca7994dc084 userId= role=] c.k.i.m.SysUserMapper.selectById - ==> Parameters: 22(Long)
2026-07-22 22:02:49.712 [http-nio-8080-exec-7] DEBUG [traceId=97ea6636633448829195f4f85feea331 userId= role=] c.k.i.m.SysUserMapper.selectById - ==>  Preparing: SELECT id,account,name,password,role,gender,email,phone,openid,description,teacher_remark,password_update_time,class_id,status,create_by,create_time,update_by,update_time FROM sys_user WHERE id=?
2026-07-22 22:02:49.712 [http-nio-8080-exec-7] DEBUG [traceId=97ea6636633448829195f4f85feea331 userId= role=] c.k.i.m.SysUserMapper.selectById - ==> Parameters: 22(Long)
2026-07-22 22:02:49.712 [http-nio-8080-exec-6] DEBUG [traceId=7f47306c10a141759a50eca7994dc084 userId= role=] c.k.i.m.SysUserMapper.selectById - <==      Total: 1
2026-07-22 22:02:49.712 [http-nio-8080-exec-4] DEBUG [traceId=e09585ab26f1467db616879780d75c38 userId= role=] c.k.i.m.SysUserMapper.selectById - ==>  Preparing: SELECT id,account,name,password,role,gender,email,phone,openid,description,teacher_remark,password_update_time,class_id,status,create_by,create_time,update_by,update_time FROM sys_user WHERE id=?
2026-07-22 22:02:49.714 [http-nio-8080-exec-7] DEBUG [traceId=97ea6636633448829195f4f85feea331 userId= role=] c.k.i.m.SysUserMapper.selectById - <==      Total: 1
2026-07-22 22:02:49.714 [http-nio-8080-exec-4] DEBUG [traceId=e09585ab26f1467db616879780d75c38 userId= role=] c.k.i.m.SysUserMapper.selectById - ==> Parameters: 22(Long)
2026-07-22 22:02:49.715 [http-nio-8080-exec-4] DEBUG [traceId=e09585ab26f1467db616879780d75c38 userId= role=] c.k.i.m.SysUserMapper.selectById - <==      Total: 1
2026-07-22 22:02:49.716 [http-nio-8080-exec-6] DEBUG [traceId=7f47306c10a141759a50eca7994dc084 userId=22 role=3] c.k.i.m.TaskUserMapper.selectCount - ==>  Preparing: SELECT COUNT( * ) AS total FROM task_user WHERE (user_id = ? AND status = ?)
2026-07-22 22:02:49.716 [http-nio-8080-exec-6] DEBUG [traceId=7f47306c10a141759a50eca7994dc084 userId=22 role=3] c.k.i.m.TaskUserMapper.selectCount - ==> Parameters: 22(Long), 0(String)
2026-07-22 22:02:49.716 [http-nio-8080-exec-7] DEBUG [traceId=97ea6636633448829195f4f85feea331 userId=22 role=3] c.k.i.m.TaskUserMapper.selectCount - ==>  Preparing: SELECT COUNT( * ) AS total FROM task_user WHERE (user_id = ? AND status = ?)
2026-07-22 22:02:49.716 [http-nio-8080-exec-7] DEBUG [traceId=97ea6636633448829195f4f85feea331 userId=22 role=3] c.k.i.m.TaskUserMapper.selectCount - ==> Parameters: 22(Long), 0(String)
2026-07-22 22:02:49.716 [http-nio-8080-exec-4] WARN  [traceId=e09585ab26f1467db616879780d75c38 userId=22 role=3] c.k.exception.GlobalExceptionHandler - 参数校验失败: 不能为null
2026-07-22 22:02:49.716 [http-nio-8080-exec-7] DEBUG [traceId=97ea6636633448829195f4f85feea331 userId=22 role=3] c.k.i.m.TaskUserMapper.selectCount - <==      Total: 1
2026-07-22 22:02:49.716 [http-nio-8080-exec-6] DEBUG [traceId=7f47306c10a141759a50eca7994dc084 userId=22 role=3] c.k.i.m.TaskUserMapper.selectCount - <==      Total: 1
2026-07-22 22:02:49.717 [http-nio-8080-exec-4] INFO  [traceId=e09585ab26f1467db616879780d75c38 userId=22 role=3] com.kg.interceptor.TraceIdFilter - HTTP_REQUEST_END method=POST uri=/my-task/list status=200 cost=7ms responseBody={"code":400,"message":"不能为null"}
2026-07-22 22:02:49.717 [http-nio-8080-exec-7] DEBUG [traceId=97ea6636633448829195f4f85feea331 userId=22 role=3] c.k.i.m.TaskUserMapper.selectCount - ==>  Preparing: SELECT COUNT( * ) AS total FROM task_user WHERE (user_id = ? AND status IN (?,?))
2026-07-22 22:02:49.718 [http-nio-8080-exec-6] DEBUG [traceId=7f47306c10a141759a50eca7994dc084 userId=22 role=3] c.k.i.m.TaskUserMapper.selectCount - ==>  Preparing: SELECT COUNT( * ) AS total FROM task_user WHERE (user_id = ? AND status IN (?,?))
2026-07-22 22:02:49.718 [http-nio-8080-exec-7] DEBUG [traceId=97ea6636633448829195f4f85feea331 userId=22 role=3] c.k.i.m.TaskUserMapper.selectCount - ==> Parameters: 22(Long), 1(String), 2(String)
2026-07-22 22:02:49.718 [http-nio-8080-exec-6] DEBUG [traceId=7f47306c10a141759a50eca7994dc084 userId=22 role=3] c.k.i.m.TaskUserMapper.selectCount - ==> Parameters: 22(Long), 1(String), 2(String)
2026-07-22 22:02:49.718 [http-nio-8080-exec-6] DEBUG [traceId=7f47306c10a141759a50eca7994dc084 userId=22 role=3] c.k.i.m.TaskUserMapper.selectCount - <==      Total: 1
2026-07-22 22:02:49.718 [http-nio-8080-exec-7] DEBUG [traceId=97ea6636633448829195f4f85feea331 userId=22 role=3] c.k.i.m.TaskUserMapper.selectCount - <==      Total: 1
2026-07-22 22:02:49.719 [http-nio-8080-exec-6] INFO  [traceId=7f47306c10a141759a50eca7994dc084 userId=22 role=3] com.kg.interceptor.TraceIdFilter - HTTP_REQUEST_END method=POST uri=/my-task/stats status=200 cost=28ms responseBody={"code":200,"message":"查询成功","data":{"unfinished":0,"finished":0}}
2026-07-22 22:02:49.719 [http-nio-8080-exec-7] INFO  [traceId=97ea6636633448829195f4f85feea331 userId=22 role=3] com.kg.interceptor.TraceIdFilter - HTTP_REQUEST_END method=POST uri=/my-task/stats status=200 cost=27ms responseBody={"code":200,"message":"查询成功","data":{"unfinished":0,"finished":0}}
2026-07-22 22:02:50.633 [http-nio-8080-exec-5] INFO  [traceId=a6594d153bb941f9ad67809d5842bf2e userId= role=] com.kg.interceptor.TraceIdFilter - HTTP_REQUEST_START method=GET uri=/profile query=null requestBody= ip=0:0:0:0:0:0:0:1 userAgent=Mozilla/5.0 (iPhone; CPU iPhone OS 15_0 like Mac OS X) AppleWebKit/605.1.15 (KHTML, like Gecko) Version/15.0 Mobile/15E148 Safari/604.1 wechatdevtools/2.01.2510290 MicroMessenger/8.0.5 Language/zh_CN webview/ hash/597225176 sid/jAVCl7QYrr
2026-07-22 22:02:50.636 [http-nio-8080-exec-5] DEBUG [traceId=a6594d153bb941f9ad67809d5842bf2e userId= role=] c.k.i.m.SysUserMapper.selectById - ==>  Preparing: SELECT id,account,name,password,role,gender,email,phone,openid,description,teacher_remark,password_update_time,class_id,status,create_by,create_time,update_by,update_time FROM sys_user WHERE id=?
2026-07-22 22:02:50.636 [http-nio-8080-exec-5] DEBUG [traceId=a6594d153bb941f9ad67809d5842bf2e userId= role=] c.k.i.m.SysUserMapper.selectById - ==> Parameters: 22(Long)
2026-07-22 22:02:50.638 [http-nio-8080-exec-5] DEBUG [traceId=a6594d153bb941f9ad67809d5842bf2e userId= role=] c.k.i.m.SysUserMapper.selectById - <==      Total: 1
2026-07-22 22:02:50.638 [http-nio-8080-exec-5] DEBUG [traceId=a6594d153bb941f9ad67809d5842bf2e userId=22 role=3] c.k.i.m.SysUserMapper.selectById - ==>  Preparing: SELECT id,account,name,password,role,gender,email,phone,openid,description,teacher_remark,password_update_time,class_id,status,create_by,create_time,update_by,update_time FROM sys_user WHERE id=?
2026-07-22 22:02:50.638 [http-nio-8080-exec-5] DEBUG [traceId=a6594d153bb941f9ad67809d5842bf2e userId=22 role=3] c.k.i.m.SysUserMapper.selectById - ==> Parameters: 22(Long)
2026-07-22 22:02:50.639 [http-nio-8080-exec-5] DEBUG [traceId=a6594d153bb941f9ad67809d5842bf2e userId=22 role=3] c.k.i.m.SysUserMapper.selectById - <==      Total: 1
2026-07-22 22:02:50.639 [http-nio-8080-exec-5] DEBUG [traceId=a6594d153bb941f9ad67809d5842bf2e userId=22 role=3] c.k.i.m.ClassInfoMapper.selectById - ==>  Preparing: SELECT id,class_name,description,status,create_by,create_time,update_by,update_time FROM class_info WHERE id=?
2026-07-22 22:02:50.639 [http-nio-8080-exec-5] DEBUG [traceId=a6594d153bb941f9ad67809d5842bf2e userId=22 role=3] c.k.i.m.ClassInfoMapper.selectById - ==> Parameters: 8(Long)
2026-07-22 22:02:50.656 [http-nio-8080-exec-5] DEBUG [traceId=a6594d153bb941f9ad67809d5842bf2e userId=22 role=3] c.k.i.m.ClassInfoMapper.selectById - <==      Total: 1
2026-07-22 22:02:50.656 [http-nio-8080-exec-5] INFO  [traceId=a6594d153bb941f9ad67809d5842bf2e userId=22 role=3] com.kg.interceptor.TraceIdFilter - HTTP_REQUEST_END method=GET uri=/profile status=200 cost=23ms responseBody={"code":200,"message":"查询成功","data":{"id":22,"account":"17200615563","name":"李老师","role":"3","gender":1,"email":"","phone":"17200615563","description":"","classId":8,"className":"1班","status":1,"createTime":"2026-06-01 00:12:24"}}
2026-07-22 22:02:51.666 [http-nio-8080-exec-8] INFO  [traceId=17cbb61fc6bb490ca216d19b9f0118c5 userId= role=] com.kg.interceptor.TraceIdFilter - HTTP_REQUEST_START method=POST uri=/my-task/stats query=null requestBody={"status":"0"} ip=0:0:0:0:0:0:0:1 userAgent=Mozilla/5.0 (iPhone; CPU iPhone OS 15_0 like Mac OS X) AppleWebKit/605.1.15 (KHTML, like Gecko) Version/15.0 Mobile/15E148 Safari/604.1 wechatdevtools/2.01.2510290 MicroMessenger/8.0.5 Language/zh_CN webview/ hash/597225176 sid/jAVCl7QYrr
2026-07-22 22:02:51.668 [http-nio-8080-exec-3] INFO  [traceId=fb9a66eb6e714c98b065f160bc23d00b userId= role=] com.kg.interceptor.TraceIdFilter - HTTP_REQUEST_START method=POST uri=/my-task/stats query=null requestBody={"status":"1"} ip=0:0:0:0:0:0:0:1 userAgent=Mozilla/5.0 (iPhone; CPU iPhone OS 15_0 like Mac OS X) AppleWebKit/605.1.15 (KHTML, like Gecko) Version/15.0 Mobile/15E148 Safari/604.1 wechatdevtools/2.01.2510290 MicroMessenger/8.0.5 Language/zh_CN webview/ hash/597225176 sid/jAVCl7QYrr
2026-07-22 22:02:51.669 [http-nio-8080-exec-8] DEBUG [traceId=17cbb61fc6bb490ca216d19b9f0118c5 userId= role=] c.k.i.m.SysUserMapper.selectById - ==>  Preparing: SELECT id,account,name,password,role,gender,email,phone,openid,description,teacher_remark,password_update_time,class_id,status,create_by,create_time,update_by,update_time FROM sys_user WHERE id=?
2026-07-22 22:02:51.669 [http-nio-8080-exec-8] DEBUG [traceId=17cbb61fc6bb490ca216d19b9f0118c5 userId= role=] c.k.i.m.SysUserMapper.selectById - ==> Parameters: 22(Long)
2026-07-22 22:02:51.670 [http-nio-8080-exec-3] DEBUG [traceId=fb9a66eb6e714c98b065f160bc23d00b userId= role=] c.k.i.m.SysUserMapper.selectById - ==>  Preparing: SELECT id,account,name,password,role,gender,email,phone,openid,description,teacher_remark,password_update_time,class_id,status,create_by,create_time,update_by,update_time FROM sys_user WHERE id=?
2026-07-22 22:02:51.670 [http-nio-8080-exec-3] DEBUG [traceId=fb9a66eb6e714c98b065f160bc23d00b userId= role=] c.k.i.m.SysUserMapper.selectById - ==> Parameters: 22(Long)
2026-07-22 22:02:51.670 [http-nio-8080-exec-8] DEBUG [traceId=17cbb61fc6bb490ca216d19b9f0118c5 userId= role=] c.k.i.m.SysUserMapper.selectById - <==      Total: 1
2026-07-22 22:02:51.670 [http-nio-8080-exec-3] DEBUG [traceId=fb9a66eb6e714c98b065f160bc23d00b userId= role=] c.k.i.m.SysUserMapper.selectById - <==      Total: 1
2026-07-22 22:02:51.671 [http-nio-8080-exec-3] DEBUG [traceId=fb9a66eb6e714c98b065f160bc23d00b userId=22 role=3] c.k.i.m.TaskUserMapper.selectCount - ==>  Preparing: SELECT COUNT( * ) AS total FROM task_user WHERE (user_id = ? AND status = ?)
2026-07-22 22:02:51.671 [http-nio-8080-exec-8] DEBUG [traceId=17cbb61fc6bb490ca216d19b9f0118c5 userId=22 role=3] c.k.i.m.TaskUserMapper.selectCount - ==>  Preparing: SELECT COUNT( * ) AS total FROM task_user WHERE (user_id = ? AND status = ?)
2026-07-22 22:02:51.671 [http-nio-8080-exec-8] DEBUG [traceId=17cbb61fc6bb490ca216d19b9f0118c5 userId=22 role=3] c.k.i.m.TaskUserMapper.selectCount - ==> Parameters: 22(Long), 0(String)
2026-07-22 22:02:51.671 [http-nio-8080-exec-3] DEBUG [traceId=fb9a66eb6e714c98b065f160bc23d00b userId=22 role=3] c.k.i.m.TaskUserMapper.selectCount - ==> Parameters: 22(Long), 0(String)
2026-07-22 22:02:51.672 [http-nio-8080-exec-8] DEBUG [traceId=17cbb61fc6bb490ca216d19b9f0118c5 userId=22 role=3] c.k.i.m.TaskUserMapper.selectCount - <==      Total: 1
2026-07-22 22:02:51.672 [http-nio-8080-exec-3] DEBUG [traceId=fb9a66eb6e714c98b065f160bc23d00b userId=22 role=3] c.k.i.m.TaskUserMapper.selectCount - <==      Total: 1
2026-07-22 22:02:51.673 [http-nio-8080-exec-8] DEBUG [traceId=17cbb61fc6bb490ca216d19b9f0118c5 userId=22 role=3] c.k.i.m.TaskUserMapper.selectCount - ==>  Preparing: SELECT COUNT( * ) AS total FROM task_user WHERE (user_id = ? AND status IN (?,?))
2026-07-22 22:02:51.673 [http-nio-8080-exec-8] DEBUG [traceId=17cbb61fc6bb490ca216d19b9f0118c5 userId=22 role=3] c.k.i.m.TaskUserMapper.selectCount - ==> Parameters: 22(Long), 1(String), 2(String)
2026-07-22 22:02:51.673 [http-nio-8080-exec-3] DEBUG [traceId=fb9a66eb6e714c98b065f160bc23d00b userId=22 role=3] c.k.i.m.TaskUserMapper.selectCount - ==>  Preparing: SELECT COUNT( * ) AS total FROM task_user WHERE (user_id = ? AND status IN (?,?))
2026-07-22 22:02:51.673 [http-nio-8080-exec-3] DEBUG [traceId=fb9a66eb6e714c98b065f160bc23d00b userId=22 role=3] c.k.i.m.TaskUserMapper.selectCount - ==> Parameters: 22(Long), 1(String), 2(String)
2026-07-22 22:02:51.674 [http-nio-8080-exec-8] DEBUG [traceId=17cbb61fc6bb490ca216d19b9f0118c5 userId=22 role=3] c.k.i.m.TaskUserMapper.selectCount - <==      Total: 1
2026-07-22 22:02:51.674 [http-nio-8080-exec-3] DEBUG [traceId=fb9a66eb6e714c98b065f160bc23d00b userId=22 role=3] c.k.i.m.TaskUserMapper.selectCount - <==      Total: 1
2026-07-22 22:02:51.675 [http-nio-8080-exec-3] INFO  [traceId=fb9a66eb6e714c98b065f160bc23d00b userId=22 role=3] com.kg.interceptor.TraceIdFilter - HTTP_REQUEST_END method=POST uri=/my-task/stats status=200 cost=8ms responseBody={"code":200,"message":"查询成功","data":{"unfinished":0,"finished":0}}
2026-07-22 22:02:51.675 [http-nio-8080-exec-8] INFO  [traceId=17cbb61fc6bb490ca216d19b9f0118c5 userId=22 role=3] com.kg.interceptor.TraceIdFilter - HTTP_REQUEST_END method=POST uri=/my-task/stats status=200 cost=9ms responseBody={"code":200,"message":"查询成功","data":{"unfinished":0,"finished":0}}
2026-07-22 22:02:51.676 [http-nio-8080-exec-2] INFO  [traceId=2f4af931438043e3bdff04fd15c04b34 userId= role=] com.kg.interceptor.TraceIdFilter - HTTP_REQUEST_START method=POST uri=/my-task/list query=null requestBody={"pageNo":1,"pageSize":10,"status":"0"} ip=0:0:0:0:0:0:0:1 userAgent=Mozilla/5.0 (iPhone; CPU iPhone OS 15_0 like Mac OS X) AppleWebKit/605.1.15 (KHTML, like Gecko) Version/15.0 Mobile/15E148 Safari/604.1 wechatdevtools/2.01.2510290 MicroMessenger/8.0.5 Language/zh_CN webview/ hash/597225176 sid/jAVCl7QYrr
2026-07-22 22:02:51.678 [http-nio-8080-exec-2] DEBUG [traceId=2f4af931438043e3bdff04fd15c04b34 userId= role=] c.k.i.m.SysUserMapper.selectById - ==>  Preparing: SELECT id,account,name,password,role,gender,email,phone,openid,description,teacher_remark,password_update_time,class_id,status,create_by,create_time,update_by,update_time FROM sys_user WHERE id=?
2026-07-22 22:02:51.678 [http-nio-8080-exec-2] DEBUG [traceId=2f4af931438043e3bdff04fd15c04b34 userId= role=] c.k.i.m.SysUserMapper.selectById - ==> Parameters: 22(Long)
2026-07-22 22:02:51.679 [http-nio-8080-exec-2] DEBUG [traceId=2f4af931438043e3bdff04fd15c04b34 userId= role=] c.k.i.m.SysUserMapper.selectById - <==      Total: 1
2026-07-22 22:02:51.687 [http-nio-8080-exec-2] WARN  [traceId=2f4af931438043e3bdff04fd15c04b34 userId=22 role=3] c.k.exception.GlobalExceptionHandler - 参数校验失败: 不能为null
2026-07-22 22:02:51.688 [http-nio-8080-exec-2] INFO  [traceId=2f4af931438043e3bdff04fd15c04b34 userId=22 role=3] com.kg.interceptor.TraceIdFilter - HTTP_REQUEST_END method=POST uri=/my-task/list status=200 cost=12ms responseBody={"code":400,"message":"不能为null"}
2026-07-22 22:03:21.647 [http-nio-8080-exec-9] INFO  [traceId=31c5062fac0e4b409e5076af60be6525 userId= role=] com.kg.interceptor.TraceIdFilter - HTTP_REQUEST_START method=POST uri=/my-task/list query=null requestBody={"pageNum":1,"pageSize":10,"status":"1"} ip=0:0:0:0:0:0:0:1 userAgent=Mozilla/5.0 (iPhone; CPU iPhone OS 15_0 like Mac OS X) AppleWebKit/605.1.15 (KHTML, like Gecko) Version/15.0 Mobile/15E148 Safari/604.1 wechatdevtools/2.01.2510290 MicroMessenger/8.0.5 Language/zh_CN webview/ hash/597225176 sid/jAVCl7QYrr
2026-07-22 22:03:21.652 [http-nio-8080-exec-9] DEBUG [traceId=31c5062fac0e4b409e5076af60be6525 userId= role=] c.k.i.m.SysUserMapper.selectById - ==>  Preparing: SELECT id,account,name,password,role,gender,email,phone,openid,description,teacher_remark,password_update_time,class_id,status,create_by,create_time,update_by,update_time FROM sys_user WHERE id=?
2026-07-22 22:03:21.652 [http-nio-8080-exec-9] DEBUG [traceId=31c5062fac0e4b409e5076af60be6525 userId= role=] c.k.i.m.SysUserMapper.selectById - ==> Parameters: 22(Long)
2026-07-22 22:03:21.653 [http-nio-8080-exec-9] DEBUG [traceId=31c5062fac0e4b409e5076af60be6525 userId= role=] c.k.i.m.SysUserMapper.selectById - <==      Total: 1
2026-07-22 22:03:21.654 [http-nio-8080-exec-9] DEBUG [traceId=31c5062fac0e4b409e5076af60be6525 userId=22 role=3] c.k.i.mapper.MyTaskMapper.count - ==>  Preparing: SELECT COUNT(*) FROM task_user tu JOIN task t ON t.id = tu.task_id WHERE tu.user_id = ? AND tu.status IN ('1','2')
2026-07-22 22:03:21.654 [http-nio-8080-exec-9] DEBUG [traceId=31c5062fac0e4b409e5076af60be6525 userId=22 role=3] c.k.i.mapper.MyTaskMapper.count - ==> Parameters: 22(Long)
2026-07-22 22:03:21.655 [http-nio-8080-exec-9] DEBUG [traceId=31c5062fac0e4b409e5076af60be6525 userId=22 role=3] c.k.i.mapper.MyTaskMapper.count - <==      Total: 1
2026-07-22 22:03:21.655 [http-nio-8080-exec-9] DEBUG [traceId=31c5062fac0e4b409e5076af60be6525 userId=22 role=3] c.k.i.mapper.MyTaskMapper.page - ==>  Preparing: SELECT u.name AS task_create_name,t.round_no AS round_no,t.template_id AS template_id,t.id AS task_id, t.task_name, t.task_type, t.is_mandatory AS force_flag, t.task_description, t.priority, t.task_start_time AS start_time, t.task_end_time AS end_time, t.plan_id AS planId, t.plan_date AS planDate, t.is_repeat_task AS isRepeatTask, t.status AS taskStatus, tu.id AS task_user_id, tu.status, tu.total_score, tu.submit_time FROM task_user tu JOIN task t ON t.id = tu.task_id LEFT JOIN sys_user u ON u.id = t.create_by WHERE tu.user_id = ? AND tu.status IN ('1','2') ORDER BY t.create_time DESC LIMIT ?, ?
2026-07-22 22:03:21.655 [http-nio-8080-exec-9] DEBUG [traceId=31c5062fac0e4b409e5076af60be6525 userId=22 role=3] c.k.i.mapper.MyTaskMapper.page - ==> Parameters: 22(Long), 0(Integer), 10(Integer)
2026-07-22 22:03:21.656 [http-nio-8080-exec-9] DEBUG [traceId=31c5062fac0e4b409e5076af60be6525 userId=22 role=3] c.k.i.mapper.MyTaskMapper.page - <==      Total: 0
2026-07-22 22:03:21.657 [http-nio-8080-exec-9] INFO  [traceId=31c5062fac0e4b409e5076af60be6525 userId=22 role=3] com.kg.interceptor.TraceIdFilter - HTTP_REQUEST_END method=POST uri=/my-task/list status=200 cost=10ms responseBody={"code":200,"message":"查询成功","data":{"total":0,"list":[]}}
2026-07-22 22:03:22.442 [http-nio-8080-exec-1] INFO  [traceId=5cf8d5c4242e43a2acfb67ca8f1fccfb userId= role=] com.kg.interceptor.TraceIdFilter - HTTP_REQUEST_START method=POST uri=/my-task/list query=null requestBody={"pageNum":1,"pageSize":10,"status":"0"} ip=0:0:0:0:0:0:0:1 userAgent=Mozilla/5.0 (iPhone; CPU iPhone OS 15_0 like Mac OS X) AppleWebKit/605.1.15 (KHTML, like Gecko) Version/15.0 Mobile/15E148 Safari/604.1 wechatdevtools/2.01.2510290 MicroMessenger/8.0.5 Language/zh_CN webview/ hash/597225176 sid/jAVCl7QYrr
2026-07-22 22:03:22.445 [http-nio-8080-exec-1] DEBUG [traceId=5cf8d5c4242e43a2acfb67ca8f1fccfb userId= role=] c.k.i.m.SysUserMapper.selectById - ==>  Preparing: SELECT id,account,name,password,role,gender,email,phone,openid,description,teacher_remark,password_update_time,class_id,status,create_by,create_time,update_by,update_time FROM sys_user WHERE id=?
2026-07-22 22:03:22.445 [http-nio-8080-exec-1] DEBUG [traceId=5cf8d5c4242e43a2acfb67ca8f1fccfb userId= role=] c.k.i.m.SysUserMapper.selectById - ==> Parameters: 22(Long)
2026-07-22 22:03:22.446 [http-nio-8080-exec-1] DEBUG [traceId=5cf8d5c4242e43a2acfb67ca8f1fccfb userId= role=] c.k.i.m.SysUserMapper.selectById - <==      Total: 1
2026-07-22 22:03:22.447 [http-nio-8080-exec-1] DEBUG [traceId=5cf8d5c4242e43a2acfb67ca8f1fccfb userId=22 role=3] c.k.i.mapper.MyTaskMapper.count - ==>  Preparing: SELECT COUNT(*) FROM task_user tu JOIN task t ON t.id = tu.task_id WHERE tu.user_id = ? AND tu.status = '0'
2026-07-22 22:03:22.447 [http-nio-8080-exec-1] DEBUG [traceId=5cf8d5c4242e43a2acfb67ca8f1fccfb userId=22 role=3] c.k.i.mapper.MyTaskMapper.count - ==> Parameters: 22(Long)
2026-07-22 22:03:22.448 [http-nio-8080-exec-1] DEBUG [traceId=5cf8d5c4242e43a2acfb67ca8f1fccfb userId=22 role=3] c.k.i.mapper.MyTaskMapper.count - <==      Total: 1
2026-07-22 22:03:22.448 [http-nio-8080-exec-1] DEBUG [traceId=5cf8d5c4242e43a2acfb67ca8f1fccfb userId=22 role=3] c.k.i.mapper.MyTaskMapper.page - ==>  Preparing: SELECT u.name AS task_create_name,t.round_no AS round_no,t.template_id AS template_id,t.id AS task_id, t.task_name, t.task_type, t.is_mandatory AS force_flag, t.task_description, t.priority, t.task_start_time AS start_time, t.task_end_time AS end_time, t.plan_id AS planId, t.plan_date AS planDate, t.is_repeat_task AS isRepeatTask, t.status AS taskStatus, tu.id AS task_user_id, tu.status, tu.total_score, tu.submit_time FROM task_user tu JOIN task t ON t.id = tu.task_id LEFT JOIN sys_user u ON u.id = t.create_by WHERE tu.user_id = ? AND tu.status = '0' ORDER BY t.create_time DESC LIMIT ?, ?
2026-07-22 22:03:22.448 [http-nio-8080-exec-1] DEBUG [traceId=5cf8d5c4242e43a2acfb67ca8f1fccfb userId=22 role=3] c.k.i.mapper.MyTaskMapper.page - ==> Parameters: 22(Long), 0(Integer), 10(Integer)
2026-07-22 22:03:22.449 [http-nio-8080-exec-1] DEBUG [traceId=5cf8d5c4242e43a2acfb67ca8f1fccfb userId=22 role=3] c.k.i.mapper.MyTaskMapper.page - <==      Total: 0
2026-07-22 22:03:22.450 [http-nio-8080-exec-1] INFO  [traceId=5cf8d5c4242e43a2acfb67ca8f1fccfb userId=22 role=3] com.kg.interceptor.TraceIdFilter - HTTP_REQUEST_END method=POST uri=/my-task/list status=200 cost=8ms responseBody={"code":200,"message":"查询成功","data":{"total":0,"list":[]}}
2026-07-22 22:03:23.305 [http-nio-8080-exec-10] INFO  [traceId=a309c3ef375044468a8554dd9946cfa7 userId= role=] com.kg.interceptor.TraceIdFilter - HTTP_REQUEST_START method=POST uri=/my-task/list query=null requestBody={"pageNum":1,"pageSize":10,"status":"1"} ip=0:0:0:0:0:0:0:1 userAgent=Mozilla/5.0 (iPhone; CPU iPhone OS 15_0 like Mac OS X) AppleWebKit/605.1.15 (KHTML, like Gecko) Version/15.0 Mobile/15E148 Safari/604.1 wechatdevtools/2.01.2510290 MicroMessenger/8.0.5 Language/zh_CN webview/ hash/597225176 sid/jAVCl7QYrr
2026-07-22 22:03:23.310 [http-nio-8080-exec-10] DEBUG [traceId=a309c3ef375044468a8554dd9946cfa7 userId= role=] c.k.i.m.SysUserMapper.selectById - ==>  Preparing: SELECT id,account,name,password,role,gender,email,phone,openid,description,teacher_remark,password_update_time,class_id,status,create_by,create_time,update_by,update_time FROM sys_user WHERE id=?
2026-07-22 22:03:23.310 [http-nio-8080-exec-10] DEBUG [traceId=a309c3ef375044468a8554dd9946cfa7 userId= role=] c.k.i.m.SysUserMapper.selectById - ==> Parameters: 22(Long)
2026-07-22 22:03:23.310 [http-nio-8080-exec-10] DEBUG [traceId=a309c3ef375044468a8554dd9946cfa7 userId= role=] c.k.i.m.SysUserMapper.selectById - <==      Total: 1
2026-07-22 22:03:23.311 [http-nio-8080-exec-10] DEBUG [traceId=a309c3ef375044468a8554dd9946cfa7 userId=22 role=3] c.k.i.mapper.MyTaskMapper.count - ==>  Preparing: SELECT COUNT(*) FROM task_user tu JOIN task t ON t.id = tu.task_id WHERE tu.user_id = ? AND tu.status IN ('1','2')
2026-07-22 22:03:23.311 [http-nio-8080-exec-10] DEBUG [traceId=a309c3ef375044468a8554dd9946cfa7 userId=22 role=3] c.k.i.mapper.MyTaskMapper.count - ==> Parameters: 22(Long)
2026-07-22 22:03:23.312 [http-nio-8080-exec-10] DEBUG [traceId=a309c3ef375044468a8554dd9946cfa7 userId=22 role=3] c.k.i.mapper.MyTaskMapper.count - <==      Total: 1
2026-07-22 22:03:23.312 [http-nio-8080-exec-10] DEBUG [traceId=a309c3ef375044468a8554dd9946cfa7 userId=22 role=3] c.k.i.mapper.MyTaskMapper.page - ==>  Preparing: SELECT u.name AS task_create_name,t.round_no AS round_no,t.template_id AS template_id,t.id AS task_id, t.task_name, t.task_type, t.is_mandatory AS force_flag, t.task_description, t.priority, t.task_start_time AS start_time, t.task_end_time AS end_time, t.plan_id AS planId, t.plan_date AS planDate, t.is_repeat_task AS isRepeatTask, t.status AS taskStatus, tu.id AS task_user_id, tu.status, tu.total_score, tu.submit_time FROM task_user tu JOIN task t ON t.id = tu.task_id LEFT JOIN sys_user u ON u.id = t.create_by WHERE tu.user_id = ? AND tu.status IN ('1','2') ORDER BY t.create_time DESC LIMIT ?, ?
2026-07-22 22:03:23.312 [http-nio-8080-exec-10] DEBUG [traceId=a309c3ef375044468a8554dd9946cfa7 userId=22 role=3] c.k.i.mapper.MyTaskMapper.page - ==> Parameters: 22(Long), 0(Integer), 10(Integer)
2026-07-22 22:03:23.313 [http-nio-8080-exec-10] DEBUG [traceId=a309c3ef375044468a8554dd9946cfa7 userId=22 role=3] c.k.i.mapper.MyTaskMapper.page - <==      Total: 0
2026-07-22 22:03:23.314 [http-nio-8080-exec-10] INFO  [traceId=a309c3ef375044468a8554dd9946cfa7 userId=22 role=3] com.kg.interceptor.TraceIdFilter - HTTP_REQUEST_END method=POST uri=/my-task/list status=200 cost=9ms responseBody={"code":200,"message":"查询成功","data":{"total":0,"list":[]}}
2026-07-22 22:03:24.683 [http-nio-8080-exec-4] INFO  [traceId=27a82c0366944f1a879c1ba6f6f630ab userId= role=] com.kg.interceptor.TraceIdFilter - HTTP_REQUEST_START method=POST uri=/my-task/list query=null requestBody={"pageNum":1,"pageSize":10,"status":"0"} ip=0:0:0:0:0:0:0:1 userAgent=Mozilla/5.0 (iPhone; CPU iPhone OS 15_0 like Mac OS X) AppleWebKit/605.1.15 (KHTML, like Gecko) Version/15.0 Mobile/15E148 Safari/604.1 wechatdevtools/2.01.2510290 MicroMessenger/8.0.5 Language/zh_CN webview/ hash/597225176 sid/jAVCl7QYrr
2026-07-22 22:03:24.686 [http-nio-8080-exec-4] DEBUG [traceId=27a82c0366944f1a879c1ba6f6f630ab userId= role=] c.k.i.m.SysUserMapper.selectById - ==>  Preparing: SELECT id,account,name,password,role,gender,email,phone,openid,description,teacher_remark,password_update_time,class_id,status,create_by,create_time,update_by,update_time FROM sys_user WHERE id=?
2026-07-22 22:03:24.686 [http-nio-8080-exec-4] DEBUG [traceId=27a82c0366944f1a879c1ba6f6f630ab userId= role=] c.k.i.m.SysUserMapper.selectById - ==> Parameters: 22(Long)
2026-07-22 22:03:24.687 [http-nio-8080-exec-4] DEBUG [traceId=27a82c0366944f1a879c1ba6f6f630ab userId= role=] c.k.i.m.SysUserMapper.selectById - <==      Total: 1
2026-07-22 22:03:24.688 [http-nio-8080-exec-4] DEBUG [traceId=27a82c0366944f1a879c1ba6f6f630ab userId=22 role=3] c.k.i.mapper.MyTaskMapper.count - ==>  Preparing: SELECT COUNT(*) FROM task_user tu JOIN task t ON t.id = tu.task_id WHERE tu.user_id = ? AND tu.status = '0'
2026-07-22 22:03:24.688 [http-nio-8080-exec-4] DEBUG [traceId=27a82c0366944f1a879c1ba6f6f630ab userId=22 role=3] c.k.i.mapper.MyTaskMapper.count - ==> Parameters: 22(Long)
2026-07-22 22:03:24.689 [http-nio-8080-exec-4] DEBUG [traceId=27a82c0366944f1a879c1ba6f6f630ab userId=22 role=3] c.k.i.mapper.MyTaskMapper.count - <==      Total: 1
2026-07-22 22:03:24.689 [http-nio-8080-exec-4] DEBUG [traceId=27a82c0366944f1a879c1ba6f6f630ab userId=22 role=3] c.k.i.mapper.MyTaskMapper.page - ==>  Preparing: SELECT u.name AS task_create_name,t.round_no AS round_no,t.template_id AS template_id,t.id AS task_id, t.task_name, t.task_type, t.is_mandatory AS force_flag, t.task_description, t.priority, t.task_start_time AS start_time, t.task_end_time AS end_time, t.plan_id AS planId, t.plan_date AS planDate, t.is_repeat_task AS isRepeatTask, t.status AS taskStatus, tu.id AS task_user_id, tu.status, tu.total_score, tu.submit_time FROM task_user tu JOIN task t ON t.id = tu.task_id LEFT JOIN sys_user u ON u.id = t.create_by WHERE tu.user_id = ? AND tu.status = '0' ORDER BY t.create_time DESC LIMIT ?, ?
2026-07-22 22:03:24.689 [http-nio-8080-exec-4] DEBUG [traceId=27a82c0366944f1a879c1ba6f6f630ab userId=22 role=3] c.k.i.mapper.MyTaskMapper.page - ==> Parameters: 22(Long), 0(Integer), 10(Integer)
2026-07-22 22:03:24.690 [http-nio-8080-exec-4] DEBUG [traceId=27a82c0366944f1a879c1ba6f6f630ab userId=22 role=3] c.k.i.mapper.MyTaskMapper.page - <==      Total: 0
2026-07-22 22:03:24.691 [http-nio-8080-exec-4] INFO  [traceId=27a82c0366944f1a879c1ba6f6f630ab userId=22 role=3] com.kg.interceptor.TraceIdFilter - HTTP_REQUEST_END method=POST uri=/my-task/list status=200 cost=9ms responseBody={"code":200,"message":"查询成功","data":{"total":0,"list":[]}}
2026-07-22 22:03:25.557 [http-nio-8080-exec-6] INFO  [traceId=3fd44a24d0254cbfa3ad74e5a0031efc userId= role=] com.kg.interceptor.TraceIdFilter - HTTP_REQUEST_START method=GET uri=/home/student/stat query=null requestBody= ip=0:0:0:0:0:0:0:1 userAgent=Mozilla/5.0 (iPhone; CPU iPhone OS 15_0 like Mac OS X) AppleWebKit/605.1.15 (KHTML, like Gecko) Version/15.0 Mobile/15E148 Safari/604.1 wechatdevtools/2.01.2510290 MicroMessenger/8.0.5 Language/zh_CN webview/ hash/597225176 sid/jAVCl7QYrr
2026-07-22 22:03:25.560 [http-nio-8080-exec-6] DEBUG [traceId=3fd44a24d0254cbfa3ad74e5a0031efc userId= role=] c.k.i.m.SysUserMapper.selectById - ==>  Preparing: SELECT id,account,name,password,role,gender,email,phone,openid,description,teacher_remark,password_update_time,class_id,status,create_by,create_time,update_by,update_time FROM sys_user WHERE id=?
2026-07-22 22:03:25.561 [http-nio-8080-exec-6] DEBUG [traceId=3fd44a24d0254cbfa3ad74e5a0031efc userId= role=] c.k.i.m.SysUserMapper.selectById - ==> Parameters: 22(Long)
2026-07-22 22:03:25.562 [http-nio-8080-exec-6] DEBUG [traceId=3fd44a24d0254cbfa3ad74e5a0031efc userId= role=] c.k.i.m.SysUserMapper.selectById - <==      Total: 1
2026-07-22 22:03:25.562 [http-nio-8080-exec-6] DEBUG [traceId=3fd44a24d0254cbfa3ad74e5a0031efc userId=22 role=3] c.k.i.m.H.countTodoForStudent - ==>  Preparing: SELECT COUNT(*) FROM task_user WHERE user_id = ? AND status = '0'
2026-07-22 22:03:25.562 [http-nio-8080-exec-6] DEBUG [traceId=3fd44a24d0254cbfa3ad74e5a0031efc userId=22 role=3] c.k.i.m.H.countTodoForStudent - ==> Parameters: 22(Long)
2026-07-22 22:03:25.562 [http-nio-8080-exec-6] DEBUG [traceId=3fd44a24d0254cbfa3ad74e5a0031efc userId=22 role=3] c.k.i.m.H.countTodoForStudent - <==      Total: 1
2026-07-22 22:03:25.563 [http-nio-8080-exec-6] DEBUG [traceId=3fd44a24d0254cbfa3ad74e5a0031efc userId=22 role=3] c.k.i.m.H.countCompletedForStudent - ==>  Preparing: SELECT COUNT(*) FROM task_user WHERE user_id = ? AND status IN ('1','2')
2026-07-22 22:03:25.563 [http-nio-8080-exec-6] DEBUG [traceId=3fd44a24d0254cbfa3ad74e5a0031efc userId=22 role=3] c.k.i.m.H.countCompletedForStudent - ==> Parameters: 22(Long)
2026-07-22 22:03:25.563 [http-nio-8080-exec-6] DEBUG [traceId=3fd44a24d0254cbfa3ad74e5a0031efc userId=22 role=3] c.k.i.m.H.countCompletedForStudent - <==      Total: 1
2026-07-22 22:03:25.563 [http-nio-8080-exec-6] DEBUG [traceId=3fd44a24d0254cbfa3ad74e5a0031efc userId=22 role=3] c.k.i.m.H.nearEndTop3ForStudent - ==>  Preparing: SELECT t.id AS task_id, t.task_name, t.task_end_time AS end_time FROM task_user tu JOIN task t ON t.id = tu.task_id WHERE tu.user_id = ? AND tu.status = '0' ORDER BY t.task_end_time ASC LIMIT 3
2026-07-22 22:03:25.563 [http-nio-8080-exec-6] DEBUG [traceId=3fd44a24d0254cbfa3ad74e5a0031efc userId=22 role=3] c.k.i.m.H.nearEndTop3ForStudent - ==> Parameters: 22(Long)
2026-07-22 22:03:25.564 [http-nio-8080-exec-6] DEBUG [traceId=3fd44a24d0254cbfa3ad74e5a0031efc userId=22 role=3] c.k.i.m.H.nearEndTop3ForStudent - <==      Total: 0
2026-07-22 22:03:25.564 [http-nio-8080-exec-6] INFO  [traceId=3fd44a24d0254cbfa3ad74e5a0031efc userId=22 role=3] com.kg.interceptor.TraceIdFilter - HTTP_REQUEST_END method=GET uri=/home/student/stat status=200 cost=7ms responseBody={"code":200,"message":"查询成功","data":{"todoTaskCount":0,"completedTaskCount":0,"nearEndTasks":[]}}
2026-07-22 22:03:25.565 [http-nio-8080-exec-7] INFO  [traceId=97039eccd62a43209d16054f6aacf86e userId= role=] com.kg.interceptor.TraceIdFilter - HTTP_REQUEST_START method=GET uri=/student/checkin/stat query=null requestBody= ip=0:0:0:0:0:0:0:1 userAgent=Mozilla/5.0 (iPhone; CPU iPhone OS 15_0 like Mac OS X) AppleWebKit/605.1.15 (KHTML, like Gecko) Version/15.0 Mobile/15E148 Safari/604.1 wechatdevtools/2.01.2510290 MicroMessenger/8.0.5 Language/zh_CN webview/ hash/597225176 sid/jAVCl7QYrr
2026-07-22 22:03:25.569 [http-nio-8080-exec-7] DEBUG [traceId=97039eccd62a43209d16054f6aacf86e userId= role=] c.k.i.m.SysUserMapper.selectById - ==>  Preparing: SELECT id,account,name,password,role,gender,email,phone,openid,description,teacher_remark,password_update_time,class_id,status,create_by,create_time,update_by,update_time FROM sys_user WHERE id=?
2026-07-22 22:03:25.569 [http-nio-8080-exec-7] DEBUG [traceId=97039eccd62a43209d16054f6aacf86e userId= role=] c.k.i.m.SysUserMapper.selectById - ==> Parameters: 22(Long)
2026-07-22 22:03:25.570 [http-nio-8080-exec-7] DEBUG [traceId=97039eccd62a43209d16054f6aacf86e userId= role=] c.k.i.m.SysUserMapper.selectById - <==      Total: 1
2026-07-22 22:03:25.570 [http-nio-8080-exec-7] DEBUG [traceId=97039eccd62a43209d16054f6aacf86e userId=22 role=3] c.k.i.m.S.findCheckinDates - ==>  Preparing: SELECT DISTINCT DATE(t.task_start_time) AS checkinDate FROM task_user tu JOIN task t ON t.id = tu.task_id WHERE tu.user_id = ? AND t.task_type = ? AND tu.status = '1' ORDER BY checkinDate DESC
2026-07-22 22:03:25.570 [http-nio-8080-exec-7] DEBUG [traceId=97039eccd62a43209d16054f6aacf86e userId=22 role=3] c.k.i.m.S.findCheckinDates - ==> Parameters: 22(Long), 2(String)
2026-07-22 22:03:25.571 [http-nio-8080-exec-7] DEBUG [traceId=97039eccd62a43209d16054f6aacf86e userId=22 role=3] c.k.i.m.S.findCheckinDates - <==      Total: 0
2026-07-22 22:03:25.571 [http-nio-8080-exec-7] INFO  [traceId=97039eccd62a43209d16054f6aacf86e userId=22 role=3] com.kg.interceptor.TraceIdFilter - HTTP_REQUEST_END method=GET uri=/student/checkin/stat status=200 cost=6ms responseBody={"code":200,"message":"查询成功","data":{"continuousDays":0,"monthCheckinCount":0,"todayChecked":false}}
2026-07-22 22:03:30.610 [http-nio-8080-exec-5] INFO  [traceId=b5c0002ec1e2469c9bc5fccf37852dfd userId= role=] com.kg.interceptor.TraceIdFilter - HTTP_REQUEST_START method=POST uri=/student/page query=null requestBody={"pageNum":1,"pageSize":10} ip=0:0:0:0:0:0:0:1 userAgent=Mozilla/5.0 (Windows NT 10.0; Win64; x64) AppleWebKit/537.36 (KHTML, like Gecko) Chrome/123.0.0.0 Safari/537.36
2026-07-22 22:03:30.610 [http-nio-8080-exec-3] INFO  [traceId=94fd164ebb4c417783ee0499b99244fc userId= role=] com.kg.interceptor.TraceIdFilter - HTTP_REQUEST_START method=GET uri=/class/options query=null requestBody= ip=0:0:0:0:0:0:0:1 userAgent=Mozilla/5.0 (Windows NT 10.0; Win64; x64) AppleWebKit/537.36 (KHTML, like Gecko) Chrome/123.0.0.0 Safari/537.36
2026-07-22 22:03:30.610 [http-nio-8080-exec-2] INFO  [traceId=21e7a8b73ac94181b3bdb40343dabaf3 userId= role=] com.kg.interceptor.TraceIdFilter - HTTP_REQUEST_START method=GET uri=/dict/ROLE query=null requestBody= ip=0:0:0:0:0:0:0:1 userAgent=Mozilla/5.0 (Windows NT 10.0; Win64; x64) AppleWebKit/537.36 (KHTML, like Gecko) Chrome/123.0.0.0 Safari/537.36
2026-07-22 22:03:30.610 [http-nio-8080-exec-8] INFO  [traceId=7e03dcbbeb9d4c5a91435a714190ec03 userId= role=] com.kg.interceptor.TraceIdFilter - HTTP_REQUEST_START method=GET uri=/dict/group/task_type query=null requestBody= ip=0:0:0:0:0:0:0:1 userAgent=Mozilla/5.0 (Windows NT 10.0; Win64; x64) AppleWebKit/537.36 (KHTML, like Gecko) Chrome/123.0.0.0 Safari/537.36
2026-07-22 22:03:30.613 [http-nio-8080-exec-8] DEBUG [traceId=7e03dcbbeb9d4c5a91435a714190ec03 userId= role=] c.k.i.m.SysUserMapper.selectById - ==>  Preparing: SELECT id,account,name,password,role,gender,email,phone,openid,description,teacher_remark,password_update_time,class_id,status,create_by,create_time,update_by,update_time FROM sys_user WHERE id=?
2026-07-22 22:03:30.613 [http-nio-8080-exec-3] DEBUG [traceId=94fd164ebb4c417783ee0499b99244fc userId= role=] c.k.i.m.SysUserMapper.selectById - ==>  Preparing: SELECT id,account,name,password,role,gender,email,phone,openid,description,teacher_remark,password_update_time,class_id,status,create_by,create_time,update_by,update_time FROM sys_user WHERE id=?
2026-07-22 22:03:30.613 [http-nio-8080-exec-2] DEBUG [traceId=21e7a8b73ac94181b3bdb40343dabaf3 userId= role=] c.k.i.m.SysUserMapper.selectById - ==>  Preparing: SELECT id,account,name,password,role,gender,email,phone,openid,description,teacher_remark,password_update_time,class_id,status,create_by,create_time,update_by,update_time FROM sys_user WHERE id=?
2026-07-22 22:03:30.613 [http-nio-8080-exec-5] DEBUG [traceId=b5c0002ec1e2469c9bc5fccf37852dfd userId= role=] c.k.i.m.SysUserMapper.selectById - ==>  Preparing: SELECT id,account,name,password,role,gender,email,phone,openid,description,teacher_remark,password_update_time,class_id,status,create_by,create_time,update_by,update_time FROM sys_user WHERE id=?
2026-07-22 22:03:30.613 [http-nio-8080-exec-3] DEBUG [traceId=94fd164ebb4c417783ee0499b99244fc userId= role=] c.k.i.m.SysUserMapper.selectById - ==> Parameters: 21(Long)
2026-07-22 22:03:30.613 [http-nio-8080-exec-8] DEBUG [traceId=7e03dcbbeb9d4c5a91435a714190ec03 userId= role=] c.k.i.m.SysUserMapper.selectById - ==> Parameters: 21(Long)
2026-07-22 22:03:30.613 [http-nio-8080-exec-5] DEBUG [traceId=b5c0002ec1e2469c9bc5fccf37852dfd userId= role=] c.k.i.m.SysUserMapper.selectById - ==> Parameters: 21(Long)
2026-07-22 22:03:30.613 [http-nio-8080-exec-2] DEBUG [traceId=21e7a8b73ac94181b3bdb40343dabaf3 userId= role=] c.k.i.m.SysUserMapper.selectById - ==> Parameters: 21(Long)
2026-07-22 22:03:30.613 [http-nio-8080-exec-8] DEBUG [traceId=7e03dcbbeb9d4c5a91435a714190ec03 userId= role=] c.k.i.m.SysUserMapper.selectById - <==      Total: 1
2026-07-22 22:03:30.613 [http-nio-8080-exec-3] DEBUG [traceId=94fd164ebb4c417783ee0499b99244fc userId= role=] c.k.i.m.SysUserMapper.selectById - <==      Total: 1
2026-07-22 22:03:30.613 [http-nio-8080-exec-2] DEBUG [traceId=21e7a8b73ac94181b3bdb40343dabaf3 userId= role=] c.k.i.m.SysUserMapper.selectById - <==      Total: 1
2026-07-22 22:03:30.613 [http-nio-8080-exec-5] DEBUG [traceId=b5c0002ec1e2469c9bc5fccf37852dfd userId= role=] c.k.i.m.SysUserMapper.selectById - <==      Total: 1
2026-07-22 22:03:30.617 [http-nio-8080-exec-2] DEBUG [traceId=21e7a8b73ac94181b3bdb40343dabaf3 userId=21 role=1] c.k.i.mapper.DictMapper.selectList - ==>  Preparing: SELECT id,dict_code,dict_name,dict_label,dict_value,display_color,sort_no,status,create_by,create_time,update_by,update_time FROM sys_dict WHERE (dict_code = ? AND status = ?) ORDER BY sort_no ASC
2026-07-22 22:03:30.618 [http-nio-8080-exec-3] DEBUG [traceId=94fd164ebb4c417783ee0499b99244fc userId=21 role=1] c.k.i.m.ClassInfoMapper.selectList - ==>  Preparing: SELECT id,class_name,description,status,create_by,create_time,update_by,update_time FROM class_info WHERE (status = ?) ORDER BY class_name ASC
2026-07-22 22:03:30.618 [http-nio-8080-exec-8] DEBUG [traceId=7e03dcbbeb9d4c5a91435a714190ec03 userId=21 role=1] c.k.i.mapper.DictMapper.selectList - ==>  Preparing: SELECT id,dict_code,dict_name,dict_label,dict_value,display_color,sort_no,status,create_by,create_time,update_by,update_time FROM sys_dict WHERE (dict_code = ?) ORDER BY sort_no ASC
2026-07-22 22:03:30.617 [http-nio-8080-exec-5] DEBUG [traceId=b5c0002ec1e2469c9bc5fccf37852dfd userId=21 role=1] c.k.i.m.SysUserMapper.selectCount - ==>  Preparing: SELECT COUNT( * ) AS total FROM sys_user WHERE (role IN (?,?,?))
2026-07-22 22:03:30.618 [http-nio-8080-exec-3] DEBUG [traceId=94fd164ebb4c417783ee0499b99244fc userId=21 role=1] c.k.i.m.ClassInfoMapper.selectList - ==> Parameters: 1(Integer)
2026-07-22 22:03:30.618 [http-nio-8080-exec-5] DEBUG [traceId=b5c0002ec1e2469c9bc5fccf37852dfd userId=21 role=1] c.k.i.m.SysUserMapper.selectCount - ==> Parameters: 1(String), 2(String), 3(String)
2026-07-22 22:03:30.618 [http-nio-8080-exec-2] DEBUG [traceId=21e7a8b73ac94181b3bdb40343dabaf3 userId=21 role=1] c.k.i.mapper.DictMapper.selectList - ==> Parameters: ROLE(String), 1(Integer)
2026-07-22 22:03:30.618 [http-nio-8080-exec-8] DEBUG [traceId=7e03dcbbeb9d4c5a91435a714190ec03 userId=21 role=1] c.k.i.mapper.DictMapper.selectList - ==> Parameters: task_type(String)
2026-07-22 22:03:30.619 [http-nio-8080-exec-5] DEBUG [traceId=b5c0002ec1e2469c9bc5fccf37852dfd userId=21 role=1] c.k.i.m.SysUserMapper.selectCount - <==      Total: 1
2026-07-22 22:03:30.619 [http-nio-8080-exec-2] DEBUG [traceId=21e7a8b73ac94181b3bdb40343dabaf3 userId=21 role=1] c.k.i.mapper.DictMapper.selectList - <==      Total: 3
2026-07-22 22:03:30.619 [http-nio-8080-exec-3] DEBUG [traceId=94fd164ebb4c417783ee0499b99244fc userId=21 role=1] c.k.i.m.ClassInfoMapper.selectList - <==      Total: 3
2026-07-22 22:03:30.619 [http-nio-8080-exec-8] DEBUG [traceId=7e03dcbbeb9d4c5a91435a714190ec03 userId=21 role=1] c.k.i.mapper.DictMapper.selectList - <==      Total: 4
2026-07-22 22:03:30.620 [http-nio-8080-exec-2] INFO  [traceId=21e7a8b73ac94181b3bdb40343dabaf3 userId=21 role=1] com.kg.interceptor.TraceIdFilter - HTTP_REQUEST_END method=GET uri=/dict/ROLE status=200 cost=11ms responseBody={"code":200,"message":"查询成功","data":[{"value":"1","label":"老师"},{"value":"2","label":"班长"},{"value":"3","label":"学生"}]}
2026-07-22 22:03:30.620 [http-nio-8080-exec-8] INFO  [traceId=7e03dcbbeb9d4c5a91435a714190ec03 userId=21 role=1] com.kg.interceptor.TraceIdFilter - HTTP_REQUEST_END method=GET uri=/dict/group/task_type status=200 cost=11ms responseBody={"code":200,"message":"查询成功","data":{"dictCode":"task_type","dictName":"任务类型","items":[{"dictValue":"0","dictLabel":"刷题","sortNo":0,"status":1,"displayColor":"#ff6f00"},{"dictValue":"1","dictLabel":"学习","sortNo":1,"status":1,"displayColor":"#f7ff00"},{"dictValue":"2","dictLabel":"打卡","sortNo":2,"status":1,"displayColor":"#66ff00"},{"dictValue":"3","dictLabel":"每日复盘","sortNo":3,"status":1,"displayColor":"#00bfff"}]}}
2026-07-22 22:03:30.620 [http-nio-8080-exec-3] INFO  [traceId=94fd164ebb4c417783ee0499b99244fc userId=21 role=1] com.kg.interceptor.TraceIdFilter - HTTP_REQUEST_END method=GET uri=/class/options status=200 cost=11ms responseBody={"code":200,"message":"查询成功","data":[{"id":8,"className":"1班"},{"id":9,"className":"2班"},{"id":10,"className":"线上学习1班"}]}
2026-07-22 22:03:30.620 [http-nio-8080-exec-5] DEBUG [traceId=b5c0002ec1e2469c9bc5fccf37852dfd userId=21 role=1] c.k.i.m.SysUserMapper.selectList - ==>  Preparing: SELECT id,account,name,password,role,gender,email,phone,openid,description,teacher_remark,password_update_time,class_id,status,create_by,create_time,update_by,update_time FROM sys_user WHERE (role IN (?,?,?)) ORDER BY id DESC LIMIT 0,10
2026-07-22 22:03:30.621 [http-nio-8080-exec-5] DEBUG [traceId=b5c0002ec1e2469c9bc5fccf37852dfd userId=21 role=1] c.k.i.m.SysUserMapper.selectList - ==> Parameters: 1(String), 2(String), 3(String)
2026-07-22 22:03:30.622 [http-nio-8080-exec-5] DEBUG [traceId=b5c0002ec1e2469c9bc5fccf37852dfd userId=21 role=1] c.k.i.m.SysUserMapper.selectList - <==      Total: 10
2026-07-22 22:03:30.623 [http-nio-8080-exec-5] INFO  [traceId=b5c0002ec1e2469c9bc5fccf37852dfd userId=21 role=1] com.kg.interceptor.TraceIdFilter - HTTP_REQUEST_END method=POST uri=/student/page status=200 cost=14ms responseBody={"code":200,"message":"查询成功","data":{"total":13,"list":[{"id":33,"name":"五四","role":"3","phone":"18135257653","classId":10,"gender":1,"email":"","status":1,"teacherRemark":"此人资料分析很强","createTime":"2026-07-02 17:26:00"},{"id":32,"name":"11","role":"3","phone":"123","classId":8,"gender":1,"email":"","status":1,"teacherRemark":null,"createTime":"2026-06-12 23:07:07"},{"id":31,"name":"11","role":"3","phone":"111122223333","classId":8,"gender":1,"email":"","status":1,"teacherRemark":null,"createTime":"2026-06-12 23:00:58"},{"id":30,"name":"测试新增用户任务","role":"3","phone":"13233571111","classId":8,"gender":1,"email":"","status":1,"teacherRemark":null,"createTime":"2026-06-12 22:58:24"},{"id":29,"name":"杨少伟","role":"2","phone":"18295917653","classId":8,"gender":1,"email":"2739244843@qq.com","status":1,"teacherRemark":"资料不行","createTime":"2026-06-08 10:51:02"},{"id":28,"name":"赵八","role":"2","phone":"17200615566","classId":8,"gender":1,"email":"","status":1,"teacherRemark":null,"createTime":"2026-06-01 00:25:25"},{"id":27,"name":"赵七","role":"2","phone":"17200615565","classId":null,"gender":1,"email":null,"status":1,"teacherRemark":null,"createTime":"2026-06-01 00:22:14"},{"id":26,"name":"赵六","role":"2","phone":"17200615564","classId":9,"gender":1,"email":null,"status":1,"teacherRemark":null,"createTime":"2026-06-01 00:14:23"},{"id":25,"name":"王五","role":"3","phone":"17200615560","classId":8,"gender":1,"email":"","status":1,"teacherRemark":"这是老师的备注","createTime":"2026-06-01 00:13:01"},{"id":24,"name":"李四","role":"3","phone":"17200615561","classId":9,"gender":2,"email":"","status":1,"teacherRemark":null,"createTime":"2026-06-01 00:12:50"}]}}
2026-07-22 22:03:34.539 [http-nio-8080-exec-9] INFO  [traceId=039a151caf86412d807cf454a3bc2712 userId= role=] com.kg.interceptor.TraceIdFilter - HTTP_REQUEST_START method=GET uri=/dict/group/task_type query=null requestBody= ip=0:0:0:0:0:0:0:1 userAgent=Mozilla/5.0 (Windows NT 10.0; Win64; x64) AppleWebKit/537.36 (KHTML, like Gecko) Chrome/123.0.0.0 Safari/537.36
2026-07-22 22:03:34.542 [http-nio-8080-exec-9] DEBUG [traceId=039a151caf86412d807cf454a3bc2712 userId= role=] c.k.i.m.SysUserMapper.selectById - ==>  Preparing: SELECT id,account,name,password,role,gender,email,phone,openid,description,teacher_remark,password_update_time,class_id,status,create_by,create_time,update_by,update_time FROM sys_user WHERE id=?
2026-07-22 22:03:34.543 [http-nio-8080-exec-9] DEBUG [traceId=039a151caf86412d807cf454a3bc2712 userId= role=] c.k.i.m.SysUserMapper.selectById - ==> Parameters: 21(Long)
2026-07-22 22:03:34.543 [http-nio-8080-exec-9] DEBUG [traceId=039a151caf86412d807cf454a3bc2712 userId= role=] c.k.i.m.SysUserMapper.selectById - <==      Total: 1
2026-07-22 22:03:34.545 [http-nio-8080-exec-9] DEBUG [traceId=039a151caf86412d807cf454a3bc2712 userId=21 role=1] c.k.i.mapper.DictMapper.selectList - ==>  Preparing: SELECT id,dict_code,dict_name,dict_label,dict_value,display_color,sort_no,status,create_by,create_time,update_by,update_time FROM sys_dict WHERE (dict_code = ?) ORDER BY sort_no ASC
2026-07-22 22:03:34.545 [http-nio-8080-exec-9] DEBUG [traceId=039a151caf86412d807cf454a3bc2712 userId=21 role=1] c.k.i.mapper.DictMapper.selectList - ==> Parameters: task_type(String)
2026-07-22 22:03:34.547 [http-nio-8080-exec-9] DEBUG [traceId=039a151caf86412d807cf454a3bc2712 userId=21 role=1] c.k.i.mapper.DictMapper.selectList - <==      Total: 4
2026-07-22 22:03:34.548 [http-nio-8080-exec-9] INFO  [traceId=039a151caf86412d807cf454a3bc2712 userId=21 role=1] com.kg.interceptor.TraceIdFilter - HTTP_REQUEST_END method=GET uri=/dict/group/task_type status=200 cost=9ms responseBody={"code":200,"message":"查询成功","data":{"dictCode":"task_type","dictName":"任务类型","items":[{"dictValue":"0","dictLabel":"刷题","sortNo":0,"status":1,"displayColor":"#ff6f00"},{"dictValue":"1","dictLabel":"学习","sortNo":1,"status":1,"displayColor":"#f7ff00"},{"dictValue":"2","dictLabel":"打卡","sortNo":2,"status":1,"displayColor":"#66ff00"},{"dictValue":"3","dictLabel":"每日复盘","sortNo":3,"status":1,"displayColor":"#00bfff"}]}}
2026-07-22 22:03:34.562 [http-nio-8080-exec-1] INFO  [traceId=ec45bacea07c43cf97e3c32c9b45313f userId= role=] com.kg.interceptor.TraceIdFilter - HTTP_REQUEST_START method=POST uri=/task-template/page query=null requestBody={"pageNum":1,"pageSize":10} ip=0:0:0:0:0:0:0:1 userAgent=Mozilla/5.0 (Windows NT 10.0; Win64; x64) AppleWebKit/537.36 (KHTML, like Gecko) Chrome/123.0.0.0 Safari/537.36
2026-07-22 22:03:34.566 [http-nio-8080-exec-1] DEBUG [traceId=ec45bacea07c43cf97e3c32c9b45313f userId= role=] c.k.i.m.SysUserMapper.selectById - ==>  Preparing: SELECT id,account,name,password,role,gender,email,phone,openid,description,teacher_remark,password_update_time,class_id,status,create_by,create_time,update_by,update_time FROM sys_user WHERE id=?
2026-07-22 22:03:34.566 [http-nio-8080-exec-1] DEBUG [traceId=ec45bacea07c43cf97e3c32c9b45313f userId= role=] c.k.i.m.SysUserMapper.selectById - ==> Parameters: 21(Long)
2026-07-22 22:03:34.567 [http-nio-8080-exec-1] DEBUG [traceId=ec45bacea07c43cf97e3c32c9b45313f userId= role=] c.k.i.m.SysUserMapper.selectById - <==      Total: 1
2026-07-22 22:03:34.576 [http-nio-8080-exec-1] DEBUG [traceId=ec45bacea07c43cf97e3c32c9b45313f userId=21 role=1] c.k.i.m.T.selectCount - ==>  Preparing: SELECT COUNT( * ) AS total FROM task_template
2026-07-22 22:03:34.576 [http-nio-8080-exec-1] DEBUG [traceId=ec45bacea07c43cf97e3c32c9b45313f userId=21 role=1] c.k.i.m.T.selectCount - ==> Parameters: 
2026-07-22 22:03:34.577 [http-nio-8080-exec-1] DEBUG [traceId=ec45bacea07c43cf97e3c32c9b45313f userId=21 role=1] c.k.i.m.T.selectCount - <==      Total: 1
2026-07-22 22:03:34.578 [http-nio-8080-exec-1] DEBUG [traceId=ec45bacea07c43cf97e3c32c9b45313f userId=21 role=1] c.k.i.m.T.selectList - ==>  Preparing: SELECT id,template_name,task_type,is_mandatory,task_description,default_priority,create_by,create_time,update_by,update_time FROM task_template ORDER BY id DESC LIMIT 0,10
2026-07-22 22:03:34.580 [http-nio-8080-exec-1] DEBUG [traceId=ec45bacea07c43cf97e3c32c9b45313f userId=21 role=1] c.k.i.m.T.selectList - ==> Parameters: 
2026-07-22 22:03:34.581 [http-nio-8080-exec-1] DEBUG [traceId=ec45bacea07c43cf97e3c32c9b45313f userId=21 role=1] c.k.i.m.T.selectList - <==      Total: 3
2026-07-22 22:03:34.585 [http-nio-8080-exec-1] INFO  [traceId=ec45bacea07c43cf97e3c32c9b45313f userId=21 role=1] com.kg.interceptor.TraceIdFilter - HTTP_REQUEST_END method=POST uri=/task-template/page status=200 cost=23ms responseBody={"code":200,"message":"查询成功","data":{"total":3,"list":[{"id":6,"templateName":"2026真题","taskType":"0","isMandatory":1,"taskDescription":"真题模拟","defaultPriority":1,"createTime":"2026-06-09 21:45:43"},{"id":5,"templateName":"20260608","taskType":"2","isMandatory":1,"taskDescription":"做2026年国考","defaultPriority":1,"createTime":"2026-06-08 10:52:36"},{"id":4,"templateName":"模板任务1","taskType":"0","isMandatory":1,"taskDescription":"","defaultPriority":1,"createTime":"2026-06-01 00:27:11"}]}}
2026-07-22 22:03:35.441 [http-nio-8080-exec-10] INFO  [traceId=1c8a951a9f944aceb91957873c7f0874 userId= role=] com.kg.interceptor.TraceIdFilter - HTTP_REQUEST_START method=GET uri=/dict/group/task_type query=null requestBody= ip=0:0:0:0:0:0:0:1 userAgent=Mozilla/5.0 (Windows NT 10.0; Win64; x64) AppleWebKit/537.36 (KHTML, like Gecko) Chrome/123.0.0.0 Safari/537.36
2026-07-22 22:03:35.444 [http-nio-8080-exec-10] DEBUG [traceId=1c8a951a9f944aceb91957873c7f0874 userId= role=] c.k.i.m.SysUserMapper.selectById - ==>  Preparing: SELECT id,account,name,password,role,gender,email,phone,openid,description,teacher_remark,password_update_time,class_id,status,create_by,create_time,update_by,update_time FROM sys_user WHERE id=?
2026-07-22 22:03:35.444 [http-nio-8080-exec-10] DEBUG [traceId=1c8a951a9f944aceb91957873c7f0874 userId= role=] c.k.i.m.SysUserMapper.selectById - ==> Parameters: 21(Long)
2026-07-22 22:03:35.445 [http-nio-8080-exec-10] DEBUG [traceId=1c8a951a9f944aceb91957873c7f0874 userId= role=] c.k.i.m.SysUserMapper.selectById - <==      Total: 1
2026-07-22 22:03:35.447 [http-nio-8080-exec-10] DEBUG [traceId=1c8a951a9f944aceb91957873c7f0874 userId=21 role=1] c.k.i.mapper.DictMapper.selectList - ==>  Preparing: SELECT id,dict_code,dict_name,dict_label,dict_value,display_color,sort_no,status,create_by,create_time,update_by,update_time FROM sys_dict WHERE (dict_code = ?) ORDER BY sort_no ASC
2026-07-22 22:03:35.447 [http-nio-8080-exec-10] DEBUG [traceId=1c8a951a9f944aceb91957873c7f0874 userId=21 role=1] c.k.i.mapper.DictMapper.selectList - ==> Parameters: task_type(String)
2026-07-22 22:03:35.448 [http-nio-8080-exec-10] DEBUG [traceId=1c8a951a9f944aceb91957873c7f0874 userId=21 role=1] c.k.i.mapper.DictMapper.selectList - <==      Total: 4
2026-07-22 22:03:35.449 [http-nio-8080-exec-10] INFO  [traceId=1c8a951a9f944aceb91957873c7f0874 userId=21 role=1] com.kg.interceptor.TraceIdFilter - HTTP_REQUEST_END method=GET uri=/dict/group/task_type status=200 cost=8ms responseBody={"code":200,"message":"查询成功","data":{"dictCode":"task_type","dictName":"任务类型","items":[{"dictValue":"0","dictLabel":"刷题","sortNo":0,"status":1,"displayColor":"#ff6f00"},{"dictValue":"1","dictLabel":"学习","sortNo":1,"status":1,"displayColor":"#f7ff00"},{"dictValue":"2","dictLabel":"打卡","sortNo":2,"status":1,"displayColor":"#66ff00"},{"dictValue":"3","dictLabel":"每日复盘","sortNo":3,"status":1,"displayColor":"#00bfff"}]}}
2026-07-22 22:03:35.486 [http-nio-8080-exec-4] INFO  [traceId=b5b82a5d8cb34544989150ada5ca51d9 userId= role=] com.kg.interceptor.TraceIdFilter - HTTP_REQUEST_START method=POST uri=/task/page query=null requestBody={"pageNum":1,"pageSize":10} ip=0:0:0:0:0:0:0:1 userAgent=Mozilla/5.0 (Windows NT 10.0; Win64; x64) AppleWebKit/537.36 (KHTML, like Gecko) Chrome/123.0.0.0 Safari/537.36
2026-07-22 22:03:35.487 [http-nio-8080-exec-6] INFO  [traceId=6b32b02c5aba4be5ae0ae5dea61bd627 userId= role=] com.kg.interceptor.TraceIdFilter - HTTP_REQUEST_START method=GET uri=/class/student-options query=null requestBody= ip=0:0:0:0:0:0:0:1 userAgent=Mozilla/5.0 (Windows NT 10.0; Win64; x64) AppleWebKit/537.36 (KHTML, like Gecko) Chrome/123.0.0.0 Safari/537.36
2026-07-22 22:03:35.487 [http-nio-8080-exec-7] INFO  [traceId=8cb32252d2fc4a88acb0cf519a6451c0 userId= role=] com.kg.interceptor.TraceIdFilter - HTTP_REQUEST_START method=GET uri=/class/options query=null requestBody= ip=0:0:0:0:0:0:0:1 userAgent=Mozilla/5.0 (Windows NT 10.0; Win64; x64) AppleWebKit/537.36 (KHTML, like Gecko) Chrome/123.0.0.0 Safari/537.36
2026-07-22 22:03:35.490 [http-nio-8080-exec-4] DEBUG [traceId=b5b82a5d8cb34544989150ada5ca51d9 userId= role=] c.k.i.m.SysUserMapper.selectById - ==>  Preparing: SELECT id,account,name,password,role,gender,email,phone,openid,description,teacher_remark,password_update_time,class_id,status,create_by,create_time,update_by,update_time FROM sys_user WHERE id=?
2026-07-22 22:03:35.490 [http-nio-8080-exec-6] DEBUG [traceId=6b32b02c5aba4be5ae0ae5dea61bd627 userId= role=] c.k.i.m.SysUserMapper.selectById - ==>  Preparing: SELECT id,account,name,password,role,gender,email,phone,openid,description,teacher_remark,password_update_time,class_id,status,create_by,create_time,update_by,update_time FROM sys_user WHERE id=?
2026-07-22 22:03:35.490 [http-nio-8080-exec-7] DEBUG [traceId=8cb32252d2fc4a88acb0cf519a6451c0 userId= role=] c.k.i.m.SysUserMapper.selectById - ==>  Preparing: SELECT id,account,name,password,role,gender,email,phone,openid,description,teacher_remark,password_update_time,class_id,status,create_by,create_time,update_by,update_time FROM sys_user WHERE id=?
2026-07-22 22:03:35.490 [http-nio-8080-exec-6] DEBUG [traceId=6b32b02c5aba4be5ae0ae5dea61bd627 userId= role=] c.k.i.m.SysUserMapper.selectById - ==> Parameters: 21(Long)
2026-07-22 22:03:35.490 [http-nio-8080-exec-4] DEBUG [traceId=b5b82a5d8cb34544989150ada5ca51d9 userId= role=] c.k.i.m.SysUserMapper.selectById - ==> Parameters: 21(Long)
2026-07-22 22:03:35.490 [http-nio-8080-exec-7] DEBUG [traceId=8cb32252d2fc4a88acb0cf519a6451c0 userId= role=] c.k.i.m.SysUserMapper.selectById - ==> Parameters: 21(Long)
2026-07-22 22:03:35.491 [http-nio-8080-exec-4] DEBUG [traceId=b5b82a5d8cb34544989150ada5ca51d9 userId= role=] c.k.i.m.SysUserMapper.selectById - <==      Total: 1
2026-07-22 22:03:35.491 [http-nio-8080-exec-7] DEBUG [traceId=8cb32252d2fc4a88acb0cf519a6451c0 userId= role=] c.k.i.m.SysUserMapper.selectById - <==      Total: 1
2026-07-22 22:03:35.491 [http-nio-8080-exec-6] DEBUG [traceId=6b32b02c5aba4be5ae0ae5dea61bd627 userId= role=] c.k.i.m.SysUserMapper.selectById - <==      Total: 1
2026-07-22 22:03:35.494 [http-nio-8080-exec-7] DEBUG [traceId=8cb32252d2fc4a88acb0cf519a6451c0 userId=21 role=1] c.k.i.m.ClassInfoMapper.selectList - ==>  Preparing: SELECT id,class_name,description,status,create_by,create_time,update_by,update_time FROM class_info WHERE (status = ?) ORDER BY class_name ASC
2026-07-22 22:03:35.495 [http-nio-8080-exec-7] DEBUG [traceId=8cb32252d2fc4a88acb0cf519a6451c0 userId=21 role=1] c.k.i.m.ClassInfoMapper.selectList - ==> Parameters: 1(Integer)
2026-07-22 22:03:35.495 [http-nio-8080-exec-7] DEBUG [traceId=8cb32252d2fc4a88acb0cf519a6451c0 userId=21 role=1] c.k.i.m.ClassInfoMapper.selectList - <==      Total: 3
2026-07-22 22:03:35.496 [http-nio-8080-exec-7] INFO  [traceId=8cb32252d2fc4a88acb0cf519a6451c0 userId=21 role=1] com.kg.interceptor.TraceIdFilter - HTTP_REQUEST_END method=GET uri=/class/options status=200 cost=9ms responseBody={"code":200,"message":"查询成功","data":[{"id":8,"className":"1班"},{"id":9,"className":"2班"},{"id":10,"className":"线上学习1班"}]}
2026-07-22 22:03:35.500 [http-nio-8080-exec-6] DEBUG [traceId=6b32b02c5aba4be5ae0ae5dea61bd627 userId=21 role=1] c.k.i.m.SysUserMapper.selectList - ==>  Preparing: SELECT id,account,name,password,role,gender,email,phone,openid,description,teacher_remark,password_update_time,class_id,status,create_by,create_time,update_by,update_time FROM sys_user WHERE (role IN (?,?) AND status = ?)
2026-07-22 22:03:35.500 [http-nio-8080-exec-6] DEBUG [traceId=6b32b02c5aba4be5ae0ae5dea61bd627 userId=21 role=1] c.k.i.m.SysUserMapper.selectList - ==> Parameters: 2(String), 3(String), 1(Integer)
2026-07-22 22:03:35.501 [http-nio-8080-exec-6] DEBUG [traceId=6b32b02c5aba4be5ae0ae5dea61bd627 userId=21 role=1] c.k.i.m.SysUserMapper.selectList - <==      Total: 12
2026-07-22 22:03:35.503 [http-nio-8080-exec-6] INFO  [traceId=6b32b02c5aba4be5ae0ae5dea61bd627 userId=21 role=1] com.kg.interceptor.TraceIdFilter - HTTP_REQUEST_END method=GET uri=/class/student-options status=200 cost=16ms responseBody={"code":200,"message":"查询成功","data":[{"id":22,"name":"李老师","classId":8},{"id":23,"name":"张三","classId":8},{"id":24,"name":"李四","classId":9},{"id":25,"name":"王五","classId":8},{"id":26,"name":"赵六","classId":9},{"id":27,"name":"赵七","classId":null},{"id":28,"name":"赵八","classId":8},{"id":29,"name":"杨少伟","classId":8},{"id":30,"name":"测试新增用户任务","classId":8},{"id":31,"name":"11","classId":8},{"id":32,"name":"11","classId":8},{"id":33,"name":"五四","classId":10}]}
2026-07-22 22:03:35.505 [http-nio-8080-exec-4] DEBUG [traceId=b5b82a5d8cb34544989150ada5ca51d9 userId=21 role=1] c.k.i.mapper.TaskMapper.selectList - ==>  Preparing: SELECT id,task_name,task_type,template_id,round_no,is_mandatory,task_description,task_start_time,task_end_time,priority,class_id,target_type,target_ids,plan_id,plan_date,is_repeat_task,status,create_by,create_time,update_by,update_time FROM task WHERE ((status = ? OR status IS NULL)) ORDER BY id DESC LIMIT 0,10
2026-07-22 22:03:35.505 [http-nio-8080-exec-4] DEBUG [traceId=b5b82a5d8cb34544989150ada5ca51d9 userId=21 role=1] c.k.i.mapper.TaskMapper.selectList - ==> Parameters: 1(Integer)
2026-07-22 22:03:35.506 [http-nio-8080-exec-4] DEBUG [traceId=b5b82a5d8cb34544989150ada5ca51d9 userId=21 role=1] c.k.i.mapper.TaskMapper.selectList - <==      Total: 10
2026-07-22 22:03:35.508 [http-nio-8080-exec-4] DEBUG [traceId=b5b82a5d8cb34544989150ada5ca51d9 userId=21 role=1] c.k.i.mapper.TaskMapper.selectCount - ==>  Preparing: SELECT COUNT( * ) AS total FROM task WHERE ((status = ? OR status IS NULL))
2026-07-22 22:03:35.508 [http-nio-8080-exec-4] DEBUG [traceId=b5b82a5d8cb34544989150ada5ca51d9 userId=21 role=1] c.k.i.mapper.TaskMapper.selectCount - ==> Parameters: 1(Integer)
2026-07-22 22:03:35.510 [http-nio-8080-exec-4] DEBUG [traceId=b5b82a5d8cb34544989150ada5ca51d9 userId=21 role=1] c.k.i.mapper.TaskMapper.selectCount - <==      Total: 1
2026-07-22 22:03:35.515 [http-nio-8080-exec-4] DEBUG [traceId=b5b82a5d8cb34544989150ada5ca51d9 userId=21 role=1] c.k.i.m.TaskUserMapper.selectList - ==>  Preparing: SELECT id,task_id,user_id,status,start_time,finish_time,duration_minutes,remark,total_score,submit_time,create_by,create_time,update_by,update_time FROM task_user WHERE (task_id = ?)
2026-07-22 22:03:35.515 [http-nio-8080-exec-4] DEBUG [traceId=b5b82a5d8cb34544989150ada5ca51d9 userId=21 role=1] c.k.i.m.TaskUserMapper.selectList - ==> Parameters: 111(Long)
2026-07-22 22:03:35.516 [http-nio-8080-exec-4] DEBUG [traceId=b5b82a5d8cb34544989150ada5ca51d9 userId=21 role=1] c.k.i.m.TaskUserMapper.selectList - <==      Total: 11
2026-07-22 22:03:35.518 [http-nio-8080-exec-4] DEBUG [traceId=b5b82a5d8cb34544989150ada5ca51d9 userId=21 role=1] c.k.i.m.ClassInfoMapper.selectById - ==>  Preparing: SELECT id,class_name,description,status,create_by,create_time,update_by,update_time FROM class_info WHERE id=?
2026-07-22 22:03:35.518 [http-nio-8080-exec-4] DEBUG [traceId=b5b82a5d8cb34544989150ada5ca51d9 userId=21 role=1] c.k.i.m.ClassInfoMapper.selectById - ==> Parameters: 8(Long)
2026-07-22 22:03:35.519 [http-nio-8080-exec-4] DEBUG [traceId=b5b82a5d8cb34544989150ada5ca51d9 userId=21 role=1] c.k.i.m.ClassInfoMapper.selectById - <==      Total: 1
2026-07-22 22:03:35.519 [http-nio-8080-exec-4] DEBUG [traceId=b5b82a5d8cb34544989150ada5ca51d9 userId=21 role=1] c.k.i.m.ClassInfoMapper.selectById - ==>  Preparing: SELECT id,class_name,description,status,create_by,create_time,update_by,update_time FROM class_info WHERE id=?
2026-07-22 22:03:35.520 [http-nio-8080-exec-4] DEBUG [traceId=b5b82a5d8cb34544989150ada5ca51d9 userId=21 role=1] c.k.i.m.ClassInfoMapper.selectById - ==> Parameters: 9(Long)
2026-07-22 22:03:35.520 [http-nio-8080-exec-4] DEBUG [traceId=b5b82a5d8cb34544989150ada5ca51d9 userId=21 role=1] c.k.i.m.ClassInfoMapper.selectById - <==      Total: 1
2026-07-22 22:03:35.520 [http-nio-8080-exec-4] DEBUG [traceId=b5b82a5d8cb34544989150ada5ca51d9 userId=21 role=1] c.k.i.m.ClassInfoMapper.selectById - ==>  Preparing: SELECT id,class_name,description,status,create_by,create_time,update_by,update_time FROM class_info WHERE id=?
2026-07-22 22:03:35.520 [http-nio-8080-exec-4] DEBUG [traceId=b5b82a5d8cb34544989150ada5ca51d9 userId=21 role=1] c.k.i.m.ClassInfoMapper.selectById - ==> Parameters: 10(Long)
2026-07-22 22:03:35.521 [http-nio-8080-exec-4] DEBUG [traceId=b5b82a5d8cb34544989150ada5ca51d9 userId=21 role=1] c.k.i.m.ClassInfoMapper.selectById - <==      Total: 1
2026-07-22 22:03:35.521 [http-nio-8080-exec-4] DEBUG [traceId=b5b82a5d8cb34544989150ada5ca51d9 userId=21 role=1] c.k.i.m.TaskUserMapper.selectList - ==>  Preparing: SELECT id,task_id,user_id,status,start_time,finish_time,duration_minutes,remark,total_score,submit_time,create_by,create_time,update_by,update_time FROM task_user WHERE (task_id = ?)
2026-07-22 22:03:35.521 [http-nio-8080-exec-4] DEBUG [traceId=b5b82a5d8cb34544989150ada5ca51d9 userId=21 role=1] c.k.i.m.TaskUserMapper.selectList - ==> Parameters: 110(Long)
2026-07-22 22:03:35.523 [http-nio-8080-exec-4] DEBUG [traceId=b5b82a5d8cb34544989150ada5ca51d9 userId=21 role=1] c.k.i.m.TaskUserMapper.selectList - <==      Total: 11
2026-07-22 22:03:35.523 [http-nio-8080-exec-4] DEBUG [traceId=b5b82a5d8cb34544989150ada5ca51d9 userId=21 role=1] c.k.i.m.ClassInfoMapper.selectById - ==>  Preparing: SELECT id,class_name,description,status,create_by,create_time,update_by,update_time FROM class_info WHERE id=?
2026-07-22 22:03:35.523 [http-nio-8080-exec-4] DEBUG [traceId=b5b82a5d8cb34544989150ada5ca51d9 userId=21 role=1] c.k.i.m.ClassInfoMapper.selectById - ==> Parameters: 8(Long)
2026-07-22 22:03:35.523 [http-nio-8080-exec-4] DEBUG [traceId=b5b82a5d8cb34544989150ada5ca51d9 userId=21 role=1] c.k.i.m.ClassInfoMapper.selectById - <==      Total: 1
2026-07-22 22:03:35.523 [http-nio-8080-exec-4] DEBUG [traceId=b5b82a5d8cb34544989150ada5ca51d9 userId=21 role=1] c.k.i.m.ClassInfoMapper.selectById - ==>  Preparing: SELECT id,class_name,description,status,create_by,create_time,update_by,update_time FROM class_info WHERE id=?
2026-07-22 22:03:35.524 [http-nio-8080-exec-4] DEBUG [traceId=b5b82a5d8cb34544989150ada5ca51d9 userId=21 role=1] c.k.i.m.ClassInfoMapper.selectById - ==> Parameters: 9(Long)
2026-07-22 22:03:35.524 [http-nio-8080-exec-4] DEBUG [traceId=b5b82a5d8cb34544989150ada5ca51d9 userId=21 role=1] c.k.i.m.ClassInfoMapper.selectById - <==      Total: 1
2026-07-22 22:03:35.524 [http-nio-8080-exec-4] DEBUG [traceId=b5b82a5d8cb34544989150ada5ca51d9 userId=21 role=1] c.k.i.m.ClassInfoMapper.selectById - ==>  Preparing: SELECT id,class_name,description,status,create_by,create_time,update_by,update_time FROM class_info WHERE id=?
2026-07-22 22:03:35.524 [http-nio-8080-exec-4] DEBUG [traceId=b5b82a5d8cb34544989150ada5ca51d9 userId=21 role=1] c.k.i.m.ClassInfoMapper.selectById - ==> Parameters: 10(Long)
2026-07-22 22:03:35.525 [http-nio-8080-exec-4] DEBUG [traceId=b5b82a5d8cb34544989150ada5ca51d9 userId=21 role=1] c.k.i.m.ClassInfoMapper.selectById - <==      Total: 1
2026-07-22 22:03:35.525 [http-nio-8080-exec-4] DEBUG [traceId=b5b82a5d8cb34544989150ada5ca51d9 userId=21 role=1] c.k.i.m.TaskUserMapper.selectList - ==>  Preparing: SELECT id,task_id,user_id,status,start_time,finish_time,duration_minutes,remark,total_score,submit_time,create_by,create_time,update_by,update_time FROM task_user WHERE (task_id = ?)
2026-07-22 22:03:35.525 [http-nio-8080-exec-4] DEBUG [traceId=b5b82a5d8cb34544989150ada5ca51d9 userId=21 role=1] c.k.i.m.TaskUserMapper.selectList - ==> Parameters: 109(Long)
2026-07-22 22:03:35.526 [http-nio-8080-exec-4] DEBUG [traceId=b5b82a5d8cb34544989150ada5ca51d9 userId=21 role=1] c.k.i.m.TaskUserMapper.selectList - <==      Total: 11
2026-07-22 22:03:35.526 [http-nio-8080-exec-4] DEBUG [traceId=b5b82a5d8cb34544989150ada5ca51d9 userId=21 role=1] c.k.i.m.ClassInfoMapper.selectById - ==>  Preparing: SELECT id,class_name,description,status,create_by,create_time,update_by,update_time FROM class_info WHERE id=?
2026-07-22 22:03:35.526 [http-nio-8080-exec-4] DEBUG [traceId=b5b82a5d8cb34544989150ada5ca51d9 userId=21 role=1] c.k.i.m.ClassInfoMapper.selectById - ==> Parameters: 8(Long)
2026-07-22 22:03:35.527 [http-nio-8080-exec-4] DEBUG [traceId=b5b82a5d8cb34544989150ada5ca51d9 userId=21 role=1] c.k.i.m.ClassInfoMapper.selectById - <==      Total: 1
2026-07-22 22:03:35.527 [http-nio-8080-exec-4] DEBUG [traceId=b5b82a5d8cb34544989150ada5ca51d9 userId=21 role=1] c.k.i.m.ClassInfoMapper.selectById - ==>  Preparing: SELECT id,class_name,description,status,create_by,create_time,update_by,update_time FROM class_info WHERE id=?
2026-07-22 22:03:35.527 [http-nio-8080-exec-4] DEBUG [traceId=b5b82a5d8cb34544989150ada5ca51d9 userId=21 role=1] c.k.i.m.ClassInfoMapper.selectById - ==> Parameters: 9(Long)
2026-07-22 22:03:35.527 [http-nio-8080-exec-4] DEBUG [traceId=b5b82a5d8cb34544989150ada5ca51d9 userId=21 role=1] c.k.i.m.ClassInfoMapper.selectById - <==      Total: 1
2026-07-22 22:03:35.527 [http-nio-8080-exec-4] DEBUG [traceId=b5b82a5d8cb34544989150ada5ca51d9 userId=21 role=1] c.k.i.m.ClassInfoMapper.selectById - ==>  Preparing: SELECT id,class_name,description,status,create_by,create_time,update_by,update_time FROM class_info WHERE id=?
2026-07-22 22:03:35.527 [http-nio-8080-exec-4] DEBUG [traceId=b5b82a5d8cb34544989150ada5ca51d9 userId=21 role=1] c.k.i.m.ClassInfoMapper.selectById - ==> Parameters: 10(Long)
2026-07-22 22:03:35.528 [http-nio-8080-exec-4] DEBUG [traceId=b5b82a5d8cb34544989150ada5ca51d9 userId=21 role=1] c.k.i.m.ClassInfoMapper.selectById - <==      Total: 1
2026-07-22 22:03:35.528 [http-nio-8080-exec-4] DEBUG [traceId=b5b82a5d8cb34544989150ada5ca51d9 userId=21 role=1] c.k.i.m.TaskUserMapper.selectList - ==>  Preparing: SELECT id,task_id,user_id,status,start_time,finish_time,duration_minutes,remark,total_score,submit_time,create_by,create_time,update_by,update_time FROM task_user WHERE (task_id = ?)
2026-07-22 22:03:35.528 [http-nio-8080-exec-4] DEBUG [traceId=b5b82a5d8cb34544989150ada5ca51d9 userId=21 role=1] c.k.i.m.TaskUserMapper.selectList - ==> Parameters: 108(Long)
2026-07-22 22:03:35.529 [http-nio-8080-exec-4] DEBUG [traceId=b5b82a5d8cb34544989150ada5ca51d9 userId=21 role=1] c.k.i.m.TaskUserMapper.selectList - <==      Total: 11
2026-07-22 22:03:35.529 [http-nio-8080-exec-4] DEBUG [traceId=b5b82a5d8cb34544989150ada5ca51d9 userId=21 role=1] c.k.i.m.ClassInfoMapper.selectById - ==>  Preparing: SELECT id,class_name,description,status,create_by,create_time,update_by,update_time FROM class_info WHERE id=?
2026-07-22 22:03:35.529 [http-nio-8080-exec-4] DEBUG [traceId=b5b82a5d8cb34544989150ada5ca51d9 userId=21 role=1] c.k.i.m.ClassInfoMapper.selectById - ==> Parameters: 8(Long)
2026-07-22 22:03:35.530 [http-nio-8080-exec-4] DEBUG [traceId=b5b82a5d8cb34544989150ada5ca51d9 userId=21 role=1] c.k.i.m.ClassInfoMapper.selectById - <==      Total: 1
2026-07-22 22:03:35.530 [http-nio-8080-exec-4] DEBUG [traceId=b5b82a5d8cb34544989150ada5ca51d9 userId=21 role=1] c.k.i.m.ClassInfoMapper.selectById - ==>  Preparing: SELECT id,class_name,description,status,create_by,create_time,update_by,update_time FROM class_info WHERE id=?
2026-07-22 22:03:35.530 [http-nio-8080-exec-4] DEBUG [traceId=b5b82a5d8cb34544989150ada5ca51d9 userId=21 role=1] c.k.i.m.ClassInfoMapper.selectById - ==> Parameters: 9(Long)
2026-07-22 22:03:35.531 [http-nio-8080-exec-4] DEBUG [traceId=b5b82a5d8cb34544989150ada5ca51d9 userId=21 role=1] c.k.i.m.ClassInfoMapper.selectById - <==      Total: 1
2026-07-22 22:03:35.531 [http-nio-8080-exec-4] DEBUG [traceId=b5b82a5d8cb34544989150ada5ca51d9 userId=21 role=1] c.k.i.m.ClassInfoMapper.selectById - ==>  Preparing: SELECT id,class_name,description,status,create_by,create_time,update_by,update_time FROM class_info WHERE id=?
2026-07-22 22:03:35.531 [http-nio-8080-exec-4] DEBUG [traceId=b5b82a5d8cb34544989150ada5ca51d9 userId=21 role=1] c.k.i.m.ClassInfoMapper.selectById - ==> Parameters: 10(Long)
2026-07-22 22:03:35.531 [http-nio-8080-exec-4] DEBUG [traceId=b5b82a5d8cb34544989150ada5ca51d9 userId=21 role=1] c.k.i.m.ClassInfoMapper.selectById - <==      Total: 1
2026-07-22 22:03:35.532 [http-nio-8080-exec-4] DEBUG [traceId=b5b82a5d8cb34544989150ada5ca51d9 userId=21 role=1] c.k.i.m.TaskUserMapper.selectList - ==>  Preparing: SELECT id,task_id,user_id,status,start_time,finish_time,duration_minutes,remark,total_score,submit_time,create_by,create_time,update_by,update_time FROM task_user WHERE (task_id = ?)
2026-07-22 22:03:35.532 [http-nio-8080-exec-4] DEBUG [traceId=b5b82a5d8cb34544989150ada5ca51d9 userId=21 role=1] c.k.i.m.TaskUserMapper.selectList - ==> Parameters: 107(Long)
2026-07-22 22:03:35.533 [http-nio-8080-exec-4] DEBUG [traceId=b5b82a5d8cb34544989150ada5ca51d9 userId=21 role=1] c.k.i.m.TaskUserMapper.selectList - <==      Total: 11
2026-07-22 22:03:35.533 [http-nio-8080-exec-4] DEBUG [traceId=b5b82a5d8cb34544989150ada5ca51d9 userId=21 role=1] c.k.i.m.ClassInfoMapper.selectById - ==>  Preparing: SELECT id,class_name,description,status,create_by,create_time,update_by,update_time FROM class_info WHERE id=?
2026-07-22 22:03:35.533 [http-nio-8080-exec-4] DEBUG [traceId=b5b82a5d8cb34544989150ada5ca51d9 userId=21 role=1] c.k.i.m.ClassInfoMapper.selectById - ==> Parameters: 8(Long)
2026-07-22 22:03:35.533 [http-nio-8080-exec-4] DEBUG [traceId=b5b82a5d8cb34544989150ada5ca51d9 userId=21 role=1] c.k.i.m.ClassInfoMapper.selectById - <==      Total: 1
2026-07-22 22:03:35.534 [http-nio-8080-exec-4] DEBUG [traceId=b5b82a5d8cb34544989150ada5ca51d9 userId=21 role=1] c.k.i.m.ClassInfoMapper.selectById - ==>  Preparing: SELECT id,class_name,description,status,create_by,create_time,update_by,update_time FROM class_info WHERE id=?
2026-07-22 22:03:35.534 [http-nio-8080-exec-4] DEBUG [traceId=b5b82a5d8cb34544989150ada5ca51d9 userId=21 role=1] c.k.i.m.ClassInfoMapper.selectById - ==> Parameters: 9(Long)
2026-07-22 22:03:35.534 [http-nio-8080-exec-4] DEBUG [traceId=b5b82a5d8cb34544989150ada5ca51d9 userId=21 role=1] c.k.i.m.ClassInfoMapper.selectById - <==      Total: 1
2026-07-22 22:03:35.534 [http-nio-8080-exec-4] DEBUG [traceId=b5b82a5d8cb34544989150ada5ca51d9 userId=21 role=1] c.k.i.m.ClassInfoMapper.selectById - ==>  Preparing: SELECT id,class_name,description,status,create_by,create_time,update_by,update_time FROM class_info WHERE id=?
2026-07-22 22:03:35.534 [http-nio-8080-exec-4] DEBUG [traceId=b5b82a5d8cb34544989150ada5ca51d9 userId=21 role=1] c.k.i.m.ClassInfoMapper.selectById - ==> Parameters: 10(Long)
2026-07-22 22:03:35.534 [http-nio-8080-exec-4] DEBUG [traceId=b5b82a5d8cb34544989150ada5ca51d9 userId=21 role=1] c.k.i.m.ClassInfoMapper.selectById - <==      Total: 1
2026-07-22 22:03:35.535 [http-nio-8080-exec-4] DEBUG [traceId=b5b82a5d8cb34544989150ada5ca51d9 userId=21 role=1] c.k.i.m.TaskUserMapper.selectList - ==>  Preparing: SELECT id,task_id,user_id,status,start_time,finish_time,duration_minutes,remark,total_score,submit_time,create_by,create_time,update_by,update_time FROM task_user WHERE (task_id = ?)
2026-07-22 22:03:35.536 [http-nio-8080-exec-4] DEBUG [traceId=b5b82a5d8cb34544989150ada5ca51d9 userId=21 role=1] c.k.i.m.TaskUserMapper.selectList - ==> Parameters: 106(Long)
2026-07-22 22:03:35.537 [http-nio-8080-exec-4] DEBUG [traceId=b5b82a5d8cb34544989150ada5ca51d9 userId=21 role=1] c.k.i.m.TaskUserMapper.selectList - <==      Total: 11
2026-07-22 22:03:35.537 [http-nio-8080-exec-4] DEBUG [traceId=b5b82a5d8cb34544989150ada5ca51d9 userId=21 role=1] c.k.i.m.ClassInfoMapper.selectById - ==>  Preparing: SELECT id,class_name,description,status,create_by,create_time,update_by,update_time FROM class_info WHERE id=?
2026-07-22 22:03:35.537 [http-nio-8080-exec-4] DEBUG [traceId=b5b82a5d8cb34544989150ada5ca51d9 userId=21 role=1] c.k.i.m.ClassInfoMapper.selectById - ==> Parameters: 8(Long)
2026-07-22 22:03:35.538 [http-nio-8080-exec-4] DEBUG [traceId=b5b82a5d8cb34544989150ada5ca51d9 userId=21 role=1] c.k.i.m.ClassInfoMapper.selectById - <==      Total: 1
2026-07-22 22:03:35.538 [http-nio-8080-exec-4] DEBUG [traceId=b5b82a5d8cb34544989150ada5ca51d9 userId=21 role=1] c.k.i.m.ClassInfoMapper.selectById - ==>  Preparing: SELECT id,class_name,description,status,create_by,create_time,update_by,update_time FROM class_info WHERE id=?
2026-07-22 22:03:35.538 [http-nio-8080-exec-4] DEBUG [traceId=b5b82a5d8cb34544989150ada5ca51d9 userId=21 role=1] c.k.i.m.ClassInfoMapper.selectById - ==> Parameters: 9(Long)
2026-07-22 22:03:35.538 [http-nio-8080-exec-4] DEBUG [traceId=b5b82a5d8cb34544989150ada5ca51d9 userId=21 role=1] c.k.i.m.ClassInfoMapper.selectById - <==      Total: 1
2026-07-22 22:03:35.540 [http-nio-8080-exec-4] DEBUG [traceId=b5b82a5d8cb34544989150ada5ca51d9 userId=21 role=1] c.k.i.m.ClassInfoMapper.selectById - ==>  Preparing: SELECT id,class_name,description,status,create_by,create_time,update_by,update_time FROM class_info WHERE id=?
2026-07-22 22:03:35.540 [http-nio-8080-exec-4] DEBUG [traceId=b5b82a5d8cb34544989150ada5ca51d9 userId=21 role=1] c.k.i.m.ClassInfoMapper.selectById - ==> Parameters: 10(Long)
2026-07-22 22:03:35.540 [http-nio-8080-exec-4] DEBUG [traceId=b5b82a5d8cb34544989150ada5ca51d9 userId=21 role=1] c.k.i.m.ClassInfoMapper.selectById - <==      Total: 1
2026-07-22 22:03:35.541 [http-nio-8080-exec-4] DEBUG [traceId=b5b82a5d8cb34544989150ada5ca51d9 userId=21 role=1] c.k.i.m.TaskUserMapper.selectList - ==>  Preparing: SELECT id,task_id,user_id,status,start_time,finish_time,duration_minutes,remark,total_score,submit_time,create_by,create_time,update_by,update_time FROM task_user WHERE (task_id = ?)
2026-07-22 22:03:35.541 [http-nio-8080-exec-4] DEBUG [traceId=b5b82a5d8cb34544989150ada5ca51d9 userId=21 role=1] c.k.i.m.TaskUserMapper.selectList - ==> Parameters: 105(Long)
2026-07-22 22:03:35.542 [http-nio-8080-exec-4] DEBUG [traceId=b5b82a5d8cb34544989150ada5ca51d9 userId=21 role=1] c.k.i.m.TaskUserMapper.selectList - <==      Total: 11
2026-07-22 22:03:35.542 [http-nio-8080-exec-4] DEBUG [traceId=b5b82a5d8cb34544989150ada5ca51d9 userId=21 role=1] c.k.i.m.ClassInfoMapper.selectById - ==>  Preparing: SELECT id,class_name,description,status,create_by,create_time,update_by,update_time FROM class_info WHERE id=?
2026-07-22 22:03:35.542 [http-nio-8080-exec-4] DEBUG [traceId=b5b82a5d8cb34544989150ada5ca51d9 userId=21 role=1] c.k.i.m.ClassInfoMapper.selectById - ==> Parameters: 8(Long)
2026-07-22 22:03:35.543 [http-nio-8080-exec-4] DEBUG [traceId=b5b82a5d8cb34544989150ada5ca51d9 userId=21 role=1] c.k.i.m.ClassInfoMapper.selectById - <==      Total: 1
2026-07-22 22:03:35.543 [http-nio-8080-exec-4] DEBUG [traceId=b5b82a5d8cb34544989150ada5ca51d9 userId=21 role=1] c.k.i.m.ClassInfoMapper.selectById - ==>  Preparing: SELECT id,class_name,description,status,create_by,create_time,update_by,update_time FROM class_info WHERE id=?
2026-07-22 22:03:35.543 [http-nio-8080-exec-4] DEBUG [traceId=b5b82a5d8cb34544989150ada5ca51d9 userId=21 role=1] c.k.i.m.ClassInfoMapper.selectById - ==> Parameters: 9(Long)
2026-07-22 22:03:35.544 [http-nio-8080-exec-4] DEBUG [traceId=b5b82a5d8cb34544989150ada5ca51d9 userId=21 role=1] c.k.i.m.ClassInfoMapper.selectById - <==      Total: 1
2026-07-22 22:03:35.544 [http-nio-8080-exec-4] DEBUG [traceId=b5b82a5d8cb34544989150ada5ca51d9 userId=21 role=1] c.k.i.m.ClassInfoMapper.selectById - ==>  Preparing: SELECT id,class_name,description,status,create_by,create_time,update_by,update_time FROM class_info WHERE id=?
2026-07-22 22:03:35.544 [http-nio-8080-exec-4] DEBUG [traceId=b5b82a5d8cb34544989150ada5ca51d9 userId=21 role=1] c.k.i.m.ClassInfoMapper.selectById - ==> Parameters: 10(Long)
2026-07-22 22:03:35.544 [http-nio-8080-exec-4] DEBUG [traceId=b5b82a5d8cb34544989150ada5ca51d9 userId=21 role=1] c.k.i.m.ClassInfoMapper.selectById - <==      Total: 1
2026-07-22 22:03:35.545 [http-nio-8080-exec-4] DEBUG [traceId=b5b82a5d8cb34544989150ada5ca51d9 userId=21 role=1] c.k.i.m.TaskUserMapper.selectList - ==>  Preparing: SELECT id,task_id,user_id,status,start_time,finish_time,duration_minutes,remark,total_score,submit_time,create_by,create_time,update_by,update_time FROM task_user WHERE (task_id = ?)
2026-07-22 22:03:35.545 [http-nio-8080-exec-4] DEBUG [traceId=b5b82a5d8cb34544989150ada5ca51d9 userId=21 role=1] c.k.i.m.TaskUserMapper.selectList - ==> Parameters: 104(Long)
2026-07-22 22:03:35.546 [http-nio-8080-exec-4] DEBUG [traceId=b5b82a5d8cb34544989150ada5ca51d9 userId=21 role=1] c.k.i.m.TaskUserMapper.selectList - <==      Total: 11
2026-07-22 22:03:35.546 [http-nio-8080-exec-4] DEBUG [traceId=b5b82a5d8cb34544989150ada5ca51d9 userId=21 role=1] c.k.i.m.ClassInfoMapper.selectById - ==>  Preparing: SELECT id,class_name,description,status,create_by,create_time,update_by,update_time FROM class_info WHERE id=?
2026-07-22 22:03:35.546 [http-nio-8080-exec-4] DEBUG [traceId=b5b82a5d8cb34544989150ada5ca51d9 userId=21 role=1] c.k.i.m.ClassInfoMapper.selectById - ==> Parameters: 8(Long)
2026-07-22 22:03:35.547 [http-nio-8080-exec-4] DEBUG [traceId=b5b82a5d8cb34544989150ada5ca51d9 userId=21 role=1] c.k.i.m.ClassInfoMapper.selectById - <==      Total: 1
2026-07-22 22:03:35.547 [http-nio-8080-exec-4] DEBUG [traceId=b5b82a5d8cb34544989150ada5ca51d9 userId=21 role=1] c.k.i.m.ClassInfoMapper.selectById - ==>  Preparing: SELECT id,class_name,description,status,create_by,create_time,update_by,update_time FROM class_info WHERE id=?
2026-07-22 22:03:35.547 [http-nio-8080-exec-4] DEBUG [traceId=b5b82a5d8cb34544989150ada5ca51d9 userId=21 role=1] c.k.i.m.ClassInfoMapper.selectById - ==> Parameters: 9(Long)
2026-07-22 22:03:35.547 [http-nio-8080-exec-4] DEBUG [traceId=b5b82a5d8cb34544989150ada5ca51d9 userId=21 role=1] c.k.i.m.ClassInfoMapper.selectById - <==      Total: 1
2026-07-22 22:03:35.547 [http-nio-8080-exec-4] DEBUG [traceId=b5b82a5d8cb34544989150ada5ca51d9 userId=21 role=1] c.k.i.m.ClassInfoMapper.selectById - ==>  Preparing: SELECT id,class_name,description,status,create_by,create_time,update_by,update_time FROM class_info WHERE id=?
2026-07-22 22:03:35.547 [http-nio-8080-exec-4] DEBUG [traceId=b5b82a5d8cb34544989150ada5ca51d9 userId=21 role=1] c.k.i.m.ClassInfoMapper.selectById - ==> Parameters: 10(Long)
2026-07-22 22:03:35.548 [http-nio-8080-exec-4] DEBUG [traceId=b5b82a5d8cb34544989150ada5ca51d9 userId=21 role=1] c.k.i.m.ClassInfoMapper.selectById - <==      Total: 1
2026-07-22 22:03:35.549 [http-nio-8080-exec-4] DEBUG [traceId=b5b82a5d8cb34544989150ada5ca51d9 userId=21 role=1] c.k.i.m.TaskUserMapper.selectList - ==>  Preparing: SELECT id,task_id,user_id,status,start_time,finish_time,duration_minutes,remark,total_score,submit_time,create_by,create_time,update_by,update_time FROM task_user WHERE (task_id = ?)
2026-07-22 22:03:35.549 [http-nio-8080-exec-4] DEBUG [traceId=b5b82a5d8cb34544989150ada5ca51d9 userId=21 role=1] c.k.i.m.TaskUserMapper.selectList - ==> Parameters: 103(Long)
2026-07-22 22:03:35.551 [http-nio-8080-exec-4] DEBUG [traceId=b5b82a5d8cb34544989150ada5ca51d9 userId=21 role=1] c.k.i.m.TaskUserMapper.selectList - <==      Total: 11
2026-07-22 22:03:35.551 [http-nio-8080-exec-4] DEBUG [traceId=b5b82a5d8cb34544989150ada5ca51d9 userId=21 role=1] c.k.i.m.ClassInfoMapper.selectById - ==>  Preparing: SELECT id,class_name,description,status,create_by,create_time,update_by,update_time FROM class_info WHERE id=?
2026-07-22 22:03:35.551 [http-nio-8080-exec-4] DEBUG [traceId=b5b82a5d8cb34544989150ada5ca51d9 userId=21 role=1] c.k.i.m.ClassInfoMapper.selectById - ==> Parameters: 8(Long)
2026-07-22 22:03:35.552 [http-nio-8080-exec-4] DEBUG [traceId=b5b82a5d8cb34544989150ada5ca51d9 userId=21 role=1] c.k.i.m.ClassInfoMapper.selectById - <==      Total: 1
2026-07-22 22:03:35.552 [http-nio-8080-exec-4] DEBUG [traceId=b5b82a5d8cb34544989150ada5ca51d9 userId=21 role=1] c.k.i.m.ClassInfoMapper.selectById - ==>  Preparing: SELECT id,class_name,description,status,create_by,create_time,update_by,update_time FROM class_info WHERE id=?
2026-07-22 22:03:35.552 [http-nio-8080-exec-4] DEBUG [traceId=b5b82a5d8cb34544989150ada5ca51d9 userId=21 role=1] c.k.i.m.ClassInfoMapper.selectById - ==> Parameters: 9(Long)
2026-07-22 22:03:35.552 [http-nio-8080-exec-4] DEBUG [traceId=b5b82a5d8cb34544989150ada5ca51d9 userId=21 role=1] c.k.i.m.ClassInfoMapper.selectById - <==      Total: 1
2026-07-22 22:03:35.552 [http-nio-8080-exec-4] DEBUG [traceId=b5b82a5d8cb34544989150ada5ca51d9 userId=21 role=1] c.k.i.m.ClassInfoMapper.selectById - ==>  Preparing: SELECT id,class_name,description,status,create_by,create_time,update_by,update_time FROM class_info WHERE id=?
2026-07-22 22:03:35.553 [http-nio-8080-exec-4] DEBUG [traceId=b5b82a5d8cb34544989150ada5ca51d9 userId=21 role=1] c.k.i.m.ClassInfoMapper.selectById - ==> Parameters: 10(Long)
2026-07-22 22:03:35.553 [http-nio-8080-exec-4] DEBUG [traceId=b5b82a5d8cb34544989150ada5ca51d9 userId=21 role=1] c.k.i.m.ClassInfoMapper.selectById - <==      Total: 1
2026-07-22 22:03:35.553 [http-nio-8080-exec-4] DEBUG [traceId=b5b82a5d8cb34544989150ada5ca51d9 userId=21 role=1] c.k.i.m.TaskUserMapper.selectList - ==>  Preparing: SELECT id,task_id,user_id,status,start_time,finish_time,duration_minutes,remark,total_score,submit_time,create_by,create_time,update_by,update_time FROM task_user WHERE (task_id = ?)
2026-07-22 22:03:35.554 [http-nio-8080-exec-4] DEBUG [traceId=b5b82a5d8cb34544989150ada5ca51d9 userId=21 role=1] c.k.i.m.TaskUserMapper.selectList - ==> Parameters: 101(Long)
2026-07-22 22:03:35.554 [http-nio-8080-exec-4] DEBUG [traceId=b5b82a5d8cb34544989150ada5ca51d9 userId=21 role=1] c.k.i.m.TaskUserMapper.selectList - <==      Total: 11
2026-07-22 22:03:35.554 [http-nio-8080-exec-4] DEBUG [traceId=b5b82a5d8cb34544989150ada5ca51d9 userId=21 role=1] c.k.i.m.ClassInfoMapper.selectById - ==>  Preparing: SELECT id,class_name,description,status,create_by,create_time,update_by,update_time FROM class_info WHERE id=?
2026-07-22 22:03:35.555 [http-nio-8080-exec-4] DEBUG [traceId=b5b82a5d8cb34544989150ada5ca51d9 userId=21 role=1] c.k.i.m.ClassInfoMapper.selectById - ==> Parameters: 8(Long)
2026-07-22 22:03:35.555 [http-nio-8080-exec-4] DEBUG [traceId=b5b82a5d8cb34544989150ada5ca51d9 userId=21 role=1] c.k.i.m.ClassInfoMapper.selectById - <==      Total: 1
2026-07-22 22:03:35.556 [http-nio-8080-exec-4] DEBUG [traceId=b5b82a5d8cb34544989150ada5ca51d9 userId=21 role=1] c.k.i.m.ClassInfoMapper.selectById - ==>  Preparing: SELECT id,class_name,description,status,create_by,create_time,update_by,update_time FROM class_info WHERE id=?
2026-07-22 22:03:35.556 [http-nio-8080-exec-4] DEBUG [traceId=b5b82a5d8cb34544989150ada5ca51d9 userId=21 role=1] c.k.i.m.ClassInfoMapper.selectById - ==> Parameters: 9(Long)
2026-07-22 22:03:35.556 [http-nio-8080-exec-4] DEBUG [traceId=b5b82a5d8cb34544989150ada5ca51d9 userId=21 role=1] c.k.i.m.ClassInfoMapper.selectById - <==      Total: 1
2026-07-22 22:03:35.557 [http-nio-8080-exec-4] DEBUG [traceId=b5b82a5d8cb34544989150ada5ca51d9 userId=21 role=1] c.k.i.m.ClassInfoMapper.selectById - ==>  Preparing: SELECT id,class_name,description,status,create_by,create_time,update_by,update_time FROM class_info WHERE id=?
2026-07-22 22:03:35.557 [http-nio-8080-exec-4] DEBUG [traceId=b5b82a5d8cb34544989150ada5ca51d9 userId=21 role=1] c.k.i.m.ClassInfoMapper.selectById - ==> Parameters: 10(Long)
2026-07-22 22:03:35.557 [http-nio-8080-exec-4] DEBUG [traceId=b5b82a5d8cb34544989150ada5ca51d9 userId=21 role=1] c.k.i.m.ClassInfoMapper.selectById - <==      Total: 1
2026-07-22 22:03:35.561 [http-nio-8080-exec-4] INFO  [traceId=b5b82a5d8cb34544989150ada5ca51d9 userId=21 role=1] com.kg.interceptor.TraceIdFilter - HTTP_REQUEST_END method=POST uri=/task/page status=200 cost=75ms responseBody={"code":200,"message":"查询成功","data":{"total":79,"list":[{"id":111,"taskName":"每日复盘","taskType":"3","templateId":null,"roundNo":0,"isMandatory":1,"taskDescription":"2026-07-22","taskStartTime":"2026-07-22 08:00:00","taskEndTime":"2026-07-22 23:59:00","priority":0,"classId":null,"targetType":1,"targetIds":"8,9,10","selectedClassList":[{"id":8,"className":"1班"},{"id":9,"className":"2班"},{"id":10,"className":"线上学习1班"}],"selectedStudentList":null,"completedCount":0,"uncompletedCount":11,"completionPercent":0,"createTime":"2026-07-22 21:05:47","planId":null,"planDate":null,"isRepeatTask":0,"status":1},{"id":110,"taskName":"每日打卡","taskType":"2","templateId":null,"roundNo":0,"isMandatory":1,"taskDescription":"2026-07-22","taskStartTime":"2026-07-22 06:00:00","taskEndTime":"2026-07-22 23:59:00","priority":0,"classId":null,"targetType":1,"targetIds":"8,9,10","selectedClassList":[{"id":8,"className":"1班"},{"id":9,"className":"2班"},{"id":10,"className":"线上学习1班"}],"selectedStudentList":null,"completedCount":0,"uncompletedCount":11,"completionPercent":0,"createTime":"2026-07-22 21:05:46","planId":null,"planDate":null,"isRepeatTask":0,"status":1},{"id":109,"taskName":"每日复盘","taskType":"3","templateId":null,"roundNo":0,"isMandatory":1,"taskDescription":"2026-07-20","taskStartTime":"2026-07-20 08:00:00","taskEndTime":"2026-07-20 23:59:00","priority":0,"classId":null,"targetType":1,"targetIds":"8,9,10","selectedClassList":[{"id":8,"className":"1班"},{"id":9,"className":"2班"},{"id":10,"className":"线上学习1班"}],"selectedStudentList":null,"completedCount":0,"uncompletedCount":11,"completionPercent":0,"createTime":"2026-07-20 22:11:47","planId":null,"planDate":null,"isRepeatTask":0,"status":1},{"id":108,"taskName":"每日打卡","taskType":"2","templateId":null,"roundNo":0,"isMandatory":1,"taskDescription":"2026-07-20","taskStartTime":"2026-07-20 06:00:00","taskEndTime":"2026-07-20 23:59:00","priority":0,"classId":null,"targetType":1,"targetIds":"8,9,10","selectedClassList":[{"id":8,"className":"1班"},{"id":9,"className":"2班"},{"id":10,"className":"线上学习1班"}],"selectedStudentList":null,"completedCount":0,"uncompletedCount":11,"completionPercent":0,"createTime":"2026-07-20 22:11:47","planId":null,"planDate":null,"isRepeatTask":0,"status":1},{"id":107,"taskName":"每日复盘","taskType":"3","templateId":null,"roundNo":0,"isMandatory":1,"taskDescription":"2026-07-19","taskStartTime":"2026-07-19 08:00:00","taskEndTime":"2026-07-19 23:59:00","priority":0,"classId":null,"targetType":1,"targetIds":"8,9,10","selectedClassList":[{"id":8,"className":"1班"},{"id":9,"className":"2班"},{"id":10,"className":"线上学习1班"}],"selectedStudentList":null,"completedCount":0,"uncompletedCount":11,"completionPercent":0,"createTime":"2026-07-19 18:38:29","planId":null,"planDate":null,"isRepeatTask":0,"status":1},{"id":106,"taskName":"每日打卡","taskType":"2","templateId":null,"roundNo":0,"isMandatory":1,"taskDescription":"2026-07-19","taskStartTime":"2026-07-19 06:00:00","taskEndTime":"2026-07-19 23:59:00","priority":0,"classId":null,"targetType":1,"targetIds":"8,9,10","selectedClassList":[{"id":8,"className":"1班"},{"id":9,"className":"2班"},{"id":10,"className":"线上学习1班"}],"selectedStudentList":null,"completedCount":0,"uncompletedCount":11,"completionPercent":0,"createTime":"2026-07-19 18:38:29","planId":null,"planDate":null,"isRepeatTask":0,"status":1},{"id":105,"taskName":"每日复盘","taskType":"3","templateId":null,"roundNo":0,"isMandatory":1,"taskDescription":"2026-07-15","taskStartTime":"2026-07-15 08:00:00","taskEndTime":"2026-07-15 23:59:00","priority":0,"classId":null,"targetType":1,"targetIds":"8,9,10","selectedClassList":[{"id":8,"className":"1班"},{"id":9,"className":"2班"},{"id":10,"className":"线上学习1班"}],"selectedStudentList":null,"completedCount":0,"uncompletedCount":11,"completionPercent":0,"createTime":"2026-07-15 00:36:26","planId":null,"planDate":null,"isRepeatTask":0,"status":1},{"id":104,"taskName":"每日打卡","taskType":"2","templateId":null,"roundNo":0,"isMandatory":1,"taskDescription":"2026-07-15","taskStartTime":"2026-07-15 06:00:00","taskEndTime":"2026-07-15 23:59:00","priority":0,"classId":null,"targetType":1,"targetIds":"8,9,10","selectedClassList":[{"id":8,"className":"1班"},{"id":9,"className":"2班"},{"id":10,"className":"线上学习1班"}],"selectedStudentList":null,"completedCount":0,"uncompletedCount":11,"completionPercent":0,"createTime":"2026-07-15 00:36:26","planId":null,"planDate":null,"isRepeatTask":0,"status":1},{"id":103,"taskName":"每日打卡","taskType":"2","templateId":null,"roundNo":0,"isMandatory":1,"taskDescription":"2026-07-14","taskStartTime":"2026-07-14 06:00:00","taskEndTime":"2026-07-14 23:59:00","priority":0,"classId":null,"targetType":1,"targetIds":"8,9,10","selectedClassList":[{"id":8,"className":"1班"},{"id":9,"className":"2班"},{"id":10,"className":"线上学习1班"}],"selectedStudentList":null,"completedCount":0,"uncompletedCount":11,"completionPercent":0,"createTime":"2026-07-14 22:03:12","planId":null,"planDate":null,"isRepeatTask":0,"status":1},{"id":101,"taskName":...[TRUNCATED length=5533]
2026-07-22 22:03:36.640 [http-nio-8080-exec-2] INFO  [traceId=6f3d547a3cab4252be4deec2e79494d9 userId= role=] com.kg.interceptor.TraceIdFilter - HTTP_REQUEST_START method=GET uri=/task-template/options query=null requestBody= ip=0:0:0:0:0:0:0:1 userAgent=Mozilla/5.0 (Windows NT 10.0; Win64; x64) AppleWebKit/537.36 (KHTML, like Gecko) Chrome/123.0.0.0 Safari/537.36
2026-07-22 22:03:36.644 [http-nio-8080-exec-2] DEBUG [traceId=6f3d547a3cab4252be4deec2e79494d9 userId= role=] c.k.i.m.SysUserMapper.selectById - ==>  Preparing: SELECT id,account,name,password,role,gender,email,phone,openid,description,teacher_remark,password_update_time,class_id,status,create_by,create_time,update_by,update_time FROM sys_user WHERE id=?
2026-07-22 22:03:36.644 [http-nio-8080-exec-2] DEBUG [traceId=6f3d547a3cab4252be4deec2e79494d9 userId= role=] c.k.i.m.SysUserMapper.selectById - ==> Parameters: 21(Long)
2026-07-22 22:03:36.644 [http-nio-8080-exec-2] DEBUG [traceId=6f3d547a3cab4252be4deec2e79494d9 userId= role=] c.k.i.m.SysUserMapper.selectById - <==      Total: 1
2026-07-22 22:03:36.647 [http-nio-8080-exec-2] DEBUG [traceId=6f3d547a3cab4252be4deec2e79494d9 userId=21 role=1] c.k.i.m.T.selectList - ==>  Preparing: SELECT id,template_name,task_type,is_mandatory,task_description,default_priority,create_by,create_time,update_by,update_time FROM task_template ORDER BY template_name ASC
2026-07-22 22:03:36.647 [http-nio-8080-exec-2] DEBUG [traceId=6f3d547a3cab4252be4deec2e79494d9 userId=21 role=1] c.k.i.m.T.selectList - ==> Parameters: 
2026-07-22 22:03:36.649 [http-nio-8080-exec-2] DEBUG [traceId=6f3d547a3cab4252be4deec2e79494d9 userId=21 role=1] c.k.i.m.T.selectList - <==      Total: 3
2026-07-22 22:03:36.650 [http-nio-8080-exec-2] INFO  [traceId=6f3d547a3cab4252be4deec2e79494d9 userId=21 role=1] com.kg.interceptor.TraceIdFilter - HTTP_REQUEST_END method=GET uri=/task-template/options status=200 cost=10ms responseBody={"code":200,"message":"查询成功","data":[{"id":5,"templateName":"20260608","taskType":"2","isMandatory":null,"taskDescription":null,"defaultPriority":null,"createTime":null},{"id":6,"templateName":"2026真题","taskType":"0","isMandatory":null,"taskDescription":null,"defaultPriority":null,"createTime":null},{"id":4,"templateName":"模板任务1","taskType":"0","isMandatory":null,"taskDescription":null,"defaultPriority":null,"createTime":null}]}
2026-07-22 22:03:56.739 [http-nio-8080-exec-3] INFO  [traceId=d5f08b8f8a214e6cbca1c44f9fdfc5ca userId= role=] com.kg.interceptor.TraceIdFilter - HTTP_REQUEST_START method=POST uri=/task query=null requestBody={"taskName":"小程序任务测试","taskType":"0","roundNo":1,"isMandatory":1,"useTemplate":0,"templateId":null,"classIds":null,"studentIds":[22],"taskStartTime":"2026-07-22 00:00:00","taskEndTime":"2026-07-23 23:59:59","timeRange":["2026-07-22 00:00:00","2026-07-23 23:59:59"],"taskDescription":"","createMode":"SINGLE","repeatType":"DAILY","startDate":"","endDate":"","weekDays":[]} ip=0:0:0:0:0:0:0:1 userAgent=Mozilla/5.0 (Windows NT 10.0; Win64; x64) AppleWebKit/537.36 (KHTML, like Gecko) Chrome/123.0.0.0 Safari/537.36
2026-07-22 22:03:56.743 [http-nio-8080-exec-3] DEBUG [traceId=d5f08b8f8a214e6cbca1c44f9fdfc5ca userId= role=] c.k.i.m.SysUserMapper.selectById - ==>  Preparing: SELECT id,account,name,password,role,gender,email,phone,openid,description,teacher_remark,password_update_time,class_id,status,create_by,create_time,update_by,update_time FROM sys_user WHERE id=?
2026-07-22 22:03:56.744 [http-nio-8080-exec-3] DEBUG [traceId=d5f08b8f8a214e6cbca1c44f9fdfc5ca userId= role=] c.k.i.m.SysUserMapper.selectById - ==> Parameters: 21(Long)
2026-07-22 22:03:56.744 [http-nio-8080-exec-3] DEBUG [traceId=d5f08b8f8a214e6cbca1c44f9fdfc5ca userId= role=] c.k.i.m.SysUserMapper.selectById - <==      Total: 1
2026-07-22 22:03:56.769 [http-nio-8080-exec-3] DEBUG [traceId=d5f08b8f8a214e6cbca1c44f9fdfc5ca userId=21 role=1] c.k.i.mapper.TaskMapper.insert - ==>  Preparing: INSERT INTO task ( task_name, task_type, round_no, is_mandatory, task_description, task_start_time, task_end_time, target_type, target_ids, create_by, create_time ) VALUES ( ?, ?, ?, ?, ?, ?, ?, ?, ?, ?, ? )
2026-07-22 22:03:56.769 [http-nio-8080-exec-3] DEBUG [traceId=d5f08b8f8a214e6cbca1c44f9fdfc5ca userId=21 role=1] c.k.i.mapper.TaskMapper.insert - ==> Parameters: 小程序任务测试(String), 0(String), 1(Integer), 1(Integer), (String), 2026-07-22T00:00(LocalDateTime), 2026-07-23T23:59:59(LocalDateTime), 2(Integer), 22(String), 21(Long), 2026-07-22T22:03:56.760(LocalDateTime)
2026-07-22 22:03:56.771 [http-nio-8080-exec-3] DEBUG [traceId=d5f08b8f8a214e6cbca1c44f9fdfc5ca userId=21 role=1] c.k.i.mapper.TaskMapper.insert - <==    Updates: 1
2026-07-22 22:03:56.774 [http-nio-8080-exec-3] INFO  [traceId=d5f08b8f8a214e6cbca1c44f9fdfc5ca userId=21 role=1] c.k.a.service.TaskApplicationService - 创建任务成功: id=112, taskName=小程序任务测试
2026-07-22 22:03:56.787 [http-nio-8080-exec-3] DEBUG [traceId=d5f08b8f8a214e6cbca1c44f9fdfc5ca userId=21 role=1] c.k.i.mapper.TaskUserMapper.insert - ==>  Preparing: INSERT INTO task_user ( task_id, user_id, status, create_by ) VALUES ( ?, ?, ?, ? )
2026-07-22 22:03:56.787 [http-nio-8080-exec-3] DEBUG [traceId=d5f08b8f8a214e6cbca1c44f9fdfc5ca userId=21 role=1] c.k.i.mapper.TaskUserMapper.insert - ==> Parameters: 112(Long), 22(Long), 0(String), 21(Long)
2026-07-22 22:03:56.788 [http-nio-8080-exec-3] DEBUG [traceId=d5f08b8f8a214e6cbca1c44f9fdfc5ca userId=21 role=1] c.k.i.mapper.TaskUserMapper.insert - <==    Updates: 1
2026-07-22 22:03:56.788 [http-nio-8080-exec-3] INFO  [traceId=d5f08b8f8a214e6cbca1c44f9fdfc5ca userId=21 role=1] c.k.a.service.TaskApplicationService - 分配任务 112 给 1 人
2026-07-22 22:03:56.790 [http-nio-8080-exec-3] DEBUG [traceId=d5f08b8f8a214e6cbca1c44f9fdfc5ca userId=21 role=1] c.k.i.m.N.update - ==>  Preparing: UPDATE notification_message SET status=? WHERE (related_id = ? AND status = ? AND notify_time > ?)
2026-07-22 22:03:56.790 [http-nio-8080-exec-3] DEBUG [traceId=d5f08b8f8a214e6cbca1c44f9fdfc5ca userId=21 role=1] c.k.i.m.N.update - ==> Parameters: 1(String), 112(Long), 0(String), 2026-07-22T22:03:56.789(LocalDateTime)
2026-07-22 22:03:56.791 [http-nio-8080-exec-3] DEBUG [traceId=d5f08b8f8a214e6cbca1c44f9fdfc5ca userId=21 role=1] c.k.i.m.N.update - <==    Updates: 0
2026-07-22 22:03:56.793 [http-nio-8080-exec-3] DEBUG [traceId=d5f08b8f8a214e6cbca1c44f9fdfc5ca userId=21 role=1] c.k.i.m.N.insert - ==>  Preparing: INSERT INTO notification_message ( user_id, title, content, priority, type, related_id, status, is_read, created_at, notify_time ) VALUES ( ?, ?, ?, ?, ?, ?, ?, ?, ?, ? )
2026-07-22 22:03:56.794 [http-nio-8080-exec-3] DEBUG [traceId=d5f08b8f8a214e6cbca1c44f9fdfc5ca userId=21 role=1] c.k.i.m.N.insert - ==> Parameters: 22(Long), 【小程序任务测试】开始了(String), (String), 1(Integer), TASK_START(String), 112(Long), 0(String), 0(Integer), 2026-07-22T22:03:56.791(LocalDateTime), 2026-07-22T00:00(LocalDateTime)
2026-07-22 22:03:56.796 [http-nio-8080-exec-3] DEBUG [traceId=d5f08b8f8a214e6cbca1c44f9fdfc5ca userId=21 role=1] c.k.i.m.N.insert - <==    Updates: 1
2026-07-22 22:03:56.796 [http-nio-8080-exec-3] DEBUG [traceId=d5f08b8f8a214e6cbca1c44f9fdfc5ca userId=21 role=1] c.k.i.m.N.insert - ==>  Preparing: INSERT INTO notification_message ( user_id, title, content, priority, type, related_id, status, is_read, created_at, notify_time ) VALUES ( ?, ?, ?, ?, ?, ?, ?, ?, ?, ? )
2026-07-22 22:03:56.797 [http-nio-8080-exec-3] DEBUG [traceId=d5f08b8f8a214e6cbca1c44f9fdfc5ca userId=21 role=1] c.k.i.m.N.insert - ==> Parameters: 22(Long), 【小程序任务测试】即将截止(String), 任务即将结束，请尽快完成(String), 1(Integer), TASK_DEADLINE(String), 112(Long), 0(String), 0(Integer), 2026-07-22T22:03:56.791(LocalDateTime), 2026-07-23T19:11:59(LocalDateTime)
2026-07-22 22:03:56.798 [http-nio-8080-exec-3] DEBUG [traceId=d5f08b8f8a214e6cbca1c44f9fdfc5ca userId=21 role=1] c.k.i.m.N.insert - <==    Updates: 1
2026-07-22 22:03:56.798 [http-nio-8080-exec-3] INFO  [traceId=d5f08b8f8a214e6cbca1c44f9fdfc5ca userId=21 role=1] c.k.a.service.NotificationService - 为任务 112 生成 2 条通知消息
2026-07-22 22:03:56.802 [http-nio-8080-exec-3] INFO  [traceId=d5f08b8f8a214e6cbca1c44f9fdfc5ca userId=21 role=1] com.kg.interceptor.TraceIdFilter - HTTP_REQUEST_END method=POST uri=/task status=200 cost=64ms responseBody={"code":200,"message":"新增成功"}
2026-07-22 22:03:56.823 [http-nio-8080-exec-5] INFO  [traceId=e03f49652b324eb08b9db763e81d890b userId= role=] com.kg.interceptor.TraceIdFilter - HTTP_REQUEST_START method=POST uri=/task/page query=null requestBody={"pageNum":1,"pageSize":10} ip=0:0:0:0:0:0:0:1 userAgent=Mozilla/5.0 (Windows NT 10.0; Win64; x64) AppleWebKit/537.36 (KHTML, like Gecko) Chrome/123.0.0.0 Safari/537.36
2026-07-22 22:03:56.827 [http-nio-8080-exec-5] DEBUG [traceId=e03f49652b324eb08b9db763e81d890b userId= role=] c.k.i.m.SysUserMapper.selectById - ==>  Preparing: SELECT id,account,name,password,role,gender,email,phone,openid,description,teacher_remark,password_update_time,class_id,status,create_by,create_time,update_by,update_time FROM sys_user WHERE id=?
2026-07-22 22:03:56.827 [http-nio-8080-exec-5] DEBUG [traceId=e03f49652b324eb08b9db763e81d890b userId= role=] c.k.i.m.SysUserMapper.selectById - ==> Parameters: 21(Long)
2026-07-22 22:03:56.828 [http-nio-8080-exec-5] DEBUG [traceId=e03f49652b324eb08b9db763e81d890b userId= role=] c.k.i.m.SysUserMapper.selectById - <==      Total: 1
2026-07-22 22:03:56.832 [http-nio-8080-exec-5] DEBUG [traceId=e03f49652b324eb08b9db763e81d890b userId=21 role=1] c.k.i.mapper.TaskMapper.selectList - ==>  Preparing: SELECT id,task_name,task_type,template_id,round_no,is_mandatory,task_description,task_start_time,task_end_time,priority,class_id,target_type,target_ids,plan_id,plan_date,is_repeat_task,status,create_by,create_time,update_by,update_time FROM task WHERE ((status = ? OR status IS NULL)) ORDER BY id DESC LIMIT 0,10
2026-07-22 22:03:56.833 [http-nio-8080-exec-5] DEBUG [traceId=e03f49652b324eb08b9db763e81d890b userId=21 role=1] c.k.i.mapper.TaskMapper.selectList - ==> Parameters: 1(Integer)
2026-07-22 22:03:56.834 [http-nio-8080-exec-5] DEBUG [traceId=e03f49652b324eb08b9db763e81d890b userId=21 role=1] c.k.i.mapper.TaskMapper.selectList - <==      Total: 10
2026-07-22 22:03:56.836 [http-nio-8080-exec-5] DEBUG [traceId=e03f49652b324eb08b9db763e81d890b userId=21 role=1] c.k.i.mapper.TaskMapper.selectCount - ==>  Preparing: SELECT COUNT( * ) AS total FROM task WHERE ((status = ? OR status IS NULL))
2026-07-22 22:03:56.836 [http-nio-8080-exec-5] DEBUG [traceId=e03f49652b324eb08b9db763e81d890b userId=21 role=1] c.k.i.mapper.TaskMapper.selectCount - ==> Parameters: 1(Integer)
2026-07-22 22:03:56.837 [http-nio-8080-exec-5] DEBUG [traceId=e03f49652b324eb08b9db763e81d890b userId=21 role=1] c.k.i.mapper.TaskMapper.selectCount - <==      Total: 1
2026-07-22 22:03:56.838 [http-nio-8080-exec-5] DEBUG [traceId=e03f49652b324eb08b9db763e81d890b userId=21 role=1] c.k.i.m.TaskUserMapper.selectList - ==>  Preparing: SELECT id,task_id,user_id,status,start_time,finish_time,duration_minutes,remark,total_score,submit_time,create_by,create_time,update_by,update_time FROM task_user WHERE (task_id = ?)
2026-07-22 22:03:56.838 [http-nio-8080-exec-5] DEBUG [traceId=e03f49652b324eb08b9db763e81d890b userId=21 role=1] c.k.i.m.TaskUserMapper.selectList - ==> Parameters: 112(Long)
2026-07-22 22:03:56.840 [http-nio-8080-exec-5] DEBUG [traceId=e03f49652b324eb08b9db763e81d890b userId=21 role=1] c.k.i.m.TaskUserMapper.selectList - <==      Total: 1
2026-07-22 22:03:56.840 [http-nio-8080-exec-5] DEBUG [traceId=e03f49652b324eb08b9db763e81d890b userId=21 role=1] c.k.i.m.SysUserMapper.selectById - ==>  Preparing: SELECT id,account,name,password,role,gender,email,phone,openid,description,teacher_remark,password_update_time,class_id,status,create_by,create_time,update_by,update_time FROM sys_user WHERE id=?
2026-07-22 22:03:56.840 [http-nio-8080-exec-5] DEBUG [traceId=e03f49652b324eb08b9db763e81d890b userId=21 role=1] c.k.i.m.SysUserMapper.selectById - ==> Parameters: 22(Long)
2026-07-22 22:03:56.841 [http-nio-8080-exec-5] DEBUG [traceId=e03f49652b324eb08b9db763e81d890b userId=21 role=1] c.k.i.m.SysUserMapper.selectById - <==      Total: 1
2026-07-22 22:03:56.843 [http-nio-8080-exec-5] DEBUG [traceId=e03f49652b324eb08b9db763e81d890b userId=21 role=1] c.k.i.m.TaskUserMapper.selectList - ==>  Preparing: SELECT id,task_id,user_id,status,start_time,finish_time,duration_minutes,remark,total_score,submit_time,create_by,create_time,update_by,update_time FROM task_user WHERE (task_id = ?)
2026-07-22 22:03:56.843 [http-nio-8080-exec-5] DEBUG [traceId=e03f49652b324eb08b9db763e81d890b userId=21 role=1] c.k.i.m.TaskUserMapper.selectList - ==> Parameters: 111(Long)
2026-07-22 22:03:56.844 [http-nio-8080-exec-5] DEBUG [traceId=e03f49652b324eb08b9db763e81d890b userId=21 role=1] c.k.i.m.TaskUserMapper.selectList - <==      Total: 11
2026-07-22 22:03:56.844 [http-nio-8080-exec-5] DEBUG [traceId=e03f49652b324eb08b9db763e81d890b userId=21 role=1] c.k.i.m.ClassInfoMapper.selectById - ==>  Preparing: SELECT id,class_name,description,status,create_by,create_time,update_by,update_time FROM class_info WHERE id=?
2026-07-22 22:03:56.844 [http-nio-8080-exec-5] DEBUG [traceId=e03f49652b324eb08b9db763e81d890b userId=21 role=1] c.k.i.m.ClassInfoMapper.selectById - ==> Parameters: 8(Long)
2026-07-22 22:03:56.845 [http-nio-8080-exec-5] DEBUG [traceId=e03f49652b324eb08b9db763e81d890b userId=21 role=1] c.k.i.m.ClassInfoMapper.selectById - <==      Total: 1
2026-07-22 22:03:56.845 [http-nio-8080-exec-5] DEBUG [traceId=e03f49652b324eb08b9db763e81d890b userId=21 role=1] c.k.i.m.ClassInfoMapper.selectById - ==>  Preparing: SELECT id,class_name,description,status,create_by,create_time,update_by,update_time FROM class_info WHERE id=?
2026-07-22 22:03:56.845 [http-nio-8080-exec-5] DEBUG [traceId=e03f49652b324eb08b9db763e81d890b userId=21 role=1] c.k.i.m.ClassInfoMapper.selectById - ==> Parameters: 9(Long)
2026-07-22 22:03:56.846 [http-nio-8080-exec-5] DEBUG [traceId=e03f49652b324eb08b9db763e81d890b userId=21 role=1] c.k.i.m.ClassInfoMapper.selectById - <==      Total: 1
2026-07-22 22:03:56.846 [http-nio-8080-exec-5] DEBUG [traceId=e03f49652b324eb08b9db763e81d890b userId=21 role=1] c.k.i.m.ClassInfoMapper.selectById - ==>  Preparing: SELECT id,class_name,description,status,create_by,create_time,update_by,update_time FROM class_info WHERE id=?
2026-07-22 22:03:56.846 [http-nio-8080-exec-5] DEBUG [traceId=e03f49652b324eb08b9db763e81d890b userId=21 role=1] c.k.i.m.ClassInfoMapper.selectById - ==> Parameters: 10(Long)
2026-07-22 22:03:56.847 [http-nio-8080-exec-5] DEBUG [traceId=e03f49652b324eb08b9db763e81d890b userId=21 role=1] c.k.i.m.ClassInfoMapper.selectById - <==      Total: 1
2026-07-22 22:03:56.847 [http-nio-8080-exec-5] DEBUG [traceId=e03f49652b324eb08b9db763e81d890b userId=21 role=1] c.k.i.m.TaskUserMapper.selectList - ==>  Preparing: SELECT id,task_id,user_id,status,start_time,finish_time,duration_minutes,remark,total_score,submit_time,create_by,create_time,update_by,update_time FROM task_user WHERE (task_id = ?)
2026-07-22 22:03:56.849 [http-nio-8080-exec-5] DEBUG [traceId=e03f49652b324eb08b9db763e81d890b userId=21 role=1] c.k.i.m.TaskUserMapper.selectList - ==> Parameters: 110(Long)
2026-07-22 22:03:56.849 [http-nio-8080-exec-5] DEBUG [traceId=e03f49652b324eb08b9db763e81d890b userId=21 role=1] c.k.i.m.TaskUserMapper.selectList - <==      Total: 11
2026-07-22 22:03:56.850 [http-nio-8080-exec-5] DEBUG [traceId=e03f49652b324eb08b9db763e81d890b userId=21 role=1] c.k.i.m.ClassInfoMapper.selectById - ==>  Preparing: SELECT id,class_name,description,status,create_by,create_time,update_by,update_time FROM class_info WHERE id=?
2026-07-22 22:03:56.850 [http-nio-8080-exec-5] DEBUG [traceId=e03f49652b324eb08b9db763e81d890b userId=21 role=1] c.k.i.m.ClassInfoMapper.selectById - ==> Parameters: 8(Long)
2026-07-22 22:03:56.850 [http-nio-8080-exec-5] DEBUG [traceId=e03f49652b324eb08b9db763e81d890b userId=21 role=1] c.k.i.m.ClassInfoMapper.selectById - <==      Total: 1
2026-07-22 22:03:56.850 [http-nio-8080-exec-5] DEBUG [traceId=e03f49652b324eb08b9db763e81d890b userId=21 role=1] c.k.i.m.ClassInfoMapper.selectById - ==>  Preparing: SELECT id,class_name,description,status,create_by,create_time,update_by,update_time FROM class_info WHERE id=?
2026-07-22 22:03:56.850 [http-nio-8080-exec-5] DEBUG [traceId=e03f49652b324eb08b9db763e81d890b userId=21 role=1] c.k.i.m.ClassInfoMapper.selectById - ==> Parameters: 9(Long)
2026-07-22 22:03:56.851 [http-nio-8080-exec-5] DEBUG [traceId=e03f49652b324eb08b9db763e81d890b userId=21 role=1] c.k.i.m.ClassInfoMapper.selectById - <==      Total: 1
2026-07-22 22:03:56.851 [http-nio-8080-exec-5] DEBUG [traceId=e03f49652b324eb08b9db763e81d890b userId=21 role=1] c.k.i.m.ClassInfoMapper.selectById - ==>  Preparing: SELECT id,class_name,description,status,create_by,create_time,update_by,update_time FROM class_info WHERE id=?
2026-07-22 22:03:56.851 [http-nio-8080-exec-5] DEBUG [traceId=e03f49652b324eb08b9db763e81d890b userId=21 role=1] c.k.i.m.ClassInfoMapper.selectById - ==> Parameters: 10(Long)
2026-07-22 22:03:56.852 [http-nio-8080-exec-5] DEBUG [traceId=e03f49652b324eb08b9db763e81d890b userId=21 role=1] c.k.i.m.ClassInfoMapper.selectById - <==      Total: 1
2026-07-22 22:03:56.853 [http-nio-8080-exec-5] DEBUG [traceId=e03f49652b324eb08b9db763e81d890b userId=21 role=1] c.k.i.m.TaskUserMapper.selectList - ==>  Preparing: SELECT id,task_id,user_id,status,start_time,finish_time,duration_minutes,remark,total_score,submit_time,create_by,create_time,update_by,update_time FROM task_user WHERE (task_id = ?)
2026-07-22 22:03:56.853 [http-nio-8080-exec-5] DEBUG [traceId=e03f49652b324eb08b9db763e81d890b userId=21 role=1] c.k.i.m.TaskUserMapper.selectList - ==> Parameters: 109(Long)
2026-07-22 22:03:56.854 [http-nio-8080-exec-5] DEBUG [traceId=e03f49652b324eb08b9db763e81d890b userId=21 role=1] c.k.i.m.TaskUserMapper.selectList - <==      Total: 11
2026-07-22 22:03:56.854 [http-nio-8080-exec-5] DEBUG [traceId=e03f49652b324eb08b9db763e81d890b userId=21 role=1] c.k.i.m.ClassInfoMapper.selectById - ==>  Preparing: SELECT id,class_name,description,status,create_by,create_time,update_by,update_time FROM class_info WHERE id=?
2026-07-22 22:03:56.854 [http-nio-8080-exec-5] DEBUG [traceId=e03f49652b324eb08b9db763e81d890b userId=21 role=1] c.k.i.m.ClassInfoMapper.selectById - ==> Parameters: 8(Long)
2026-07-22 22:03:56.854 [http-nio-8080-exec-5] DEBUG [traceId=e03f49652b324eb08b9db763e81d890b userId=21 role=1] c.k.i.m.ClassInfoMapper.selectById - <==      Total: 1
2026-07-22 22:03:56.854 [http-nio-8080-exec-5] DEBUG [traceId=e03f49652b324eb08b9db763e81d890b userId=21 role=1] c.k.i.m.ClassInfoMapper.selectById - ==>  Preparing: SELECT id,class_name,description,status,create_by,create_time,update_by,update_time FROM class_info WHERE id=?
2026-07-22 22:03:56.854 [http-nio-8080-exec-5] DEBUG [traceId=e03f49652b324eb08b9db763e81d890b userId=21 role=1] c.k.i.m.ClassInfoMapper.selectById - ==> Parameters: 9(Long)
2026-07-22 22:03:56.855 [http-nio-8080-exec-5] DEBUG [traceId=e03f49652b324eb08b9db763e81d890b userId=21 role=1] c.k.i.m.ClassInfoMapper.selectById - <==      Total: 1
2026-07-22 22:03:56.855 [http-nio-8080-exec-5] DEBUG [traceId=e03f49652b324eb08b9db763e81d890b userId=21 role=1] c.k.i.m.ClassInfoMapper.selectById - ==>  Preparing: SELECT id,class_name,description,status,create_by,create_time,update_by,update_time FROM class_info WHERE id=?
2026-07-22 22:03:56.855 [http-nio-8080-exec-5] DEBUG [traceId=e03f49652b324eb08b9db763e81d890b userId=21 role=1] c.k.i.m.ClassInfoMapper.selectById - ==> Parameters: 10(Long)
2026-07-22 22:03:56.855 [http-nio-8080-exec-5] DEBUG [traceId=e03f49652b324eb08b9db763e81d890b userId=21 role=1] c.k.i.m.ClassInfoMapper.selectById - <==      Total: 1
2026-07-22 22:03:56.856 [http-nio-8080-exec-5] DEBUG [traceId=e03f49652b324eb08b9db763e81d890b userId=21 role=1] c.k.i.m.TaskUserMapper.selectList - ==>  Preparing: SELECT id,task_id,user_id,status,start_time,finish_time,duration_minutes,remark,total_score,submit_time,create_by,create_time,update_by,update_time FROM task_user WHERE (task_id = ?)
2026-07-22 22:03:56.856 [http-nio-8080-exec-5] DEBUG [traceId=e03f49652b324eb08b9db763e81d890b userId=21 role=1] c.k.i.m.TaskUserMapper.selectList - ==> Parameters: 108(Long)
2026-07-22 22:03:56.857 [http-nio-8080-exec-5] DEBUG [traceId=e03f49652b324eb08b9db763e81d890b userId=21 role=1] c.k.i.m.TaskUserMapper.selectList - <==      Total: 11
2026-07-22 22:03:56.858 [http-nio-8080-exec-5] DEBUG [traceId=e03f49652b324eb08b9db763e81d890b userId=21 role=1] c.k.i.m.ClassInfoMapper.selectById - ==>  Preparing: SELECT id,class_name,description,status,create_by,create_time,update_by,update_time FROM class_info WHERE id=?
2026-07-22 22:03:56.858 [http-nio-8080-exec-5] DEBUG [traceId=e03f49652b324eb08b9db763e81d890b userId=21 role=1] c.k.i.m.ClassInfoMapper.selectById - ==> Parameters: 8(Long)
2026-07-22 22:03:56.858 [http-nio-8080-exec-5] DEBUG [traceId=e03f49652b324eb08b9db763e81d890b userId=21 role=1] c.k.i.m.ClassInfoMapper.selectById - <==      Total: 1
2026-07-22 22:03:56.858 [http-nio-8080-exec-5] DEBUG [traceId=e03f49652b324eb08b9db763e81d890b userId=21 role=1] c.k.i.m.ClassInfoMapper.selectById - ==>  Preparing: SELECT id,class_name,description,status,create_by,create_time,update_by,update_time FROM class_info WHERE id=?
2026-07-22 22:03:56.858 [http-nio-8080-exec-5] DEBUG [traceId=e03f49652b324eb08b9db763e81d890b userId=21 role=1] c.k.i.m.ClassInfoMapper.selectById - ==> Parameters: 9(Long)
2026-07-22 22:03:56.859 [http-nio-8080-exec-5] DEBUG [traceId=e03f49652b324eb08b9db763e81d890b userId=21 role=1] c.k.i.m.ClassInfoMapper.selectById - <==      Total: 1
2026-07-22 22:03:56.859 [http-nio-8080-exec-5] DEBUG [traceId=e03f49652b324eb08b9db763e81d890b userId=21 role=1] c.k.i.m.ClassInfoMapper.selectById - ==>  Preparing: SELECT id,class_name,description,status,create_by,create_time,update_by,update_time FROM class_info WHERE id=?
2026-07-22 22:03:56.859 [http-nio-8080-exec-5] DEBUG [traceId=e03f49652b324eb08b9db763e81d890b userId=21 role=1] c.k.i.m.ClassInfoMapper.selectById - ==> Parameters: 10(Long)
2026-07-22 22:03:56.859 [http-nio-8080-exec-5] DEBUG [traceId=e03f49652b324eb08b9db763e81d890b userId=21 role=1] c.k.i.m.ClassInfoMapper.selectById - <==      Total: 1
2026-07-22 22:03:56.860 [http-nio-8080-exec-5] DEBUG [traceId=e03f49652b324eb08b9db763e81d890b userId=21 role=1] c.k.i.m.TaskUserMapper.selectList - ==>  Preparing: SELECT id,task_id,user_id,status,start_time,finish_time,duration_minutes,remark,total_score,submit_time,create_by,create_time,update_by,update_time FROM task_user WHERE (task_id = ?)
2026-07-22 22:03:56.860 [http-nio-8080-exec-5] DEBUG [traceId=e03f49652b324eb08b9db763e81d890b userId=21 role=1] c.k.i.m.TaskUserMapper.selectList - ==> Parameters: 107(Long)
2026-07-22 22:03:56.861 [http-nio-8080-exec-5] DEBUG [traceId=e03f49652b324eb08b9db763e81d890b userId=21 role=1] c.k.i.m.TaskUserMapper.selectList - <==      Total: 11
2026-07-22 22:03:56.861 [http-nio-8080-exec-5] DEBUG [traceId=e03f49652b324eb08b9db763e81d890b userId=21 role=1] c.k.i.m.ClassInfoMapper.selectById - ==>  Preparing: SELECT id,class_name,description,status,create_by,create_time,update_by,update_time FROM class_info WHERE id=?
2026-07-22 22:03:56.861 [http-nio-8080-exec-5] DEBUG [traceId=e03f49652b324eb08b9db763e81d890b userId=21 role=1] c.k.i.m.ClassInfoMapper.selectById - ==> Parameters: 8(Long)
2026-07-22 22:03:56.861 [http-nio-8080-exec-5] DEBUG [traceId=e03f49652b324eb08b9db763e81d890b userId=21 role=1] c.k.i.m.ClassInfoMapper.selectById - <==      Total: 1
2026-07-22 22:03:56.861 [http-nio-8080-exec-5] DEBUG [traceId=e03f49652b324eb08b9db763e81d890b userId=21 role=1] c.k.i.m.ClassInfoMapper.selectById - ==>  Preparing: SELECT id,class_name,description,status,create_by,create_time,update_by,update_time FROM class_info WHERE id=?
2026-07-22 22:03:56.861 [http-nio-8080-exec-5] DEBUG [traceId=e03f49652b324eb08b9db763e81d890b userId=21 role=1] c.k.i.m.ClassInfoMapper.selectById - ==> Parameters: 9(Long)
2026-07-22 22:03:56.862 [http-nio-8080-exec-5] DEBUG [traceId=e03f49652b324eb08b9db763e81d890b userId=21 role=1] c.k.i.m.ClassInfoMapper.selectById - <==      Total: 1
2026-07-22 22:03:56.862 [http-nio-8080-exec-5] DEBUG [traceId=e03f49652b324eb08b9db763e81d890b userId=21 role=1] c.k.i.m.ClassInfoMapper.selectById - ==>  Preparing: SELECT id,class_name,description,status,create_by,create_time,update_by,update_time FROM class_info WHERE id=?
2026-07-22 22:03:56.862 [http-nio-8080-exec-5] DEBUG [traceId=e03f49652b324eb08b9db763e81d890b userId=21 role=1] c.k.i.m.ClassInfoMapper.selectById - ==> Parameters: 10(Long)
2026-07-22 22:03:56.862 [http-nio-8080-exec-5] DEBUG [traceId=e03f49652b324eb08b9db763e81d890b userId=21 role=1] c.k.i.m.ClassInfoMapper.selectById - <==      Total: 1
2026-07-22 22:03:56.864 [http-nio-8080-exec-5] DEBUG [traceId=e03f49652b324eb08b9db763e81d890b userId=21 role=1] c.k.i.m.TaskUserMapper.selectList - ==>  Preparing: SELECT id,task_id,user_id,status,start_time,finish_time,duration_minutes,remark,total_score,submit_time,create_by,create_time,update_by,update_time FROM task_user WHERE (task_id = ?)
2026-07-22 22:03:56.864 [http-nio-8080-exec-5] DEBUG [traceId=e03f49652b324eb08b9db763e81d890b userId=21 role=1] c.k.i.m.TaskUserMapper.selectList - ==> Parameters: 106(Long)
2026-07-22 22:03:56.865 [http-nio-8080-exec-5] DEBUG [traceId=e03f49652b324eb08b9db763e81d890b userId=21 role=1] c.k.i.m.TaskUserMapper.selectList - <==      Total: 11
2026-07-22 22:03:56.866 [http-nio-8080-exec-5] DEBUG [traceId=e03f49652b324eb08b9db763e81d890b userId=21 role=1] c.k.i.m.ClassInfoMapper.selectById - ==>  Preparing: SELECT id,class_name,description,status,create_by,create_time,update_by,update_time FROM class_info WHERE id=?
2026-07-22 22:03:56.866 [http-nio-8080-exec-5] DEBUG [traceId=e03f49652b324eb08b9db763e81d890b userId=21 role=1] c.k.i.m.ClassInfoMapper.selectById - ==> Parameters: 8(Long)
2026-07-22 22:03:56.866 [http-nio-8080-exec-5] DEBUG [traceId=e03f49652b324eb08b9db763e81d890b userId=21 role=1] c.k.i.m.ClassInfoMapper.selectById - <==      Total: 1
2026-07-22 22:03:56.866 [http-nio-8080-exec-5] DEBUG [traceId=e03f49652b324eb08b9db763e81d890b userId=21 role=1] c.k.i.m.ClassInfoMapper.selectById - ==>  Preparing: SELECT id,class_name,description,status,create_by,create_time,update_by,update_time FROM class_info WHERE id=?
2026-07-22 22:03:56.866 [http-nio-8080-exec-5] DEBUG [traceId=e03f49652b324eb08b9db763e81d890b userId=21 role=1] c.k.i.m.ClassInfoMapper.selectById - ==> Parameters: 9(Long)
2026-07-22 22:03:56.867 [http-nio-8080-exec-5] DEBUG [traceId=e03f49652b324eb08b9db763e81d890b userId=21 role=1] c.k.i.m.ClassInfoMapper.selectById - <==      Total: 1
2026-07-22 22:03:56.867 [http-nio-8080-exec-5] DEBUG [traceId=e03f49652b324eb08b9db763e81d890b userId=21 role=1] c.k.i.m.ClassInfoMapper.selectById - ==>  Preparing: SELECT id,class_name,description,status,create_by,create_time,update_by,update_time FROM class_info WHERE id=?
2026-07-22 22:03:56.867 [http-nio-8080-exec-5] DEBUG [traceId=e03f49652b324eb08b9db763e81d890b userId=21 role=1] c.k.i.m.ClassInfoMapper.selectById - ==> Parameters: 10(Long)
2026-07-22 22:03:56.867 [http-nio-8080-exec-5] DEBUG [traceId=e03f49652b324eb08b9db763e81d890b userId=21 role=1] c.k.i.m.ClassInfoMapper.selectById - <==      Total: 1
2026-07-22 22:03:56.868 [http-nio-8080-exec-5] DEBUG [traceId=e03f49652b324eb08b9db763e81d890b userId=21 role=1] c.k.i.m.TaskUserMapper.selectList - ==>  Preparing: SELECT id,task_id,user_id,status,start_time,finish_time,duration_minutes,remark,total_score,submit_time,create_by,create_time,update_by,update_time FROM task_user WHERE (task_id = ?)
2026-07-22 22:03:56.868 [http-nio-8080-exec-5] DEBUG [traceId=e03f49652b324eb08b9db763e81d890b userId=21 role=1] c.k.i.m.TaskUserMapper.selectList - ==> Parameters: 105(Long)
2026-07-22 22:03:56.868 [http-nio-8080-exec-5] DEBUG [traceId=e03f49652b324eb08b9db763e81d890b userId=21 role=1] c.k.i.m.TaskUserMapper.selectList - <==      Total: 11
2026-07-22 22:03:56.869 [http-nio-8080-exec-5] DEBUG [traceId=e03f49652b324eb08b9db763e81d890b userId=21 role=1] c.k.i.m.ClassInfoMapper.selectById - ==>  Preparing: SELECT id,class_name,description,status,create_by,create_time,update_by,update_time FROM class_info WHERE id=?
2026-07-22 22:03:56.869 [http-nio-8080-exec-5] DEBUG [traceId=e03f49652b324eb08b9db763e81d890b userId=21 role=1] c.k.i.m.ClassInfoMapper.selectById - ==> Parameters: 8(Long)
2026-07-22 22:03:56.869 [http-nio-8080-exec-5] DEBUG [traceId=e03f49652b324eb08b9db763e81d890b userId=21 role=1] c.k.i.m.ClassInfoMapper.selectById - <==      Total: 1
2026-07-22 22:03:56.871 [http-nio-8080-exec-5] DEBUG [traceId=e03f49652b324eb08b9db763e81d890b userId=21 role=1] c.k.i.m.ClassInfoMapper.selectById - ==>  Preparing: SELECT id,class_name,description,status,create_by,create_time,update_by,update_time FROM class_info WHERE id=?
2026-07-22 22:03:56.871 [http-nio-8080-exec-5] DEBUG [traceId=e03f49652b324eb08b9db763e81d890b userId=21 role=1] c.k.i.m.ClassInfoMapper.selectById - ==> Parameters: 9(Long)
2026-07-22 22:03:56.871 [http-nio-8080-exec-5] DEBUG [traceId=e03f49652b324eb08b9db763e81d890b userId=21 role=1] c.k.i.m.ClassInfoMapper.selectById - <==      Total: 1
2026-07-22 22:03:56.871 [http-nio-8080-exec-5] DEBUG [traceId=e03f49652b324eb08b9db763e81d890b userId=21 role=1] c.k.i.m.ClassInfoMapper.selectById - ==>  Preparing: SELECT id,class_name,description,status,create_by,create_time,update_by,update_time FROM class_info WHERE id=?
2026-07-22 22:03:56.871 [http-nio-8080-exec-5] DEBUG [traceId=e03f49652b324eb08b9db763e81d890b userId=21 role=1] c.k.i.m.ClassInfoMapper.selectById - ==> Parameters: 10(Long)
2026-07-22 22:03:56.872 [http-nio-8080-exec-5] DEBUG [traceId=e03f49652b324eb08b9db763e81d890b userId=21 role=1] c.k.i.m.ClassInfoMapper.selectById - <==      Total: 1
2026-07-22 22:03:56.873 [http-nio-8080-exec-5] DEBUG [traceId=e03f49652b324eb08b9db763e81d890b userId=21 role=1] c.k.i.m.TaskUserMapper.selectList - ==>  Preparing: SELECT id,task_id,user_id,status,start_time,finish_time,duration_minutes,remark,total_score,submit_time,create_by,create_time,update_by,update_time FROM task_user WHERE (task_id = ?)
2026-07-22 22:03:56.873 [http-nio-8080-exec-5] DEBUG [traceId=e03f49652b324eb08b9db763e81d890b userId=21 role=1] c.k.i.m.TaskUserMapper.selectList - ==> Parameters: 104(Long)
2026-07-22 22:03:56.873 [http-nio-8080-exec-5] DEBUG [traceId=e03f49652b324eb08b9db763e81d890b userId=21 role=1] c.k.i.m.TaskUserMapper.selectList - <==      Total: 11
2026-07-22 22:03:56.873 [http-nio-8080-exec-5] DEBUG [traceId=e03f49652b324eb08b9db763e81d890b userId=21 role=1] c.k.i.m.ClassInfoMapper.selectById - ==>  Preparing: SELECT id,class_name,description,status,create_by,create_time,update_by,update_time FROM class_info WHERE id=?
2026-07-22 22:03:56.873 [http-nio-8080-exec-5] DEBUG [traceId=e03f49652b324eb08b9db763e81d890b userId=21 role=1] c.k.i.m.ClassInfoMapper.selectById - ==> Parameters: 8(Long)
2026-07-22 22:03:56.874 [http-nio-8080-exec-5] DEBUG [traceId=e03f49652b324eb08b9db763e81d890b userId=21 role=1] c.k.i.m.ClassInfoMapper.selectById - <==      Total: 1
2026-07-22 22:03:56.874 [http-nio-8080-exec-5] DEBUG [traceId=e03f49652b324eb08b9db763e81d890b userId=21 role=1] c.k.i.m.ClassInfoMapper.selectById - ==>  Preparing: SELECT id,class_name,description,status,create_by,create_time,update_by,update_time FROM class_info WHERE id=?
2026-07-22 22:03:56.874 [http-nio-8080-exec-5] DEBUG [traceId=e03f49652b324eb08b9db763e81d890b userId=21 role=1] c.k.i.m.ClassInfoMapper.selectById - ==> Parameters: 9(Long)
2026-07-22 22:03:56.874 [http-nio-8080-exec-5] DEBUG [traceId=e03f49652b324eb08b9db763e81d890b userId=21 role=1] c.k.i.m.ClassInfoMapper.selectById - <==      Total: 1
2026-07-22 22:03:56.874 [http-nio-8080-exec-5] DEBUG [traceId=e03f49652b324eb08b9db763e81d890b userId=21 role=1] c.k.i.m.ClassInfoMapper.selectById - ==>  Preparing: SELECT id,class_name,description,status,create_by,create_time,update_by,update_time FROM class_info WHERE id=?
2026-07-22 22:03:56.874 [http-nio-8080-exec-5] DEBUG [traceId=e03f49652b324eb08b9db763e81d890b userId=21 role=1] c.k.i.m.ClassInfoMapper.selectById - ==> Parameters: 10(Long)
2026-07-22 22:03:56.875 [http-nio-8080-exec-5] DEBUG [traceId=e03f49652b324eb08b9db763e81d890b userId=21 role=1] c.k.i.m.ClassInfoMapper.selectById - <==      Total: 1
2026-07-22 22:03:56.876 [http-nio-8080-exec-5] DEBUG [traceId=e03f49652b324eb08b9db763e81d890b userId=21 role=1] c.k.i.m.TaskUserMapper.selectList - ==>  Preparing: SELECT id,task_id,user_id,status,start_time,finish_time,duration_minutes,remark,total_score,submit_time,create_by,create_time,update_by,update_time FROM task_user WHERE (task_id = ?)
2026-07-22 22:03:56.876 [http-nio-8080-exec-5] DEBUG [traceId=e03f49652b324eb08b9db763e81d890b userId=21 role=1] c.k.i.m.TaskUserMapper.selectList - ==> Parameters: 103(Long)
2026-07-22 22:03:56.877 [http-nio-8080-exec-5] DEBUG [traceId=e03f49652b324eb08b9db763e81d890b userId=21 role=1] c.k.i.m.TaskUserMapper.selectList - <==      Total: 11
2026-07-22 22:03:56.877 [http-nio-8080-exec-5] DEBUG [traceId=e03f49652b324eb08b9db763e81d890b userId=21 role=1] c.k.i.m.ClassInfoMapper.selectById - ==>  Preparing: SELECT id,class_name,description,status,create_by,create_time,update_by,update_time FROM class_info WHERE id=?
2026-07-22 22:03:56.877 [http-nio-8080-exec-5] DEBUG [traceId=e03f49652b324eb08b9db763e81d890b userId=21 role=1] c.k.i.m.ClassInfoMapper.selectById - ==> Parameters: 8(Long)
2026-07-22 22:03:56.878 [http-nio-8080-exec-5] DEBUG [traceId=e03f49652b324eb08b9db763e81d890b userId=21 role=1] c.k.i.m.ClassInfoMapper.selectById - <==      Total: 1
2026-07-22 22:03:56.878 [http-nio-8080-exec-5] DEBUG [traceId=e03f49652b324eb08b9db763e81d890b userId=21 role=1] c.k.i.m.ClassInfoMapper.selectById - ==>  Preparing: SELECT id,class_name,description,status,create_by,create_time,update_by,update_time FROM class_info WHERE id=?
2026-07-22 22:03:56.878 [http-nio-8080-exec-5] DEBUG [traceId=e03f49652b324eb08b9db763e81d890b userId=21 role=1] c.k.i.m.ClassInfoMapper.selectById - ==> Parameters: 9(Long)
2026-07-22 22:03:56.878 [http-nio-8080-exec-5] DEBUG [traceId=e03f49652b324eb08b9db763e81d890b userId=21 role=1] c.k.i.m.ClassInfoMapper.selectById - <==      Total: 1
2026-07-22 22:03:56.878 [http-nio-8080-exec-5] DEBUG [traceId=e03f49652b324eb08b9db763e81d890b userId=21 role=1] c.k.i.m.ClassInfoMapper.selectById - ==>  Preparing: SELECT id,class_name,description,status,create_by,create_time,update_by,update_time FROM class_info WHERE id=?
2026-07-22 22:03:56.878 [http-nio-8080-exec-5] DEBUG [traceId=e03f49652b324eb08b9db763e81d890b userId=21 role=1] c.k.i.m.ClassInfoMapper.selectById - ==> Parameters: 10(Long)
2026-07-22 22:03:56.879 [http-nio-8080-exec-5] DEBUG [traceId=e03f49652b324eb08b9db763e81d890b userId=21 role=1] c.k.i.m.ClassInfoMapper.selectById - <==      Total: 1
2026-07-22 22:03:56.884 [http-nio-8080-exec-5] INFO  [traceId=e03f49652b324eb08b9db763e81d890b userId=21 role=1] com.kg.interceptor.TraceIdFilter - HTTP_REQUEST_END method=POST uri=/task/page status=200 cost=60ms responseBody={"code":200,"message":"查询成功","data":{"total":80,"list":[{"id":112,"taskName":"小程序任务测试","taskType":"0","templateId":null,"roundNo":1,"isMandatory":1,"taskDescription":"","taskStartTime":"2026-07-22 00:00:00","taskEndTime":"2026-07-23 23:59:59","priority":0,"classId":null,"targetType":2,"targetIds":"22","selectedClassList":null,"selectedStudentList":[{"id":22,"name":"李老师","classId":8}],"completedCount":0,"uncompletedCount":1,"completionPercent":0,"createTime":"2026-07-22 22:03:57","planId":null,"planDate":null,"isRepeatTask":0,"status":1},{"id":111,"taskName":"每日复盘","taskType":"3","templateId":null,"roundNo":0,"isMandatory":1,"taskDescription":"2026-07-22","taskStartTime":"2026-07-22 08:00:00","taskEndTime":"2026-07-22 23:59:00","priority":0,"classId":null,"targetType":1,"targetIds":"8,9,10","selectedClassList":[{"id":8,"className":"1班"},{"id":9,"className":"2班"},{"id":10,"className":"线上学习1班"}],"selectedStudentList":null,"completedCount":0,"uncompletedCount":11,"completionPercent":0,"createTime":"2026-07-22 21:05:47","planId":null,"planDate":null,"isRepeatTask":0,"status":1},{"id":110,"taskName":"每日打卡","taskType":"2","templateId":null,"roundNo":0,"isMandatory":1,"taskDescription":"2026-07-22","taskStartTime":"2026-07-22 06:00:00","taskEndTime":"2026-07-22 23:59:00","priority":0,"classId":null,"targetType":1,"targetIds":"8,9,10","selectedClassList":[{"id":8,"className":"1班"},{"id":9,"className":"2班"},{"id":10,"className":"线上学习1班"}],"selectedStudentList":null,"completedCount":0,"uncompletedCount":11,"completionPercent":0,"createTime":"2026-07-22 21:05:46","planId":null,"planDate":null,"isRepeatTask":0,"status":1},{"id":109,"taskName":"每日复盘","taskType":"3","templateId":null,"roundNo":0,"isMandatory":1,"taskDescription":"2026-07-20","taskStartTime":"2026-07-20 08:00:00","taskEndTime":"2026-07-20 23:59:00","priority":0,"classId":null,"targetType":1,"targetIds":"8,9,10","selectedClassList":[{"id":8,"className":"1班"},{"id":9,"className":"2班"},{"id":10,"className":"线上学习1班"}],"selectedStudentList":null,"completedCount":0,"uncompletedCount":11,"completionPercent":0,"createTime":"2026-07-20 22:11:47","planId":null,"planDate":null,"isRepeatTask":0,"status":1},{"id":108,"taskName":"每日打卡","taskType":"2","templateId":null,"roundNo":0,"isMandatory":1,"taskDescription":"2026-07-20","taskStartTime":"2026-07-20 06:00:00","taskEndTime":"2026-07-20 23:59:00","priority":0,"classId":null,"targetType":1,"targetIds":"8,9,10","selectedClassList":[{"id":8,"className":"1班"},{"id":9,"className":"2班"},{"id":10,"className":"线上学习1班"}],"selectedStudentList":null,"completedCount":0,"uncompletedCount":11,"completionPercent":0,"createTime":"2026-07-20 22:11:47","planId":null,"planDate":null,"isRepeatTask":0,"status":1},{"id":107,"taskName":"每日复盘","taskType":"3","templateId":null,"roundNo":0,"isMandatory":1,"taskDescription":"2026-07-19","taskStartTime":"2026-07-19 08:00:00","taskEndTime":"2026-07-19 23:59:00","priority":0,"classId":null,"targetType":1,"targetIds":"8,9,10","selectedClassList":[{"id":8,"className":"1班"},{"id":9,"className":"2班"},{"id":10,"className":"线上学习1班"}],"selectedStudentList":null,"completedCount":0,"uncompletedCount":11,"completionPercent":0,"createTime":"2026-07-19 18:38:29","planId":null,"planDate":null,"isRepeatTask":0,"status":1},{"id":106,"taskName":"每日打卡","taskType":"2","templateId":null,"roundNo":0,"isMandatory":1,"taskDescription":"2026-07-19","taskStartTime":"2026-07-19 06:00:00","taskEndTime":"2026-07-19 23:59:00","priority":0,"classId":null,"targetType":1,"targetIds":"8,9,10","selectedClassList":[{"id":8,"className":"1班"},{"id":9,"className":"2班"},{"id":10,"className":"线上学习1班"}],"selectedStudentList":null,"completedCount":0,"uncompletedCount":11,"completionPercent":0,"createTime":"2026-07-19 18:38:29","planId":null,"planDate":null,"isRepeatTask":0,"status":1},{"id":105,"taskName":"每日复盘","taskType":"3","templateId":null,"roundNo":0,"isMandatory":1,"taskDescription":"2026-07-15","taskStartTime":"2026-07-15 08:00:00","taskEndTime":"2026-07-15 23:59:00","priority":0,"classId":null,"targetType":1,"targetIds":"8,9,10","selectedClassList":[{"id":8,"className":"1班"},{"id":9,"className":"2班"},{"id":10,"className":"线上学习1班"}],"selectedStudentList":null,"completedCount":0,"uncompletedCount":11,"completionPercent":0,"createTime":"2026-07-15 00:36:26","planId":null,"planDate":null,"isRepeatTask":0,"status":1},{"id":104,"taskName":"每日打卡","taskType":"2","templateId":null,"roundNo":0,"isMandatory":1,"taskDescription":"2026-07-15","taskStartTime":"2026-07-15 06:00:00","taskEndTime":"2026-07-15 23:59:00","priority":0,"classId":null,"targetType":1,"targetIds":"8,9,10","selectedClassList":[{"id":8,"className":"1班"},{"id":9,"className":"2班"},{"id":10,"className":"线上学习1班"}],"selectedStudentList":null,"completedCount":0,"uncompletedCount":11,"completionPercent":0,"createTime":"2026-07-15 00:36:26","planId":null,"planDate":null,"isRepeatTask":0,"status":1},{"id":103,"taskName":"每日打卡","taskType":"2","templateId":null,"roundNo":0,"isManda...[TRUNCATED length=5468]
2026-07-22 22:03:59.147 [http-nio-8080-exec-9] INFO  [traceId=91ae67b9ead744b3856c07d8193b2271 userId= role=] com.kg.interceptor.TraceIdFilter - HTTP_REQUEST_START method=POST uri=/my-task/stats query=null requestBody={"status":"0"} ip=0:0:0:0:0:0:0:1 userAgent=Mozilla/5.0 (iPhone; CPU iPhone OS 15_0 like Mac OS X) AppleWebKit/605.1.15 (KHTML, like Gecko) Version/15.0 Mobile/15E148 Safari/604.1 wechatdevtools/2.01.2510290 MicroMessenger/8.0.5 Language/zh_CN webview/ hash/597225176 sid/jAVCl7QYrr
2026-07-22 22:03:59.147 [http-nio-8080-exec-1] INFO  [traceId=39a9206378414d1bba294e46987aa27d userId= role=] com.kg.interceptor.TraceIdFilter - HTTP_REQUEST_START method=POST uri=/my-task/stats query=null requestBody={"status":"1"} ip=0:0:0:0:0:0:0:1 userAgent=Mozilla/5.0 (iPhone; CPU iPhone OS 15_0 like Mac OS X) AppleWebKit/605.1.15 (KHTML, like Gecko) Version/15.0 Mobile/15E148 Safari/604.1 wechatdevtools/2.01.2510290 MicroMessenger/8.0.5 Language/zh_CN webview/ hash/597225176 sid/jAVCl7QYrr
2026-07-22 22:03:59.152 [http-nio-8080-exec-1] DEBUG [traceId=39a9206378414d1bba294e46987aa27d userId= role=] c.k.i.m.SysUserMapper.selectById - ==>  Preparing: SELECT id,account,name,password,role,gender,email,phone,openid,description,teacher_remark,password_update_time,class_id,status,create_by,create_time,update_by,update_time FROM sys_user WHERE id=?
2026-07-22 22:03:59.152 [http-nio-8080-exec-9] DEBUG [traceId=91ae67b9ead744b3856c07d8193b2271 userId= role=] c.k.i.m.SysUserMapper.selectById - ==>  Preparing: SELECT id,account,name,password,role,gender,email,phone,openid,description,teacher_remark,password_update_time,class_id,status,create_by,create_time,update_by,update_time FROM sys_user WHERE id=?
2026-07-22 22:03:59.152 [http-nio-8080-exec-9] DEBUG [traceId=91ae67b9ead744b3856c07d8193b2271 userId= role=] c.k.i.m.SysUserMapper.selectById - ==> Parameters: 22(Long)
2026-07-22 22:03:59.152 [http-nio-8080-exec-1] DEBUG [traceId=39a9206378414d1bba294e46987aa27d userId= role=] c.k.i.m.SysUserMapper.selectById - ==> Parameters: 22(Long)
2026-07-22 22:03:59.154 [http-nio-8080-exec-1] DEBUG [traceId=39a9206378414d1bba294e46987aa27d userId= role=] c.k.i.m.SysUserMapper.selectById - <==      Total: 1
2026-07-22 22:03:59.154 [http-nio-8080-exec-10] INFO  [traceId=cdb670af975f41dcb02d0e76b27a7f5e userId= role=] com.kg.interceptor.TraceIdFilter - HTTP_REQUEST_START method=POST uri=/my-task/list query=null requestBody={"pageNo":1,"pageSize":10,"status":"0"} ip=0:0:0:0:0:0:0:1 userAgent=Mozilla/5.0 (iPhone; CPU iPhone OS 15_0 like Mac OS X) AppleWebKit/605.1.15 (KHTML, like Gecko) Version/15.0 Mobile/15E148 Safari/604.1 wechatdevtools/2.01.2510290 MicroMessenger/8.0.5 Language/zh_CN webview/ hash/597225176 sid/jAVCl7QYrr
2026-07-22 22:03:59.154 [http-nio-8080-exec-9] DEBUG [traceId=91ae67b9ead744b3856c07d8193b2271 userId= role=] c.k.i.m.SysUserMapper.selectById - <==      Total: 1
2026-07-22 22:03:59.155 [http-nio-8080-exec-9] DEBUG [traceId=91ae67b9ead744b3856c07d8193b2271 userId=22 role=3] c.k.i.m.TaskUserMapper.selectCount - ==>  Preparing: SELECT COUNT( * ) AS total FROM task_user WHERE (user_id = ? AND status = ?)
2026-07-22 22:03:59.156 [http-nio-8080-exec-9] DEBUG [traceId=91ae67b9ead744b3856c07d8193b2271 userId=22 role=3] c.k.i.m.TaskUserMapper.selectCount - ==> Parameters: 22(Long), 0(String)
2026-07-22 22:03:59.156 [http-nio-8080-exec-1] DEBUG [traceId=39a9206378414d1bba294e46987aa27d userId=22 role=3] c.k.i.m.TaskUserMapper.selectCount - ==>  Preparing: SELECT COUNT( * ) AS total FROM task_user WHERE (user_id = ? AND status = ?)
2026-07-22 22:03:59.156 [http-nio-8080-exec-1] DEBUG [traceId=39a9206378414d1bba294e46987aa27d userId=22 role=3] c.k.i.m.TaskUserMapper.selectCount - ==> Parameters: 22(Long), 0(String)
2026-07-22 22:03:59.156 [http-nio-8080-exec-9] DEBUG [traceId=91ae67b9ead744b3856c07d8193b2271 userId=22 role=3] c.k.i.m.TaskUserMapper.selectCount - <==      Total: 1
2026-07-22 22:03:59.156 [http-nio-8080-exec-1] DEBUG [traceId=39a9206378414d1bba294e46987aa27d userId=22 role=3] c.k.i.m.TaskUserMapper.selectCount - <==      Total: 1
2026-07-22 22:03:59.157 [http-nio-8080-exec-1] DEBUG [traceId=39a9206378414d1bba294e46987aa27d userId=22 role=3] c.k.i.m.TaskUserMapper.selectCount - ==>  Preparing: SELECT COUNT( * ) AS total FROM task_user WHERE (user_id = ? AND status IN (?,?))
2026-07-22 22:03:59.157 [http-nio-8080-exec-1] DEBUG [traceId=39a9206378414d1bba294e46987aa27d userId=22 role=3] c.k.i.m.TaskUserMapper.selectCount - ==> Parameters: 22(Long), 1(String), 2(String)
2026-07-22 22:03:59.157 [http-nio-8080-exec-9] DEBUG [traceId=91ae67b9ead744b3856c07d8193b2271 userId=22 role=3] c.k.i.m.TaskUserMapper.selectCount - ==>  Preparing: SELECT COUNT( * ) AS total FROM task_user WHERE (user_id = ? AND status IN (?,?))
2026-07-22 22:03:59.158 [http-nio-8080-exec-9] DEBUG [traceId=91ae67b9ead744b3856c07d8193b2271 userId=22 role=3] c.k.i.m.TaskUserMapper.selectCount - ==> Parameters: 22(Long), 1(String), 2(String)
2026-07-22 22:03:59.158 [http-nio-8080-exec-1] DEBUG [traceId=39a9206378414d1bba294e46987aa27d userId=22 role=3] c.k.i.m.TaskUserMapper.selectCount - <==      Total: 1
2026-07-22 22:03:59.158 [http-nio-8080-exec-9] DEBUG [traceId=91ae67b9ead744b3856c07d8193b2271 userId=22 role=3] c.k.i.m.TaskUserMapper.selectCount - <==      Total: 1
2026-07-22 22:03:59.159 [http-nio-8080-exec-10] DEBUG [traceId=cdb670af975f41dcb02d0e76b27a7f5e userId= role=] c.k.i.m.SysUserMapper.selectById - ==>  Preparing: SELECT id,account,name,password,role,gender,email,phone,openid,description,teacher_remark,password_update_time,class_id,status,create_by,create_time,update_by,update_time FROM sys_user WHERE id=?
2026-07-22 22:03:59.159 [http-nio-8080-exec-10] DEBUG [traceId=cdb670af975f41dcb02d0e76b27a7f5e userId= role=] c.k.i.m.SysUserMapper.selectById - ==> Parameters: 22(Long)
2026-07-22 22:03:59.159 [http-nio-8080-exec-9] INFO  [traceId=91ae67b9ead744b3856c07d8193b2271 userId=22 role=3] com.kg.interceptor.TraceIdFilter - HTTP_REQUEST_END method=POST uri=/my-task/stats status=200 cost=12ms responseBody={"code":200,"message":"查询成功","data":{"unfinished":1,"finished":0}}
2026-07-22 22:03:59.159 [http-nio-8080-exec-1] INFO  [traceId=39a9206378414d1bba294e46987aa27d userId=22 role=3] com.kg.interceptor.TraceIdFilter - HTTP_REQUEST_END method=POST uri=/my-task/stats status=200 cost=12ms responseBody={"code":200,"message":"查询成功","data":{"unfinished":1,"finished":0}}
2026-07-22 22:03:59.159 [http-nio-8080-exec-10] DEBUG [traceId=cdb670af975f41dcb02d0e76b27a7f5e userId= role=] c.k.i.m.SysUserMapper.selectById - <==      Total: 1
2026-07-22 22:03:59.161 [http-nio-8080-exec-10] WARN  [traceId=cdb670af975f41dcb02d0e76b27a7f5e userId=22 role=3] c.k.exception.GlobalExceptionHandler - 参数校验失败: 不能为null
2026-07-22 22:03:59.161 [http-nio-8080-exec-10] INFO  [traceId=cdb670af975f41dcb02d0e76b27a7f5e userId=22 role=3] com.kg.interceptor.TraceIdFilter - HTTP_REQUEST_END method=POST uri=/my-task/list status=200 cost=8ms responseBody={"code":400,"message":"不能为null"}
2026-07-22 22:04:00.417 [http-nio-8080-exec-7] INFO  [traceId=c0c50a168b6f4e07a2ecfc2bae649d22 userId= role=] com.kg.interceptor.TraceIdFilter - HTTP_REQUEST_START method=POST uri=/my-task/list query=null requestBody={"pageNum":1,"pageSize":10,"status":"1"} ip=0:0:0:0:0:0:0:1 userAgent=Mozilla/5.0 (iPhone; CPU iPhone OS 15_0 like Mac OS X) AppleWebKit/605.1.15 (KHTML, like Gecko) Version/15.0 Mobile/15E148 Safari/604.1 wechatdevtools/2.01.2510290 MicroMessenger/8.0.5 Language/zh_CN webview/ hash/597225176 sid/jAVCl7QYrr
2026-07-22 22:04:00.419 [http-nio-8080-exec-7] DEBUG [traceId=c0c50a168b6f4e07a2ecfc2bae649d22 userId= role=] c.k.i.m.SysUserMapper.selectById - ==>  Preparing: SELECT id,account,name,password,role,gender,email,phone,openid,description,teacher_remark,password_update_time,class_id,status,create_by,create_time,update_by,update_time FROM sys_user WHERE id=?
2026-07-22 22:04:00.420 [http-nio-8080-exec-7] DEBUG [traceId=c0c50a168b6f4e07a2ecfc2bae649d22 userId= role=] c.k.i.m.SysUserMapper.selectById - ==> Parameters: 22(Long)
2026-07-22 22:04:00.420 [http-nio-8080-exec-7] DEBUG [traceId=c0c50a168b6f4e07a2ecfc2bae649d22 userId= role=] c.k.i.m.SysUserMapper.selectById - <==      Total: 1
2026-07-22 22:04:00.421 [http-nio-8080-exec-7] DEBUG [traceId=c0c50a168b6f4e07a2ecfc2bae649d22 userId=22 role=3] c.k.i.mapper.MyTaskMapper.count - ==>  Preparing: SELECT COUNT(*) FROM task_user tu JOIN task t ON t.id = tu.task_id WHERE tu.user_id = ? AND tu.status IN ('1','2')
2026-07-22 22:04:00.421 [http-nio-8080-exec-7] DEBUG [traceId=c0c50a168b6f4e07a2ecfc2bae649d22 userId=22 role=3] c.k.i.mapper.MyTaskMapper.count - ==> Parameters: 22(Long)
2026-07-22 22:04:00.422 [http-nio-8080-exec-7] DEBUG [traceId=c0c50a168b6f4e07a2ecfc2bae649d22 userId=22 role=3] c.k.i.mapper.MyTaskMapper.count - <==      Total: 1
2026-07-22 22:04:00.422 [http-nio-8080-exec-7] DEBUG [traceId=c0c50a168b6f4e07a2ecfc2bae649d22 userId=22 role=3] c.k.i.mapper.MyTaskMapper.page - ==>  Preparing: SELECT u.name AS task_create_name,t.round_no AS round_no,t.template_id AS template_id,t.id AS task_id, t.task_name, t.task_type, t.is_mandatory AS force_flag, t.task_description, t.priority, t.task_start_time AS start_time, t.task_end_time AS end_time, t.plan_id AS planId, t.plan_date AS planDate, t.is_repeat_task AS isRepeatTask, t.status AS taskStatus, tu.id AS task_user_id, tu.status, tu.total_score, tu.submit_time FROM task_user tu JOIN task t ON t.id = tu.task_id LEFT JOIN sys_user u ON u.id = t.create_by WHERE tu.user_id = ? AND tu.status IN ('1','2') ORDER BY t.create_time DESC LIMIT ?, ?
2026-07-22 22:04:00.422 [http-nio-8080-exec-7] DEBUG [traceId=c0c50a168b6f4e07a2ecfc2bae649d22 userId=22 role=3] c.k.i.mapper.MyTaskMapper.page - ==> Parameters: 22(Long), 0(Integer), 10(Integer)
2026-07-22 22:04:00.425 [http-nio-8080-exec-7] DEBUG [traceId=c0c50a168b6f4e07a2ecfc2bae649d22 userId=22 role=3] c.k.i.mapper.MyTaskMapper.page - <==      Total: 0
2026-07-22 22:04:00.426 [http-nio-8080-exec-7] INFO  [traceId=c0c50a168b6f4e07a2ecfc2bae649d22 userId=22 role=3] com.kg.interceptor.TraceIdFilter - HTTP_REQUEST_END method=POST uri=/my-task/list status=200 cost=9ms responseBody={"code":200,"message":"查询成功","data":{"total":0,"list":[]}}
2026-07-22 22:04:01.215 [http-nio-8080-exec-6] INFO  [traceId=ab3439f6f5f74c67989e3136bde1c097 userId= role=] com.kg.interceptor.TraceIdFilter - HTTP_REQUEST_START method=POST uri=/my-task/list query=null requestBody={"pageNum":1,"pageSize":10,"status":"0"} ip=0:0:0:0:0:0:0:1 userAgent=Mozilla/5.0 (iPhone; CPU iPhone OS 15_0 like Mac OS X) AppleWebKit/605.1.15 (KHTML, like Gecko) Version/15.0 Mobile/15E148 Safari/604.1 wechatdevtools/2.01.2510290 MicroMessenger/8.0.5 Language/zh_CN webview/ hash/597225176 sid/jAVCl7QYrr
2026-07-22 22:04:01.218 [http-nio-8080-exec-6] DEBUG [traceId=ab3439f6f5f74c67989e3136bde1c097 userId= role=] c.k.i.m.SysUserMapper.selectById - ==>  Preparing: SELECT id,account,name,password,role,gender,email,phone,openid,description,teacher_remark,password_update_time,class_id,status,create_by,create_time,update_by,update_time FROM sys_user WHERE id=?
2026-07-22 22:04:01.218 [http-nio-8080-exec-6] DEBUG [traceId=ab3439f6f5f74c67989e3136bde1c097 userId= role=] c.k.i.m.SysUserMapper.selectById - ==> Parameters: 22(Long)
2026-07-22 22:04:01.218 [http-nio-8080-exec-6] DEBUG [traceId=ab3439f6f5f74c67989e3136bde1c097 userId= role=] c.k.i.m.SysUserMapper.selectById - <==      Total: 1
2026-07-22 22:04:01.219 [http-nio-8080-exec-6] DEBUG [traceId=ab3439f6f5f74c67989e3136bde1c097 userId=22 role=3] c.k.i.mapper.MyTaskMapper.count - ==>  Preparing: SELECT COUNT(*) FROM task_user tu JOIN task t ON t.id = tu.task_id WHERE tu.user_id = ? AND tu.status = '0'
2026-07-22 22:04:01.219 [http-nio-8080-exec-6] DEBUG [traceId=ab3439f6f5f74c67989e3136bde1c097 userId=22 role=3] c.k.i.mapper.MyTaskMapper.count - ==> Parameters: 22(Long)
2026-07-22 22:04:01.219 [http-nio-8080-exec-6] DEBUG [traceId=ab3439f6f5f74c67989e3136bde1c097 userId=22 role=3] c.k.i.mapper.MyTaskMapper.count - <==      Total: 1
2026-07-22 22:04:01.219 [http-nio-8080-exec-6] DEBUG [traceId=ab3439f6f5f74c67989e3136bde1c097 userId=22 role=3] c.k.i.mapper.MyTaskMapper.page - ==>  Preparing: SELECT u.name AS task_create_name,t.round_no AS round_no,t.template_id AS template_id,t.id AS task_id, t.task_name, t.task_type, t.is_mandatory AS force_flag, t.task_description, t.priority, t.task_start_time AS start_time, t.task_end_time AS end_time, t.plan_id AS planId, t.plan_date AS planDate, t.is_repeat_task AS isRepeatTask, t.status AS taskStatus, tu.id AS task_user_id, tu.status, tu.total_score, tu.submit_time FROM task_user tu JOIN task t ON t.id = tu.task_id LEFT JOIN sys_user u ON u.id = t.create_by WHERE tu.user_id = ? AND tu.status = '0' ORDER BY t.create_time DESC LIMIT ?, ?
2026-07-22 22:04:01.220 [http-nio-8080-exec-6] DEBUG [traceId=ab3439f6f5f74c67989e3136bde1c097 userId=22 role=3] c.k.i.mapper.MyTaskMapper.page - ==> Parameters: 22(Long), 0(Integer), 10(Integer)
2026-07-22 22:04:01.222 [http-nio-8080-exec-6] DEBUG [traceId=ab3439f6f5f74c67989e3136bde1c097 userId=22 role=3] c.k.i.mapper.MyTaskMapper.page - <==      Total: 1
2026-07-22 22:04:01.224 [http-nio-8080-exec-6] INFO  [traceId=ab3439f6f5f74c67989e3136bde1c097 userId=22 role=3] com.kg.interceptor.TraceIdFilter - HTTP_REQUEST_END method=POST uri=/my-task/list status=200 cost=9ms responseBody={"code":200,"message":"查询成功","data":{"total":1,"list":[{"taskId":112,"taskName":"小程序任务测试","taskType":"0","forceFlag":1,"taskDescription":"","priority":0,"startTime":"2026-07-22 00:00:00","endTime":"2026-07-23 23:59:59","status":"0","totalScore":null,"submitTime":null,"roundNo":1,"templateId":null,"planId":null,"planDate":null,"isRepeatTask":0,"taskStatus":1,"taskUserId":684,"taskCreateName":"管理员"}]}}
2026-07-22 22:04:05.797 [http-nio-8080-exec-4] INFO  [traceId=ddbef39958a94a72b9100a82cf813d90 userId= role=] com.kg.interceptor.TraceIdFilter - HTTP_REQUEST_START method=GET uri=/my-task/detail query=taskUserId=684 requestBody= ip=0:0:0:0:0:0:0:1 userAgent=Mozilla/5.0 (iPhone; CPU iPhone OS 15_0 like Mac OS X) AppleWebKit/605.1.15 (KHTML, like Gecko) Version/15.0 Mobile/15E148 Safari/604.1 wechatdevtools/2.01.2510290 MicroMessenger/8.0.5 Language/zh_CN webview/ hash/597225176 sid/jAVCl7QYrr
2026-07-22 22:04:05.800 [http-nio-8080-exec-4] DEBUG [traceId=ddbef39958a94a72b9100a82cf813d90 userId= role=] c.k.i.m.SysUserMapper.selectById - ==>  Preparing: SELECT id,account,name,password,role,gender,email,phone,openid,description,teacher_remark,password_update_time,class_id,status,create_by,create_time,update_by,update_time FROM sys_user WHERE id=?
2026-07-22 22:04:05.801 [http-nio-8080-exec-4] DEBUG [traceId=ddbef39958a94a72b9100a82cf813d90 userId= role=] c.k.i.m.SysUserMapper.selectById - ==> Parameters: 22(Long)
2026-07-22 22:04:05.802 [http-nio-8080-exec-4] DEBUG [traceId=ddbef39958a94a72b9100a82cf813d90 userId= role=] c.k.i.m.SysUserMapper.selectById - <==      Total: 1
2026-07-22 22:04:05.803 [http-nio-8080-exec-4] DEBUG [traceId=ddbef39958a94a72b9100a82cf813d90 userId=22 role=3] c.k.i.mapper.MyTaskMapper.findDetail - ==>  Preparing: SELECT t.id AS task_id, t.task_name, t.task_type, t.task_description, t.priority, t.round_no, t.task_start_time, t.task_end_time, t.plan_id AS planId, t.plan_date AS planDate, t.is_repeat_task AS isRepeatTask, t.status AS taskStatus, tu.id AS task_user_id, tu.status, tu.start_time, tu.finish_time, tu.duration_minutes, tu.remark, tu.total_score, tu.submit_time FROM task_user tu JOIN task t ON t.id = tu.task_id WHERE tu.id = ? AND tu.user_id = ?
2026-07-22 22:04:05.803 [http-nio-8080-exec-4] DEBUG [traceId=ddbef39958a94a72b9100a82cf813d90 userId=22 role=3] c.k.i.mapper.MyTaskMapper.findDetail - ==> Parameters: 684(Long), 22(Long)
2026-07-22 22:04:05.804 [http-nio-8080-exec-4] DEBUG [traceId=ddbef39958a94a72b9100a82cf813d90 userId=22 role=3] c.k.i.mapper.MyTaskMapper.findDetail - <==      Total: 1
2026-07-22 22:04:05.811 [http-nio-8080-exec-4] DEBUG [traceId=ddbef39958a94a72b9100a82cf813d90 userId=22 role=3] c.k.i.m.TaskScoreMapper.selectList - ==>  Preparing: SELECT id,task_user_id,module_name,score,create_by,create_time,update_by,update_time FROM task_score WHERE (task_user_id = ?)
2026-07-22 22:04:05.811 [http-nio-8080-exec-4] DEBUG [traceId=ddbef39958a94a72b9100a82cf813d90 userId=22 role=3] c.k.i.m.TaskScoreMapper.selectList - ==> Parameters: 684(Long)
2026-07-22 22:04:05.813 [http-nio-8080-exec-4] DEBUG [traceId=ddbef39958a94a72b9100a82cf813d90 userId=22 role=3] c.k.i.m.TaskScoreMapper.selectList - <==      Total: 0
2026-07-22 22:04:05.815 [http-nio-8080-exec-4] INFO  [traceId=ddbef39958a94a72b9100a82cf813d90 userId=22 role=3] com.kg.interceptor.TraceIdFilter - HTTP_REQUEST_END method=GET uri=/my-task/detail status=200 cost=18ms responseBody={"code":200,"message":"查询成功","data":{"taskId":112,"taskName":"小程序任务测试","taskType":"0","taskDescription":"","priority":0,"roundNo":1,"taskStartTime":"2026-07-22 00:00:00","taskEndTime":"2026-07-23 23:59:59","planId":null,"planDate":null,"isRepeatTask":0,"taskStatus":1,"taskUserId":684,"status":"0","startTime":null,"finishTime":null,"durationMinutes":null,"remark":null,"totalScore":null,"submitTime":null,"scores":null}}
2026-07-22 22:04:12.859 [http-nio-8080-exec-3] INFO  [traceId=9f6584b5d6dc45de81e5ceecfab286ca userId= role=] com.kg.interceptor.TraceIdFilter - HTTP_REQUEST_START method=POST uri=/my-task/list query=null requestBody={"pageNo":1,"pageSize":10,"status":"0"} ip=0:0:0:0:0:0:0:1 userAgent=Mozilla/5.0 (iPhone; CPU iPhone OS 15_0 like Mac OS X) AppleWebKit/605.1.15 (KHTML, like Gecko) Version/15.0 Mobile/15E148 Safari/604.1 wechatdevtools/2.01.2510290 MicroMessenger/8.0.5 Language/zh_CN webview/ hash/597225176 sid/jAVCl7QYrr
2026-07-22 22:04:12.859 [http-nio-8080-exec-2] INFO  [traceId=58b7b5541a084ebcab1cb002b84e8463 userId= role=] com.kg.interceptor.TraceIdFilter - HTTP_REQUEST_START method=POST uri=/my-task/stats query=null requestBody={"status":"0"} ip=0:0:0:0:0:0:0:1 userAgent=Mozilla/5.0 (iPhone; CPU iPhone OS 15_0 like Mac OS X) AppleWebKit/605.1.15 (KHTML, like Gecko) Version/15.0 Mobile/15E148 Safari/604.1 wechatdevtools/2.01.2510290 MicroMessenger/8.0.5 Language/zh_CN webview/ hash/597225176 sid/jAVCl7QYrr
2026-07-22 22:04:12.859 [http-nio-8080-exec-8] INFO  [traceId=d86e9acae34c4b448f2c2c598f811115 userId= role=] com.kg.interceptor.TraceIdFilter - HTTP_REQUEST_START method=POST uri=/my-task/stats query=null requestBody={"status":"1"} ip=0:0:0:0:0:0:0:1 userAgent=Mozilla/5.0 (iPhone; CPU iPhone OS 15_0 like Mac OS X) AppleWebKit/605.1.15 (KHTML, like Gecko) Version/15.0 Mobile/15E148 Safari/604.1 wechatdevtools/2.01.2510290 MicroMessenger/8.0.5 Language/zh_CN webview/ hash/597225176 sid/jAVCl7QYrr
2026-07-22 22:04:12.863 [http-nio-8080-exec-8] DEBUG [traceId=d86e9acae34c4b448f2c2c598f811115 userId= role=] c.k.i.m.SysUserMapper.selectById - ==>  Preparing: SELECT id,account,name,password,role,gender,email,phone,openid,description,teacher_remark,password_update_time,class_id,status,create_by,create_time,update_by,update_time FROM sys_user WHERE id=?
2026-07-22 22:04:12.863 [http-nio-8080-exec-3] DEBUG [traceId=9f6584b5d6dc45de81e5ceecfab286ca userId= role=] c.k.i.m.SysUserMapper.selectById - ==>  Preparing: SELECT id,account,name,password,role,gender,email,phone,openid,description,teacher_remark,password_update_time,class_id,status,create_by,create_time,update_by,update_time FROM sys_user WHERE id=?
2026-07-22 22:04:12.863 [http-nio-8080-exec-2] DEBUG [traceId=58b7b5541a084ebcab1cb002b84e8463 userId= role=] c.k.i.m.SysUserMapper.selectById - ==>  Preparing: SELECT id,account,name,password,role,gender,email,phone,openid,description,teacher_remark,password_update_time,class_id,status,create_by,create_time,update_by,update_time FROM sys_user WHERE id=?
2026-07-22 22:04:12.863 [http-nio-8080-exec-8] DEBUG [traceId=d86e9acae34c4b448f2c2c598f811115 userId= role=] c.k.i.m.SysUserMapper.selectById - ==> Parameters: 22(Long)
2026-07-22 22:04:12.863 [http-nio-8080-exec-2] DEBUG [traceId=58b7b5541a084ebcab1cb002b84e8463 userId= role=] c.k.i.m.SysUserMapper.selectById - ==> Parameters: 22(Long)
2026-07-22 22:04:12.863 [http-nio-8080-exec-3] DEBUG [traceId=9f6584b5d6dc45de81e5ceecfab286ca userId= role=] c.k.i.m.SysUserMapper.selectById - ==> Parameters: 22(Long)
2026-07-22 22:04:12.864 [http-nio-8080-exec-2] DEBUG [traceId=58b7b5541a084ebcab1cb002b84e8463 userId= role=] c.k.i.m.SysUserMapper.selectById - <==      Total: 1
2026-07-22 22:04:12.864 [http-nio-8080-exec-8] DEBUG [traceId=d86e9acae34c4b448f2c2c598f811115 userId= role=] c.k.i.m.SysUserMapper.selectById - <==      Total: 1
2026-07-22 22:04:12.864 [http-nio-8080-exec-3] DEBUG [traceId=9f6584b5d6dc45de81e5ceecfab286ca userId= role=] c.k.i.m.SysUserMapper.selectById - <==      Total: 1
2026-07-22 22:04:12.865 [http-nio-8080-exec-3] WARN  [traceId=9f6584b5d6dc45de81e5ceecfab286ca userId=22 role=3] c.k.exception.GlobalExceptionHandler - 参数校验失败: 不能为null
2026-07-22 22:04:12.865 [http-nio-8080-exec-2] DEBUG [traceId=58b7b5541a084ebcab1cb002b84e8463 userId=22 role=3] c.k.i.m.TaskUserMapper.selectCount - ==>  Preparing: SELECT COUNT( * ) AS total FROM task_user WHERE (user_id = ? AND status = ?)
2026-07-22 22:04:12.865 [http-nio-8080-exec-8] DEBUG [traceId=d86e9acae34c4b448f2c2c598f811115 userId=22 role=3] c.k.i.m.TaskUserMapper.selectCount - ==>  Preparing: SELECT COUNT( * ) AS total FROM task_user WHERE (user_id = ? AND status = ?)
2026-07-22 22:04:12.865 [http-nio-8080-exec-8] DEBUG [traceId=d86e9acae34c4b448f2c2c598f811115 userId=22 role=3] c.k.i.m.TaskUserMapper.selectCount - ==> Parameters: 22(Long), 0(String)
2026-07-22 22:04:12.865 [http-nio-8080-exec-2] DEBUG [traceId=58b7b5541a084ebcab1cb002b84e8463 userId=22 role=3] c.k.i.m.TaskUserMapper.selectCount - ==> Parameters: 22(Long), 0(String)
2026-07-22 22:04:12.866 [http-nio-8080-exec-3] INFO  [traceId=9f6584b5d6dc45de81e5ceecfab286ca userId=22 role=3] com.kg.interceptor.TraceIdFilter - HTTP_REQUEST_END method=POST uri=/my-task/list status=200 cost=7ms responseBody={"code":400,"message":"不能为null"}
2026-07-22 22:04:12.867 [http-nio-8080-exec-2] DEBUG [traceId=58b7b5541a084ebcab1cb002b84e8463 userId=22 role=3] c.k.i.m.TaskUserMapper.selectCount - <==      Total: 1
2026-07-22 22:04:12.867 [http-nio-8080-exec-8] DEBUG [traceId=d86e9acae34c4b448f2c2c598f811115 userId=22 role=3] c.k.i.m.TaskUserMapper.selectCount - <==      Total: 1
2026-07-22 22:04:12.867 [http-nio-8080-exec-2] DEBUG [traceId=58b7b5541a084ebcab1cb002b84e8463 userId=22 role=3] c.k.i.m.TaskUserMapper.selectCount - ==>  Preparing: SELECT COUNT( * ) AS total FROM task_user WHERE (user_id = ? AND status IN (?,?))
2026-07-22 22:04:12.868 [http-nio-8080-exec-8] DEBUG [traceId=d86e9acae34c4b448f2c2c598f811115 userId=22 role=3] c.k.i.m.TaskUserMapper.selectCount - ==>  Preparing: SELECT COUNT( * ) AS total FROM task_user WHERE (user_id = ? AND status IN (?,?))
2026-07-22 22:04:12.868 [http-nio-8080-exec-2] DEBUG [traceId=58b7b5541a084ebcab1cb002b84e8463 userId=22 role=3] c.k.i.m.TaskUserMapper.selectCount - ==> Parameters: 22(Long), 1(String), 2(String)
2026-07-22 22:04:12.868 [http-nio-8080-exec-8] DEBUG [traceId=d86e9acae34c4b448f2c2c598f811115 userId=22 role=3] c.k.i.m.TaskUserMapper.selectCount - ==> Parameters: 22(Long), 1(String), 2(String)
2026-07-22 22:04:12.868 [http-nio-8080-exec-8] DEBUG [traceId=d86e9acae34c4b448f2c2c598f811115 userId=22 role=3] c.k.i.m.TaskUserMapper.selectCount - <==      Total: 1
2026-07-22 22:04:12.868 [http-nio-8080-exec-2] DEBUG [traceId=58b7b5541a084ebcab1cb002b84e8463 userId=22 role=3] c.k.i.m.TaskUserMapper.selectCount - <==      Total: 1
2026-07-22 22:04:12.870 [http-nio-8080-exec-8] INFO  [traceId=d86e9acae34c4b448f2c2c598f811115 userId=22 role=3] com.kg.interceptor.TraceIdFilter - HTTP_REQUEST_END method=POST uri=/my-task/stats status=200 cost=11ms responseBody={"code":200,"message":"查询成功","data":{"unfinished":1,"finished":0}}
2026-07-22 22:04:12.870 [http-nio-8080-exec-2] INFO  [traceId=58b7b5541a084ebcab1cb002b84e8463 userId=22 role=3] com.kg.interceptor.TraceIdFilter - HTTP_REQUEST_END method=POST uri=/my-task/stats status=200 cost=11ms responseBody={"code":200,"message":"查询成功","data":{"unfinished":1,"finished":0}}
2026-07-22 22:04:14.633 [http-nio-8080-exec-5] INFO  [traceId=e08077170c3648488097c04583852025 userId= role=] com.kg.interceptor.TraceIdFilter - HTTP_REQUEST_START method=GET uri=/profile query=null requestBody= ip=0:0:0:0:0:0:0:1 userAgent=Mozilla/5.0 (iPhone; CPU iPhone OS 15_0 like Mac OS X) AppleWebKit/605.1.15 (KHTML, like Gecko) Version/15.0 Mobile/15E148 Safari/604.1 wechatdevtools/2.01.2510290 MicroMessenger/8.0.5 Language/zh_CN webview/ hash/597225176 sid/jAVCl7QYrr
2026-07-22 22:04:14.636 [http-nio-8080-exec-5] DEBUG [traceId=e08077170c3648488097c04583852025 userId= role=] c.k.i.m.SysUserMapper.selectById - ==>  Preparing: SELECT id,account,name,password,role,gender,email,phone,openid,description,teacher_remark,password_update_time,class_id,status,create_by,create_time,update_by,update_time FROM sys_user WHERE id=?
2026-07-22 22:04:14.636 [http-nio-8080-exec-5] DEBUG [traceId=e08077170c3648488097c04583852025 userId= role=] c.k.i.m.SysUserMapper.selectById - ==> Parameters: 22(Long)
2026-07-22 22:04:14.637 [http-nio-8080-exec-5] DEBUG [traceId=e08077170c3648488097c04583852025 userId= role=] c.k.i.m.SysUserMapper.selectById - <==      Total: 1
2026-07-22 22:04:14.637 [http-nio-8080-exec-5] DEBUG [traceId=e08077170c3648488097c04583852025 userId=22 role=3] c.k.i.m.SysUserMapper.selectById - ==>  Preparing: SELECT id,account,name,password,role,gender,email,phone,openid,description,teacher_remark,password_update_time,class_id,status,create_by,create_time,update_by,update_time FROM sys_user WHERE id=?
2026-07-22 22:04:14.637 [http-nio-8080-exec-5] DEBUG [traceId=e08077170c3648488097c04583852025 userId=22 role=3] c.k.i.m.SysUserMapper.selectById - ==> Parameters: 22(Long)
2026-07-22 22:04:14.637 [http-nio-8080-exec-5] DEBUG [traceId=e08077170c3648488097c04583852025 userId=22 role=3] c.k.i.m.SysUserMapper.selectById - <==      Total: 1
2026-07-22 22:04:14.638 [http-nio-8080-exec-5] DEBUG [traceId=e08077170c3648488097c04583852025 userId=22 role=3] c.k.i.m.ClassInfoMapper.selectById - ==>  Preparing: SELECT id,class_name,description,status,create_by,create_time,update_by,update_time FROM class_info WHERE id=?
2026-07-22 22:04:14.638 [http-nio-8080-exec-5] DEBUG [traceId=e08077170c3648488097c04583852025 userId=22 role=3] c.k.i.m.ClassInfoMapper.selectById - ==> Parameters: 8(Long)
2026-07-22 22:04:14.638 [http-nio-8080-exec-5] DEBUG [traceId=e08077170c3648488097c04583852025 userId=22 role=3] c.k.i.m.ClassInfoMapper.selectById - <==      Total: 1
2026-07-22 22:04:14.639 [http-nio-8080-exec-5] INFO  [traceId=e08077170c3648488097c04583852025 userId=22 role=3] com.kg.interceptor.TraceIdFilter - HTTP_REQUEST_END method=GET uri=/profile status=200 cost=6ms responseBody={"code":200,"message":"查询成功","data":{"id":22,"account":"17200615563","name":"李老师","role":"3","gender":1,"email":"","phone":"17200615563","description":"","classId":8,"className":"1班","status":1,"createTime":"2026-06-01 00:12:24"}}
2026-07-22 22:04:15.233 [http-nio-8080-exec-1] INFO  [traceId=ea158adc5d2a41828d496acef1d77b9a userId= role=] com.kg.interceptor.TraceIdFilter - HTTP_REQUEST_START method=POST uri=/my-task/stats query=null requestBody={"status":"1"} ip=0:0:0:0:0:0:0:1 userAgent=Mozilla/5.0 (iPhone; CPU iPhone OS 15_0 like Mac OS X) AppleWebKit/605.1.15 (KHTML, like Gecko) Version/15.0 Mobile/15E148 Safari/604.1 wechatdevtools/2.01.2510290 MicroMessenger/8.0.5 Language/zh_CN webview/ hash/597225176 sid/jAVCl7QYrr
2026-07-22 22:04:15.233 [http-nio-8080-exec-9] INFO  [traceId=2c0e5712499c4d04bca95c12eb83b234 userId= role=] com.kg.interceptor.TraceIdFilter - HTTP_REQUEST_START method=POST uri=/my-task/stats query=null requestBody={"status":"0"} ip=0:0:0:0:0:0:0:1 userAgent=Mozilla/5.0 (iPhone; CPU iPhone OS 15_0 like Mac OS X) AppleWebKit/605.1.15 (KHTML, like Gecko) Version/15.0 Mobile/15E148 Safari/604.1 wechatdevtools/2.01.2510290 MicroMessenger/8.0.5 Language/zh_CN webview/ hash/597225176 sid/jAVCl7QYrr
2026-07-22 22:04:15.235 [http-nio-8080-exec-1] DEBUG [traceId=ea158adc5d2a41828d496acef1d77b9a userId= role=] c.k.i.m.SysUserMapper.selectById - ==>  Preparing: SELECT id,account,name,password,role,gender,email,phone,openid,description,teacher_remark,password_update_time,class_id,status,create_by,create_time,update_by,update_time FROM sys_user WHERE id=?
2026-07-22 22:04:15.235 [http-nio-8080-exec-9] DEBUG [traceId=2c0e5712499c4d04bca95c12eb83b234 userId= role=] c.k.i.m.SysUserMapper.selectById - ==>  Preparing: SELECT id,account,name,password,role,gender,email,phone,openid,description,teacher_remark,password_update_time,class_id,status,create_by,create_time,update_by,update_time FROM sys_user WHERE id=?
2026-07-22 22:04:15.235 [http-nio-8080-exec-1] DEBUG [traceId=ea158adc5d2a41828d496acef1d77b9a userId= role=] c.k.i.m.SysUserMapper.selectById - ==> Parameters: 22(Long)
2026-07-22 22:04:15.237 [http-nio-8080-exec-9] DEBUG [traceId=2c0e5712499c4d04bca95c12eb83b234 userId= role=] c.k.i.m.SysUserMapper.selectById - ==> Parameters: 22(Long)
2026-07-22 22:04:15.237 [http-nio-8080-exec-9] DEBUG [traceId=2c0e5712499c4d04bca95c12eb83b234 userId= role=] c.k.i.m.SysUserMapper.selectById - <==      Total: 1
2026-07-22 22:04:15.237 [http-nio-8080-exec-1] DEBUG [traceId=ea158adc5d2a41828d496acef1d77b9a userId= role=] c.k.i.m.SysUserMapper.selectById - <==      Total: 1
2026-07-22 22:04:15.238 [http-nio-8080-exec-1] DEBUG [traceId=ea158adc5d2a41828d496acef1d77b9a userId=22 role=3] c.k.i.m.TaskUserMapper.selectCount - ==>  Preparing: SELECT COUNT( * ) AS total FROM task_user WHERE (user_id = ? AND status = ?)
2026-07-22 22:04:15.238 [http-nio-8080-exec-9] DEBUG [traceId=2c0e5712499c4d04bca95c12eb83b234 userId=22 role=3] c.k.i.m.TaskUserMapper.selectCount - ==>  Preparing: SELECT COUNT( * ) AS total FROM task_user WHERE (user_id = ? AND status = ?)
2026-07-22 22:04:15.239 [http-nio-8080-exec-9] DEBUG [traceId=2c0e5712499c4d04bca95c12eb83b234 userId=22 role=3] c.k.i.m.TaskUserMapper.selectCount - ==> Parameters: 22(Long), 0(String)
2026-07-22 22:04:15.239 [http-nio-8080-exec-1] DEBUG [traceId=ea158adc5d2a41828d496acef1d77b9a userId=22 role=3] c.k.i.m.TaskUserMapper.selectCount - ==> Parameters: 22(Long), 0(String)
2026-07-22 22:04:15.239 [http-nio-8080-exec-1] DEBUG [traceId=ea158adc5d2a41828d496acef1d77b9a userId=22 role=3] c.k.i.m.TaskUserMapper.selectCount - <==      Total: 1
2026-07-22 22:04:15.239 [http-nio-8080-exec-9] DEBUG [traceId=2c0e5712499c4d04bca95c12eb83b234 userId=22 role=3] c.k.i.m.TaskUserMapper.selectCount - <==      Total: 1
2026-07-22 22:04:15.240 [http-nio-8080-exec-9] DEBUG [traceId=2c0e5712499c4d04bca95c12eb83b234 userId=22 role=3] c.k.i.m.TaskUserMapper.selectCount - ==>  Preparing: SELECT COUNT( * ) AS total FROM task_user WHERE (user_id = ? AND status IN (?,?))
2026-07-22 22:04:15.240 [http-nio-8080-exec-1] DEBUG [traceId=ea158adc5d2a41828d496acef1d77b9a userId=22 role=3] c.k.i.m.TaskUserMapper.selectCount - ==>  Preparing: SELECT COUNT( * ) AS total FROM task_user WHERE (user_id = ? AND status IN (?,?))
2026-07-22 22:04:15.240 [http-nio-8080-exec-9] DEBUG [traceId=2c0e5712499c4d04bca95c12eb83b234 userId=22 role=3] c.k.i.m.TaskUserMapper.selectCount - ==> Parameters: 22(Long), 1(String), 2(String)
2026-07-22 22:04:15.240 [http-nio-8080-exec-1] DEBUG [traceId=ea158adc5d2a41828d496acef1d77b9a userId=22 role=3] c.k.i.m.TaskUserMapper.selectCount - ==> Parameters: 22(Long), 1(String), 2(String)
2026-07-22 22:04:15.240 [http-nio-8080-exec-1] DEBUG [traceId=ea158adc5d2a41828d496acef1d77b9a userId=22 role=3] c.k.i.m.TaskUserMapper.selectCount - <==      Total: 1
2026-07-22 22:04:15.240 [http-nio-8080-exec-9] DEBUG [traceId=2c0e5712499c4d04bca95c12eb83b234 userId=22 role=3] c.k.i.m.TaskUserMapper.selectCount - <==      Total: 1
2026-07-22 22:04:15.241 [http-nio-8080-exec-9] INFO  [traceId=2c0e5712499c4d04bca95c12eb83b234 userId=22 role=3] com.kg.interceptor.TraceIdFilter - HTTP_REQUEST_END method=POST uri=/my-task/stats status=200 cost=8ms responseBody={"code":200,"message":"查询成功","data":{"unfinished":1,"finished":0}}
2026-07-22 22:04:15.241 [http-nio-8080-exec-1] INFO  [traceId=ea158adc5d2a41828d496acef1d77b9a userId=22 role=3] com.kg.interceptor.TraceIdFilter - HTTP_REQUEST_END method=POST uri=/my-task/stats status=200 cost=8ms responseBody={"code":200,"message":"查询成功","data":{"unfinished":1,"finished":0}}
2026-07-22 22:04:15.242 [http-nio-8080-exec-10] INFO  [traceId=ce8f2c35648e452b9bf6293e134c7492 userId= role=] com.kg.interceptor.TraceIdFilter - HTTP_REQUEST_START method=POST uri=/my-task/list query=null requestBody={"pageNo":1,"pageSize":10,"status":"0"} ip=0:0:0:0:0:0:0:1 userAgent=Mozilla/5.0 (iPhone; CPU iPhone OS 15_0 like Mac OS X) AppleWebKit/605.1.15 (KHTML, like Gecko) Version/15.0 Mobile/15E148 Safari/604.1 wechatdevtools/2.01.2510290 MicroMessenger/8.0.5 Language/zh_CN webview/ hash/597225176 sid/jAVCl7QYrr
2026-07-22 22:04:15.244 [http-nio-8080-exec-10] DEBUG [traceId=ce8f2c35648e452b9bf6293e134c7492 userId= role=] c.k.i.m.SysUserMapper.selectById - ==>  Preparing: SELECT id,account,name,password,role,gender,email,phone,openid,description,teacher_remark,password_update_time,class_id,status,create_by,create_time,update_by,update_time FROM sys_user WHERE id=?
2026-07-22 22:04:15.244 [http-nio-8080-exec-10] DEBUG [traceId=ce8f2c35648e452b9bf6293e134c7492 userId= role=] c.k.i.m.SysUserMapper.selectById - ==> Parameters: 22(Long)
2026-07-22 22:04:15.245 [http-nio-8080-exec-10] DEBUG [traceId=ce8f2c35648e452b9bf6293e134c7492 userId= role=] c.k.i.m.SysUserMapper.selectById - <==      Total: 1
2026-07-22 22:04:15.246 [http-nio-8080-exec-10] WARN  [traceId=ce8f2c35648e452b9bf6293e134c7492 userId=22 role=3] c.k.exception.GlobalExceptionHandler - 参数校验失败: 不能为null
2026-07-22 22:04:15.246 [http-nio-8080-exec-10] INFO  [traceId=ce8f2c35648e452b9bf6293e134c7492 userId=22 role=3] com.kg.interceptor.TraceIdFilter - HTTP_REQUEST_END method=POST uri=/my-task/list status=200 cost=4ms responseBody={"code":400,"message":"不能为null"}
2026-07-22 22:05:26.496 [http-nio-8080-exec-3] INFO  [traceId=abf1f64cc08c4c3b80eb4d2a3467bd05 userId= role=] com.kg.interceptor.TraceIdFilter - HTTP_REQUEST_START method=GET uri=/home/student/stat query=null requestBody= ip=0:0:0:0:0:0:0:1 userAgent=Mozilla/5.0 (iPhone; CPU iPhone OS 15_0 like Mac OS X) AppleWebKit/605.1.15 (KHTML, like Gecko) Version/15.0 Mobile/15E148 Safari/604.1 wechatdevtools/2.01.2510290 MicroMessenger/8.0.5 Language/zh_CN webview/ hash/597225176 sid/jAVCl7QYrr
2026-07-22 22:05:26.503 [http-nio-8080-exec-3] DEBUG [traceId=abf1f64cc08c4c3b80eb4d2a3467bd05 userId= role=] c.k.i.m.SysUserMapper.selectById - ==>  Preparing: SELECT id,account,name,password,role,gender,email,phone,openid,description,teacher_remark,password_update_time,class_id,status,create_by,create_time,update_by,update_time FROM sys_user WHERE id=?
2026-07-22 22:05:26.503 [http-nio-8080-exec-3] DEBUG [traceId=abf1f64cc08c4c3b80eb4d2a3467bd05 userId= role=] c.k.i.m.SysUserMapper.selectById - ==> Parameters: 22(Long)
2026-07-22 22:05:26.504 [http-nio-8080-exec-3] DEBUG [traceId=abf1f64cc08c4c3b80eb4d2a3467bd05 userId= role=] c.k.i.m.SysUserMapper.selectById - <==      Total: 1
2026-07-22 22:05:26.504 [http-nio-8080-exec-3] DEBUG [traceId=abf1f64cc08c4c3b80eb4d2a3467bd05 userId=22 role=3] c.k.i.m.H.countTodoForStudent - ==>  Preparing: SELECT COUNT(*) FROM task_user WHERE user_id = ? AND status = '0'
2026-07-22 22:05:26.505 [http-nio-8080-exec-3] DEBUG [traceId=abf1f64cc08c4c3b80eb4d2a3467bd05 userId=22 role=3] c.k.i.m.H.countTodoForStudent - ==> Parameters: 22(Long)
2026-07-22 22:05:26.505 [http-nio-8080-exec-3] DEBUG [traceId=abf1f64cc08c4c3b80eb4d2a3467bd05 userId=22 role=3] c.k.i.m.H.countTodoForStudent - <==      Total: 1
2026-07-22 22:05:26.505 [http-nio-8080-exec-3] DEBUG [traceId=abf1f64cc08c4c3b80eb4d2a3467bd05 userId=22 role=3] c.k.i.m.H.countCompletedForStudent - ==>  Preparing: SELECT COUNT(*) FROM task_user WHERE user_id = ? AND status IN ('1','2')
2026-07-22 22:05:26.506 [http-nio-8080-exec-3] DEBUG [traceId=abf1f64cc08c4c3b80eb4d2a3467bd05 userId=22 role=3] c.k.i.m.H.countCompletedForStudent - ==> Parameters: 22(Long)
2026-07-22 22:05:26.506 [http-nio-8080-exec-3] DEBUG [traceId=abf1f64cc08c4c3b80eb4d2a3467bd05 userId=22 role=3] c.k.i.m.H.countCompletedForStudent - <==      Total: 1
2026-07-22 22:05:26.506 [http-nio-8080-exec-3] DEBUG [traceId=abf1f64cc08c4c3b80eb4d2a3467bd05 userId=22 role=3] c.k.i.m.H.nearEndTop3ForStudent - ==>  Preparing: SELECT t.id AS task_id, t.task_name, t.task_end_time AS end_time FROM task_user tu JOIN task t ON t.id = tu.task_id WHERE tu.user_id = ? AND tu.status = '0' ORDER BY t.task_end_time ASC LIMIT 3
2026-07-22 22:05:26.506 [http-nio-8080-exec-3] DEBUG [traceId=abf1f64cc08c4c3b80eb4d2a3467bd05 userId=22 role=3] c.k.i.m.H.nearEndTop3ForStudent - ==> Parameters: 22(Long)
2026-07-22 22:05:26.507 [http-nio-8080-exec-3] DEBUG [traceId=abf1f64cc08c4c3b80eb4d2a3467bd05 userId=22 role=3] c.k.i.m.H.nearEndTop3ForStudent - <==      Total: 1
2026-07-22 22:05:26.509 [http-nio-8080-exec-3] INFO  [traceId=abf1f64cc08c4c3b80eb4d2a3467bd05 userId=22 role=3] com.kg.interceptor.TraceIdFilter - HTTP_REQUEST_END method=GET uri=/home/student/stat status=200 cost=12ms responseBody={"code":200,"message":"查询成功","data":{"todoTaskCount":1,"completedTaskCount":0,"nearEndTasks":[{"taskId":112,"taskName":"小程序任务测试","endTime":"2026-07-23T23:59:59"}]}}
2026-07-22 22:05:26.509 [http-nio-8080-exec-2] INFO  [traceId=55a6063cc8f64395b83f5377d51e4b98 userId= role=] com.kg.interceptor.TraceIdFilter - HTTP_REQUEST_START method=GET uri=/student/checkin/stat query=null requestBody= ip=0:0:0:0:0:0:0:1 userAgent=Mozilla/5.0 (iPhone; CPU iPhone OS 15_0 like Mac OS X) AppleWebKit/605.1.15 (KHTML, like Gecko) Version/15.0 Mobile/15E148 Safari/604.1 wechatdevtools/2.01.2510290 MicroMessenger/8.0.5 Language/zh_CN webview/ hash/597225176 sid/jAVCl7QYrr
2026-07-22 22:05:26.513 [http-nio-8080-exec-2] DEBUG [traceId=55a6063cc8f64395b83f5377d51e4b98 userId= role=] c.k.i.m.SysUserMapper.selectById - ==>  Preparing: SELECT id,account,name,password,role,gender,email,phone,openid,description,teacher_remark,password_update_time,class_id,status,create_by,create_time,update_by,update_time FROM sys_user WHERE id=?
2026-07-22 22:05:26.513 [http-nio-8080-exec-2] DEBUG [traceId=55a6063cc8f64395b83f5377d51e4b98 userId= role=] c.k.i.m.SysUserMapper.selectById - ==> Parameters: 22(Long)
2026-07-22 22:05:26.514 [http-nio-8080-exec-2] DEBUG [traceId=55a6063cc8f64395b83f5377d51e4b98 userId= role=] c.k.i.m.SysUserMapper.selectById - <==      Total: 1
2026-07-22 22:05:26.514 [http-nio-8080-exec-2] DEBUG [traceId=55a6063cc8f64395b83f5377d51e4b98 userId=22 role=3] c.k.i.m.S.findCheckinDates - ==>  Preparing: SELECT DISTINCT DATE(t.task_start_time) AS checkinDate FROM task_user tu JOIN task t ON t.id = tu.task_id WHERE tu.user_id = ? AND t.task_type = ? AND tu.status = '1' ORDER BY checkinDate DESC
2026-07-22 22:05:26.514 [http-nio-8080-exec-2] DEBUG [traceId=55a6063cc8f64395b83f5377d51e4b98 userId=22 role=3] c.k.i.m.S.findCheckinDates - ==> Parameters: 22(Long), 2(String)
2026-07-22 22:05:26.515 [http-nio-8080-exec-2] DEBUG [traceId=55a6063cc8f64395b83f5377d51e4b98 userId=22 role=3] c.k.i.m.S.findCheckinDates - <==      Total: 0
2026-07-22 22:05:26.516 [http-nio-8080-exec-2] INFO  [traceId=55a6063cc8f64395b83f5377d51e4b98 userId=22 role=3] com.kg.interceptor.TraceIdFilter - HTTP_REQUEST_END method=GET uri=/student/checkin/stat status=200 cost=7ms responseBody={"code":200,"message":"查询成功","data":{"continuousDays":0,"monthCheckinCount":0,"todayChecked":false}}
2026-07-22 22:05:29.337 [http-nio-8080-exec-8] INFO  [traceId=07aeaaf6096147d895bca37a130e378c userId= role=] com.kg.interceptor.TraceIdFilter - HTTP_REQUEST_START method=POST uri=/my-task/stats query=null requestBody={} ip=0:0:0:0:0:0:0:1 userAgent=Mozilla/5.0 (iPhone; CPU iPhone OS 15_0 like Mac OS X) AppleWebKit/605.1.15 (KHTML, like Gecko) Version/15.0 Mobile/15E148 Safari/604.1 wechatdevtools/2.01.2510290 MicroMessenger/8.0.5 Language/zh_CN webview/ hash/597225176 sid/jAVCl7QYrr
2026-07-22 22:05:29.339 [http-nio-8080-exec-5] INFO  [traceId=20489e659f044968b9475498c353386e userId= role=] com.kg.interceptor.TraceIdFilter - HTTP_REQUEST_START method=POST uri=/my-task/list query=null requestBody={"pageNum":1,"pageSize":10,"status":"0"} ip=0:0:0:0:0:0:0:1 userAgent=Mozilla/5.0 (iPhone; CPU iPhone OS 15_0 like Mac OS X) AppleWebKit/605.1.15 (KHTML, like Gecko) Version/15.0 Mobile/15E148 Safari/604.1 wechatdevtools/2.01.2510290 MicroMessenger/8.0.5 Language/zh_CN webview/ hash/597225176 sid/jAVCl7QYrr
2026-07-22 22:05:29.341 [http-nio-8080-exec-8] DEBUG [traceId=07aeaaf6096147d895bca37a130e378c userId= role=] c.k.i.m.SysUserMapper.selectById - ==>  Preparing: SELECT id,account,name,password,role,gender,email,phone,openid,description,teacher_remark,password_update_time,class_id,status,create_by,create_time,update_by,update_time FROM sys_user WHERE id=?
2026-07-22 22:05:29.342 [http-nio-8080-exec-8] DEBUG [traceId=07aeaaf6096147d895bca37a130e378c userId= role=] c.k.i.m.SysUserMapper.selectById - ==> Parameters: 22(Long)
2026-07-22 22:05:29.342 [http-nio-8080-exec-8] DEBUG [traceId=07aeaaf6096147d895bca37a130e378c userId= role=] c.k.i.m.SysUserMapper.selectById - <==      Total: 1
2026-07-22 22:05:29.343 [http-nio-8080-exec-5] DEBUG [traceId=20489e659f044968b9475498c353386e userId= role=] c.k.i.m.SysUserMapper.selectById - ==>  Preparing: SELECT id,account,name,password,role,gender,email,phone,openid,description,teacher_remark,password_update_time,class_id,status,create_by,create_time,update_by,update_time FROM sys_user WHERE id=?
2026-07-22 22:05:29.343 [http-nio-8080-exec-5] DEBUG [traceId=20489e659f044968b9475498c353386e userId= role=] c.k.i.m.SysUserMapper.selectById - ==> Parameters: 22(Long)
2026-07-22 22:05:29.344 [http-nio-8080-exec-5] DEBUG [traceId=20489e659f044968b9475498c353386e userId= role=] c.k.i.m.SysUserMapper.selectById - <==      Total: 1
2026-07-22 22:05:29.344 [http-nio-8080-exec-8] DEBUG [traceId=07aeaaf6096147d895bca37a130e378c userId=22 role=3] c.k.i.m.TaskUserMapper.selectCount - ==>  Preparing: SELECT COUNT( * ) AS total FROM task_user WHERE (user_id = ? AND status = ?)
2026-07-22 22:05:29.344 [http-nio-8080-exec-8] DEBUG [traceId=07aeaaf6096147d895bca37a130e378c userId=22 role=3] c.k.i.m.TaskUserMapper.selectCount - ==> Parameters: 22(Long), 0(String)
2026-07-22 22:05:29.344 [http-nio-8080-exec-5] DEBUG [traceId=20489e659f044968b9475498c353386e userId=22 role=3] c.k.i.mapper.MyTaskMapper.count - ==>  Preparing: SELECT COUNT(*) FROM task_user tu JOIN task t ON t.id = tu.task_id WHERE tu.user_id = ? AND tu.status = '0'
2026-07-22 22:05:29.345 [http-nio-8080-exec-5] DEBUG [traceId=20489e659f044968b9475498c353386e userId=22 role=3] c.k.i.mapper.MyTaskMapper.count - ==> Parameters: 22(Long)
2026-07-22 22:05:29.345 [http-nio-8080-exec-8] DEBUG [traceId=07aeaaf6096147d895bca37a130e378c userId=22 role=3] c.k.i.m.TaskUserMapper.selectCount - <==      Total: 1
2026-07-22 22:05:29.345 [http-nio-8080-exec-5] DEBUG [traceId=20489e659f044968b9475498c353386e userId=22 role=3] c.k.i.mapper.MyTaskMapper.count - <==      Total: 1
2026-07-22 22:05:29.345 [http-nio-8080-exec-5] DEBUG [traceId=20489e659f044968b9475498c353386e userId=22 role=3] c.k.i.mapper.MyTaskMapper.page - ==>  Preparing: SELECT u.name AS task_create_name,t.round_no AS round_no,t.template_id AS template_id,t.id AS task_id, t.task_name, t.task_type, t.is_mandatory AS force_flag, t.task_description, t.priority, t.task_start_time AS start_time, t.task_end_time AS end_time, t.plan_id AS planId, t.plan_date AS planDate, t.is_repeat_task AS isRepeatTask, t.status AS taskStatus, tu.id AS task_user_id, tu.status, tu.total_score, tu.submit_time FROM task_user tu JOIN task t ON t.id = tu.task_id LEFT JOIN sys_user u ON u.id = t.create_by WHERE tu.user_id = ? AND tu.status = '0' ORDER BY t.create_time DESC LIMIT ?, ?
2026-07-22 22:05:29.345 [http-nio-8080-exec-5] DEBUG [traceId=20489e659f044968b9475498c353386e userId=22 role=3] c.k.i.mapper.MyTaskMapper.page - ==> Parameters: 22(Long), 0(Integer), 10(Integer)
2026-07-22 22:05:29.346 [http-nio-8080-exec-8] DEBUG [traceId=07aeaaf6096147d895bca37a130e378c userId=22 role=3] c.k.i.m.TaskUserMapper.selectCount - ==>  Preparing: SELECT COUNT( * ) AS total FROM task_user WHERE (user_id = ? AND status IN (?,?))
2026-07-22 22:05:29.346 [http-nio-8080-exec-8] DEBUG [traceId=07aeaaf6096147d895bca37a130e378c userId=22 role=3] c.k.i.m.TaskUserMapper.selectCount - ==> Parameters: 22(Long), 1(String), 2(String)
2026-07-22 22:05:29.347 [http-nio-8080-exec-5] DEBUG [traceId=20489e659f044968b9475498c353386e userId=22 role=3] c.k.i.mapper.MyTaskMapper.page - <==      Total: 1
2026-07-22 22:05:29.347 [http-nio-8080-exec-8] DEBUG [traceId=07aeaaf6096147d895bca37a130e378c userId=22 role=3] c.k.i.m.TaskUserMapper.selectCount - <==      Total: 1
2026-07-22 22:05:29.348 [http-nio-8080-exec-8] INFO  [traceId=07aeaaf6096147d895bca37a130e378c userId=22 role=3] com.kg.interceptor.TraceIdFilter - HTTP_REQUEST_END method=POST uri=/my-task/stats status=200 cost=11ms responseBody={"code":200,"message":"查询成功","data":{"unfinished":1,"finished":0}}
2026-07-22 22:05:29.348 [http-nio-8080-exec-5] INFO  [traceId=20489e659f044968b9475498c353386e userId=22 role=3] com.kg.interceptor.TraceIdFilter - HTTP_REQUEST_END method=POST uri=/my-task/list status=200 cost=9ms responseBody={"code":200,"message":"查询成功","data":{"total":1,"list":[{"taskId":112,"taskName":"小程序任务测试","taskType":"0","forceFlag":1,"taskDescription":"","priority":0,"startTime":"2026-07-22 00:00:00","endTime":"2026-07-23 23:59:59","status":"0","totalScore":null,"submitTime":null,"roundNo":1,"templateId":null,"planId":null,"planDate":null,"isRepeatTask":0,"taskStatus":1,"taskUserId":684,"taskCreateName":"管理员"}]}}
2026-07-22 22:05:31.347 [http-nio-8080-exec-1] INFO  [traceId=132d79b72bd24e9aa7947ba9d4bf1e71 userId= role=] com.kg.interceptor.TraceIdFilter - HTTP_REQUEST_START method=GET uri=/profile query=null requestBody= ip=0:0:0:0:0:0:0:1 userAgent=Mozilla/5.0 (iPhone; CPU iPhone OS 15_0 like Mac OS X) AppleWebKit/605.1.15 (KHTML, like Gecko) Version/15.0 Mobile/15E148 Safari/604.1 wechatdevtools/2.01.2510290 MicroMessenger/8.0.5 Language/zh_CN webview/ hash/597225176 sid/jAVCl7QYrr
2026-07-22 22:05:31.351 [http-nio-8080-exec-1] DEBUG [traceId=132d79b72bd24e9aa7947ba9d4bf1e71 userId= role=] c.k.i.m.SysUserMapper.selectById - ==>  Preparing: SELECT id,account,name,password,role,gender,email,phone,openid,description,teacher_remark,password_update_time,class_id,status,create_by,create_time,update_by,update_time FROM sys_user WHERE id=?
2026-07-22 22:05:31.351 [http-nio-8080-exec-1] DEBUG [traceId=132d79b72bd24e9aa7947ba9d4bf1e71 userId= role=] c.k.i.m.SysUserMapper.selectById - ==> Parameters: 22(Long)
2026-07-22 22:05:31.353 [http-nio-8080-exec-1] DEBUG [traceId=132d79b72bd24e9aa7947ba9d4bf1e71 userId= role=] c.k.i.m.SysUserMapper.selectById - <==      Total: 1
2026-07-22 22:05:31.354 [http-nio-8080-exec-1] DEBUG [traceId=132d79b72bd24e9aa7947ba9d4bf1e71 userId=22 role=3] c.k.i.m.SysUserMapper.selectById - ==>  Preparing: SELECT id,account,name,password,role,gender,email,phone,openid,description,teacher_remark,password_update_time,class_id,status,create_by,create_time,update_by,update_time FROM sys_user WHERE id=?
2026-07-22 22:05:31.354 [http-nio-8080-exec-1] DEBUG [traceId=132d79b72bd24e9aa7947ba9d4bf1e71 userId=22 role=3] c.k.i.m.SysUserMapper.selectById - ==> Parameters: 22(Long)
2026-07-22 22:05:31.356 [http-nio-8080-exec-1] DEBUG [traceId=132d79b72bd24e9aa7947ba9d4bf1e71 userId=22 role=3] c.k.i.m.SysUserMapper.selectById - <==      Total: 1
2026-07-22 22:05:31.356 [http-nio-8080-exec-1] DEBUG [traceId=132d79b72bd24e9aa7947ba9d4bf1e71 userId=22 role=3] c.k.i.m.ClassInfoMapper.selectById - ==>  Preparing: SELECT id,class_name,description,status,create_by,create_time,update_by,update_time FROM class_info WHERE id=?
2026-07-22 22:05:31.357 [http-nio-8080-exec-1] DEBUG [traceId=132d79b72bd24e9aa7947ba9d4bf1e71 userId=22 role=3] c.k.i.m.ClassInfoMapper.selectById - ==> Parameters: 8(Long)
2026-07-22 22:05:31.359 [http-nio-8080-exec-1] DEBUG [traceId=132d79b72bd24e9aa7947ba9d4bf1e71 userId=22 role=3] c.k.i.m.ClassInfoMapper.selectById - <==      Total: 1
2026-07-22 22:05:31.360 [http-nio-8080-exec-1] INFO  [traceId=132d79b72bd24e9aa7947ba9d4bf1e71 userId=22 role=3] com.kg.interceptor.TraceIdFilter - HTTP_REQUEST_END method=GET uri=/profile status=200 cost=13ms responseBody={"code":200,"message":"查询成功","data":{"id":22,"account":"17200615563","name":"李老师","role":"3","gender":1,"email":"","phone":"17200615563","description":"","classId":8,"className":"1班","status":1,"createTime":"2026-06-01 00:12:24"}}
2026-07-22 22:05:31.983 [http-nio-8080-exec-10] INFO  [traceId=1dc5c8e57f2643f69d8343775c30639a userId= role=] com.kg.interceptor.TraceIdFilter - HTTP_REQUEST_START method=POST uri=/my-task/list query=null requestBody={"pageNum":1,"pageSize":10,"status":"0"} ip=0:0:0:0:0:0:0:1 userAgent=Mozilla/5.0 (iPhone; CPU iPhone OS 15_0 like Mac OS X) AppleWebKit/605.1.15 (KHTML, like Gecko) Version/15.0 Mobile/15E148 Safari/604.1 wechatdevtools/2.01.2510290 MicroMessenger/8.0.5 Language/zh_CN webview/ hash/597225176 sid/jAVCl7QYrr
2026-07-22 22:05:31.982 [http-nio-8080-exec-9] INFO  [traceId=f9438db8bb7243b18b36bb21234aa3db userId= role=] com.kg.interceptor.TraceIdFilter - HTTP_REQUEST_START method=POST uri=/my-task/stats query=null requestBody={} ip=0:0:0:0:0:0:0:1 userAgent=Mozilla/5.0 (iPhone; CPU iPhone OS 15_0 like Mac OS X) AppleWebKit/605.1.15 (KHTML, like Gecko) Version/15.0 Mobile/15E148 Safari/604.1 wechatdevtools/2.01.2510290 MicroMessenger/8.0.5 Language/zh_CN webview/ hash/597225176 sid/jAVCl7QYrr
2026-07-22 22:05:31.987 [http-nio-8080-exec-10] DEBUG [traceId=1dc5c8e57f2643f69d8343775c30639a userId= role=] c.k.i.m.SysUserMapper.selectById - ==>  Preparing: SELECT id,account,name,password,role,gender,email,phone,openid,description,teacher_remark,password_update_time,class_id,status,create_by,create_time,update_by,update_time FROM sys_user WHERE id=?
2026-07-22 22:05:31.987 [http-nio-8080-exec-9] DEBUG [traceId=f9438db8bb7243b18b36bb21234aa3db userId= role=] c.k.i.m.SysUserMapper.selectById - ==>  Preparing: SELECT id,account,name,password,role,gender,email,phone,openid,description,teacher_remark,password_update_time,class_id,status,create_by,create_time,update_by,update_time FROM sys_user WHERE id=?
2026-07-22 22:05:31.987 [http-nio-8080-exec-10] DEBUG [traceId=1dc5c8e57f2643f69d8343775c30639a userId= role=] c.k.i.m.SysUserMapper.selectById - ==> Parameters: 22(Long)
2026-07-22 22:05:31.987 [http-nio-8080-exec-9] DEBUG [traceId=f9438db8bb7243b18b36bb21234aa3db userId= role=] c.k.i.m.SysUserMapper.selectById - ==> Parameters: 22(Long)
2026-07-22 22:05:31.988 [http-nio-8080-exec-9] DEBUG [traceId=f9438db8bb7243b18b36bb21234aa3db userId= role=] c.k.i.m.SysUserMapper.selectById - <==      Total: 1
2026-07-22 22:05:31.988 [http-nio-8080-exec-10] DEBUG [traceId=1dc5c8e57f2643f69d8343775c30639a userId= role=] c.k.i.m.SysUserMapper.selectById - <==      Total: 1
2026-07-22 22:05:31.990 [http-nio-8080-exec-10] DEBUG [traceId=1dc5c8e57f2643f69d8343775c30639a userId=22 role=3] c.k.i.mapper.MyTaskMapper.count - ==>  Preparing: SELECT COUNT(*) FROM task_user tu JOIN task t ON t.id = tu.task_id WHERE tu.user_id = ? AND tu.status = '0'
2026-07-22 22:05:31.990 [http-nio-8080-exec-10] DEBUG [traceId=1dc5c8e57f2643f69d8343775c30639a userId=22 role=3] c.k.i.mapper.MyTaskMapper.count - ==> Parameters: 22(Long)
2026-07-22 22:05:31.991 [http-nio-8080-exec-9] DEBUG [traceId=f9438db8bb7243b18b36bb21234aa3db userId=22 role=3] c.k.i.m.TaskUserMapper.selectCount - ==>  Preparing: SELECT COUNT( * ) AS total FROM task_user WHERE (user_id = ? AND status = ?)
2026-07-22 22:05:31.991 [http-nio-8080-exec-10] DEBUG [traceId=1dc5c8e57f2643f69d8343775c30639a userId=22 role=3] c.k.i.mapper.MyTaskMapper.count - <==      Total: 1
2026-07-22 22:05:31.991 [http-nio-8080-exec-9] DEBUG [traceId=f9438db8bb7243b18b36bb21234aa3db userId=22 role=3] c.k.i.m.TaskUserMapper.selectCount - ==> Parameters: 22(Long), 0(String)
2026-07-22 22:05:31.991 [http-nio-8080-exec-10] DEBUG [traceId=1dc5c8e57f2643f69d8343775c30639a userId=22 role=3] c.k.i.mapper.MyTaskMapper.page - ==>  Preparing: SELECT u.name AS task_create_name,t.round_no AS round_no,t.template_id AS template_id,t.id AS task_id, t.task_name, t.task_type, t.is_mandatory AS force_flag, t.task_description, t.priority, t.task_start_time AS start_time, t.task_end_time AS end_time, t.plan_id AS planId, t.plan_date AS planDate, t.is_repeat_task AS isRepeatTask, t.status AS taskStatus, tu.id AS task_user_id, tu.status, tu.total_score, tu.submit_time FROM task_user tu JOIN task t ON t.id = tu.task_id LEFT JOIN sys_user u ON u.id = t.create_by WHERE tu.user_id = ? AND tu.status = '0' ORDER BY t.create_time DESC LIMIT ?, ?
2026-07-22 22:05:31.991 [http-nio-8080-exec-10] DEBUG [traceId=1dc5c8e57f2643f69d8343775c30639a userId=22 role=3] c.k.i.mapper.MyTaskMapper.page - ==> Parameters: 22(Long), 0(Integer), 10(Integer)
2026-07-22 22:05:31.991 [http-nio-8080-exec-9] DEBUG [traceId=f9438db8bb7243b18b36bb21234aa3db userId=22 role=3] c.k.i.m.TaskUserMapper.selectCount - <==      Total: 1
2026-07-22 22:05:31.992 [http-nio-8080-exec-10] DEBUG [traceId=1dc5c8e57f2643f69d8343775c30639a userId=22 role=3] c.k.i.mapper.MyTaskMapper.page - <==      Total: 1
2026-07-22 22:05:31.993 [http-nio-8080-exec-9] DEBUG [traceId=f9438db8bb7243b18b36bb21234aa3db userId=22 role=3] c.k.i.m.TaskUserMapper.selectCount - ==>  Preparing: SELECT COUNT( * ) AS total FROM task_user WHERE (user_id = ? AND status IN (?,?))
2026-07-22 22:05:31.993 [http-nio-8080-exec-9] DEBUG [traceId=f9438db8bb7243b18b36bb21234aa3db userId=22 role=3] c.k.i.m.TaskUserMapper.selectCount - ==> Parameters: 22(Long), 1(String), 2(String)
2026-07-22 22:05:31.993 [http-nio-8080-exec-10] INFO  [traceId=1dc5c8e57f2643f69d8343775c30639a userId=22 role=3] com.kg.interceptor.TraceIdFilter - HTTP_REQUEST_END method=POST uri=/my-task/list status=200 cost=10ms responseBody={"code":200,"message":"查询成功","data":{"total":1,"list":[{"taskId":112,"taskName":"小程序任务测试","taskType":"0","forceFlag":1,"taskDescription":"","priority":0,"startTime":"2026-07-22 00:00:00","endTime":"2026-07-23 23:59:59","status":"0","totalScore":null,"submitTime":null,"roundNo":1,"templateId":null,"planId":null,"planDate":null,"isRepeatTask":0,"taskStatus":1,"taskUserId":684,"taskCreateName":"管理员"}]}}
2026-07-22 22:05:31.994 [http-nio-8080-exec-9] DEBUG [traceId=f9438db8bb7243b18b36bb21234aa3db userId=22 role=3] c.k.i.m.TaskUserMapper.selectCount - <==      Total: 1
2026-07-22 22:05:31.994 [http-nio-8080-exec-9] INFO  [traceId=f9438db8bb7243b18b36bb21234aa3db userId=22 role=3] com.kg.interceptor.TraceIdFilter - HTTP_REQUEST_END method=POST uri=/my-task/stats status=200 cost=12ms responseBody={"code":200,"message":"查询成功","data":{"unfinished":1,"finished":0}}
2026-07-22 22:05:32.749 [http-nio-8080-exec-7] INFO  [traceId=2a6cdb61617d4bfb90446feda7731d5d userId= role=] com.kg.interceptor.TraceIdFilter - HTTP_REQUEST_START method=GET uri=/student/checkin/stat query=null requestBody= ip=0:0:0:0:0:0:0:1 userAgent=Mozilla/5.0 (iPhone; CPU iPhone OS 15_0 like Mac OS X) AppleWebKit/605.1.15 (KHTML, like Gecko) Version/15.0 Mobile/15E148 Safari/604.1 wechatdevtools/2.01.2510290 MicroMessenger/8.0.5 Language/zh_CN webview/ hash/597225176 sid/jAVCl7QYrr
2026-07-22 22:05:32.749 [http-nio-8080-exec-4] INFO  [traceId=f2d3d3c8268c4fd8a4a1f40430f8c6e3 userId= role=] com.kg.interceptor.TraceIdFilter - HTTP_REQUEST_START method=GET uri=/home/student/stat query=null requestBody= ip=0:0:0:0:0:0:0:1 userAgent=Mozilla/5.0 (iPhone; CPU iPhone OS 15_0 like Mac OS X) AppleWebKit/605.1.15 (KHTML, like Gecko) Version/15.0 Mobile/15E148 Safari/604.1 wechatdevtools/2.01.2510290 MicroMessenger/8.0.5 Language/zh_CN webview/ hash/597225176 sid/jAVCl7QYrr
2026-07-22 22:05:32.752 [http-nio-8080-exec-7] DEBUG [traceId=2a6cdb61617d4bfb90446feda7731d5d userId= role=] c.k.i.m.SysUserMapper.selectById - ==>  Preparing: SELECT id,account,name,password,role,gender,email,phone,openid,description,teacher_remark,password_update_time,class_id,status,create_by,create_time,update_by,update_time FROM sys_user WHERE id=?
2026-07-22 22:05:32.752 [http-nio-8080-exec-4] DEBUG [traceId=f2d3d3c8268c4fd8a4a1f40430f8c6e3 userId= role=] c.k.i.m.SysUserMapper.selectById - ==>  Preparing: SELECT id,account,name,password,role,gender,email,phone,openid,description,teacher_remark,password_update_time,class_id,status,create_by,create_time,update_by,update_time FROM sys_user WHERE id=?
2026-07-22 22:05:32.752 [http-nio-8080-exec-7] DEBUG [traceId=2a6cdb61617d4bfb90446feda7731d5d userId= role=] c.k.i.m.SysUserMapper.selectById - ==> Parameters: 22(Long)
2026-07-22 22:05:32.752 [http-nio-8080-exec-4] DEBUG [traceId=f2d3d3c8268c4fd8a4a1f40430f8c6e3 userId= role=] c.k.i.m.SysUserMapper.selectById - ==> Parameters: 22(Long)
2026-07-22 22:05:32.753 [http-nio-8080-exec-7] DEBUG [traceId=2a6cdb61617d4bfb90446feda7731d5d userId= role=] c.k.i.m.SysUserMapper.selectById - <==      Total: 1
2026-07-22 22:05:32.753 [http-nio-8080-exec-4] DEBUG [traceId=f2d3d3c8268c4fd8a4a1f40430f8c6e3 userId= role=] c.k.i.m.SysUserMapper.selectById - <==      Total: 1
2026-07-22 22:05:32.754 [http-nio-8080-exec-4] DEBUG [traceId=f2d3d3c8268c4fd8a4a1f40430f8c6e3 userId=22 role=3] c.k.i.m.H.countTodoForStudent - ==>  Preparing: SELECT COUNT(*) FROM task_user WHERE user_id = ? AND status = '0'
2026-07-22 22:05:32.754 [http-nio-8080-exec-7] DEBUG [traceId=2a6cdb61617d4bfb90446feda7731d5d userId=22 role=3] c.k.i.m.S.findCheckinDates - ==>  Preparing: SELECT DISTINCT DATE(t.task_start_time) AS checkinDate FROM task_user tu JOIN task t ON t.id = tu.task_id WHERE tu.user_id = ? AND t.task_type = ? AND tu.status = '1' ORDER BY checkinDate DESC
2026-07-22 22:05:32.754 [http-nio-8080-exec-4] DEBUG [traceId=f2d3d3c8268c4fd8a4a1f40430f8c6e3 userId=22 role=3] c.k.i.m.H.countTodoForStudent - ==> Parameters: 22(Long)
2026-07-22 22:05:32.754 [http-nio-8080-exec-7] DEBUG [traceId=2a6cdb61617d4bfb90446feda7731d5d userId=22 role=3] c.k.i.m.S.findCheckinDates - ==> Parameters: 22(Long), 2(String)
2026-07-22 22:05:32.754 [http-nio-8080-exec-7] DEBUG [traceId=2a6cdb61617d4bfb90446feda7731d5d userId=22 role=3] c.k.i.m.S.findCheckinDates - <==      Total: 0
2026-07-22 22:05:32.754 [http-nio-8080-exec-4] DEBUG [traceId=f2d3d3c8268c4fd8a4a1f40430f8c6e3 userId=22 role=3] c.k.i.m.H.countTodoForStudent - <==      Total: 1
2026-07-22 22:05:32.754 [http-nio-8080-exec-4] DEBUG [traceId=f2d3d3c8268c4fd8a4a1f40430f8c6e3 userId=22 role=3] c.k.i.m.H.countCompletedForStudent - ==>  Preparing: SELECT COUNT(*) FROM task_user WHERE user_id = ? AND status IN ('1','2')
2026-07-22 22:05:32.754 [http-nio-8080-exec-4] DEBUG [traceId=f2d3d3c8268c4fd8a4a1f40430f8c6e3 userId=22 role=3] c.k.i.m.H.countCompletedForStudent - ==> Parameters: 22(Long)
2026-07-22 22:05:32.755 [http-nio-8080-exec-4] DEBUG [traceId=f2d3d3c8268c4fd8a4a1f40430f8c6e3 userId=22 role=3] c.k.i.m.H.countCompletedForStudent - <==      Total: 1
2026-07-22 22:05:32.755 [http-nio-8080-exec-4] DEBUG [traceId=f2d3d3c8268c4fd8a4a1f40430f8c6e3 userId=22 role=3] c.k.i.m.H.nearEndTop3ForStudent - ==>  Preparing: SELECT t.id AS task_id, t.task_name, t.task_end_time AS end_time FROM task_user tu JOIN task t ON t.id = tu.task_id WHERE tu.user_id = ? AND tu.status = '0' ORDER BY t.task_end_time ASC LIMIT 3
2026-07-22 22:05:32.755 [http-nio-8080-exec-4] DEBUG [traceId=f2d3d3c8268c4fd8a4a1f40430f8c6e3 userId=22 role=3] c.k.i.m.H.nearEndTop3ForStudent - ==> Parameters: 22(Long)
2026-07-22 22:05:32.755 [http-nio-8080-exec-7] INFO  [traceId=2a6cdb61617d4bfb90446feda7731d5d userId=22 role=3] com.kg.interceptor.TraceIdFilter - HTTP_REQUEST_END method=GET uri=/student/checkin/stat status=200 cost=6ms responseBody={"code":200,"message":"查询成功","data":{"continuousDays":0,"monthCheckinCount":0,"todayChecked":false}}
2026-07-22 22:05:32.755 [http-nio-8080-exec-4] DEBUG [traceId=f2d3d3c8268c4fd8a4a1f40430f8c6e3 userId=22 role=3] c.k.i.m.H.nearEndTop3ForStudent - <==      Total: 1
2026-07-22 22:05:32.756 [http-nio-8080-exec-4] INFO  [traceId=f2d3d3c8268c4fd8a4a1f40430f8c6e3 userId=22 role=3] com.kg.interceptor.TraceIdFilter - HTTP_REQUEST_END method=GET uri=/home/student/stat status=200 cost=7ms responseBody={"code":200,"message":"查询成功","data":{"todoTaskCount":1,"completedTaskCount":0,"nearEndTasks":[{"taskId":112,"taskName":"小程序任务测试","endTime":"2026-07-23T23:59:59"}]}}
2026-07-22 22:05:35.078 [http-nio-8080-exec-6] INFO  [traceId=1447fabb7b4b42c29753f9c64a20bdad userId= role=] com.kg.interceptor.TraceIdFilter - HTTP_REQUEST_START method=POST uri=/my-task/stats query=null requestBody={} ip=0:0:0:0:0:0:0:1 userAgent=Mozilla/5.0 (iPhone; CPU iPhone OS 15_0 like Mac OS X) AppleWebKit/605.1.15 (KHTML, like Gecko) Version/15.0 Mobile/15E148 Safari/604.1 wechatdevtools/2.01.2510290 MicroMessenger/8.0.5 Language/zh_CN webview/ hash/597225176 sid/jAVCl7QYrr
2026-07-22 22:05:35.081 [http-nio-8080-exec-3] INFO  [traceId=28e68cf1b34b418cb093e9777eb352b3 userId= role=] com.kg.interceptor.TraceIdFilter - HTTP_REQUEST_START method=POST uri=/my-task/list query=null requestBody={"pageNum":1,"pageSize":10,"status":"0"} ip=0:0:0:0:0:0:0:1 userAgent=Mozilla/5.0 (iPhone; CPU iPhone OS 15_0 like Mac OS X) AppleWebKit/605.1.15 (KHTML, like Gecko) Version/15.0 Mobile/15E148 Safari/604.1 wechatdevtools/2.01.2510290 MicroMessenger/8.0.5 Language/zh_CN webview/ hash/597225176 sid/jAVCl7QYrr
2026-07-22 22:05:35.082 [http-nio-8080-exec-6] DEBUG [traceId=1447fabb7b4b42c29753f9c64a20bdad userId= role=] c.k.i.m.SysUserMapper.selectById - ==>  Preparing: SELECT id,account,name,password,role,gender,email,phone,openid,description,teacher_remark,password_update_time,class_id,status,create_by,create_time,update_by,update_time FROM sys_user WHERE id=?
2026-07-22 22:05:35.082 [http-nio-8080-exec-6] DEBUG [traceId=1447fabb7b4b42c29753f9c64a20bdad userId= role=] c.k.i.m.SysUserMapper.selectById - ==> Parameters: 22(Long)
2026-07-22 22:05:35.082 [http-nio-8080-exec-6] DEBUG [traceId=1447fabb7b4b42c29753f9c64a20bdad userId= role=] c.k.i.m.SysUserMapper.selectById - <==      Total: 1
2026-07-22 22:05:35.083 [http-nio-8080-exec-3] DEBUG [traceId=28e68cf1b34b418cb093e9777eb352b3 userId= role=] c.k.i.m.SysUserMapper.selectById - ==>  Preparing: SELECT id,account,name,password,role,gender,email,phone,openid,description,teacher_remark,password_update_time,class_id,status,create_by,create_time,update_by,update_time FROM sys_user WHERE id=?
2026-07-22 22:05:35.084 [http-nio-8080-exec-3] DEBUG [traceId=28e68cf1b34b418cb093e9777eb352b3 userId= role=] c.k.i.m.SysUserMapper.selectById - ==> Parameters: 22(Long)
2026-07-22 22:05:35.084 [http-nio-8080-exec-6] DEBUG [traceId=1447fabb7b4b42c29753f9c64a20bdad userId=22 role=3] c.k.i.m.TaskUserMapper.selectCount - ==>  Preparing: SELECT COUNT( * ) AS total FROM task_user WHERE (user_id = ? AND status = ?)
2026-07-22 22:05:35.084 [http-nio-8080-exec-6] DEBUG [traceId=1447fabb7b4b42c29753f9c64a20bdad userId=22 role=3] c.k.i.m.TaskUserMapper.selectCount - ==> Parameters: 22(Long), 0(String)
2026-07-22 22:05:35.084 [http-nio-8080-exec-3] DEBUG [traceId=28e68cf1b34b418cb093e9777eb352b3 userId= role=] c.k.i.m.SysUserMapper.selectById - <==      Total: 1
2026-07-22 22:05:35.084 [http-nio-8080-exec-6] DEBUG [traceId=1447fabb7b4b42c29753f9c64a20bdad userId=22 role=3] c.k.i.m.TaskUserMapper.selectCount - <==      Total: 1
2026-07-22 22:05:35.085 [http-nio-8080-exec-3] DEBUG [traceId=28e68cf1b34b418cb093e9777eb352b3 userId=22 role=3] c.k.i.mapper.MyTaskMapper.count - ==>  Preparing: SELECT COUNT(*) FROM task_user tu JOIN task t ON t.id = tu.task_id WHERE tu.user_id = ? AND tu.status = '0'
2026-07-22 22:05:35.085 [http-nio-8080-exec-6] DEBUG [traceId=1447fabb7b4b42c29753f9c64a20bdad userId=22 role=3] c.k.i.m.TaskUserMapper.selectCount - ==>  Preparing: SELECT COUNT( * ) AS total FROM task_user WHERE (user_id = ? AND status IN (?,?))
2026-07-22 22:05:35.085 [http-nio-8080-exec-3] DEBUG [traceId=28e68cf1b34b418cb093e9777eb352b3 userId=22 role=3] c.k.i.mapper.MyTaskMapper.count - ==> Parameters: 22(Long)
2026-07-22 22:05:35.085 [http-nio-8080-exec-6] DEBUG [traceId=1447fabb7b4b42c29753f9c64a20bdad userId=22 role=3] c.k.i.m.TaskUserMapper.selectCount - ==> Parameters: 22(Long), 1(String), 2(String)
2026-07-22 22:05:35.087 [http-nio-8080-exec-6] DEBUG [traceId=1447fabb7b4b42c29753f9c64a20bdad userId=22 role=3] c.k.i.m.TaskUserMapper.selectCount - <==      Total: 1
2026-07-22 22:05:35.087 [http-nio-8080-exec-3] DEBUG [traceId=28e68cf1b34b418cb093e9777eb352b3 userId=22 role=3] c.k.i.mapper.MyTaskMapper.count - <==      Total: 1
2026-07-22 22:05:35.088 [http-nio-8080-exec-3] DEBUG [traceId=28e68cf1b34b418cb093e9777eb352b3 userId=22 role=3] c.k.i.mapper.MyTaskMapper.page - ==>  Preparing: SELECT u.name AS task_create_name,t.round_no AS round_no,t.template_id AS template_id,t.id AS task_id, t.task_name, t.task_type, t.is_mandatory AS force_flag, t.task_description, t.priority, t.task_start_time AS start_time, t.task_end_time AS end_time, t.plan_id AS planId, t.plan_date AS planDate, t.is_repeat_task AS isRepeatTask, t.status AS taskStatus, tu.id AS task_user_id, tu.status, tu.total_score, tu.submit_time FROM task_user tu JOIN task t ON t.id = tu.task_id LEFT JOIN sys_user u ON u.id = t.create_by WHERE tu.user_id = ? AND tu.status = '0' ORDER BY t.create_time DESC LIMIT ?, ?
2026-07-22 22:05:35.088 [http-nio-8080-exec-3] DEBUG [traceId=28e68cf1b34b418cb093e9777eb352b3 userId=22 role=3] c.k.i.mapper.MyTaskMapper.page - ==> Parameters: 22(Long), 0(Integer), 10(Integer)
2026-07-22 22:05:35.088 [http-nio-8080-exec-6] INFO  [traceId=1447fabb7b4b42c29753f9c64a20bdad userId=22 role=3] com.kg.interceptor.TraceIdFilter - HTTP_REQUEST_END method=POST uri=/my-task/stats status=200 cost=10ms responseBody={"code":200,"message":"查询成功","data":{"unfinished":1,"finished":0}}
2026-07-22 22:05:35.088 [http-nio-8080-exec-3] DEBUG [traceId=28e68cf1b34b418cb093e9777eb352b3 userId=22 role=3] c.k.i.mapper.MyTaskMapper.page - <==      Total: 1
2026-07-22 22:05:35.090 [http-nio-8080-exec-3] INFO  [traceId=28e68cf1b34b418cb093e9777eb352b3 userId=22 role=3] com.kg.interceptor.TraceIdFilter - HTTP_REQUEST_END method=POST uri=/my-task/list status=200 cost=9ms responseBody={"code":200,"message":"查询成功","data":{"total":1,"list":[{"taskId":112,"taskName":"小程序任务测试","taskType":"0","forceFlag":1,"taskDescription":"","priority":0,"startTime":"2026-07-22 00:00:00","endTime":"2026-07-23 23:59:59","status":"0","totalScore":null,"submitTime":null,"roundNo":1,"templateId":null,"planId":null,"planDate":null,"isRepeatTask":0,"taskStatus":1,"taskUserId":684,"taskCreateName":"管理员"}]}}
2026-07-22 22:05:35.764 [http-nio-8080-exec-2] INFO  [traceId=c3d9d7ba095047c3a50f5c09d128fb59 userId= role=] com.kg.interceptor.TraceIdFilter - HTTP_REQUEST_START method=GET uri=/profile query=null requestBody= ip=0:0:0:0:0:0:0:1 userAgent=Mozilla/5.0 (iPhone; CPU iPhone OS 15_0 like Mac OS X) AppleWebKit/605.1.15 (KHTML, like Gecko) Version/15.0 Mobile/15E148 Safari/604.1 wechatdevtools/2.01.2510290 MicroMessenger/8.0.5 Language/zh_CN webview/ hash/597225176 sid/jAVCl7QYrr
2026-07-22 22:05:35.768 [http-nio-8080-exec-2] DEBUG [traceId=c3d9d7ba095047c3a50f5c09d128fb59 userId= role=] c.k.i.m.SysUserMapper.selectById - ==>  Preparing: SELECT id,account,name,password,role,gender,email,phone,openid,description,teacher_remark,password_update_time,class_id,status,create_by,create_time,update_by,update_time FROM sys_user WHERE id=?
2026-07-22 22:05:35.768 [http-nio-8080-exec-2] DEBUG [traceId=c3d9d7ba095047c3a50f5c09d128fb59 userId= role=] c.k.i.m.SysUserMapper.selectById - ==> Parameters: 22(Long)
2026-07-22 22:05:35.769 [http-nio-8080-exec-2] DEBUG [traceId=c3d9d7ba095047c3a50f5c09d128fb59 userId= role=] c.k.i.m.SysUserMapper.selectById - <==      Total: 1
2026-07-22 22:05:35.769 [http-nio-8080-exec-2] DEBUG [traceId=c3d9d7ba095047c3a50f5c09d128fb59 userId=22 role=3] c.k.i.m.SysUserMapper.selectById - ==>  Preparing: SELECT id,account,name,password,role,gender,email,phone,openid,description,teacher_remark,password_update_time,class_id,status,create_by,create_time,update_by,update_time FROM sys_user WHERE id=?
2026-07-22 22:05:35.769 [http-nio-8080-exec-2] DEBUG [traceId=c3d9d7ba095047c3a50f5c09d128fb59 userId=22 role=3] c.k.i.m.SysUserMapper.selectById - ==> Parameters: 22(Long)
2026-07-22 22:05:35.770 [http-nio-8080-exec-2] DEBUG [traceId=c3d9d7ba095047c3a50f5c09d128fb59 userId=22 role=3] c.k.i.m.SysUserMapper.selectById - <==      Total: 1
2026-07-22 22:05:35.770 [http-nio-8080-exec-2] DEBUG [traceId=c3d9d7ba095047c3a50f5c09d128fb59 userId=22 role=3] c.k.i.m.ClassInfoMapper.selectById - ==>  Preparing: SELECT id,class_name,description,status,create_by,create_time,update_by,update_time FROM class_info WHERE id=?
2026-07-22 22:05:35.770 [http-nio-8080-exec-2] DEBUG [traceId=c3d9d7ba095047c3a50f5c09d128fb59 userId=22 role=3] c.k.i.m.ClassInfoMapper.selectById - ==> Parameters: 8(Long)
2026-07-22 22:05:35.770 [http-nio-8080-exec-2] DEBUG [traceId=c3d9d7ba095047c3a50f5c09d128fb59 userId=22 role=3] c.k.i.m.ClassInfoMapper.selectById - <==      Total: 1
2026-07-22 22:05:35.771 [http-nio-8080-exec-2] INFO  [traceId=c3d9d7ba095047c3a50f5c09d128fb59 userId=22 role=3] com.kg.interceptor.TraceIdFilter - HTTP_REQUEST_END method=GET uri=/profile status=200 cost=7ms responseBody={"code":200,"message":"查询成功","data":{"id":22,"account":"17200615563","name":"李老师","role":"3","gender":1,"email":"","phone":"17200615563","description":"","classId":8,"className":"1班","status":1,"createTime":"2026-06-01 00:12:24"}}
2026-07-22 22:05:36.784 [http-nio-8080-exec-5] INFO  [traceId=a4488349142741ed99a10587f45fb50a userId= role=] com.kg.interceptor.TraceIdFilter - HTTP_REQUEST_START method=POST uri=/my-task/stats query=null requestBody={} ip=0:0:0:0:0:0:0:1 userAgent=Mozilla/5.0 (iPhone; CPU iPhone OS 15_0 like Mac OS X) AppleWebKit/605.1.15 (KHTML, like Gecko) Version/15.0 Mobile/15E148 Safari/604.1 wechatdevtools/2.01.2510290 MicroMessenger/8.0.5 Language/zh_CN webview/ hash/597225176 sid/jAVCl7QYrr
2026-07-22 22:05:36.785 [http-nio-8080-exec-8] INFO  [traceId=2177ffc22ce54fd2bdd94e0d21e2dc0b userId= role=] com.kg.interceptor.TraceIdFilter - HTTP_REQUEST_START method=POST uri=/my-task/list query=null requestBody={"pageNum":1,"pageSize":10,"status":"0"} ip=0:0:0:0:0:0:0:1 userAgent=Mozilla/5.0 (iPhone; CPU iPhone OS 15_0 like Mac OS X) AppleWebKit/605.1.15 (KHTML, like Gecko) Version/15.0 Mobile/15E148 Safari/604.1 wechatdevtools/2.01.2510290 MicroMessenger/8.0.5 Language/zh_CN webview/ hash/597225176 sid/jAVCl7QYrr
2026-07-22 22:05:36.787 [http-nio-8080-exec-5] DEBUG [traceId=a4488349142741ed99a10587f45fb50a userId= role=] c.k.i.m.SysUserMapper.selectById - ==>  Preparing: SELECT id,account,name,password,role,gender,email,phone,openid,description,teacher_remark,password_update_time,class_id,status,create_by,create_time,update_by,update_time FROM sys_user WHERE id=?
2026-07-22 22:05:36.787 [http-nio-8080-exec-5] DEBUG [traceId=a4488349142741ed99a10587f45fb50a userId= role=] c.k.i.m.SysUserMapper.selectById - ==> Parameters: 22(Long)
2026-07-22 22:05:36.787 [http-nio-8080-exec-8] DEBUG [traceId=2177ffc22ce54fd2bdd94e0d21e2dc0b userId= role=] c.k.i.m.SysUserMapper.selectById - ==>  Preparing: SELECT id,account,name,password,role,gender,email,phone,openid,description,teacher_remark,password_update_time,class_id,status,create_by,create_time,update_by,update_time FROM sys_user WHERE id=?
2026-07-22 22:05:36.787 [http-nio-8080-exec-8] DEBUG [traceId=2177ffc22ce54fd2bdd94e0d21e2dc0b userId= role=] c.k.i.m.SysUserMapper.selectById - ==> Parameters: 22(Long)
2026-07-22 22:05:36.787 [http-nio-8080-exec-5] DEBUG [traceId=a4488349142741ed99a10587f45fb50a userId= role=] c.k.i.m.SysUserMapper.selectById - <==      Total: 1
2026-07-22 22:05:36.787 [http-nio-8080-exec-8] DEBUG [traceId=2177ffc22ce54fd2bdd94e0d21e2dc0b userId= role=] c.k.i.m.SysUserMapper.selectById - <==      Total: 1
2026-07-22 22:05:36.788 [http-nio-8080-exec-5] DEBUG [traceId=a4488349142741ed99a10587f45fb50a userId=22 role=3] c.k.i.m.TaskUserMapper.selectCount - ==>  Preparing: SELECT COUNT( * ) AS total FROM task_user WHERE (user_id = ? AND status = ?)
2026-07-22 22:05:36.788 [http-nio-8080-exec-5] DEBUG [traceId=a4488349142741ed99a10587f45fb50a userId=22 role=3] c.k.i.m.TaskUserMapper.selectCount - ==> Parameters: 22(Long), 0(String)
2026-07-22 22:05:36.789 [http-nio-8080-exec-8] DEBUG [traceId=2177ffc22ce54fd2bdd94e0d21e2dc0b userId=22 role=3] c.k.i.mapper.MyTaskMapper.count - ==>  Preparing: SELECT COUNT(*) FROM task_user tu JOIN task t ON t.id = tu.task_id WHERE tu.user_id = ? AND tu.status = '0'
2026-07-22 22:05:36.789 [http-nio-8080-exec-8] DEBUG [traceId=2177ffc22ce54fd2bdd94e0d21e2dc0b userId=22 role=3] c.k.i.mapper.MyTaskMapper.count - ==> Parameters: 22(Long)
2026-07-22 22:05:36.789 [http-nio-8080-exec-5] DEBUG [traceId=a4488349142741ed99a10587f45fb50a userId=22 role=3] c.k.i.m.TaskUserMapper.selectCount - <==      Total: 1
2026-07-22 22:05:36.789 [http-nio-8080-exec-8] DEBUG [traceId=2177ffc22ce54fd2bdd94e0d21e2dc0b userId=22 role=3] c.k.i.mapper.MyTaskMapper.count - <==      Total: 1
2026-07-22 22:05:36.789 [http-nio-8080-exec-8] DEBUG [traceId=2177ffc22ce54fd2bdd94e0d21e2dc0b userId=22 role=3] c.k.i.mapper.MyTaskMapper.page - ==>  Preparing: SELECT u.name AS task_create_name,t.round_no AS round_no,t.template_id AS template_id,t.id AS task_id, t.task_name, t.task_type, t.is_mandatory AS force_flag, t.task_description, t.priority, t.task_start_time AS start_time, t.task_end_time AS end_time, t.plan_id AS planId, t.plan_date AS planDate, t.is_repeat_task AS isRepeatTask, t.status AS taskStatus, tu.id AS task_user_id, tu.status, tu.total_score, tu.submit_time FROM task_user tu JOIN task t ON t.id = tu.task_id LEFT JOIN sys_user u ON u.id = t.create_by WHERE tu.user_id = ? AND tu.status = '0' ORDER BY t.create_time DESC LIMIT ?, ?
2026-07-22 22:05:36.789 [http-nio-8080-exec-8] DEBUG [traceId=2177ffc22ce54fd2bdd94e0d21e2dc0b userId=22 role=3] c.k.i.mapper.MyTaskMapper.page - ==> Parameters: 22(Long), 0(Integer), 10(Integer)
2026-07-22 22:05:36.789 [http-nio-8080-exec-5] DEBUG [traceId=a4488349142741ed99a10587f45fb50a userId=22 role=3] c.k.i.m.TaskUserMapper.selectCount - ==>  Preparing: SELECT COUNT( * ) AS total FROM task_user WHERE (user_id = ? AND status IN (?,?))
2026-07-22 22:05:36.789 [http-nio-8080-exec-5] DEBUG [traceId=a4488349142741ed99a10587f45fb50a userId=22 role=3] c.k.i.m.TaskUserMapper.selectCount - ==> Parameters: 22(Long), 1(String), 2(String)
2026-07-22 22:05:36.790 [http-nio-8080-exec-5] DEBUG [traceId=a4488349142741ed99a10587f45fb50a userId=22 role=3] c.k.i.m.TaskUserMapper.selectCount - <==      Total: 1
2026-07-22 22:05:36.790 [http-nio-8080-exec-5] INFO  [traceId=a4488349142741ed99a10587f45fb50a userId=22 role=3] com.kg.interceptor.TraceIdFilter - HTTP_REQUEST_END method=POST uri=/my-task/stats status=200 cost=6ms responseBody={"code":200,"message":"查询成功","data":{"unfinished":1,"finished":0}}
2026-07-22 22:05:36.791 [http-nio-8080-exec-8] DEBUG [traceId=2177ffc22ce54fd2bdd94e0d21e2dc0b userId=22 role=3] c.k.i.mapper.MyTaskMapper.page - <==      Total: 1
2026-07-22 22:05:36.791 [http-nio-8080-exec-8] INFO  [traceId=2177ffc22ce54fd2bdd94e0d21e2dc0b userId=22 role=3] com.kg.interceptor.TraceIdFilter - HTTP_REQUEST_END method=POST uri=/my-task/list status=200 cost=6ms responseBody={"code":200,"message":"查询成功","data":{"total":1,"list":[{"taskId":112,"taskName":"小程序任务测试","taskType":"0","forceFlag":1,"taskDescription":"","priority":0,"startTime":"2026-07-22 00:00:00","endTime":"2026-07-23 23:59:59","status":"0","totalScore":null,"submitTime":null,"roundNo":1,"templateId":null,"planId":null,"planDate":null,"isRepeatTask":0,"taskStatus":1,"taskUserId":684,"taskCreateName":"管理员"}]}}
2026-07-22 22:05:37.528 [http-nio-8080-exec-1] INFO  [traceId=f6254c132dd34c3cbf82ba1b65c204ab userId= role=] com.kg.interceptor.TraceIdFilter - HTTP_REQUEST_START method=POST uri=/my-task/list query=null requestBody={"pageNum":1,"pageSize":10,"status":"1"} ip=0:0:0:0:0:0:0:1 userAgent=Mozilla/5.0 (iPhone; CPU iPhone OS 15_0 like Mac OS X) AppleWebKit/605.1.15 (KHTML, like Gecko) Version/15.0 Mobile/15E148 Safari/604.1 wechatdevtools/2.01.2510290 MicroMessenger/8.0.5 Language/zh_CN webview/ hash/597225176 sid/jAVCl7QYrr
2026-07-22 22:05:37.530 [http-nio-8080-exec-1] DEBUG [traceId=f6254c132dd34c3cbf82ba1b65c204ab userId= role=] c.k.i.m.SysUserMapper.selectById - ==>  Preparing: SELECT id,account,name,password,role,gender,email,phone,openid,description,teacher_remark,password_update_time,class_id,status,create_by,create_time,update_by,update_time FROM sys_user WHERE id=?
2026-07-22 22:05:37.530 [http-nio-8080-exec-1] DEBUG [traceId=f6254c132dd34c3cbf82ba1b65c204ab userId= role=] c.k.i.m.SysUserMapper.selectById - ==> Parameters: 22(Long)
2026-07-22 22:05:37.531 [http-nio-8080-exec-1] DEBUG [traceId=f6254c132dd34c3cbf82ba1b65c204ab userId= role=] c.k.i.m.SysUserMapper.selectById - <==      Total: 1
2026-07-22 22:05:37.532 [http-nio-8080-exec-1] DEBUG [traceId=f6254c132dd34c3cbf82ba1b65c204ab userId=22 role=3] c.k.i.mapper.MyTaskMapper.count - ==>  Preparing: SELECT COUNT(*) FROM task_user tu JOIN task t ON t.id = tu.task_id WHERE tu.user_id = ? AND tu.status IN ('1','2')
2026-07-22 22:05:37.532 [http-nio-8080-exec-1] DEBUG [traceId=f6254c132dd34c3cbf82ba1b65c204ab userId=22 role=3] c.k.i.mapper.MyTaskMapper.count - ==> Parameters: 22(Long)
2026-07-22 22:05:37.532 [http-nio-8080-exec-1] DEBUG [traceId=f6254c132dd34c3cbf82ba1b65c204ab userId=22 role=3] c.k.i.mapper.MyTaskMapper.count - <==      Total: 1
2026-07-22 22:05:37.533 [http-nio-8080-exec-1] DEBUG [traceId=f6254c132dd34c3cbf82ba1b65c204ab userId=22 role=3] c.k.i.mapper.MyTaskMapper.page - ==>  Preparing: SELECT u.name AS task_create_name,t.round_no AS round_no,t.template_id AS template_id,t.id AS task_id, t.task_name, t.task_type, t.is_mandatory AS force_flag, t.task_description, t.priority, t.task_start_time AS start_time, t.task_end_time AS end_time, t.plan_id AS planId, t.plan_date AS planDate, t.is_repeat_task AS isRepeatTask, t.status AS taskStatus, tu.id AS task_user_id, tu.status, tu.total_score, tu.submit_time FROM task_user tu JOIN task t ON t.id = tu.task_id LEFT JOIN sys_user u ON u.id = t.create_by WHERE tu.user_id = ? AND tu.status IN ('1','2') ORDER BY t.create_time DESC LIMIT ?, ?
2026-07-22 22:05:37.533 [http-nio-8080-exec-1] DEBUG [traceId=f6254c132dd34c3cbf82ba1b65c204ab userId=22 role=3] c.k.i.mapper.MyTaskMapper.page - ==> Parameters: 22(Long), 0(Integer), 10(Integer)
2026-07-22 22:05:37.535 [http-nio-8080-exec-1] DEBUG [traceId=f6254c132dd34c3cbf82ba1b65c204ab userId=22 role=3] c.k.i.mapper.MyTaskMapper.page - <==      Total: 0
2026-07-22 22:05:37.536 [http-nio-8080-exec-1] INFO  [traceId=f6254c132dd34c3cbf82ba1b65c204ab userId=22 role=3] com.kg.interceptor.TraceIdFilter - HTTP_REQUEST_END method=POST uri=/my-task/list status=200 cost=8ms responseBody={"code":200,"message":"查询成功","data":{"total":0,"list":[]}}
2026-07-22 22:05:38.657 [http-nio-8080-exec-10] INFO  [traceId=ae48a50714db4dedb31f5a1d451fcf2f userId= role=] com.kg.interceptor.TraceIdFilter - HTTP_REQUEST_START method=GET uri=/home/student/stat query=null requestBody= ip=0:0:0:0:0:0:0:1 userAgent=Mozilla/5.0 (iPhone; CPU iPhone OS 15_0 like Mac OS X) AppleWebKit/605.1.15 (KHTML, like Gecko) Version/15.0 Mobile/15E148 Safari/604.1 wechatdevtools/2.01.2510290 MicroMessenger/8.0.5 Language/zh_CN webview/ hash/597225176 sid/jAVCl7QYrr
2026-07-22 22:05:38.658 [http-nio-8080-exec-9] INFO  [traceId=4928d781ba0b48d084266efc0e7f4d21 userId= role=] com.kg.interceptor.TraceIdFilter - HTTP_REQUEST_START method=GET uri=/student/checkin/stat query=null requestBody= ip=0:0:0:0:0:0:0:1 userAgent=Mozilla/5.0 (iPhone; CPU iPhone OS 15_0 like Mac OS X) AppleWebKit/605.1.15 (KHTML, like Gecko) Version/15.0 Mobile/15E148 Safari/604.1 wechatdevtools/2.01.2510290 MicroMessenger/8.0.5 Language/zh_CN webview/ hash/597225176 sid/jAVCl7QYrr
2026-07-22 22:05:38.661 [http-nio-8080-exec-10] DEBUG [traceId=ae48a50714db4dedb31f5a1d451fcf2f userId= role=] c.k.i.m.SysUserMapper.selectById - ==>  Preparing: SELECT id,account,name,password,role,gender,email,phone,openid,description,teacher_remark,password_update_time,class_id,status,create_by,create_time,update_by,update_time FROM sys_user WHERE id=?
2026-07-22 22:05:38.661 [http-nio-8080-exec-9] DEBUG [traceId=4928d781ba0b48d084266efc0e7f4d21 userId= role=] c.k.i.m.SysUserMapper.selectById - ==>  Preparing: SELECT id,account,name,password,role,gender,email,phone,openid,description,teacher_remark,password_update_time,class_id,status,create_by,create_time,update_by,update_time FROM sys_user WHERE id=?
2026-07-22 22:05:38.661 [http-nio-8080-exec-10] DEBUG [traceId=ae48a50714db4dedb31f5a1d451fcf2f userId= role=] c.k.i.m.SysUserMapper.selectById - ==> Parameters: 22(Long)
2026-07-22 22:05:38.661 [http-nio-8080-exec-9] DEBUG [traceId=4928d781ba0b48d084266efc0e7f4d21 userId= role=] c.k.i.m.SysUserMapper.selectById - ==> Parameters: 22(Long)
2026-07-22 22:05:38.662 [http-nio-8080-exec-10] DEBUG [traceId=ae48a50714db4dedb31f5a1d451fcf2f userId= role=] c.k.i.m.SysUserMapper.selectById - <==      Total: 1
2026-07-22 22:05:38.662 [http-nio-8080-exec-9] DEBUG [traceId=4928d781ba0b48d084266efc0e7f4d21 userId= role=] c.k.i.m.SysUserMapper.selectById - <==      Total: 1
2026-07-22 22:05:38.662 [http-nio-8080-exec-10] DEBUG [traceId=ae48a50714db4dedb31f5a1d451fcf2f userId=22 role=3] c.k.i.m.H.countTodoForStudent - ==>  Preparing: SELECT COUNT(*) FROM task_user WHERE user_id = ? AND status = '0'
2026-07-22 22:05:38.662 [http-nio-8080-exec-9] DEBUG [traceId=4928d781ba0b48d084266efc0e7f4d21 userId=22 role=3] c.k.i.m.S.findCheckinDates - ==>  Preparing: SELECT DISTINCT DATE(t.task_start_time) AS checkinDate FROM task_user tu JOIN task t ON t.id = tu.task_id WHERE tu.user_id = ? AND t.task_type = ? AND tu.status = '1' ORDER BY checkinDate DESC
2026-07-22 22:05:38.662 [http-nio-8080-exec-10] DEBUG [traceId=ae48a50714db4dedb31f5a1d451fcf2f userId=22 role=3] c.k.i.m.H.countTodoForStudent - ==> Parameters: 22(Long)
2026-07-22 22:05:38.662 [http-nio-8080-exec-9] DEBUG [traceId=4928d781ba0b48d084266efc0e7f4d21 userId=22 role=3] c.k.i.m.S.findCheckinDates - ==> Parameters: 22(Long), 2(String)
2026-07-22 22:05:38.663 [http-nio-8080-exec-10] DEBUG [traceId=ae48a50714db4dedb31f5a1d451fcf2f userId=22 role=3] c.k.i.m.H.countTodoForStudent - <==      Total: 1
2026-07-22 22:05:38.663 [http-nio-8080-exec-9] DEBUG [traceId=4928d781ba0b48d084266efc0e7f4d21 userId=22 role=3] c.k.i.m.S.findCheckinDates - <==      Total: 0
2026-07-22 22:05:38.663 [http-nio-8080-exec-10] DEBUG [traceId=ae48a50714db4dedb31f5a1d451fcf2f userId=22 role=3] c.k.i.m.H.countCompletedForStudent - ==>  Preparing: SELECT COUNT(*) FROM task_user WHERE user_id = ? AND status IN ('1','2')
2026-07-22 22:05:38.663 [http-nio-8080-exec-10] DEBUG [traceId=ae48a50714db4dedb31f5a1d451fcf2f userId=22 role=3] c.k.i.m.H.countCompletedForStudent - ==> Parameters: 22(Long)
2026-07-22 22:05:38.663 [http-nio-8080-exec-10] DEBUG [traceId=ae48a50714db4dedb31f5a1d451fcf2f userId=22 role=3] c.k.i.m.H.countCompletedForStudent - <==      Total: 1
2026-07-22 22:05:38.663 [http-nio-8080-exec-10] DEBUG [traceId=ae48a50714db4dedb31f5a1d451fcf2f userId=22 role=3] c.k.i.m.H.nearEndTop3ForStudent - ==>  Preparing: SELECT t.id AS task_id, t.task_name, t.task_end_time AS end_time FROM task_user tu JOIN task t ON t.id = tu.task_id WHERE tu.user_id = ? AND tu.status = '0' ORDER BY t.task_end_time ASC LIMIT 3
2026-07-22 22:05:38.663 [http-nio-8080-exec-9] INFO  [traceId=4928d781ba0b48d084266efc0e7f4d21 userId=22 role=3] com.kg.interceptor.TraceIdFilter - HTTP_REQUEST_END method=GET uri=/student/checkin/stat status=200 cost=5ms responseBody={"code":200,"message":"查询成功","data":{"continuousDays":0,"monthCheckinCount":0,"todayChecked":false}}
2026-07-22 22:05:38.663 [http-nio-8080-exec-10] DEBUG [traceId=ae48a50714db4dedb31f5a1d451fcf2f userId=22 role=3] c.k.i.m.H.nearEndTop3ForStudent - ==> Parameters: 22(Long)
2026-07-22 22:05:38.664 [http-nio-8080-exec-10] DEBUG [traceId=ae48a50714db4dedb31f5a1d451fcf2f userId=22 role=3] c.k.i.m.H.nearEndTop3ForStudent - <==      Total: 1
2026-07-22 22:05:38.664 [http-nio-8080-exec-10] INFO  [traceId=ae48a50714db4dedb31f5a1d451fcf2f userId=22 role=3] com.kg.interceptor.TraceIdFilter - HTTP_REQUEST_END method=GET uri=/home/student/stat status=200 cost=7ms responseBody={"code":200,"message":"查询成功","data":{"todoTaskCount":1,"completedTaskCount":0,"nearEndTasks":[{"taskId":112,"taskName":"小程序任务测试","endTime":"2026-07-23T23:59:59"}]}}
2026-07-22 22:05:39.773 [http-nio-8080-exec-7] INFO  [traceId=94885eee3ecd41c6983cc1b6a1121ea4 userId= role=] com.kg.interceptor.TraceIdFilter - HTTP_REQUEST_START method=POST uri=/my-task/stats query=null requestBody={} ip=0:0:0:0:0:0:0:1 userAgent=Mozilla/5.0 (iPhone; CPU iPhone OS 15_0 like Mac OS X) AppleWebKit/605.1.15 (KHTML, like Gecko) Version/15.0 Mobile/15E148 Safari/604.1 wechatdevtools/2.01.2510290 MicroMessenger/8.0.5 Language/zh_CN webview/ hash/597225176 sid/jAVCl7QYrr
2026-07-22 22:05:39.774 [http-nio-8080-exec-4] INFO  [traceId=dddfb8aae31343a19f497d3ea6aaa120 userId= role=] com.kg.interceptor.TraceIdFilter - HTTP_REQUEST_START method=POST uri=/my-task/list query=null requestBody={"pageNum":1,"pageSize":10,"status":"1"} ip=0:0:0:0:0:0:0:1 userAgent=Mozilla/5.0 (iPhone; CPU iPhone OS 15_0 like Mac OS X) AppleWebKit/605.1.15 (KHTML, like Gecko) Version/15.0 Mobile/15E148 Safari/604.1 wechatdevtools/2.01.2510290 MicroMessenger/8.0.5 Language/zh_CN webview/ hash/597225176 sid/jAVCl7QYrr
2026-07-22 22:05:39.776 [http-nio-8080-exec-7] DEBUG [traceId=94885eee3ecd41c6983cc1b6a1121ea4 userId= role=] c.k.i.m.SysUserMapper.selectById - ==>  Preparing: SELECT id,account,name,password,role,gender,email,phone,openid,description,teacher_remark,password_update_time,class_id,status,create_by,create_time,update_by,update_time FROM sys_user WHERE id=?
2026-07-22 22:05:39.776 [http-nio-8080-exec-7] DEBUG [traceId=94885eee3ecd41c6983cc1b6a1121ea4 userId= role=] c.k.i.m.SysUserMapper.selectById - ==> Parameters: 22(Long)
2026-07-22 22:05:39.777 [http-nio-8080-exec-7] DEBUG [traceId=94885eee3ecd41c6983cc1b6a1121ea4 userId= role=] c.k.i.m.SysUserMapper.selectById - <==      Total: 1
2026-07-22 22:05:39.778 [http-nio-8080-exec-4] DEBUG [traceId=dddfb8aae31343a19f497d3ea6aaa120 userId= role=] c.k.i.m.SysUserMapper.selectById - ==>  Preparing: SELECT id,account,name,password,role,gender,email,phone,openid,description,teacher_remark,password_update_time,class_id,status,create_by,create_time,update_by,update_time FROM sys_user WHERE id=?
2026-07-22 22:05:39.778 [http-nio-8080-exec-4] DEBUG [traceId=dddfb8aae31343a19f497d3ea6aaa120 userId= role=] c.k.i.m.SysUserMapper.selectById - ==> Parameters: 22(Long)
2026-07-22 22:05:39.778 [http-nio-8080-exec-4] DEBUG [traceId=dddfb8aae31343a19f497d3ea6aaa120 userId= role=] c.k.i.m.SysUserMapper.selectById - <==      Total: 1
2026-07-22 22:05:39.778 [http-nio-8080-exec-7] DEBUG [traceId=94885eee3ecd41c6983cc1b6a1121ea4 userId=22 role=3] c.k.i.m.TaskUserMapper.selectCount - ==>  Preparing: SELECT COUNT( * ) AS total FROM task_user WHERE (user_id = ? AND status = ?)
2026-07-22 22:05:39.778 [http-nio-8080-exec-7] DEBUG [traceId=94885eee3ecd41c6983cc1b6a1121ea4 userId=22 role=3] c.k.i.m.TaskUserMapper.selectCount - ==> Parameters: 22(Long), 0(String)
2026-07-22 22:05:39.780 [http-nio-8080-exec-4] DEBUG [traceId=dddfb8aae31343a19f497d3ea6aaa120 userId=22 role=3] c.k.i.mapper.MyTaskMapper.count - ==>  Preparing: SELECT COUNT(*) FROM task_user tu JOIN task t ON t.id = tu.task_id WHERE tu.user_id = ? AND tu.status IN ('1','2')
2026-07-22 22:05:39.780 [http-nio-8080-exec-4] DEBUG [traceId=dddfb8aae31343a19f497d3ea6aaa120 userId=22 role=3] c.k.i.mapper.MyTaskMapper.count - ==> Parameters: 22(Long)
2026-07-22 22:05:39.780 [http-nio-8080-exec-7] DEBUG [traceId=94885eee3ecd41c6983cc1b6a1121ea4 userId=22 role=3] c.k.i.m.TaskUserMapper.selectCount - <==      Total: 1
2026-07-22 22:05:39.780 [http-nio-8080-exec-4] DEBUG [traceId=dddfb8aae31343a19f497d3ea6aaa120 userId=22 role=3] c.k.i.mapper.MyTaskMapper.count - <==      Total: 1
2026-07-22 22:05:39.781 [http-nio-8080-exec-4] DEBUG [traceId=dddfb8aae31343a19f497d3ea6aaa120 userId=22 role=3] c.k.i.mapper.MyTaskMapper.page - ==>  Preparing: SELECT u.name AS task_create_name,t.round_no AS round_no,t.template_id AS template_id,t.id AS task_id, t.task_name, t.task_type, t.is_mandatory AS force_flag, t.task_description, t.priority, t.task_start_time AS start_time, t.task_end_time AS end_time, t.plan_id AS planId, t.plan_date AS planDate, t.is_repeat_task AS isRepeatTask, t.status AS taskStatus, tu.id AS task_user_id, tu.status, tu.total_score, tu.submit_time FROM task_user tu JOIN task t ON t.id = tu.task_id LEFT JOIN sys_user u ON u.id = t.create_by WHERE tu.user_id = ? AND tu.status IN ('1','2') ORDER BY t.create_time DESC LIMIT ?, ?
2026-07-22 22:05:39.782 [http-nio-8080-exec-4] DEBUG [traceId=dddfb8aae31343a19f497d3ea6aaa120 userId=22 role=3] c.k.i.mapper.MyTaskMapper.page - ==> Parameters: 22(Long), 0(Integer), 10(Integer)
2026-07-22 22:05:39.782 [http-nio-8080-exec-7] DEBUG [traceId=94885eee3ecd41c6983cc1b6a1121ea4 userId=22 role=3] c.k.i.m.TaskUserMapper.selectCount - ==>  Preparing: SELECT COUNT( * ) AS total FROM task_user WHERE (user_id = ? AND status IN (?,?))
2026-07-22 22:05:39.782 [http-nio-8080-exec-7] DEBUG [traceId=94885eee3ecd41c6983cc1b6a1121ea4 userId=22 role=3] c.k.i.m.TaskUserMapper.selectCount - ==> Parameters: 22(Long), 1(String), 2(String)
2026-07-22 22:05:39.782 [http-nio-8080-exec-4] DEBUG [traceId=dddfb8aae31343a19f497d3ea6aaa120 userId=22 role=3] c.k.i.mapper.MyTaskMapper.page - <==      Total: 0
2026-07-22 22:05:39.783 [http-nio-8080-exec-7] DEBUG [traceId=94885eee3ecd41c6983cc1b6a1121ea4 userId=22 role=3] c.k.i.m.TaskUserMapper.selectCount - <==      Total: 1
2026-07-22 22:05:39.783 [http-nio-8080-exec-4] INFO  [traceId=dddfb8aae31343a19f497d3ea6aaa120 userId=22 role=3] com.kg.interceptor.TraceIdFilter - HTTP_REQUEST_END method=POST uri=/my-task/list status=200 cost=9ms responseBody={"code":200,"message":"查询成功","data":{"total":0,"list":[]}}
2026-07-22 22:05:39.783 [http-nio-8080-exec-7] INFO  [traceId=94885eee3ecd41c6983cc1b6a1121ea4 userId=22 role=3] com.kg.interceptor.TraceIdFilter - HTTP_REQUEST_END method=POST uri=/my-task/stats status=200 cost=10ms responseBody={"code":200,"message":"查询成功","data":{"unfinished":1,"finished":0}}
2026-07-22 22:05:40.512 [http-nio-8080-exec-6] INFO  [traceId=7ca742f82546407db3febf37aa7e90c1 userId= role=] com.kg.interceptor.TraceIdFilter - HTTP_REQUEST_START method=GET uri=/profile query=null requestBody= ip=0:0:0:0:0:0:0:1 userAgent=Mozilla/5.0 (iPhone; CPU iPhone OS 15_0 like Mac OS X) AppleWebKit/605.1.15 (KHTML, like Gecko) Version/15.0 Mobile/15E148 Safari/604.1 wechatdevtools/2.01.2510290 MicroMessenger/8.0.5 Language/zh_CN webview/ hash/597225176 sid/jAVCl7QYrr
2026-07-22 22:05:40.515 [http-nio-8080-exec-6] DEBUG [traceId=7ca742f82546407db3febf37aa7e90c1 userId= role=] c.k.i.m.SysUserMapper.selectById - ==>  Preparing: SELECT id,account,name,password,role,gender,email,phone,openid,description,teacher_remark,password_update_time,class_id,status,create_by,create_time,update_by,update_time FROM sys_user WHERE id=?
2026-07-22 22:05:40.515 [http-nio-8080-exec-6] DEBUG [traceId=7ca742f82546407db3febf37aa7e90c1 userId= role=] c.k.i.m.SysUserMapper.selectById - ==> Parameters: 22(Long)
2026-07-22 22:05:40.517 [http-nio-8080-exec-6] DEBUG [traceId=7ca742f82546407db3febf37aa7e90c1 userId= role=] c.k.i.m.SysUserMapper.selectById - <==      Total: 1
2026-07-22 22:05:40.517 [http-nio-8080-exec-6] DEBUG [traceId=7ca742f82546407db3febf37aa7e90c1 userId=22 role=3] c.k.i.m.SysUserMapper.selectById - ==>  Preparing: SELECT id,account,name,password,role,gender,email,phone,openid,description,teacher_remark,password_update_time,class_id,status,create_by,create_time,update_by,update_time FROM sys_user WHERE id=?
2026-07-22 22:05:40.517 [http-nio-8080-exec-6] DEBUG [traceId=7ca742f82546407db3febf37aa7e90c1 userId=22 role=3] c.k.i.m.SysUserMapper.selectById - ==> Parameters: 22(Long)
2026-07-22 22:05:40.517 [http-nio-8080-exec-6] DEBUG [traceId=7ca742f82546407db3febf37aa7e90c1 userId=22 role=3] c.k.i.m.SysUserMapper.selectById - <==      Total: 1
2026-07-22 22:05:40.518 [http-nio-8080-exec-6] DEBUG [traceId=7ca742f82546407db3febf37aa7e90c1 userId=22 role=3] c.k.i.m.ClassInfoMapper.selectById - ==>  Preparing: SELECT id,class_name,description,status,create_by,create_time,update_by,update_time FROM class_info WHERE id=?
2026-07-22 22:05:40.518 [http-nio-8080-exec-6] DEBUG [traceId=7ca742f82546407db3febf37aa7e90c1 userId=22 role=3] c.k.i.m.ClassInfoMapper.selectById - ==> Parameters: 8(Long)
2026-07-22 22:05:40.518 [http-nio-8080-exec-6] DEBUG [traceId=7ca742f82546407db3febf37aa7e90c1 userId=22 role=3] c.k.i.m.ClassInfoMapper.selectById - <==      Total: 1
2026-07-22 22:05:40.519 [http-nio-8080-exec-6] INFO  [traceId=7ca742f82546407db3febf37aa7e90c1 userId=22 role=3] com.kg.interceptor.TraceIdFilter - HTTP_REQUEST_END method=GET uri=/profile status=200 cost=7ms responseBody={"code":200,"message":"查询成功","data":{"id":22,"account":"17200615563","name":"李老师","role":"3","gender":1,"email":"","phone":"17200615563","description":"","classId":8,"className":"1班","status":1,"createTime":"2026-06-01 00:12:24"}}
2026-07-22 22:05:41.494 [http-nio-8080-exec-3] INFO  [traceId=33f87b9b396f454bb77cd87744c48fa9 userId= role=] com.kg.interceptor.TraceIdFilter - HTTP_REQUEST_START method=POST uri=/my-task/stats query=null requestBody={} ip=0:0:0:0:0:0:0:1 userAgent=Mozilla/5.0 (iPhone; CPU iPhone OS 15_0 like Mac OS X) AppleWebKit/605.1.15 (KHTML, like Gecko) Version/15.0 Mobile/15E148 Safari/604.1 wechatdevtools/2.01.2510290 MicroMessenger/8.0.5 Language/zh_CN webview/ hash/597225176 sid/jAVCl7QYrr
2026-07-22 22:05:41.496 [http-nio-8080-exec-2] INFO  [traceId=993e8c40e19d4ce19b473b5b6a97f8ba userId= role=] com.kg.interceptor.TraceIdFilter - HTTP_REQUEST_START method=POST uri=/my-task/list query=null requestBody={"pageNum":1,"pageSize":10,"status":"1"} ip=0:0:0:0:0:0:0:1 userAgent=Mozilla/5.0 (iPhone; CPU iPhone OS 15_0 like Mac OS X) AppleWebKit/605.1.15 (KHTML, like Gecko) Version/15.0 Mobile/15E148 Safari/604.1 wechatdevtools/2.01.2510290 MicroMessenger/8.0.5 Language/zh_CN webview/ hash/597225176 sid/jAVCl7QYrr
2026-07-22 22:05:41.500 [http-nio-8080-exec-3] DEBUG [traceId=33f87b9b396f454bb77cd87744c48fa9 userId= role=] c.k.i.m.SysUserMapper.selectById - ==>  Preparing: SELECT id,account,name,password,role,gender,email,phone,openid,description,teacher_remark,password_update_time,class_id,status,create_by,create_time,update_by,update_time FROM sys_user WHERE id=?
2026-07-22 22:05:41.500 [http-nio-8080-exec-3] DEBUG [traceId=33f87b9b396f454bb77cd87744c48fa9 userId= role=] c.k.i.m.SysUserMapper.selectById - ==> Parameters: 22(Long)
2026-07-22 22:05:41.500 [http-nio-8080-exec-2] DEBUG [traceId=993e8c40e19d4ce19b473b5b6a97f8ba userId= role=] c.k.i.m.SysUserMapper.selectById - ==>  Preparing: SELECT id,account,name,password,role,gender,email,phone,openid,description,teacher_remark,password_update_time,class_id,status,create_by,create_time,update_by,update_time FROM sys_user WHERE id=?
2026-07-22 22:05:41.500 [http-nio-8080-exec-2] DEBUG [traceId=993e8c40e19d4ce19b473b5b6a97f8ba userId= role=] c.k.i.m.SysUserMapper.selectById - ==> Parameters: 22(Long)
2026-07-22 22:05:41.500 [http-nio-8080-exec-3] DEBUG [traceId=33f87b9b396f454bb77cd87744c48fa9 userId= role=] c.k.i.m.SysUserMapper.selectById - <==      Total: 1
2026-07-22 22:05:41.500 [http-nio-8080-exec-2] DEBUG [traceId=993e8c40e19d4ce19b473b5b6a97f8ba userId= role=] c.k.i.m.SysUserMapper.selectById - <==      Total: 1
2026-07-22 22:05:41.501 [http-nio-8080-exec-2] DEBUG [traceId=993e8c40e19d4ce19b473b5b6a97f8ba userId=22 role=3] c.k.i.mapper.MyTaskMapper.count - ==>  Preparing: SELECT COUNT(*) FROM task_user tu JOIN task t ON t.id = tu.task_id WHERE tu.user_id = ? AND tu.status IN ('1','2')
2026-07-22 22:05:41.502 [http-nio-8080-exec-2] DEBUG [traceId=993e8c40e19d4ce19b473b5b6a97f8ba userId=22 role=3] c.k.i.mapper.MyTaskMapper.count - ==> Parameters: 22(Long)
2026-07-22 22:05:41.502 [http-nio-8080-exec-3] DEBUG [traceId=33f87b9b396f454bb77cd87744c48fa9 userId=22 role=3] c.k.i.m.TaskUserMapper.selectCount - ==>  Preparing: SELECT COUNT( * ) AS total FROM task_user WHERE (user_id = ? AND status = ?)
2026-07-22 22:05:41.502 [http-nio-8080-exec-3] DEBUG [traceId=33f87b9b396f454bb77cd87744c48fa9 userId=22 role=3] c.k.i.m.TaskUserMapper.selectCount - ==> Parameters: 22(Long), 0(String)
2026-07-22 22:05:41.503 [http-nio-8080-exec-2] DEBUG [traceId=993e8c40e19d4ce19b473b5b6a97f8ba userId=22 role=3] c.k.i.mapper.MyTaskMapper.count - <==      Total: 1
2026-07-22 22:05:41.503 [http-nio-8080-exec-2] DEBUG [traceId=993e8c40e19d4ce19b473b5b6a97f8ba userId=22 role=3] c.k.i.mapper.MyTaskMapper.page - ==>  Preparing: SELECT u.name AS task_create_name,t.round_no AS round_no,t.template_id AS template_id,t.id AS task_id, t.task_name, t.task_type, t.is_mandatory AS force_flag, t.task_description, t.priority, t.task_start_time AS start_time, t.task_end_time AS end_time, t.plan_id AS planId, t.plan_date AS planDate, t.is_repeat_task AS isRepeatTask, t.status AS taskStatus, tu.id AS task_user_id, tu.status, tu.total_score, tu.submit_time FROM task_user tu JOIN task t ON t.id = tu.task_id LEFT JOIN sys_user u ON u.id = t.create_by WHERE tu.user_id = ? AND tu.status IN ('1','2') ORDER BY t.create_time DESC LIMIT ?, ?
2026-07-22 22:05:41.503 [http-nio-8080-exec-2] DEBUG [traceId=993e8c40e19d4ce19b473b5b6a97f8ba userId=22 role=3] c.k.i.mapper.MyTaskMapper.page - ==> Parameters: 22(Long), 0(Integer), 10(Integer)
2026-07-22 22:05:41.503 [http-nio-8080-exec-3] DEBUG [traceId=33f87b9b396f454bb77cd87744c48fa9 userId=22 role=3] c.k.i.m.TaskUserMapper.selectCount - <==      Total: 1
2026-07-22 22:05:41.504 [http-nio-8080-exec-3] DEBUG [traceId=33f87b9b396f454bb77cd87744c48fa9 userId=22 role=3] c.k.i.m.TaskUserMapper.selectCount - ==>  Preparing: SELECT COUNT( * ) AS total FROM task_user WHERE (user_id = ? AND status IN (?,?))
2026-07-22 22:05:41.504 [http-nio-8080-exec-3] DEBUG [traceId=33f87b9b396f454bb77cd87744c48fa9 userId=22 role=3] c.k.i.m.TaskUserMapper.selectCount - ==> Parameters: 22(Long), 1(String), 2(String)
2026-07-22 22:05:41.504 [http-nio-8080-exec-2] DEBUG [traceId=993e8c40e19d4ce19b473b5b6a97f8ba userId=22 role=3] c.k.i.mapper.MyTaskMapper.page - <==      Total: 0
2026-07-22 22:05:41.505 [http-nio-8080-exec-3] DEBUG [traceId=33f87b9b396f454bb77cd87744c48fa9 userId=22 role=3] c.k.i.m.TaskUserMapper.selectCount - <==      Total: 1
2026-07-22 22:05:41.505 [http-nio-8080-exec-2] INFO  [traceId=993e8c40e19d4ce19b473b5b6a97f8ba userId=22 role=3] com.kg.interceptor.TraceIdFilter - HTTP_REQUEST_END method=POST uri=/my-task/list status=200 cost=9ms responseBody={"code":200,"message":"查询成功","data":{"total":0,"list":[]}}
2026-07-22 22:05:41.505 [http-nio-8080-exec-3] INFO  [traceId=33f87b9b396f454bb77cd87744c48fa9 userId=22 role=3] com.kg.interceptor.TraceIdFilter - HTTP_REQUEST_END method=POST uri=/my-task/stats status=200 cost=11ms responseBody={"code":200,"message":"查询成功","data":{"unfinished":1,"finished":0}}
2026-07-22 22:05:42.163 [http-nio-8080-exec-5] INFO  [traceId=7b096c6064634644a6d19c456b4e1966 userId= role=] com.kg.interceptor.TraceIdFilter - HTTP_REQUEST_START method=GET uri=/home/student/stat query=null requestBody= ip=0:0:0:0:0:0:0:1 userAgent=Mozilla/5.0 (iPhone; CPU iPhone OS 15_0 like Mac OS X) AppleWebKit/605.1.15 (KHTML, like Gecko) Version/15.0 Mobile/15E148 Safari/604.1 wechatdevtools/2.01.2510290 MicroMessenger/8.0.5 Language/zh_CN webview/ hash/597225176 sid/jAVCl7QYrr
2026-07-22 22:05:42.166 [http-nio-8080-exec-5] DEBUG [traceId=7b096c6064634644a6d19c456b4e1966 userId= role=] c.k.i.m.SysUserMapper.selectById - ==>  Preparing: SELECT id,account,name,password,role,gender,email,phone,openid,description,teacher_remark,password_update_time,class_id,status,create_by,create_time,update_by,update_time FROM sys_user WHERE id=?
2026-07-22 22:05:42.166 [http-nio-8080-exec-5] DEBUG [traceId=7b096c6064634644a6d19c456b4e1966 userId= role=] c.k.i.m.SysUserMapper.selectById - ==> Parameters: 22(Long)
2026-07-22 22:05:42.166 [http-nio-8080-exec-5] DEBUG [traceId=7b096c6064634644a6d19c456b4e1966 userId= role=] c.k.i.m.SysUserMapper.selectById - <==      Total: 1
2026-07-22 22:05:42.167 [http-nio-8080-exec-5] DEBUG [traceId=7b096c6064634644a6d19c456b4e1966 userId=22 role=3] c.k.i.m.H.countTodoForStudent - ==>  Preparing: SELECT COUNT(*) FROM task_user WHERE user_id = ? AND status = '0'
2026-07-22 22:05:42.167 [http-nio-8080-exec-5] DEBUG [traceId=7b096c6064634644a6d19c456b4e1966 userId=22 role=3] c.k.i.m.H.countTodoForStudent - ==> Parameters: 22(Long)
2026-07-22 22:05:42.167 [http-nio-8080-exec-5] DEBUG [traceId=7b096c6064634644a6d19c456b4e1966 userId=22 role=3] c.k.i.m.H.countTodoForStudent - <==      Total: 1
2026-07-22 22:05:42.168 [http-nio-8080-exec-5] DEBUG [traceId=7b096c6064634644a6d19c456b4e1966 userId=22 role=3] c.k.i.m.H.countCompletedForStudent - ==>  Preparing: SELECT COUNT(*) FROM task_user WHERE user_id = ? AND status IN ('1','2')
2026-07-22 22:05:42.168 [http-nio-8080-exec-5] DEBUG [traceId=7b096c6064634644a6d19c456b4e1966 userId=22 role=3] c.k.i.m.H.countCompletedForStudent - ==> Parameters: 22(Long)
2026-07-22 22:05:42.168 [http-nio-8080-exec-5] DEBUG [traceId=7b096c6064634644a6d19c456b4e1966 userId=22 role=3] c.k.i.m.H.countCompletedForStudent - <==      Total: 1
2026-07-22 22:05:42.168 [http-nio-8080-exec-5] DEBUG [traceId=7b096c6064634644a6d19c456b4e1966 userId=22 role=3] c.k.i.m.H.nearEndTop3ForStudent - ==>  Preparing: SELECT t.id AS task_id, t.task_name, t.task_end_time AS end_time FROM task_user tu JOIN task t ON t.id = tu.task_id WHERE tu.user_id = ? AND tu.status = '0' ORDER BY t.task_end_time ASC LIMIT 3
2026-07-22 22:05:42.168 [http-nio-8080-exec-5] DEBUG [traceId=7b096c6064634644a6d19c456b4e1966 userId=22 role=3] c.k.i.m.H.nearEndTop3ForStudent - ==> Parameters: 22(Long)
2026-07-22 22:05:42.169 [http-nio-8080-exec-5] DEBUG [traceId=7b096c6064634644a6d19c456b4e1966 userId=22 role=3] c.k.i.m.H.nearEndTop3ForStudent - <==      Total: 1
2026-07-22 22:05:42.171 [http-nio-8080-exec-5] INFO  [traceId=7b096c6064634644a6d19c456b4e1966 userId=22 role=3] com.kg.interceptor.TraceIdFilter - HTTP_REQUEST_END method=GET uri=/home/student/stat status=200 cost=8ms responseBody={"code":200,"message":"查询成功","data":{"todoTaskCount":1,"completedTaskCount":0,"nearEndTasks":[{"taskId":112,"taskName":"小程序任务测试","endTime":"2026-07-23T23:59:59"}]}}
2026-07-22 22:05:42.172 [http-nio-8080-exec-8] INFO  [traceId=95a3a36c3e214baa9d10dfc23ce602b9 userId= role=] com.kg.interceptor.TraceIdFilter - HTTP_REQUEST_START method=GET uri=/student/checkin/stat query=null requestBody= ip=0:0:0:0:0:0:0:1 userAgent=Mozilla/5.0 (iPhone; CPU iPhone OS 15_0 like Mac OS X) AppleWebKit/605.1.15 (KHTML, like Gecko) Version/15.0 Mobile/15E148 Safari/604.1 wechatdevtools/2.01.2510290 MicroMessenger/8.0.5 Language/zh_CN webview/ hash/597225176 sid/jAVCl7QYrr
2026-07-22 22:05:42.176 [http-nio-8080-exec-8] DEBUG [traceId=95a3a36c3e214baa9d10dfc23ce602b9 userId= role=] c.k.i.m.SysUserMapper.selectById - ==>  Preparing: SELECT id,account,name,password,role,gender,email,phone,openid,description,teacher_remark,password_update_time,class_id,status,create_by,create_time,update_by,update_time FROM sys_user WHERE id=?
2026-07-22 22:05:42.176 [http-nio-8080-exec-8] DEBUG [traceId=95a3a36c3e214baa9d10dfc23ce602b9 userId= role=] c.k.i.m.SysUserMapper.selectById - ==> Parameters: 22(Long)
2026-07-22 22:05:42.177 [http-nio-8080-exec-8] DEBUG [traceId=95a3a36c3e214baa9d10dfc23ce602b9 userId= role=] c.k.i.m.SysUserMapper.selectById - <==      Total: 1
2026-07-22 22:05:42.178 [http-nio-8080-exec-8] DEBUG [traceId=95a3a36c3e214baa9d10dfc23ce602b9 userId=22 role=3] c.k.i.m.S.findCheckinDates - ==>  Preparing: SELECT DISTINCT DATE(t.task_start_time) AS checkinDate FROM task_user tu JOIN task t ON t.id = tu.task_id WHERE tu.user_id = ? AND t.task_type = ? AND tu.status = '1' ORDER BY checkinDate DESC
2026-07-22 22:05:42.178 [http-nio-8080-exec-8] DEBUG [traceId=95a3a36c3e214baa9d10dfc23ce602b9 userId=22 role=3] c.k.i.m.S.findCheckinDates - ==> Parameters: 22(Long), 2(String)
2026-07-22 22:05:42.178 [http-nio-8080-exec-8] DEBUG [traceId=95a3a36c3e214baa9d10dfc23ce602b9 userId=22 role=3] c.k.i.m.S.findCheckinDates - <==      Total: 0
2026-07-22 22:05:42.179 [http-nio-8080-exec-8] INFO  [traceId=95a3a36c3e214baa9d10dfc23ce602b9 userId=22 role=3] com.kg.interceptor.TraceIdFilter - HTTP_REQUEST_END method=GET uri=/student/checkin/stat status=200 cost=7ms responseBody={"code":200,"message":"查询成功","data":{"continuousDays":0,"monthCheckinCount":0,"todayChecked":false}}
2026-07-22 22:05:43.810 [http-nio-8080-exec-1] INFO  [traceId=2fce8fd8a25448c1929e9b4b422173d3 userId= role=] com.kg.interceptor.TraceIdFilter - HTTP_REQUEST_START method=POST uri=/my-task/stats query=null requestBody={} ip=0:0:0:0:0:0:0:1 userAgent=Mozilla/5.0 (iPhone; CPU iPhone OS 15_0 like Mac OS X) AppleWebKit/605.1.15 (KHTML, like Gecko) Version/15.0 Mobile/15E148 Safari/604.1 wechatdevtools/2.01.2510290 MicroMessenger/8.0.5 Language/zh_CN webview/ hash/597225176 sid/jAVCl7QYrr
2026-07-22 22:05:43.810 [http-nio-8080-exec-9] INFO  [traceId=d6f294c31dc94a25986e3389ff05e51a userId= role=] com.kg.interceptor.TraceIdFilter - HTTP_REQUEST_START method=POST uri=/my-task/list query=null requestBody={"pageNum":1,"pageSize":10,"status":"1"} ip=0:0:0:0:0:0:0:1 userAgent=Mozilla/5.0 (iPhone; CPU iPhone OS 15_0 like Mac OS X) AppleWebKit/605.1.15 (KHTML, like Gecko) Version/15.0 Mobile/15E148 Safari/604.1 wechatdevtools/2.01.2510290 MicroMessenger/8.0.5 Language/zh_CN webview/ hash/597225176 sid/jAVCl7QYrr
2026-07-22 22:05:43.814 [http-nio-8080-exec-9] DEBUG [traceId=d6f294c31dc94a25986e3389ff05e51a userId= role=] c.k.i.m.SysUserMapper.selectById - ==>  Preparing: SELECT id,account,name,password,role,gender,email,phone,openid,description,teacher_remark,password_update_time,class_id,status,create_by,create_time,update_by,update_time FROM sys_user WHERE id=?
2026-07-22 22:05:43.814 [http-nio-8080-exec-1] DEBUG [traceId=2fce8fd8a25448c1929e9b4b422173d3 userId= role=] c.k.i.m.SysUserMapper.selectById - ==>  Preparing: SELECT id,account,name,password,role,gender,email,phone,openid,description,teacher_remark,password_update_time,class_id,status,create_by,create_time,update_by,update_time FROM sys_user WHERE id=?
2026-07-22 22:05:43.814 [http-nio-8080-exec-9] DEBUG [traceId=d6f294c31dc94a25986e3389ff05e51a userId= role=] c.k.i.m.SysUserMapper.selectById - ==> Parameters: 22(Long)
2026-07-22 22:05:43.814 [http-nio-8080-exec-1] DEBUG [traceId=2fce8fd8a25448c1929e9b4b422173d3 userId= role=] c.k.i.m.SysUserMapper.selectById - ==> Parameters: 22(Long)
2026-07-22 22:05:43.815 [http-nio-8080-exec-9] DEBUG [traceId=d6f294c31dc94a25986e3389ff05e51a userId= role=] c.k.i.m.SysUserMapper.selectById - <==      Total: 1
2026-07-22 22:05:43.815 [http-nio-8080-exec-1] DEBUG [traceId=2fce8fd8a25448c1929e9b4b422173d3 userId= role=] c.k.i.m.SysUserMapper.selectById - <==      Total: 1
2026-07-22 22:05:43.816 [http-nio-8080-exec-9] DEBUG [traceId=d6f294c31dc94a25986e3389ff05e51a userId=22 role=3] c.k.i.mapper.MyTaskMapper.count - ==>  Preparing: SELECT COUNT(*) FROM task_user tu JOIN task t ON t.id = tu.task_id WHERE tu.user_id = ? AND tu.status IN ('1','2')
2026-07-22 22:05:43.816 [http-nio-8080-exec-9] DEBUG [traceId=d6f294c31dc94a25986e3389ff05e51a userId=22 role=3] c.k.i.mapper.MyTaskMapper.count - ==> Parameters: 22(Long)
2026-07-22 22:05:43.816 [http-nio-8080-exec-1] DEBUG [traceId=2fce8fd8a25448c1929e9b4b422173d3 userId=22 role=3] c.k.i.m.TaskUserMapper.selectCount - ==>  Preparing: SELECT COUNT( * ) AS total FROM task_user WHERE (user_id = ? AND status = ?)
2026-07-22 22:05:43.816 [http-nio-8080-exec-1] DEBUG [traceId=2fce8fd8a25448c1929e9b4b422173d3 userId=22 role=3] c.k.i.m.TaskUserMapper.selectCount - ==> Parameters: 22(Long), 0(String)
2026-07-22 22:05:43.817 [http-nio-8080-exec-1] DEBUG [traceId=2fce8fd8a25448c1929e9b4b422173d3 userId=22 role=3] c.k.i.m.TaskUserMapper.selectCount - <==      Total: 1
2026-07-22 22:05:43.817 [http-nio-8080-exec-9] DEBUG [traceId=d6f294c31dc94a25986e3389ff05e51a userId=22 role=3] c.k.i.mapper.MyTaskMapper.count - <==      Total: 1
2026-07-22 22:05:43.817 [http-nio-8080-exec-9] DEBUG [traceId=d6f294c31dc94a25986e3389ff05e51a userId=22 role=3] c.k.i.mapper.MyTaskMapper.page - ==>  Preparing: SELECT u.name AS task_create_name,t.round_no AS round_no,t.template_id AS template_id,t.id AS task_id, t.task_name, t.task_type, t.is_mandatory AS force_flag, t.task_description, t.priority, t.task_start_time AS start_time, t.task_end_time AS end_time, t.plan_id AS planId, t.plan_date AS planDate, t.is_repeat_task AS isRepeatTask, t.status AS taskStatus, tu.id AS task_user_id, tu.status, tu.total_score, tu.submit_time FROM task_user tu JOIN task t ON t.id = tu.task_id LEFT JOIN sys_user u ON u.id = t.create_by WHERE tu.user_id = ? AND tu.status IN ('1','2') ORDER BY t.create_time DESC LIMIT ?, ?
2026-07-22 22:05:43.817 [http-nio-8080-exec-9] DEBUG [traceId=d6f294c31dc94a25986e3389ff05e51a userId=22 role=3] c.k.i.mapper.MyTaskMapper.page - ==> Parameters: 22(Long), 0(Integer), 10(Integer)
2026-07-22 22:05:43.817 [http-nio-8080-exec-1] DEBUG [traceId=2fce8fd8a25448c1929e9b4b422173d3 userId=22 role=3] c.k.i.m.TaskUserMapper.selectCount - ==>  Preparing: SELECT COUNT( * ) AS total FROM task_user WHERE (user_id = ? AND status IN (?,?))
2026-07-22 22:05:43.818 [http-nio-8080-exec-1] DEBUG [traceId=2fce8fd8a25448c1929e9b4b422173d3 userId=22 role=3] c.k.i.m.TaskUserMapper.selectCount - ==> Parameters: 22(Long), 1(String), 2(String)
2026-07-22 22:05:43.818 [http-nio-8080-exec-1] DEBUG [traceId=2fce8fd8a25448c1929e9b4b422173d3 userId=22 role=3] c.k.i.m.TaskUserMapper.selectCount - <==      Total: 1
2026-07-22 22:05:43.819 [http-nio-8080-exec-9] DEBUG [traceId=d6f294c31dc94a25986e3389ff05e51a userId=22 role=3] c.k.i.mapper.MyTaskMapper.page - <==      Total: 0
2026-07-22 22:05:43.819 [http-nio-8080-exec-1] INFO  [traceId=2fce8fd8a25448c1929e9b4b422173d3 userId=22 role=3] com.kg.interceptor.TraceIdFilter - HTTP_REQUEST_END method=POST uri=/my-task/stats status=200 cost=9ms responseBody={"code":200,"message":"查询成功","data":{"unfinished":1,"finished":0}}
2026-07-22 22:05:43.820 [http-nio-8080-exec-9] INFO  [traceId=d6f294c31dc94a25986e3389ff05e51a userId=22 role=3] com.kg.interceptor.TraceIdFilter - HTTP_REQUEST_END method=POST uri=/my-task/list status=200 cost=10ms responseBody={"code":200,"message":"查询成功","data":{"total":0,"list":[]}}
2026-07-22 22:05:44.425 [http-nio-8080-exec-10] INFO  [traceId=f8f6300d89cf489d9ed837aadc4398ab userId= role=] com.kg.interceptor.TraceIdFilter - HTTP_REQUEST_START method=GET uri=/profile query=null requestBody= ip=0:0:0:0:0:0:0:1 userAgent=Mozilla/5.0 (iPhone; CPU iPhone OS 15_0 like Mac OS X) AppleWebKit/605.1.15 (KHTML, like Gecko) Version/15.0 Mobile/15E148 Safari/604.1 wechatdevtools/2.01.2510290 MicroMessenger/8.0.5 Language/zh_CN webview/ hash/597225176 sid/jAVCl7QYrr
2026-07-22 22:05:44.429 [http-nio-8080-exec-10] DEBUG [traceId=f8f6300d89cf489d9ed837aadc4398ab userId= role=] c.k.i.m.SysUserMapper.selectById - ==>  Preparing: SELECT id,account,name,password,role,gender,email,phone,openid,description,teacher_remark,password_update_time,class_id,status,create_by,create_time,update_by,update_time FROM sys_user WHERE id=?
2026-07-22 22:05:44.429 [http-nio-8080-exec-10] DEBUG [traceId=f8f6300d89cf489d9ed837aadc4398ab userId= role=] c.k.i.m.SysUserMapper.selectById - ==> Parameters: 22(Long)
2026-07-22 22:05:44.430 [http-nio-8080-exec-10] DEBUG [traceId=f8f6300d89cf489d9ed837aadc4398ab userId= role=] c.k.i.m.SysUserMapper.selectById - <==      Total: 1
2026-07-22 22:05:44.430 [http-nio-8080-exec-10] DEBUG [traceId=f8f6300d89cf489d9ed837aadc4398ab userId=22 role=3] c.k.i.m.SysUserMapper.selectById - ==>  Preparing: SELECT id,account,name,password,role,gender,email,phone,openid,description,teacher_remark,password_update_time,class_id,status,create_by,create_time,update_by,update_time FROM sys_user WHERE id=?
2026-07-22 22:05:44.430 [http-nio-8080-exec-10] DEBUG [traceId=f8f6300d89cf489d9ed837aadc4398ab userId=22 role=3] c.k.i.m.SysUserMapper.selectById - ==> Parameters: 22(Long)
2026-07-22 22:05:44.431 [http-nio-8080-exec-10] DEBUG [traceId=f8f6300d89cf489d9ed837aadc4398ab userId=22 role=3] c.k.i.m.SysUserMapper.selectById - <==      Total: 1
2026-07-22 22:05:44.431 [http-nio-8080-exec-10] DEBUG [traceId=f8f6300d89cf489d9ed837aadc4398ab userId=22 role=3] c.k.i.m.ClassInfoMapper.selectById - ==>  Preparing: SELECT id,class_name,description,status,create_by,create_time,update_by,update_time FROM class_info WHERE id=?
2026-07-22 22:05:44.431 [http-nio-8080-exec-10] DEBUG [traceId=f8f6300d89cf489d9ed837aadc4398ab userId=22 role=3] c.k.i.m.ClassInfoMapper.selectById - ==> Parameters: 8(Long)
2026-07-22 22:05:44.431 [http-nio-8080-exec-10] DEBUG [traceId=f8f6300d89cf489d9ed837aadc4398ab userId=22 role=3] c.k.i.m.ClassInfoMapper.selectById - <==      Total: 1
2026-07-22 22:05:44.431 [http-nio-8080-exec-10] INFO  [traceId=f8f6300d89cf489d9ed837aadc4398ab userId=22 role=3] com.kg.interceptor.TraceIdFilter - HTTP_REQUEST_END method=GET uri=/profile status=200 cost=6ms responseBody={"code":200,"message":"查询成功","data":{"id":22,"account":"17200615563","name":"李老师","role":"3","gender":1,"email":"","phone":"17200615563","description":"","classId":8,"className":"1班","status":1,"createTime":"2026-06-01 00:12:24"}}
2026-07-22 22:05:45.091 [http-nio-8080-exec-4] INFO  [traceId=84db65f671324288ba0f4fdb008d580a userId= role=] com.kg.interceptor.TraceIdFilter - HTTP_REQUEST_START method=POST uri=/my-task/stats query=null requestBody={} ip=0:0:0:0:0:0:0:1 userAgent=Mozilla/5.0 (iPhone; CPU iPhone OS 15_0 like Mac OS X) AppleWebKit/605.1.15 (KHTML, like Gecko) Version/15.0 Mobile/15E148 Safari/604.1 wechatdevtools/2.01.2510290 MicroMessenger/8.0.5 Language/zh_CN webview/ hash/597225176 sid/jAVCl7QYrr
2026-07-22 22:05:45.094 [http-nio-8080-exec-4] DEBUG [traceId=84db65f671324288ba0f4fdb008d580a userId= role=] c.k.i.m.SysUserMapper.selectById - ==>  Preparing: SELECT id,account,name,password,role,gender,email,phone,openid,description,teacher_remark,password_update_time,class_id,status,create_by,create_time,update_by,update_time FROM sys_user WHERE id=?
2026-07-22 22:05:45.095 [http-nio-8080-exec-4] DEBUG [traceId=84db65f671324288ba0f4fdb008d580a userId= role=] c.k.i.m.SysUserMapper.selectById - ==> Parameters: 22(Long)
2026-07-22 22:05:45.095 [http-nio-8080-exec-4] DEBUG [traceId=84db65f671324288ba0f4fdb008d580a userId= role=] c.k.i.m.SysUserMapper.selectById - <==      Total: 1
2026-07-22 22:05:45.097 [http-nio-8080-exec-4] DEBUG [traceId=84db65f671324288ba0f4fdb008d580a userId=22 role=3] c.k.i.m.TaskUserMapper.selectCount - ==>  Preparing: SELECT COUNT( * ) AS total FROM task_user WHERE (user_id = ? AND status = ?)
2026-07-22 22:05:45.097 [http-nio-8080-exec-4] DEBUG [traceId=84db65f671324288ba0f4fdb008d580a userId=22 role=3] c.k.i.m.TaskUserMapper.selectCount - ==> Parameters: 22(Long), 0(String)
2026-07-22 22:05:45.098 [http-nio-8080-exec-4] DEBUG [traceId=84db65f671324288ba0f4fdb008d580a userId=22 role=3] c.k.i.m.TaskUserMapper.selectCount - <==      Total: 1
2026-07-22 22:05:45.098 [http-nio-8080-exec-4] DEBUG [traceId=84db65f671324288ba0f4fdb008d580a userId=22 role=3] c.k.i.m.TaskUserMapper.selectCount - ==>  Preparing: SELECT COUNT( * ) AS total FROM task_user WHERE (user_id = ? AND status IN (?,?))
2026-07-22 22:05:45.098 [http-nio-8080-exec-4] DEBUG [traceId=84db65f671324288ba0f4fdb008d580a userId=22 role=3] c.k.i.m.TaskUserMapper.selectCount - ==> Parameters: 22(Long), 1(String), 2(String)
2026-07-22 22:05:45.100 [http-nio-8080-exec-4] DEBUG [traceId=84db65f671324288ba0f4fdb008d580a userId=22 role=3] c.k.i.m.TaskUserMapper.selectCount - <==      Total: 1
2026-07-22 22:05:45.100 [http-nio-8080-exec-4] INFO  [traceId=84db65f671324288ba0f4fdb008d580a userId=22 role=3] com.kg.interceptor.TraceIdFilter - HTTP_REQUEST_END method=POST uri=/my-task/stats status=200 cost=9ms responseBody={"code":200,"message":"查询成功","data":{"unfinished":1,"finished":0}}
2026-07-22 22:05:45.102 [http-nio-8080-exec-7] INFO  [traceId=ba9a7115f3a34aa48cbdcd0682a02063 userId= role=] com.kg.interceptor.TraceIdFilter - HTTP_REQUEST_START method=POST uri=/my-task/list query=null requestBody={"pageNum":1,"pageSize":10,"status":"1"} ip=0:0:0:0:0:0:0:1 userAgent=Mozilla/5.0 (iPhone; CPU iPhone OS 15_0 like Mac OS X) AppleWebKit/605.1.15 (KHTML, like Gecko) Version/15.0 Mobile/15E148 Safari/604.1 wechatdevtools/2.01.2510290 MicroMessenger/8.0.5 Language/zh_CN webview/ hash/597225176 sid/jAVCl7QYrr
2026-07-22 22:05:45.106 [http-nio-8080-exec-7] DEBUG [traceId=ba9a7115f3a34aa48cbdcd0682a02063 userId= role=] c.k.i.m.SysUserMapper.selectById - ==>  Preparing: SELECT id,account,name,password,role,gender,email,phone,openid,description,teacher_remark,password_update_time,class_id,status,create_by,create_time,update_by,update_time FROM sys_user WHERE id=?
2026-07-22 22:05:45.106 [http-nio-8080-exec-7] DEBUG [traceId=ba9a7115f3a34aa48cbdcd0682a02063 userId= role=] c.k.i.m.SysUserMapper.selectById - ==> Parameters: 22(Long)
2026-07-22 22:05:45.107 [http-nio-8080-exec-7] DEBUG [traceId=ba9a7115f3a34aa48cbdcd0682a02063 userId= role=] c.k.i.m.SysUserMapper.selectById - <==      Total: 1
2026-07-22 22:05:45.107 [http-nio-8080-exec-7] DEBUG [traceId=ba9a7115f3a34aa48cbdcd0682a02063 userId=22 role=3] c.k.i.mapper.MyTaskMapper.count - ==>  Preparing: SELECT COUNT(*) FROM task_user tu JOIN task t ON t.id = tu.task_id WHERE tu.user_id = ? AND tu.status IN ('1','2')
2026-07-22 22:05:45.108 [http-nio-8080-exec-7] DEBUG [traceId=ba9a7115f3a34aa48cbdcd0682a02063 userId=22 role=3] c.k.i.mapper.MyTaskMapper.count - ==> Parameters: 22(Long)
2026-07-22 22:05:45.108 [http-nio-8080-exec-7] DEBUG [traceId=ba9a7115f3a34aa48cbdcd0682a02063 userId=22 role=3] c.k.i.mapper.MyTaskMapper.count - <==      Total: 1
2026-07-22 22:05:45.109 [http-nio-8080-exec-7] DEBUG [traceId=ba9a7115f3a34aa48cbdcd0682a02063 userId=22 role=3] c.k.i.mapper.MyTaskMapper.page - ==>  Preparing: SELECT u.name AS task_create_name,t.round_no AS round_no,t.template_id AS template_id,t.id AS task_id, t.task_name, t.task_type, t.is_mandatory AS force_flag, t.task_description, t.priority, t.task_start_time AS start_time, t.task_end_time AS end_time, t.plan_id AS planId, t.plan_date AS planDate, t.is_repeat_task AS isRepeatTask, t.status AS taskStatus, tu.id AS task_user_id, tu.status, tu.total_score, tu.submit_time FROM task_user tu JOIN task t ON t.id = tu.task_id LEFT JOIN sys_user u ON u.id = t.create_by WHERE tu.user_id = ? AND tu.status IN ('1','2') ORDER BY t.create_time DESC LIMIT ?, ?
2026-07-22 22:05:45.109 [http-nio-8080-exec-7] DEBUG [traceId=ba9a7115f3a34aa48cbdcd0682a02063 userId=22 role=3] c.k.i.mapper.MyTaskMapper.page - ==> Parameters: 22(Long), 0(Integer), 10(Integer)
2026-07-22 22:05:45.110 [http-nio-8080-exec-7] DEBUG [traceId=ba9a7115f3a34aa48cbdcd0682a02063 userId=22 role=3] c.k.i.mapper.MyTaskMapper.page - <==      Total: 0
2026-07-22 22:05:45.111 [http-nio-8080-exec-7] INFO  [traceId=ba9a7115f3a34aa48cbdcd0682a02063 userId=22 role=3] com.kg.interceptor.TraceIdFilter - HTTP_REQUEST_END method=POST uri=/my-task/list status=200 cost=10ms responseBody={"code":200,"message":"查询成功","data":{"total":0,"list":[]}}
2026-07-22 22:05:45.785 [http-nio-8080-exec-6] INFO  [traceId=9dc9bf7216bc403180bcea695d68aafd userId= role=] com.kg.interceptor.TraceIdFilter - HTTP_REQUEST_START method=GET uri=/home/student/stat query=null requestBody= ip=0:0:0:0:0:0:0:1 userAgent=Mozilla/5.0 (iPhone; CPU iPhone OS 15_0 like Mac OS X) AppleWebKit/605.1.15 (KHTML, like Gecko) Version/15.0 Mobile/15E148 Safari/604.1 wechatdevtools/2.01.2510290 MicroMessenger/8.0.5 Language/zh_CN webview/ hash/597225176 sid/jAVCl7QYrr
2026-07-22 22:05:45.788 [http-nio-8080-exec-6] DEBUG [traceId=9dc9bf7216bc403180bcea695d68aafd userId= role=] c.k.i.m.SysUserMapper.selectById - ==>  Preparing: SELECT id,account,name,password,role,gender,email,phone,openid,description,teacher_remark,password_update_time,class_id,status,create_by,create_time,update_by,update_time FROM sys_user WHERE id=?
2026-07-22 22:05:45.789 [http-nio-8080-exec-6] DEBUG [traceId=9dc9bf7216bc403180bcea695d68aafd userId= role=] c.k.i.m.SysUserMapper.selectById - ==> Parameters: 22(Long)
2026-07-22 22:05:45.789 [http-nio-8080-exec-6] DEBUG [traceId=9dc9bf7216bc403180bcea695d68aafd userId= role=] c.k.i.m.SysUserMapper.selectById - <==      Total: 1
2026-07-22 22:05:45.790 [http-nio-8080-exec-6] DEBUG [traceId=9dc9bf7216bc403180bcea695d68aafd userId=22 role=3] c.k.i.m.H.countTodoForStudent - ==>  Preparing: SELECT COUNT(*) FROM task_user WHERE user_id = ? AND status = '0'
2026-07-22 22:05:45.790 [http-nio-8080-exec-6] DEBUG [traceId=9dc9bf7216bc403180bcea695d68aafd userId=22 role=3] c.k.i.m.H.countTodoForStudent - ==> Parameters: 22(Long)
2026-07-22 22:05:45.790 [http-nio-8080-exec-6] DEBUG [traceId=9dc9bf7216bc403180bcea695d68aafd userId=22 role=3] c.k.i.m.H.countTodoForStudent - <==      Total: 1
2026-07-22 22:05:45.790 [http-nio-8080-exec-6] DEBUG [traceId=9dc9bf7216bc403180bcea695d68aafd userId=22 role=3] c.k.i.m.H.countCompletedForStudent - ==>  Preparing: SELECT COUNT(*) FROM task_user WHERE user_id = ? AND status IN ('1','2')
2026-07-22 22:05:45.790 [http-nio-8080-exec-6] DEBUG [traceId=9dc9bf7216bc403180bcea695d68aafd userId=22 role=3] c.k.i.m.H.countCompletedForStudent - ==> Parameters: 22(Long)
2026-07-22 22:05:45.790 [http-nio-8080-exec-2] INFO  [traceId=5446733b8df04e00a7f1aa04955d0df2 userId= role=] com.kg.interceptor.TraceIdFilter - HTTP_REQUEST_START method=GET uri=/student/checkin/stat query=null requestBody= ip=0:0:0:0:0:0:0:1 userAgent=Mozilla/5.0 (iPhone; CPU iPhone OS 15_0 like Mac OS X) AppleWebKit/605.1.15 (KHTML, like Gecko) Version/15.0 Mobile/15E148 Safari/604.1 wechatdevtools/2.01.2510290 MicroMessenger/8.0.5 Language/zh_CN webview/ hash/597225176 sid/jAVCl7QYrr
2026-07-22 22:05:45.791 [http-nio-8080-exec-6] DEBUG [traceId=9dc9bf7216bc403180bcea695d68aafd userId=22 role=3] c.k.i.m.H.countCompletedForStudent - <==      Total: 1
2026-07-22 22:05:45.791 [http-nio-8080-exec-6] DEBUG [traceId=9dc9bf7216bc403180bcea695d68aafd userId=22 role=3] c.k.i.m.H.nearEndTop3ForStudent - ==>  Preparing: SELECT t.id AS task_id, t.task_name, t.task_end_time AS end_time FROM task_user tu JOIN task t ON t.id = tu.task_id WHERE tu.user_id = ? AND tu.status = '0' ORDER BY t.task_end_time ASC LIMIT 3
2026-07-22 22:05:45.791 [http-nio-8080-exec-6] DEBUG [traceId=9dc9bf7216bc403180bcea695d68aafd userId=22 role=3] c.k.i.m.H.nearEndTop3ForStudent - ==> Parameters: 22(Long)
2026-07-22 22:05:45.792 [http-nio-8080-exec-6] DEBUG [traceId=9dc9bf7216bc403180bcea695d68aafd userId=22 role=3] c.k.i.m.H.nearEndTop3ForStudent - <==      Total: 1
2026-07-22 22:05:45.793 [http-nio-8080-exec-6] INFO  [traceId=9dc9bf7216bc403180bcea695d68aafd userId=22 role=3] com.kg.interceptor.TraceIdFilter - HTTP_REQUEST_END method=GET uri=/home/student/stat status=200 cost=8ms responseBody={"code":200,"message":"查询成功","data":{"todoTaskCount":1,"completedTaskCount":0,"nearEndTasks":[{"taskId":112,"taskName":"小程序任务测试","endTime":"2026-07-23T23:59:59"}]}}
2026-07-22 22:05:45.794 [http-nio-8080-exec-2] DEBUG [traceId=5446733b8df04e00a7f1aa04955d0df2 userId= role=] c.k.i.m.SysUserMapper.selectById - ==>  Preparing: SELECT id,account,name,password,role,gender,email,phone,openid,description,teacher_remark,password_update_time,class_id,status,create_by,create_time,update_by,update_time FROM sys_user WHERE id=?
2026-07-22 22:05:45.794 [http-nio-8080-exec-2] DEBUG [traceId=5446733b8df04e00a7f1aa04955d0df2 userId= role=] c.k.i.m.SysUserMapper.selectById - ==> Parameters: 22(Long)
2026-07-22 22:05:45.795 [http-nio-8080-exec-2] DEBUG [traceId=5446733b8df04e00a7f1aa04955d0df2 userId= role=] c.k.i.m.SysUserMapper.selectById - <==      Total: 1
2026-07-22 22:05:45.795 [http-nio-8080-exec-2] DEBUG [traceId=5446733b8df04e00a7f1aa04955d0df2 userId=22 role=3] c.k.i.m.S.findCheckinDates - ==>  Preparing: SELECT DISTINCT DATE(t.task_start_time) AS checkinDate FROM task_user tu JOIN task t ON t.id = tu.task_id WHERE tu.user_id = ? AND t.task_type = ? AND tu.status = '1' ORDER BY checkinDate DESC
2026-07-22 22:05:45.795 [http-nio-8080-exec-2] DEBUG [traceId=5446733b8df04e00a7f1aa04955d0df2 userId=22 role=3] c.k.i.m.S.findCheckinDates - ==> Parameters: 22(Long), 2(String)
2026-07-22 22:05:45.796 [http-nio-8080-exec-2] DEBUG [traceId=5446733b8df04e00a7f1aa04955d0df2 userId=22 role=3] c.k.i.m.S.findCheckinDates - <==      Total: 0
2026-07-22 22:05:45.797 [http-nio-8080-exec-2] INFO  [traceId=5446733b8df04e00a7f1aa04955d0df2 userId=22 role=3] com.kg.interceptor.TraceIdFilter - HTTP_REQUEST_END method=GET uri=/student/checkin/stat status=200 cost=7ms responseBody={"code":200,"message":"查询成功","data":{"continuousDays":0,"monthCheckinCount":0,"todayChecked":false}}
2026-07-22 22:05:46.636 [http-nio-8080-exec-3] INFO  [traceId=1038070bfd8e469496355e3827bf202c userId= role=] com.kg.interceptor.TraceIdFilter - HTTP_REQUEST_START method=POST uri=/my-task/stats query=null requestBody={} ip=0:0:0:0:0:0:0:1 userAgent=Mozilla/5.0 (iPhone; CPU iPhone OS 15_0 like Mac OS X) AppleWebKit/605.1.15 (KHTML, like Gecko) Version/15.0 Mobile/15E148 Safari/604.1 wechatdevtools/2.01.2510290 MicroMessenger/8.0.5 Language/zh_CN webview/ hash/597225176 sid/jAVCl7QYrr
2026-07-22 22:05:46.637 [http-nio-8080-exec-5] INFO  [traceId=de2d68c1a07243b893ea783517028cc3 userId= role=] com.kg.interceptor.TraceIdFilter - HTTP_REQUEST_START method=POST uri=/my-task/list query=null requestBody={"pageNum":1,"pageSize":10,"status":"1"} ip=0:0:0:0:0:0:0:1 userAgent=Mozilla/5.0 (iPhone; CPU iPhone OS 15_0 like Mac OS X) AppleWebKit/605.1.15 (KHTML, like Gecko) Version/15.0 Mobile/15E148 Safari/604.1 wechatdevtools/2.01.2510290 MicroMessenger/8.0.5 Language/zh_CN webview/ hash/597225176 sid/jAVCl7QYrr
2026-07-22 22:05:46.640 [http-nio-8080-exec-3] DEBUG [traceId=1038070bfd8e469496355e3827bf202c userId= role=] c.k.i.m.SysUserMapper.selectById - ==>  Preparing: SELECT id,account,name,password,role,gender,email,phone,openid,description,teacher_remark,password_update_time,class_id,status,create_by,create_time,update_by,update_time FROM sys_user WHERE id=?
2026-07-22 22:05:46.640 [http-nio-8080-exec-3] DEBUG [traceId=1038070bfd8e469496355e3827bf202c userId= role=] c.k.i.m.SysUserMapper.selectById - ==> Parameters: 22(Long)
2026-07-22 22:05:46.641 [http-nio-8080-exec-5] DEBUG [traceId=de2d68c1a07243b893ea783517028cc3 userId= role=] c.k.i.m.SysUserMapper.selectById - ==>  Preparing: SELECT id,account,name,password,role,gender,email,phone,openid,description,teacher_remark,password_update_time,class_id,status,create_by,create_time,update_by,update_time FROM sys_user WHERE id=?
2026-07-22 22:05:46.641 [http-nio-8080-exec-5] DEBUG [traceId=de2d68c1a07243b893ea783517028cc3 userId= role=] c.k.i.m.SysUserMapper.selectById - ==> Parameters: 22(Long)
2026-07-22 22:05:46.641 [http-nio-8080-exec-3] DEBUG [traceId=1038070bfd8e469496355e3827bf202c userId= role=] c.k.i.m.SysUserMapper.selectById - <==      Total: 1
2026-07-22 22:05:46.641 [http-nio-8080-exec-5] DEBUG [traceId=de2d68c1a07243b893ea783517028cc3 userId= role=] c.k.i.m.SysUserMapper.selectById - <==      Total: 1
2026-07-22 22:05:46.642 [http-nio-8080-exec-3] DEBUG [traceId=1038070bfd8e469496355e3827bf202c userId=22 role=3] c.k.i.m.TaskUserMapper.selectCount - ==>  Preparing: SELECT COUNT( * ) AS total FROM task_user WHERE (user_id = ? AND status = ?)
2026-07-22 22:05:46.642 [http-nio-8080-exec-5] DEBUG [traceId=de2d68c1a07243b893ea783517028cc3 userId=22 role=3] c.k.i.mapper.MyTaskMapper.count - ==>  Preparing: SELECT COUNT(*) FROM task_user tu JOIN task t ON t.id = tu.task_id WHERE tu.user_id = ? AND tu.status IN ('1','2')
2026-07-22 22:05:46.642 [http-nio-8080-exec-3] DEBUG [traceId=1038070bfd8e469496355e3827bf202c userId=22 role=3] c.k.i.m.TaskUserMapper.selectCount - ==> Parameters: 22(Long), 0(String)
2026-07-22 22:05:46.642 [http-nio-8080-exec-5] DEBUG [traceId=de2d68c1a07243b893ea783517028cc3 userId=22 role=3] c.k.i.mapper.MyTaskMapper.count - ==> Parameters: 22(Long)
2026-07-22 22:05:46.643 [http-nio-8080-exec-5] DEBUG [traceId=de2d68c1a07243b893ea783517028cc3 userId=22 role=3] c.k.i.mapper.MyTaskMapper.count - <==      Total: 1
2026-07-22 22:05:46.643 [http-nio-8080-exec-3] DEBUG [traceId=1038070bfd8e469496355e3827bf202c userId=22 role=3] c.k.i.m.TaskUserMapper.selectCount - <==      Total: 1
2026-07-22 22:05:46.643 [http-nio-8080-exec-5] DEBUG [traceId=de2d68c1a07243b893ea783517028cc3 userId=22 role=3] c.k.i.mapper.MyTaskMapper.page - ==>  Preparing: SELECT u.name AS task_create_name,t.round_no AS round_no,t.template_id AS template_id,t.id AS task_id, t.task_name, t.task_type, t.is_mandatory AS force_flag, t.task_description, t.priority, t.task_start_time AS start_time, t.task_end_time AS end_time, t.plan_id AS planId, t.plan_date AS planDate, t.is_repeat_task AS isRepeatTask, t.status AS taskStatus, tu.id AS task_user_id, tu.status, tu.total_score, tu.submit_time FROM task_user tu JOIN task t ON t.id = tu.task_id LEFT JOIN sys_user u ON u.id = t.create_by WHERE tu.user_id = ? AND tu.status IN ('1','2') ORDER BY t.create_time DESC LIMIT ?, ?
2026-07-22 22:05:46.643 [http-nio-8080-exec-5] DEBUG [traceId=de2d68c1a07243b893ea783517028cc3 userId=22 role=3] c.k.i.mapper.MyTaskMapper.page - ==> Parameters: 22(Long), 0(Integer), 10(Integer)
2026-07-22 22:05:46.643 [http-nio-8080-exec-3] DEBUG [traceId=1038070bfd8e469496355e3827bf202c userId=22 role=3] c.k.i.m.TaskUserMapper.selectCount - ==>  Preparing: SELECT COUNT( * ) AS total FROM task_user WHERE (user_id = ? AND status IN (?,?))
2026-07-22 22:05:46.643 [http-nio-8080-exec-3] DEBUG [traceId=1038070bfd8e469496355e3827bf202c userId=22 role=3] c.k.i.m.TaskUserMapper.selectCount - ==> Parameters: 22(Long), 1(String), 2(String)
2026-07-22 22:05:46.644 [http-nio-8080-exec-3] DEBUG [traceId=1038070bfd8e469496355e3827bf202c userId=22 role=3] c.k.i.m.TaskUserMapper.selectCount - <==      Total: 1
2026-07-22 22:05:46.644 [http-nio-8080-exec-5] DEBUG [traceId=de2d68c1a07243b893ea783517028cc3 userId=22 role=3] c.k.i.mapper.MyTaskMapper.page - <==      Total: 0
2026-07-22 22:05:46.645 [http-nio-8080-exec-5] INFO  [traceId=de2d68c1a07243b893ea783517028cc3 userId=22 role=3] com.kg.interceptor.TraceIdFilter - HTTP_REQUEST_END method=POST uri=/my-task/list status=200 cost=8ms responseBody={"code":200,"message":"查询成功","data":{"total":0,"list":[]}}
2026-07-22 22:05:46.645 [http-nio-8080-exec-3] INFO  [traceId=1038070bfd8e469496355e3827bf202c userId=22 role=3] com.kg.interceptor.TraceIdFilter - HTTP_REQUEST_END method=POST uri=/my-task/stats status=200 cost=9ms responseBody={"code":200,"message":"查询成功","data":{"unfinished":1,"finished":0}}
2026-07-22 22:05:47.121 [http-nio-8080-exec-8] INFO  [traceId=77d72f5c337b4fbcb89a73359ff5affb userId= role=] com.kg.interceptor.TraceIdFilter - HTTP_REQUEST_START method=GET uri=/profile query=null requestBody= ip=0:0:0:0:0:0:0:1 userAgent=Mozilla/5.0 (iPhone; CPU iPhone OS 15_0 like Mac OS X) AppleWebKit/605.1.15 (KHTML, like Gecko) Version/15.0 Mobile/15E148 Safari/604.1 wechatdevtools/2.01.2510290 MicroMessenger/8.0.5 Language/zh_CN webview/ hash/597225176 sid/jAVCl7QYrr
2026-07-22 22:05:47.124 [http-nio-8080-exec-8] DEBUG [traceId=77d72f5c337b4fbcb89a73359ff5affb userId= role=] c.k.i.m.SysUserMapper.selectById - ==>  Preparing: SELECT id,account,name,password,role,gender,email,phone,openid,description,teacher_remark,password_update_time,class_id,status,create_by,create_time,update_by,update_time FROM sys_user WHERE id=?
2026-07-22 22:05:47.124 [http-nio-8080-exec-8] DEBUG [traceId=77d72f5c337b4fbcb89a73359ff5affb userId= role=] c.k.i.m.SysUserMapper.selectById - ==> Parameters: 22(Long)
2026-07-22 22:05:47.124 [http-nio-8080-exec-8] DEBUG [traceId=77d72f5c337b4fbcb89a73359ff5affb userId= role=] c.k.i.m.SysUserMapper.selectById - <==      Total: 1
2026-07-22 22:05:47.126 [http-nio-8080-exec-8] DEBUG [traceId=77d72f5c337b4fbcb89a73359ff5affb userId=22 role=3] c.k.i.m.SysUserMapper.selectById - ==>  Preparing: SELECT id,account,name,password,role,gender,email,phone,openid,description,teacher_remark,password_update_time,class_id,status,create_by,create_time,update_by,update_time FROM sys_user WHERE id=?
2026-07-22 22:05:47.126 [http-nio-8080-exec-8] DEBUG [traceId=77d72f5c337b4fbcb89a73359ff5affb userId=22 role=3] c.k.i.m.SysUserMapper.selectById - ==> Parameters: 22(Long)
2026-07-22 22:05:47.126 [http-nio-8080-exec-8] DEBUG [traceId=77d72f5c337b4fbcb89a73359ff5affb userId=22 role=3] c.k.i.m.SysUserMapper.selectById - <==      Total: 1
2026-07-22 22:05:47.126 [http-nio-8080-exec-8] DEBUG [traceId=77d72f5c337b4fbcb89a73359ff5affb userId=22 role=3] c.k.i.m.ClassInfoMapper.selectById - ==>  Preparing: SELECT id,class_name,description,status,create_by,create_time,update_by,update_time FROM class_info WHERE id=?
2026-07-22 22:05:47.126 [http-nio-8080-exec-8] DEBUG [traceId=77d72f5c337b4fbcb89a73359ff5affb userId=22 role=3] c.k.i.m.ClassInfoMapper.selectById - ==> Parameters: 8(Long)
2026-07-22 22:05:47.127 [http-nio-8080-exec-8] DEBUG [traceId=77d72f5c337b4fbcb89a73359ff5affb userId=22 role=3] c.k.i.m.ClassInfoMapper.selectById - <==      Total: 1
2026-07-22 22:05:47.127 [http-nio-8080-exec-8] INFO  [traceId=77d72f5c337b4fbcb89a73359ff5affb userId=22 role=3] com.kg.interceptor.TraceIdFilter - HTTP_REQUEST_END method=GET uri=/profile status=200 cost=6ms responseBody={"code":200,"message":"查询成功","data":{"id":22,"account":"17200615563","name":"李老师","role":"3","gender":1,"email":"","phone":"17200615563","description":"","classId":8,"className":"1班","status":1,"createTime":"2026-06-01 00:12:24"}}
2026-07-22 22:05:47.828 [http-nio-8080-exec-1] INFO  [traceId=de7e8ba0754a4b00a8d1eb6e8704e57e userId= role=] com.kg.interceptor.TraceIdFilter - HTTP_REQUEST_START method=POST uri=/my-task/stats query=null requestBody={} ip=0:0:0:0:0:0:0:1 userAgent=Mozilla/5.0 (iPhone; CPU iPhone OS 15_0 like Mac OS X) AppleWebKit/605.1.15 (KHTML, like Gecko) Version/15.0 Mobile/15E148 Safari/604.1 wechatdevtools/2.01.2510290 MicroMessenger/8.0.5 Language/zh_CN webview/ hash/597225176 sid/jAVCl7QYrr
2026-07-22 22:05:47.829 [http-nio-8080-exec-9] INFO  [traceId=7b160941ddc548f98a6208ecdc79f244 userId= role=] com.kg.interceptor.TraceIdFilter - HTTP_REQUEST_START method=POST uri=/my-task/list query=null requestBody={"pageNum":1,"pageSize":10,"status":"1"} ip=0:0:0:0:0:0:0:1 userAgent=Mozilla/5.0 (iPhone; CPU iPhone OS 15_0 like Mac OS X) AppleWebKit/605.1.15 (KHTML, like Gecko) Version/15.0 Mobile/15E148 Safari/604.1 wechatdevtools/2.01.2510290 MicroMessenger/8.0.5 Language/zh_CN webview/ hash/597225176 sid/jAVCl7QYrr
2026-07-22 22:05:47.833 [http-nio-8080-exec-1] DEBUG [traceId=de7e8ba0754a4b00a8d1eb6e8704e57e userId= role=] c.k.i.m.SysUserMapper.selectById - ==>  Preparing: SELECT id,account,name,password,role,gender,email,phone,openid,description,teacher_remark,password_update_time,class_id,status,create_by,create_time,update_by,update_time FROM sys_user WHERE id=?
2026-07-22 22:05:47.833 [http-nio-8080-exec-9] DEBUG [traceId=7b160941ddc548f98a6208ecdc79f244 userId= role=] c.k.i.m.SysUserMapper.selectById - ==>  Preparing: SELECT id,account,name,password,role,gender,email,phone,openid,description,teacher_remark,password_update_time,class_id,status,create_by,create_time,update_by,update_time FROM sys_user WHERE id=?
2026-07-22 22:05:47.833 [http-nio-8080-exec-9] DEBUG [traceId=7b160941ddc548f98a6208ecdc79f244 userId= role=] c.k.i.m.SysUserMapper.selectById - ==> Parameters: 22(Long)
2026-07-22 22:05:47.833 [http-nio-8080-exec-1] DEBUG [traceId=de7e8ba0754a4b00a8d1eb6e8704e57e userId= role=] c.k.i.m.SysUserMapper.selectById - ==> Parameters: 22(Long)
2026-07-22 22:05:47.834 [http-nio-8080-exec-9] DEBUG [traceId=7b160941ddc548f98a6208ecdc79f244 userId= role=] c.k.i.m.SysUserMapper.selectById - <==      Total: 1
2026-07-22 22:05:47.834 [http-nio-8080-exec-1] DEBUG [traceId=de7e8ba0754a4b00a8d1eb6e8704e57e userId= role=] c.k.i.m.SysUserMapper.selectById - <==      Total: 1
2026-07-22 22:05:47.834 [http-nio-8080-exec-9] DEBUG [traceId=7b160941ddc548f98a6208ecdc79f244 userId=22 role=3] c.k.i.mapper.MyTaskMapper.count - ==>  Preparing: SELECT COUNT(*) FROM task_user tu JOIN task t ON t.id = tu.task_id WHERE tu.user_id = ? AND tu.status IN ('1','2')
2026-07-22 22:05:47.834 [http-nio-8080-exec-9] DEBUG [traceId=7b160941ddc548f98a6208ecdc79f244 userId=22 role=3] c.k.i.mapper.MyTaskMapper.count - ==> Parameters: 22(Long)
2026-07-22 22:05:47.835 [http-nio-8080-exec-1] DEBUG [traceId=de7e8ba0754a4b00a8d1eb6e8704e57e userId=22 role=3] c.k.i.m.TaskUserMapper.selectCount - ==>  Preparing: SELECT COUNT( * ) AS total FROM task_user WHERE (user_id = ? AND status = ?)
2026-07-22 22:05:47.835 [http-nio-8080-exec-1] DEBUG [traceId=de7e8ba0754a4b00a8d1eb6e8704e57e userId=22 role=3] c.k.i.m.TaskUserMapper.selectCount - ==> Parameters: 22(Long), 0(String)
2026-07-22 22:05:47.835 [http-nio-8080-exec-9] DEBUG [traceId=7b160941ddc548f98a6208ecdc79f244 userId=22 role=3] c.k.i.mapper.MyTaskMapper.count - <==      Total: 1
2026-07-22 22:05:47.835 [http-nio-8080-exec-1] DEBUG [traceId=de7e8ba0754a4b00a8d1eb6e8704e57e userId=22 role=3] c.k.i.m.TaskUserMapper.selectCount - <==      Total: 1
2026-07-22 22:05:47.835 [http-nio-8080-exec-9] DEBUG [traceId=7b160941ddc548f98a6208ecdc79f244 userId=22 role=3] c.k.i.mapper.MyTaskMapper.page - ==>  Preparing: SELECT u.name AS task_create_name,t.round_no AS round_no,t.template_id AS template_id,t.id AS task_id, t.task_name, t.task_type, t.is_mandatory AS force_flag, t.task_description, t.priority, t.task_start_time AS start_time, t.task_end_time AS end_time, t.plan_id AS planId, t.plan_date AS planDate, t.is_repeat_task AS isRepeatTask, t.status AS taskStatus, tu.id AS task_user_id, tu.status, tu.total_score, tu.submit_time FROM task_user tu JOIN task t ON t.id = tu.task_id LEFT JOIN sys_user u ON u.id = t.create_by WHERE tu.user_id = ? AND tu.status IN ('1','2') ORDER BY t.create_time DESC LIMIT ?, ?
2026-07-22 22:05:47.836 [http-nio-8080-exec-9] DEBUG [traceId=7b160941ddc548f98a6208ecdc79f244 userId=22 role=3] c.k.i.mapper.MyTaskMapper.page - ==> Parameters: 22(Long), 0(Integer), 10(Integer)
2026-07-22 22:05:47.836 [http-nio-8080-exec-1] DEBUG [traceId=de7e8ba0754a4b00a8d1eb6e8704e57e userId=22 role=3] c.k.i.m.TaskUserMapper.selectCount - ==>  Preparing: SELECT COUNT( * ) AS total FROM task_user WHERE (user_id = ? AND status IN (?,?))
2026-07-22 22:05:47.836 [http-nio-8080-exec-1] DEBUG [traceId=de7e8ba0754a4b00a8d1eb6e8704e57e userId=22 role=3] c.k.i.m.TaskUserMapper.selectCount - ==> Parameters: 22(Long), 1(String), 2(String)
2026-07-22 22:05:47.837 [http-nio-8080-exec-9] DEBUG [traceId=7b160941ddc548f98a6208ecdc79f244 userId=22 role=3] c.k.i.mapper.MyTaskMapper.page - <==      Total: 0
2026-07-22 22:05:47.837 [http-nio-8080-exec-1] DEBUG [traceId=de7e8ba0754a4b00a8d1eb6e8704e57e userId=22 role=3] c.k.i.m.TaskUserMapper.selectCount - <==      Total: 1
2026-07-22 22:05:47.838 [http-nio-8080-exec-9] INFO  [traceId=7b160941ddc548f98a6208ecdc79f244 userId=22 role=3] com.kg.interceptor.TraceIdFilter - HTTP_REQUEST_END method=POST uri=/my-task/list status=200 cost=9ms responseBody={"code":200,"message":"查询成功","data":{"total":0,"list":[]}}
2026-07-22 22:05:47.838 [http-nio-8080-exec-1] INFO  [traceId=de7e8ba0754a4b00a8d1eb6e8704e57e userId=22 role=3] com.kg.interceptor.TraceIdFilter - HTTP_REQUEST_END method=POST uri=/my-task/stats status=200 cost=10ms responseBody={"code":200,"message":"查询成功","data":{"unfinished":1,"finished":0}}
2026-07-22 22:05:48.561 [http-nio-8080-exec-10] INFO  [traceId=0046fb1967594dd190b02c74f2c51baa userId= role=] com.kg.interceptor.TraceIdFilter - HTTP_REQUEST_START method=POST uri=/my-task/list query=null requestBody={"pageNum":1,"pageSize":10,"status":"0"} ip=0:0:0:0:0:0:0:1 userAgent=Mozilla/5.0 (iPhone; CPU iPhone OS 15_0 like Mac OS X) AppleWebKit/605.1.15 (KHTML, like Gecko) Version/15.0 Mobile/15E148 Safari/604.1 wechatdevtools/2.01.2510290 MicroMessenger/8.0.5 Language/zh_CN webview/ hash/597225176 sid/jAVCl7QYrr
2026-07-22 22:05:48.563 [http-nio-8080-exec-10] DEBUG [traceId=0046fb1967594dd190b02c74f2c51baa userId= role=] c.k.i.m.SysUserMapper.selectById - ==>  Preparing: SELECT id,account,name,password,role,gender,email,phone,openid,description,teacher_remark,password_update_time,class_id,status,create_by,create_time,update_by,update_time FROM sys_user WHERE id=?
2026-07-22 22:05:48.564 [http-nio-8080-exec-10] DEBUG [traceId=0046fb1967594dd190b02c74f2c51baa userId= role=] c.k.i.m.SysUserMapper.selectById - ==> Parameters: 22(Long)
2026-07-22 22:05:48.564 [http-nio-8080-exec-10] DEBUG [traceId=0046fb1967594dd190b02c74f2c51baa userId= role=] c.k.i.m.SysUserMapper.selectById - <==      Total: 1
2026-07-22 22:05:48.565 [http-nio-8080-exec-10] DEBUG [traceId=0046fb1967594dd190b02c74f2c51baa userId=22 role=3] c.k.i.mapper.MyTaskMapper.count - ==>  Preparing: SELECT COUNT(*) FROM task_user tu JOIN task t ON t.id = tu.task_id WHERE tu.user_id = ? AND tu.status = '0'
2026-07-22 22:05:48.565 [http-nio-8080-exec-10] DEBUG [traceId=0046fb1967594dd190b02c74f2c51baa userId=22 role=3] c.k.i.mapper.MyTaskMapper.count - ==> Parameters: 22(Long)
2026-07-22 22:05:48.566 [http-nio-8080-exec-10] DEBUG [traceId=0046fb1967594dd190b02c74f2c51baa userId=22 role=3] c.k.i.mapper.MyTaskMapper.count - <==      Total: 1
2026-07-22 22:05:48.566 [http-nio-8080-exec-10] DEBUG [traceId=0046fb1967594dd190b02c74f2c51baa userId=22 role=3] c.k.i.mapper.MyTaskMapper.page - ==>  Preparing: SELECT u.name AS task_create_name,t.round_no AS round_no,t.template_id AS template_id,t.id AS task_id, t.task_name, t.task_type, t.is_mandatory AS force_flag, t.task_description, t.priority, t.task_start_time AS start_time, t.task_end_time AS end_time, t.plan_id AS planId, t.plan_date AS planDate, t.is_repeat_task AS isRepeatTask, t.status AS taskStatus, tu.id AS task_user_id, tu.status, tu.total_score, tu.submit_time FROM task_user tu JOIN task t ON t.id = tu.task_id LEFT JOIN sys_user u ON u.id = t.create_by WHERE tu.user_id = ? AND tu.status = '0' ORDER BY t.create_time DESC LIMIT ?, ?
2026-07-22 22:05:48.566 [http-nio-8080-exec-10] DEBUG [traceId=0046fb1967594dd190b02c74f2c51baa userId=22 role=3] c.k.i.mapper.MyTaskMapper.page - ==> Parameters: 22(Long), 0(Integer), 10(Integer)
2026-07-22 22:05:48.568 [http-nio-8080-exec-10] DEBUG [traceId=0046fb1967594dd190b02c74f2c51baa userId=22 role=3] c.k.i.mapper.MyTaskMapper.page - <==      Total: 1
2026-07-22 22:05:48.568 [http-nio-8080-exec-10] INFO  [traceId=0046fb1967594dd190b02c74f2c51baa userId=22 role=3] com.kg.interceptor.TraceIdFilter - HTTP_REQUEST_END method=POST uri=/my-task/list status=200 cost=8ms responseBody={"code":200,"message":"查询成功","data":{"total":1,"list":[{"taskId":112,"taskName":"小程序任务测试","taskType":"0","forceFlag":1,"taskDescription":"","priority":0,"startTime":"2026-07-22 00:00:00","endTime":"2026-07-23 23:59:59","status":"0","totalScore":null,"submitTime":null,"roundNo":1,"templateId":null,"planId":null,"planDate":null,"isRepeatTask":0,"taskStatus":1,"taskUserId":684,"taskCreateName":"管理员"}]}}
2026-07-22 22:05:59.597 [http-nio-8080-exec-4] INFO  [traceId=7570a174822f4af4a78ad155877c067e userId= role=] com.kg.interceptor.TraceIdFilter - HTTP_REQUEST_START method=GET uri=/profile query=null requestBody= ip=0:0:0:0:0:0:0:1 userAgent=Mozilla/5.0 (iPhone; CPU iPhone OS 15_0 like Mac OS X) AppleWebKit/605.1.15 (KHTML, like Gecko) Version/15.0 Mobile/15E148 Safari/604.1 wechatdevtools/2.01.2510290 MicroMessenger/8.0.5 Language/zh_CN webview/ hash/597225176 sid/jAVCl7QYrr
2026-07-22 22:05:59.603 [http-nio-8080-exec-4] DEBUG [traceId=7570a174822f4af4a78ad155877c067e userId= role=] c.k.i.m.SysUserMapper.selectById - ==>  Preparing: SELECT id,account,name,password,role,gender,email,phone,openid,description,teacher_remark,password_update_time,class_id,status,create_by,create_time,update_by,update_time FROM sys_user WHERE id=?
2026-07-22 22:05:59.603 [http-nio-8080-exec-4] DEBUG [traceId=7570a174822f4af4a78ad155877c067e userId= role=] c.k.i.m.SysUserMapper.selectById - ==> Parameters: 22(Long)
2026-07-22 22:05:59.604 [http-nio-8080-exec-4] DEBUG [traceId=7570a174822f4af4a78ad155877c067e userId= role=] c.k.i.m.SysUserMapper.selectById - <==      Total: 1
2026-07-22 22:05:59.604 [http-nio-8080-exec-4] DEBUG [traceId=7570a174822f4af4a78ad155877c067e userId=22 role=3] c.k.i.m.SysUserMapper.selectById - ==>  Preparing: SELECT id,account,name,password,role,gender,email,phone,openid,description,teacher_remark,password_update_time,class_id,status,create_by,create_time,update_by,update_time FROM sys_user WHERE id=?
2026-07-22 22:05:59.604 [http-nio-8080-exec-4] DEBUG [traceId=7570a174822f4af4a78ad155877c067e userId=22 role=3] c.k.i.m.SysUserMapper.selectById - ==> Parameters: 22(Long)
2026-07-22 22:05:59.605 [http-nio-8080-exec-4] DEBUG [traceId=7570a174822f4af4a78ad155877c067e userId=22 role=3] c.k.i.m.SysUserMapper.selectById - <==      Total: 1
2026-07-22 22:05:59.605 [http-nio-8080-exec-4] DEBUG [traceId=7570a174822f4af4a78ad155877c067e userId=22 role=3] c.k.i.m.ClassInfoMapper.selectById - ==>  Preparing: SELECT id,class_name,description,status,create_by,create_time,update_by,update_time FROM class_info WHERE id=?
2026-07-22 22:05:59.605 [http-nio-8080-exec-4] DEBUG [traceId=7570a174822f4af4a78ad155877c067e userId=22 role=3] c.k.i.m.ClassInfoMapper.selectById - ==> Parameters: 8(Long)
2026-07-22 22:05:59.605 [http-nio-8080-exec-4] DEBUG [traceId=7570a174822f4af4a78ad155877c067e userId=22 role=3] c.k.i.m.ClassInfoMapper.selectById - <==      Total: 1
2026-07-22 22:05:59.606 [http-nio-8080-exec-4] INFO  [traceId=7570a174822f4af4a78ad155877c067e userId=22 role=3] com.kg.interceptor.TraceIdFilter - HTTP_REQUEST_END method=GET uri=/profile status=200 cost=9ms responseBody={"code":200,"message":"查询成功","data":{"id":22,"account":"17200615563","name":"李老师","role":"3","gender":1,"email":"","phone":"17200615563","description":"","classId":8,"className":"1班","status":1,"createTime":"2026-06-01 00:12:24"}}
2026-07-22 22:06:00.431 [http-nio-8080-exec-7] INFO  [traceId=33ca54f8bda94aa8a886b216949c3484 userId= role=] com.kg.interceptor.TraceIdFilter - HTTP_REQUEST_START method=GET uri=/home/student/stat query=null requestBody= ip=0:0:0:0:0:0:0:1 userAgent=Mozilla/5.0 (iPhone; CPU iPhone OS 15_0 like Mac OS X) AppleWebKit/605.1.15 (KHTML, like Gecko) Version/15.0 Mobile/15E148 Safari/604.1 wechatdevtools/2.01.2510290 MicroMessenger/8.0.5 Language/zh_CN webview/ hash/597225176 sid/jAVCl7QYrr
2026-07-22 22:06:00.432 [http-nio-8080-exec-6] INFO  [traceId=12e7dd2263fe448a8035e674bf20264a userId= role=] com.kg.interceptor.TraceIdFilter - HTTP_REQUEST_START method=GET uri=/student/checkin/stat query=null requestBody= ip=0:0:0:0:0:0:0:1 userAgent=Mozilla/5.0 (iPhone; CPU iPhone OS 15_0 like Mac OS X) AppleWebKit/605.1.15 (KHTML, like Gecko) Version/15.0 Mobile/15E148 Safari/604.1 wechatdevtools/2.01.2510290 MicroMessenger/8.0.5 Language/zh_CN webview/ hash/597225176 sid/jAVCl7QYrr
2026-07-22 22:06:00.434 [http-nio-8080-exec-7] DEBUG [traceId=33ca54f8bda94aa8a886b216949c3484 userId= role=] c.k.i.m.SysUserMapper.selectById - ==>  Preparing: SELECT id,account,name,password,role,gender,email,phone,openid,description,teacher_remark,password_update_time,class_id,status,create_by,create_time,update_by,update_time FROM sys_user WHERE id=?
2026-07-22 22:06:00.434 [http-nio-8080-exec-6] DEBUG [traceId=12e7dd2263fe448a8035e674bf20264a userId= role=] c.k.i.m.SysUserMapper.selectById - ==>  Preparing: SELECT id,account,name,password,role,gender,email,phone,openid,description,teacher_remark,password_update_time,class_id,status,create_by,create_time,update_by,update_time FROM sys_user WHERE id=?
2026-07-22 22:06:00.434 [http-nio-8080-exec-7] DEBUG [traceId=33ca54f8bda94aa8a886b216949c3484 userId= role=] c.k.i.m.SysUserMapper.selectById - ==> Parameters: 22(Long)
2026-07-22 22:06:00.434 [http-nio-8080-exec-6] DEBUG [traceId=12e7dd2263fe448a8035e674bf20264a userId= role=] c.k.i.m.SysUserMapper.selectById - ==> Parameters: 22(Long)
2026-07-22 22:06:00.434 [http-nio-8080-exec-6] DEBUG [traceId=12e7dd2263fe448a8035e674bf20264a userId= role=] c.k.i.m.SysUserMapper.selectById - <==      Total: 1
2026-07-22 22:06:00.434 [http-nio-8080-exec-7] DEBUG [traceId=33ca54f8bda94aa8a886b216949c3484 userId= role=] c.k.i.m.SysUserMapper.selectById - <==      Total: 1
2026-07-22 22:06:00.436 [http-nio-8080-exec-7] DEBUG [traceId=33ca54f8bda94aa8a886b216949c3484 userId=22 role=3] c.k.i.m.H.countTodoForStudent - ==>  Preparing: SELECT COUNT(*) FROM task_user WHERE user_id = ? AND status = '0'
2026-07-22 22:06:00.436 [http-nio-8080-exec-6] DEBUG [traceId=12e7dd2263fe448a8035e674bf20264a userId=22 role=3] c.k.i.m.S.findCheckinDates - ==>  Preparing: SELECT DISTINCT DATE(t.task_start_time) AS checkinDate FROM task_user tu JOIN task t ON t.id = tu.task_id WHERE tu.user_id = ? AND t.task_type = ? AND tu.status = '1' ORDER BY checkinDate DESC
2026-07-22 22:06:00.436 [http-nio-8080-exec-7] DEBUG [traceId=33ca54f8bda94aa8a886b216949c3484 userId=22 role=3] c.k.i.m.H.countTodoForStudent - ==> Parameters: 22(Long)
2026-07-22 22:06:00.436 [http-nio-8080-exec-6] DEBUG [traceId=12e7dd2263fe448a8035e674bf20264a userId=22 role=3] c.k.i.m.S.findCheckinDates - ==> Parameters: 22(Long), 2(String)
2026-07-22 22:06:00.436 [http-nio-8080-exec-6] DEBUG [traceId=12e7dd2263fe448a8035e674bf20264a userId=22 role=3] c.k.i.m.S.findCheckinDates - <==      Total: 0
2026-07-22 22:06:00.436 [http-nio-8080-exec-7] DEBUG [traceId=33ca54f8bda94aa8a886b216949c3484 userId=22 role=3] c.k.i.m.H.countTodoForStudent - <==      Total: 1
2026-07-22 22:06:00.437 [http-nio-8080-exec-7] DEBUG [traceId=33ca54f8bda94aa8a886b216949c3484 userId=22 role=3] c.k.i.m.H.countCompletedForStudent - ==>  Preparing: SELECT COUNT(*) FROM task_user WHERE user_id = ? AND status IN ('1','2')
2026-07-22 22:06:00.437 [http-nio-8080-exec-7] DEBUG [traceId=33ca54f8bda94aa8a886b216949c3484 userId=22 role=3] c.k.i.m.H.countCompletedForStudent - ==> Parameters: 22(Long)
2026-07-22 22:06:00.437 [http-nio-8080-exec-6] INFO  [traceId=12e7dd2263fe448a8035e674bf20264a userId=22 role=3] com.kg.interceptor.TraceIdFilter - HTTP_REQUEST_END method=GET uri=/student/checkin/stat status=200 cost=5ms responseBody={"code":200,"message":"查询成功","data":{"continuousDays":0,"monthCheckinCount":0,"todayChecked":false}}
2026-07-22 22:06:00.438 [http-nio-8080-exec-7] DEBUG [traceId=33ca54f8bda94aa8a886b216949c3484 userId=22 role=3] c.k.i.m.H.countCompletedForStudent - <==      Total: 1
2026-07-22 22:06:00.438 [http-nio-8080-exec-7] DEBUG [traceId=33ca54f8bda94aa8a886b216949c3484 userId=22 role=3] c.k.i.m.H.nearEndTop3ForStudent - ==>  Preparing: SELECT t.id AS task_id, t.task_name, t.task_end_time AS end_time FROM task_user tu JOIN task t ON t.id = tu.task_id WHERE tu.user_id = ? AND tu.status = '0' ORDER BY t.task_end_time ASC LIMIT 3
2026-07-22 22:06:00.438 [http-nio-8080-exec-7] DEBUG [traceId=33ca54f8bda94aa8a886b216949c3484 userId=22 role=3] c.k.i.m.H.nearEndTop3ForStudent - ==> Parameters: 22(Long)
2026-07-22 22:06:00.439 [http-nio-8080-exec-7] DEBUG [traceId=33ca54f8bda94aa8a886b216949c3484 userId=22 role=3] c.k.i.m.H.nearEndTop3ForStudent - <==      Total: 1
2026-07-22 22:06:00.440 [http-nio-8080-exec-7] INFO  [traceId=33ca54f8bda94aa8a886b216949c3484 userId=22 role=3] com.kg.interceptor.TraceIdFilter - HTTP_REQUEST_END method=GET uri=/home/student/stat status=200 cost=9ms responseBody={"code":200,"message":"查询成功","data":{"todoTaskCount":1,"completedTaskCount":0,"nearEndTasks":[{"taskId":112,"taskName":"小程序任务测试","endTime":"2026-07-23T23:59:59"}]}}
2026-07-22 22:06:02.661 [http-nio-8080-exec-2] INFO  [traceId=d322996be90941949de17414fd95217f userId= role=] com.kg.interceptor.TraceIdFilter - HTTP_REQUEST_START method=POST uri=/my-task/checkin query=null requestBody= ip=0:0:0:0:0:0:0:1 userAgent=Mozilla/5.0 (iPhone; CPU iPhone OS 15_0 like Mac OS X) AppleWebKit/605.1.15 (KHTML, like Gecko) Version/15.0 Mobile/15E148 Safari/604.1 wechatdevtools/2.01.2510290 MicroMessenger/8.0.5 Language/zh_CN webview/ hash/597225176 sid/jAVCl7QYrr
2026-07-22 22:06:02.664 [http-nio-8080-exec-2] DEBUG [traceId=d322996be90941949de17414fd95217f userId= role=] c.k.i.m.SysUserMapper.selectById - ==>  Preparing: SELECT id,account,name,password,role,gender,email,phone,openid,description,teacher_remark,password_update_time,class_id,status,create_by,create_time,update_by,update_time FROM sys_user WHERE id=?
2026-07-22 22:06:02.664 [http-nio-8080-exec-2] DEBUG [traceId=d322996be90941949de17414fd95217f userId= role=] c.k.i.m.SysUserMapper.selectById - ==> Parameters: 22(Long)
2026-07-22 22:06:02.665 [http-nio-8080-exec-2] DEBUG [traceId=d322996be90941949de17414fd95217f userId= role=] c.k.i.m.SysUserMapper.selectById - <==      Total: 1
2026-07-22 22:06:02.667 [http-nio-8080-exec-2] DEBUG [traceId=d322996be90941949de17414fd95217f userId=22 role=3] c.k.i.m.TaskUserMapper.selectList - ==>  Preparing: SELECT id,task_id,user_id,status,start_time,finish_time,duration_minutes,remark,total_score,submit_time,create_by,create_time,update_by,update_time FROM task_user WHERE (user_id = ? AND status = ? AND EXISTS (SELECT 1 FROM task t WHERE t.id = task_user.task_id AND t.task_type = '2' AND t.task_start_time >= '2026-07-22 00:00:00' AND t.task_end_time <= '2026-07-22 23:59:59'))
2026-07-22 22:06:02.667 [http-nio-8080-exec-2] DEBUG [traceId=d322996be90941949de17414fd95217f userId=22 role=3] c.k.i.m.TaskUserMapper.selectList - ==> Parameters: 22(Long), 0(String)
2026-07-22 22:06:02.668 [http-nio-8080-exec-2] DEBUG [traceId=d322996be90941949de17414fd95217f userId=22 role=3] c.k.i.m.TaskUserMapper.selectList - <==      Total: 0
2026-07-22 22:06:02.669 [http-nio-8080-exec-2] INFO  [traceId=d322996be90941949de17414fd95217f userId=22 role=3] com.kg.interceptor.TraceIdFilter - HTTP_REQUEST_END method=POST uri=/my-task/checkin status=200 cost=8ms responseBody={"code":200,"message":"打卡成功","data":0}
2026-07-22 22:06:02.693 [http-nio-8080-exec-5] INFO  [traceId=31cf5468180f43e5b9eb0e64d5b2f5a0 userId= role=] com.kg.interceptor.TraceIdFilter - HTTP_REQUEST_START method=GET uri=/student/checkin/stat query=null requestBody= ip=0:0:0:0:0:0:0:1 userAgent=Mozilla/5.0 (iPhone; CPU iPhone OS 15_0 like Mac OS X) AppleWebKit/605.1.15 (KHTML, like Gecko) Version/15.0 Mobile/15E148 Safari/604.1 wechatdevtools/2.01.2510290 MicroMessenger/8.0.5 Language/zh_CN webview/ hash/597225176 sid/jAVCl7QYrr
2026-07-22 22:06:02.695 [http-nio-8080-exec-5] DEBUG [traceId=31cf5468180f43e5b9eb0e64d5b2f5a0 userId= role=] c.k.i.m.SysUserMapper.selectById - ==>  Preparing: SELECT id,account,name,password,role,gender,email,phone,openid,description,teacher_remark,password_update_time,class_id,status,create_by,create_time,update_by,update_time FROM sys_user WHERE id=?
2026-07-22 22:06:02.696 [http-nio-8080-exec-5] DEBUG [traceId=31cf5468180f43e5b9eb0e64d5b2f5a0 userId= role=] c.k.i.m.SysUserMapper.selectById - ==> Parameters: 22(Long)
2026-07-22 22:06:02.696 [http-nio-8080-exec-5] DEBUG [traceId=31cf5468180f43e5b9eb0e64d5b2f5a0 userId= role=] c.k.i.m.SysUserMapper.selectById - <==      Total: 1
2026-07-22 22:06:02.696 [http-nio-8080-exec-5] DEBUG [traceId=31cf5468180f43e5b9eb0e64d5b2f5a0 userId=22 role=3] c.k.i.m.S.findCheckinDates - ==>  Preparing: SELECT DISTINCT DATE(t.task_start_time) AS checkinDate FROM task_user tu JOIN task t ON t.id = tu.task_id WHERE tu.user_id = ? AND t.task_type = ? AND tu.status = '1' ORDER BY checkinDate DESC
2026-07-22 22:06:02.696 [http-nio-8080-exec-5] DEBUG [traceId=31cf5468180f43e5b9eb0e64d5b2f5a0 userId=22 role=3] c.k.i.m.S.findCheckinDates - ==> Parameters: 22(Long), 2(String)
2026-07-22 22:06:02.697 [http-nio-8080-exec-5] DEBUG [traceId=31cf5468180f43e5b9eb0e64d5b2f5a0 userId=22 role=3] c.k.i.m.S.findCheckinDates - <==      Total: 0
2026-07-22 22:06:02.697 [http-nio-8080-exec-5] INFO  [traceId=31cf5468180f43e5b9eb0e64d5b2f5a0 userId=22 role=3] com.kg.interceptor.TraceIdFilter - HTTP_REQUEST_END method=GET uri=/student/checkin/stat status=200 cost=4ms responseBody={"code":200,"message":"查询成功","data":{"continuousDays":0,"monthCheckinCount":0,"todayChecked":false}}
2026-07-22 22:06:05.440 [http-nio-8080-exec-3] INFO  [traceId=b0e0556c6d8e4c5288e1b3f44de78bc2 userId= role=] com.kg.interceptor.TraceIdFilter - HTTP_REQUEST_START method=GET uri=/profile query=null requestBody= ip=0:0:0:0:0:0:0:1 userAgent=Mozilla/5.0 (iPhone; CPU iPhone OS 15_0 like Mac OS X) AppleWebKit/605.1.15 (KHTML, like Gecko) Version/15.0 Mobile/15E148 Safari/604.1 wechatdevtools/2.01.2510290 MicroMessenger/8.0.5 Language/zh_CN webview/ hash/597225176 sid/jAVCl7QYrr
2026-07-22 22:06:05.443 [http-nio-8080-exec-3] DEBUG [traceId=b0e0556c6d8e4c5288e1b3f44de78bc2 userId= role=] c.k.i.m.SysUserMapper.selectById - ==>  Preparing: SELECT id,account,name,password,role,gender,email,phone,openid,description,teacher_remark,password_update_time,class_id,status,create_by,create_time,update_by,update_time FROM sys_user WHERE id=?
2026-07-22 22:06:05.443 [http-nio-8080-exec-3] DEBUG [traceId=b0e0556c6d8e4c5288e1b3f44de78bc2 userId= role=] c.k.i.m.SysUserMapper.selectById - ==> Parameters: 22(Long)
2026-07-22 22:06:05.443 [http-nio-8080-exec-3] DEBUG [traceId=b0e0556c6d8e4c5288e1b3f44de78bc2 userId= role=] c.k.i.m.SysUserMapper.selectById - <==      Total: 1
2026-07-22 22:06:05.444 [http-nio-8080-exec-3] DEBUG [traceId=b0e0556c6d8e4c5288e1b3f44de78bc2 userId=22 role=3] c.k.i.m.SysUserMapper.selectById - ==>  Preparing: SELECT id,account,name,password,role,gender,email,phone,openid,description,teacher_remark,password_update_time,class_id,status,create_by,create_time,update_by,update_time FROM sys_user WHERE id=?
2026-07-22 22:06:05.444 [http-nio-8080-exec-3] DEBUG [traceId=b0e0556c6d8e4c5288e1b3f44de78bc2 userId=22 role=3] c.k.i.m.SysUserMapper.selectById - ==> Parameters: 22(Long)
2026-07-22 22:06:05.444 [http-nio-8080-exec-3] DEBUG [traceId=b0e0556c6d8e4c5288e1b3f44de78bc2 userId=22 role=3] c.k.i.m.SysUserMapper.selectById - <==      Total: 1
2026-07-22 22:06:05.444 [http-nio-8080-exec-3] DEBUG [traceId=b0e0556c6d8e4c5288e1b3f44de78bc2 userId=22 role=3] c.k.i.m.ClassInfoMapper.selectById - ==>  Preparing: SELECT id,class_name,description,status,create_by,create_time,update_by,update_time FROM class_info WHERE id=?
2026-07-22 22:06:05.444 [http-nio-8080-exec-3] DEBUG [traceId=b0e0556c6d8e4c5288e1b3f44de78bc2 userId=22 role=3] c.k.i.m.ClassInfoMapper.selectById - ==> Parameters: 8(Long)
2026-07-22 22:06:05.445 [http-nio-8080-exec-3] DEBUG [traceId=b0e0556c6d8e4c5288e1b3f44de78bc2 userId=22 role=3] c.k.i.m.ClassInfoMapper.selectById - <==      Total: 1
2026-07-22 22:06:05.445 [http-nio-8080-exec-3] INFO  [traceId=b0e0556c6d8e4c5288e1b3f44de78bc2 userId=22 role=3] com.kg.interceptor.TraceIdFilter - HTTP_REQUEST_END method=GET uri=/profile status=200 cost=5ms responseBody={"code":200,"message":"查询成功","data":{"id":22,"account":"17200615563","name":"李老师","role":"3","gender":1,"email":"","phone":"17200615563","description":"","classId":8,"className":"1班","status":1,"createTime":"2026-06-01 00:12:24"}}
2026-07-22 22:06:06.157 [http-nio-8080-exec-8] INFO  [traceId=e78d6612252c43f194e214c8fd167540 userId= role=] com.kg.interceptor.TraceIdFilter - HTTP_REQUEST_START method=GET uri=/home/student/stat query=null requestBody= ip=0:0:0:0:0:0:0:1 userAgent=Mozilla/5.0 (iPhone; CPU iPhone OS 15_0 like Mac OS X) AppleWebKit/605.1.15 (KHTML, like Gecko) Version/15.0 Mobile/15E148 Safari/604.1 wechatdevtools/2.01.2510290 MicroMessenger/8.0.5 Language/zh_CN webview/ hash/597225176 sid/jAVCl7QYrr
2026-07-22 22:06:06.159 [http-nio-8080-exec-1] INFO  [traceId=6793f51d46fb4232b7ec65fdc002dba4 userId= role=] com.kg.interceptor.TraceIdFilter - HTTP_REQUEST_START method=GET uri=/student/checkin/stat query=null requestBody= ip=0:0:0:0:0:0:0:1 userAgent=Mozilla/5.0 (iPhone; CPU iPhone OS 15_0 like Mac OS X) AppleWebKit/605.1.15 (KHTML, like Gecko) Version/15.0 Mobile/15E148 Safari/604.1 wechatdevtools/2.01.2510290 MicroMessenger/8.0.5 Language/zh_CN webview/ hash/597225176 sid/jAVCl7QYrr
2026-07-22 22:06:06.160 [http-nio-8080-exec-8] DEBUG [traceId=e78d6612252c43f194e214c8fd167540 userId= role=] c.k.i.m.SysUserMapper.selectById - ==>  Preparing: SELECT id,account,name,password,role,gender,email,phone,openid,description,teacher_remark,password_update_time,class_id,status,create_by,create_time,update_by,update_time FROM sys_user WHERE id=?
2026-07-22 22:06:06.160 [http-nio-8080-exec-8] DEBUG [traceId=e78d6612252c43f194e214c8fd167540 userId= role=] c.k.i.m.SysUserMapper.selectById - ==> Parameters: 22(Long)
2026-07-22 22:06:06.161 [http-nio-8080-exec-8] DEBUG [traceId=e78d6612252c43f194e214c8fd167540 userId= role=] c.k.i.m.SysUserMapper.selectById - <==      Total: 1
2026-07-22 22:06:06.161 [http-nio-8080-exec-1] DEBUG [traceId=6793f51d46fb4232b7ec65fdc002dba4 userId= role=] c.k.i.m.SysUserMapper.selectById - ==>  Preparing: SELECT id,account,name,password,role,gender,email,phone,openid,description,teacher_remark,password_update_time,class_id,status,create_by,create_time,update_by,update_time FROM sys_user WHERE id=?
2026-07-22 22:06:06.161 [http-nio-8080-exec-1] DEBUG [traceId=6793f51d46fb4232b7ec65fdc002dba4 userId= role=] c.k.i.m.SysUserMapper.selectById - ==> Parameters: 22(Long)
2026-07-22 22:06:06.161 [http-nio-8080-exec-8] DEBUG [traceId=e78d6612252c43f194e214c8fd167540 userId=22 role=3] c.k.i.m.H.countTodoForStudent - ==>  Preparing: SELECT COUNT(*) FROM task_user WHERE user_id = ? AND status = '0'
2026-07-22 22:06:06.161 [http-nio-8080-exec-8] DEBUG [traceId=e78d6612252c43f194e214c8fd167540 userId=22 role=3] c.k.i.m.H.countTodoForStudent - ==> Parameters: 22(Long)
2026-07-22 22:06:06.162 [http-nio-8080-exec-1] DEBUG [traceId=6793f51d46fb4232b7ec65fdc002dba4 userId= role=] c.k.i.m.SysUserMapper.selectById - <==      Total: 1
2026-07-22 22:06:06.162 [http-nio-8080-exec-8] DEBUG [traceId=e78d6612252c43f194e214c8fd167540 userId=22 role=3] c.k.i.m.H.countTodoForStudent - <==      Total: 1
2026-07-22 22:06:06.162 [http-nio-8080-exec-8] DEBUG [traceId=e78d6612252c43f194e214c8fd167540 userId=22 role=3] c.k.i.m.H.countCompletedForStudent - ==>  Preparing: SELECT COUNT(*) FROM task_user WHERE user_id = ? AND status IN ('1','2')
2026-07-22 22:06:06.162 [http-nio-8080-exec-1] DEBUG [traceId=6793f51d46fb4232b7ec65fdc002dba4 userId=22 role=3] c.k.i.m.S.findCheckinDates - ==>  Preparing: SELECT DISTINCT DATE(t.task_start_time) AS checkinDate FROM task_user tu JOIN task t ON t.id = tu.task_id WHERE tu.user_id = ? AND t.task_type = ? AND tu.status = '1' ORDER BY checkinDate DESC
2026-07-22 22:06:06.162 [http-nio-8080-exec-8] DEBUG [traceId=e78d6612252c43f194e214c8fd167540 userId=22 role=3] c.k.i.m.H.countCompletedForStudent - ==> Parameters: 22(Long)
2026-07-22 22:06:06.162 [http-nio-8080-exec-1] DEBUG [traceId=6793f51d46fb4232b7ec65fdc002dba4 userId=22 role=3] c.k.i.m.S.findCheckinDates - ==> Parameters: 22(Long), 2(String)
2026-07-22 22:06:06.162 [http-nio-8080-exec-8] DEBUG [traceId=e78d6612252c43f194e214c8fd167540 userId=22 role=3] c.k.i.m.H.countCompletedForStudent - <==      Total: 1
2026-07-22 22:06:06.162 [http-nio-8080-exec-1] DEBUG [traceId=6793f51d46fb4232b7ec65fdc002dba4 userId=22 role=3] c.k.i.m.S.findCheckinDates - <==      Total: 0
2026-07-22 22:06:06.163 [http-nio-8080-exec-8] DEBUG [traceId=e78d6612252c43f194e214c8fd167540 userId=22 role=3] c.k.i.m.H.nearEndTop3ForStudent - ==>  Preparing: SELECT t.id AS task_id, t.task_name, t.task_end_time AS end_time FROM task_user tu JOIN task t ON t.id = tu.task_id WHERE tu.user_id = ? AND tu.status = '0' ORDER BY t.task_end_time ASC LIMIT 3
2026-07-22 22:06:06.163 [http-nio-8080-exec-8] DEBUG [traceId=e78d6612252c43f194e214c8fd167540 userId=22 role=3] c.k.i.m.H.nearEndTop3ForStudent - ==> Parameters: 22(Long)
2026-07-22 22:06:06.163 [http-nio-8080-exec-8] DEBUG [traceId=e78d6612252c43f194e214c8fd167540 userId=22 role=3] c.k.i.m.H.nearEndTop3ForStudent - <==      Total: 1
2026-07-22 22:06:06.163 [http-nio-8080-exec-1] INFO  [traceId=6793f51d46fb4232b7ec65fdc002dba4 userId=22 role=3] com.kg.interceptor.TraceIdFilter - HTTP_REQUEST_END method=GET uri=/student/checkin/stat status=200 cost=4ms responseBody={"code":200,"message":"查询成功","data":{"continuousDays":0,"monthCheckinCount":0,"todayChecked":false}}
2026-07-22 22:06:06.163 [http-nio-8080-exec-8] INFO  [traceId=e78d6612252c43f194e214c8fd167540 userId=22 role=3] com.kg.interceptor.TraceIdFilter - HTTP_REQUEST_END method=GET uri=/home/student/stat status=200 cost=6ms responseBody={"code":200,"message":"查询成功","data":{"todoTaskCount":1,"completedTaskCount":0,"nearEndTasks":[{"taskId":112,"taskName":"小程序任务测试","endTime":"2026-07-23T23:59:59"}]}}
2026-07-22 22:06:12.493 [http-nio-8080-exec-9] INFO  [traceId=206c7c9b3e1b406fa6680ae53b242dfd userId= role=] com.kg.interceptor.TraceIdFilter - HTTP_REQUEST_START method=GET uri=/home/student/stat query=null requestBody= ip=0:0:0:0:0:0:0:1 userAgent=Mozilla/5.0 (iPhone; CPU iPhone OS 15_0 like Mac OS X) AppleWebKit/605.1.15 (KHTML, like Gecko) Version/15.0 Mobile/15E148 Safari/604.1 wechatdevtools/2.01.2510290 MicroMessenger/8.0.5 Language/zh_CN webview/ hash/597225176 sid/jAVCl7QYrr
2026-07-22 22:06:12.495 [http-nio-8080-exec-10] INFO  [traceId=2801493595f2432691435d9a0a32bcec userId= role=] com.kg.interceptor.TraceIdFilter - HTTP_REQUEST_START method=GET uri=/student/checkin/stat query=null requestBody= ip=0:0:0:0:0:0:0:1 userAgent=Mozilla/5.0 (iPhone; CPU iPhone OS 15_0 like Mac OS X) AppleWebKit/605.1.15 (KHTML, like Gecko) Version/15.0 Mobile/15E148 Safari/604.1 wechatdevtools/2.01.2510290 MicroMessenger/8.0.5 Language/zh_CN webview/ hash/597225176 sid/jAVCl7QYrr
2026-07-22 22:06:12.498 [http-nio-8080-exec-9] DEBUG [traceId=206c7c9b3e1b406fa6680ae53b242dfd userId= role=] c.k.i.m.SysUserMapper.selectById - ==>  Preparing: SELECT id,account,name,password,role,gender,email,phone,openid,description,teacher_remark,password_update_time,class_id,status,create_by,create_time,update_by,update_time FROM sys_user WHERE id=?
2026-07-22 22:06:12.498 [http-nio-8080-exec-9] DEBUG [traceId=206c7c9b3e1b406fa6680ae53b242dfd userId= role=] c.k.i.m.SysUserMapper.selectById - ==> Parameters: 22(Long)
2026-07-22 22:06:12.499 [http-nio-8080-exec-10] DEBUG [traceId=2801493595f2432691435d9a0a32bcec userId= role=] c.k.i.m.SysUserMapper.selectById - ==>  Preparing: SELECT id,account,name,password,role,gender,email,phone,openid,description,teacher_remark,password_update_time,class_id,status,create_by,create_time,update_by,update_time FROM sys_user WHERE id=?
2026-07-22 22:06:12.499 [http-nio-8080-exec-9] DEBUG [traceId=206c7c9b3e1b406fa6680ae53b242dfd userId= role=] c.k.i.m.SysUserMapper.selectById - <==      Total: 1
2026-07-22 22:06:12.499 [http-nio-8080-exec-10] DEBUG [traceId=2801493595f2432691435d9a0a32bcec userId= role=] c.k.i.m.SysUserMapper.selectById - ==> Parameters: 22(Long)
2026-07-22 22:06:12.499 [http-nio-8080-exec-9] DEBUG [traceId=206c7c9b3e1b406fa6680ae53b242dfd userId=22 role=3] c.k.i.m.H.countTodoForStudent - ==>  Preparing: SELECT COUNT(*) FROM task_user WHERE user_id = ? AND status = '0'
2026-07-22 22:06:12.499 [http-nio-8080-exec-9] DEBUG [traceId=206c7c9b3e1b406fa6680ae53b242dfd userId=22 role=3] c.k.i.m.H.countTodoForStudent - ==> Parameters: 22(Long)
2026-07-22 22:06:12.499 [http-nio-8080-exec-10] DEBUG [traceId=2801493595f2432691435d9a0a32bcec userId= role=] c.k.i.m.SysUserMapper.selectById - <==      Total: 1
2026-07-22 22:06:12.499 [http-nio-8080-exec-9] DEBUG [traceId=206c7c9b3e1b406fa6680ae53b242dfd userId=22 role=3] c.k.i.m.H.countTodoForStudent - <==      Total: 1
2026-07-22 22:06:12.500 [http-nio-8080-exec-9] DEBUG [traceId=206c7c9b3e1b406fa6680ae53b242dfd userId=22 role=3] c.k.i.m.H.countCompletedForStudent - ==>  Preparing: SELECT COUNT(*) FROM task_user WHERE user_id = ? AND status IN ('1','2')
2026-07-22 22:06:12.500 [http-nio-8080-exec-10] DEBUG [traceId=2801493595f2432691435d9a0a32bcec userId=22 role=3] c.k.i.m.S.findCheckinDates - ==>  Preparing: SELECT DISTINCT DATE(t.task_start_time) AS checkinDate FROM task_user tu JOIN task t ON t.id = tu.task_id WHERE tu.user_id = ? AND t.task_type = ? AND tu.status = '1' ORDER BY checkinDate DESC
2026-07-22 22:06:12.500 [http-nio-8080-exec-9] DEBUG [traceId=206c7c9b3e1b406fa6680ae53b242dfd userId=22 role=3] c.k.i.m.H.countCompletedForStudent - ==> Parameters: 22(Long)
2026-07-22 22:06:12.500 [http-nio-8080-exec-10] DEBUG [traceId=2801493595f2432691435d9a0a32bcec userId=22 role=3] c.k.i.m.S.findCheckinDates - ==> Parameters: 22(Long), 2(String)
2026-07-22 22:06:12.500 [http-nio-8080-exec-9] DEBUG [traceId=206c7c9b3e1b406fa6680ae53b242dfd userId=22 role=3] c.k.i.m.H.countCompletedForStudent - <==      Total: 1
2026-07-22 22:06:12.500 [http-nio-8080-exec-9] DEBUG [traceId=206c7c9b3e1b406fa6680ae53b242dfd userId=22 role=3] c.k.i.m.H.nearEndTop3ForStudent - ==>  Preparing: SELECT t.id AS task_id, t.task_name, t.task_end_time AS end_time FROM task_user tu JOIN task t ON t.id = tu.task_id WHERE tu.user_id = ? AND tu.status = '0' ORDER BY t.task_end_time ASC LIMIT 3
2026-07-22 22:06:12.500 [http-nio-8080-exec-10] DEBUG [traceId=2801493595f2432691435d9a0a32bcec userId=22 role=3] c.k.i.m.S.findCheckinDates - <==      Total: 0
2026-07-22 22:06:12.500 [http-nio-8080-exec-9] DEBUG [traceId=206c7c9b3e1b406fa6680ae53b242dfd userId=22 role=3] c.k.i.m.H.nearEndTop3ForStudent - ==> Parameters: 22(Long)
2026-07-22 22:06:12.501 [http-nio-8080-exec-9] DEBUG [traceId=206c7c9b3e1b406fa6680ae53b242dfd userId=22 role=3] c.k.i.m.H.nearEndTop3ForStudent - <==      Total: 1
2026-07-22 22:06:12.501 [http-nio-8080-exec-10] INFO  [traceId=2801493595f2432691435d9a0a32bcec userId=22 role=3] com.kg.interceptor.TraceIdFilter - HTTP_REQUEST_END method=GET uri=/student/checkin/stat status=200 cost=6ms responseBody={"code":200,"message":"查询成功","data":{"continuousDays":0,"monthCheckinCount":0,"todayChecked":false}}
2026-07-22 22:06:12.501 [http-nio-8080-exec-9] INFO  [traceId=206c7c9b3e1b406fa6680ae53b242dfd userId=22 role=3] com.kg.interceptor.TraceIdFilter - HTTP_REQUEST_END method=GET uri=/home/student/stat status=200 cost=8ms responseBody={"code":200,"message":"查询成功","data":{"todoTaskCount":1,"completedTaskCount":0,"nearEndTasks":[{"taskId":112,"taskName":"小程序任务测试","endTime":"2026-07-23T23:59:59"}]}}
2026-07-22 22:06:29.861 [http-nio-8080-exec-4] INFO  [traceId=92994e6f1abf401e84607c4dcfe2b01c userId= role=] com.kg.interceptor.TraceIdFilter - HTTP_REQUEST_START method=POST uri=/my-task/stats query=null requestBody={} ip=0:0:0:0:0:0:0:1 userAgent=Mozilla/5.0 (iPhone; CPU iPhone OS 15_0 like Mac OS X) AppleWebKit/605.1.15 (KHTML, like Gecko) Version/15.0 Mobile/15E148 Safari/604.1 wechatdevtools/2.01.2510290 MicroMessenger/8.0.5 Language/zh_CN webview/ hash/597225176 sid/jAVCl7QYrr
2026-07-22 22:06:29.864 [http-nio-8080-exec-6] INFO  [traceId=eee3a6ee6c674c87acd208225c9c6cb7 userId= role=] com.kg.interceptor.TraceIdFilter - HTTP_REQUEST_START method=POST uri=/my-task/list query=null requestBody={"pageNum":1,"pageSize":10,"status":"0"} ip=0:0:0:0:0:0:0:1 userAgent=Mozilla/5.0 (iPhone; CPU iPhone OS 15_0 like Mac OS X) AppleWebKit/605.1.15 (KHTML, like Gecko) Version/15.0 Mobile/15E148 Safari/604.1 wechatdevtools/2.01.2510290 MicroMessenger/8.0.5 Language/zh_CN webview/ hash/597225176 sid/jAVCl7QYrr
2026-07-22 22:06:29.867 [http-nio-8080-exec-4] DEBUG [traceId=92994e6f1abf401e84607c4dcfe2b01c userId= role=] c.k.i.m.SysUserMapper.selectById - ==>  Preparing: SELECT id,account,name,password,role,gender,email,phone,openid,description,teacher_remark,password_update_time,class_id,status,create_by,create_time,update_by,update_time FROM sys_user WHERE id=?
2026-07-22 22:06:29.867 [http-nio-8080-exec-4] DEBUG [traceId=92994e6f1abf401e84607c4dcfe2b01c userId= role=] c.k.i.m.SysUserMapper.selectById - ==> Parameters: 22(Long)
2026-07-22 22:06:29.868 [http-nio-8080-exec-4] DEBUG [traceId=92994e6f1abf401e84607c4dcfe2b01c userId= role=] c.k.i.m.SysUserMapper.selectById - <==      Total: 1
2026-07-22 22:06:29.868 [http-nio-8080-exec-6] DEBUG [traceId=eee3a6ee6c674c87acd208225c9c6cb7 userId= role=] c.k.i.m.SysUserMapper.selectById - ==>  Preparing: SELECT id,account,name,password,role,gender,email,phone,openid,description,teacher_remark,password_update_time,class_id,status,create_by,create_time,update_by,update_time FROM sys_user WHERE id=?
2026-07-22 22:06:29.869 [http-nio-8080-exec-6] DEBUG [traceId=eee3a6ee6c674c87acd208225c9c6cb7 userId= role=] c.k.i.m.SysUserMapper.selectById - ==> Parameters: 22(Long)
2026-07-22 22:06:29.869 [http-nio-8080-exec-4] DEBUG [traceId=92994e6f1abf401e84607c4dcfe2b01c userId=22 role=3] c.k.i.m.TaskUserMapper.selectCount - ==>  Preparing: SELECT COUNT( * ) AS total FROM task_user WHERE (user_id = ? AND status = ?)
2026-07-22 22:06:29.869 [http-nio-8080-exec-4] DEBUG [traceId=92994e6f1abf401e84607c4dcfe2b01c userId=22 role=3] c.k.i.m.TaskUserMapper.selectCount - ==> Parameters: 22(Long), 0(String)
2026-07-22 22:06:29.869 [http-nio-8080-exec-6] DEBUG [traceId=eee3a6ee6c674c87acd208225c9c6cb7 userId= role=] c.k.i.m.SysUserMapper.selectById - <==      Total: 1
2026-07-22 22:06:29.870 [http-nio-8080-exec-6] DEBUG [traceId=eee3a6ee6c674c87acd208225c9c6cb7 userId=22 role=3] c.k.i.mapper.MyTaskMapper.count - ==>  Preparing: SELECT COUNT(*) FROM task_user tu JOIN task t ON t.id = tu.task_id WHERE tu.user_id = ? AND tu.status = '0'
2026-07-22 22:06:29.870 [http-nio-8080-exec-4] DEBUG [traceId=92994e6f1abf401e84607c4dcfe2b01c userId=22 role=3] c.k.i.m.TaskUserMapper.selectCount - <==      Total: 1
2026-07-22 22:06:29.871 [http-nio-8080-exec-6] DEBUG [traceId=eee3a6ee6c674c87acd208225c9c6cb7 userId=22 role=3] c.k.i.mapper.MyTaskMapper.count - ==> Parameters: 22(Long)
2026-07-22 22:06:29.871 [http-nio-8080-exec-4] DEBUG [traceId=92994e6f1abf401e84607c4dcfe2b01c userId=22 role=3] c.k.i.m.TaskUserMapper.selectCount - ==>  Preparing: SELECT COUNT( * ) AS total FROM task_user WHERE (user_id = ? AND status IN (?,?))
2026-07-22 22:06:29.871 [http-nio-8080-exec-6] DEBUG [traceId=eee3a6ee6c674c87acd208225c9c6cb7 userId=22 role=3] c.k.i.mapper.MyTaskMapper.count - <==      Total: 1
2026-07-22 22:06:29.871 [http-nio-8080-exec-4] DEBUG [traceId=92994e6f1abf401e84607c4dcfe2b01c userId=22 role=3] c.k.i.m.TaskUserMapper.selectCount - ==> Parameters: 22(Long), 1(String), 2(String)
2026-07-22 22:06:29.871 [http-nio-8080-exec-6] DEBUG [traceId=eee3a6ee6c674c87acd208225c9c6cb7 userId=22 role=3] c.k.i.mapper.MyTaskMapper.page - ==>  Preparing: SELECT u.name AS task_create_name,t.round_no AS round_no,t.template_id AS template_id,t.id AS task_id, t.task_name, t.task_type, t.is_mandatory AS force_flag, t.task_description, t.priority, t.task_start_time AS start_time, t.task_end_time AS end_time, t.plan_id AS planId, t.plan_date AS planDate, t.is_repeat_task AS isRepeatTask, t.status AS taskStatus, tu.id AS task_user_id, tu.status, tu.total_score, tu.submit_time FROM task_user tu JOIN task t ON t.id = tu.task_id LEFT JOIN sys_user u ON u.id = t.create_by WHERE tu.user_id = ? AND tu.status = '0' ORDER BY t.create_time DESC LIMIT ?, ?
2026-07-22 22:06:29.872 [http-nio-8080-exec-6] DEBUG [traceId=eee3a6ee6c674c87acd208225c9c6cb7 userId=22 role=3] c.k.i.mapper.MyTaskMapper.page - ==> Parameters: 22(Long), 0(Integer), 10(Integer)
2026-07-22 22:06:29.872 [http-nio-8080-exec-4] DEBUG [traceId=92994e6f1abf401e84607c4dcfe2b01c userId=22 role=3] c.k.i.m.TaskUserMapper.selectCount - <==      Total: 1
2026-07-22 22:06:29.873 [http-nio-8080-exec-4] INFO  [traceId=92994e6f1abf401e84607c4dcfe2b01c userId=22 role=3] com.kg.interceptor.TraceIdFilter - HTTP_REQUEST_END method=POST uri=/my-task/stats status=200 cost=12ms responseBody={"code":200,"message":"查询成功","data":{"unfinished":1,"finished":0}}
2026-07-22 22:06:29.873 [http-nio-8080-exec-6] DEBUG [traceId=eee3a6ee6c674c87acd208225c9c6cb7 userId=22 role=3] c.k.i.mapper.MyTaskMapper.page - <==      Total: 1
2026-07-22 22:06:29.874 [http-nio-8080-exec-6] INFO  [traceId=eee3a6ee6c674c87acd208225c9c6cb7 userId=22 role=3] com.kg.interceptor.TraceIdFilter - HTTP_REQUEST_END method=POST uri=/my-task/list status=200 cost=10ms responseBody={"code":200,"message":"查询成功","data":{"total":1,"list":[{"taskId":112,"taskName":"小程序任务测试","taskType":"0","forceFlag":1,"taskDescription":"","priority":0,"startTime":"2026-07-22 00:00:00","endTime":"2026-07-23 23:59:59","status":"0","totalScore":null,"submitTime":null,"roundNo":1,"templateId":null,"planId":null,"planDate":null,"isRepeatTask":0,"taskStatus":1,"taskUserId":684,"taskCreateName":"管理员"}]}}
