2026-07-05 18:12:26.873 [background-preinit] INFO  [traceId= userId= role=] o.h.validator.internal.util.Version - HV000001: Hibernate Validator 6.2.5.Final
2026-07-05 18:12:26.895 [main] INFO  [traceId= userId= role=] com.kg.KgApplication - Starting KgApplication using Java 1.8.0_271 on LAPTOP-O2F6G5FB with PID 32296 (F:\aiProject\smart-study-system\backend\target\classes started by 86198 in F:\aiProject\smart-study-system\backend)
2026-07-05 18:12:26.896 [main] INFO  [traceId= userId= role=] com.kg.KgApplication - No active profile set, falling back to 1 default profile: "default"
2026-07-05 18:12:30.672 [main] INFO  [traceId= userId= role=] o.s.b.w.e.tomcat.TomcatWebServer - Tomcat initialized with port(s): 8080 (http)
2026-07-05 18:12:30.687 [main] INFO  [traceId= userId= role=] o.a.coyote.http11.Http11NioProtocol - Initializing ProtocolHandler ["http-nio-8080"]
2026-07-05 18:12:30.691 [main] INFO  [traceId= userId= role=] o.a.catalina.core.StandardService - Starting service [Tomcat]
2026-07-05 18:12:30.691 [main] INFO  [traceId= userId= role=] o.a.catalina.core.StandardEngine - Starting Servlet engine: [Apache Tomcat/9.0.83]
2026-07-05 18:12:31.044 [main] INFO  [traceId= userId= role=] o.a.c.c.C.[Tomcat].[localhost].[/] - Initializing Spring embedded WebApplicationContext
2026-07-05 18:12:31.045 [main] INFO  [traceId= userId= role=] o.s.b.w.s.c.ServletWebServerApplicationContext - Root WebApplicationContext: initialization completed in 4038 ms
2026-07-05 18:12:36.394 [main] INFO  [traceId= userId= role=] o.a.coyote.http11.Http11NioProtocol - Starting ProtocolHandler ["http-nio-8080"]
2026-07-05 18:12:36.477 [main] INFO  [traceId= userId= role=] o.s.b.w.e.tomcat.TomcatWebServer - Tomcat started on port(s): 8080 (http) with context path ''
2026-07-05 18:12:36.507 [main] INFO  [traceId= userId= role=] com.kg.KgApplication - Started KgApplication in 10.579 seconds (JVM running for 12.264)
2026-07-05 18:12:36.640 [main] INFO  [traceId= userId= role=] com.zaxxer.hikari.HikariDataSource - HikariPool-1 - Starting...
2026-07-05 18:12:38.222 [main] INFO  [traceId= userId= role=] com.zaxxer.hikari.HikariDataSource - HikariPool-1 - Start completed.
2026-07-05 18:12:38.230 [main] DEBUG [traceId= userId= role=] c.k.i.m.SysUserMapper.selectList - ==>  Preparing: SELECT id,account,name,password,role,gender,email,phone,openid,description,teacher_remark,class_id,status,create_by,create_time,update_by,update_time FROM sys_user WHERE (account = ?)
2026-07-05 18:12:38.262 [main] DEBUG [traceId= userId= role=] c.k.i.m.SysUserMapper.selectList - ==> Parameters: root(String)
2026-07-05 18:12:38.329 [main] DEBUG [traceId= userId= role=] c.k.i.m.SysUserMapper.selectList - <==      Total: 1
2026-07-05 18:12:38.336 [main] INFO  [traceId= userId= role=] com.kg.config.DataInitializer - 默认管理员账号已存在：account=root
2026-07-05 18:12:38.337 [main] INFO  [traceId= userId= role=] c.k.scheduler.DailyTaskStartupRunner - ====== 开始执行每日任务补偿检查 ======
2026-07-05 18:12:38.366 [main] DEBUG [traceId= userId= role=] c.k.i.mapper.TaskMapper.selectList - ==>  Preparing: SELECT id,task_name,task_type,template_id,round_no,is_mandatory,task_description,task_start_time,task_end_time,priority,class_id,target_type,target_ids,plan_id,plan_date,is_repeat_task,status,create_by,create_time,update_by,update_time FROM task WHERE ((status = ? OR status IS NULL)) ORDER BY id DESC LIMIT 0,500
2026-07-05 18:12:38.367 [main] DEBUG [traceId= userId= role=] c.k.i.mapper.TaskMapper.selectList - ==> Parameters: 1(Integer)
2026-07-05 18:12:38.410 [main] DEBUG [traceId= userId= role=] c.k.i.mapper.TaskMapper.selectList - <==      Total: 66
2026-07-05 18:12:38.413 [main] INFO  [traceId= userId= role=] c.k.a.service.BatchTaskService - 【启动补偿】每日打卡 (2026-07-05) 不存在，开始补生成
2026-07-05 18:12:38.415 [main] DEBUG [traceId= userId= role=] c.k.i.mapper.TaskMapper.selectList - ==>  Preparing: SELECT id,task_name,task_type,template_id,round_no,is_mandatory,task_description,task_start_time,task_end_time,priority,class_id,target_type,target_ids,plan_id,plan_date,is_repeat_task,status,create_by,create_time,update_by,update_time FROM task WHERE ((status = ? OR status IS NULL)) ORDER BY id DESC LIMIT 0,500
2026-07-05 18:12:38.416 [main] DEBUG [traceId= userId= role=] c.k.i.mapper.TaskMapper.selectList - ==> Parameters: 1(Integer)
2026-07-05 18:12:38.429 [main] DEBUG [traceId= userId= role=] c.k.i.mapper.TaskMapper.selectList - <==      Total: 66
2026-07-05 18:12:38.628 [main] DEBUG [traceId= userId= role=] c.k.i.m.ClassInfoMapper.selectList - ==>  Preparing: SELECT id,class_name,description,status,create_by,create_time,update_by,update_time FROM class_info WHERE (status = ?) ORDER BY class_name ASC
2026-07-05 18:12:38.629 [main] DEBUG [traceId= userId= role=] c.k.i.m.ClassInfoMapper.selectList - ==> Parameters: 1(Integer)
2026-07-05 18:12:38.638 [main] DEBUG [traceId= userId= role=] c.k.i.m.ClassInfoMapper.selectList - <==      Total: 3
2026-07-05 18:12:38.653 [main] DEBUG [traceId= userId= role=] c.k.i.mapper.TaskMapper.insert - ==>  Preparing: INSERT INTO task ( task_name, task_type, is_mandatory, task_start_time, task_end_time, target_type, target_ids, create_by, create_time ) VALUES ( ?, ?, ?, ?, ?, ?, ?, ?, ? )
2026-07-05 18:12:38.657 [main] DEBUG [traceId= userId= role=] c.k.i.mapper.TaskMapper.insert - ==> Parameters: 每日打卡(String), 2(String), 1(Integer), 2026-07-05T06:00(LocalDateTime), 2026-07-05T23:59(LocalDateTime), 1(Integer), 8,9,10(String), 0(Long), 2026-07-05T18:12:38.642(LocalDateTime)
2026-07-05 18:12:38.673 [main] DEBUG [traceId= userId= role=] c.k.i.mapper.TaskMapper.insert - <==    Updates: 1
2026-07-05 18:12:38.687 [main] DEBUG [traceId= userId= role=] c.k.i.m.SysUserMapper.selectList - ==>  Preparing: SELECT id,account,name,password,role,gender,email,phone,openid,description,teacher_remark,class_id,status,create_by,create_time,update_by,update_time FROM sys_user WHERE (role IN (?,?) AND status = ?)
2026-07-05 18:12:38.688 [main] DEBUG [traceId= userId= role=] c.k.i.m.SysUserMapper.selectList - ==> Parameters: 2(String), 3(String), 1(Integer)
2026-07-05 18:12:38.692 [main] DEBUG [traceId= userId= role=] c.k.i.m.SysUserMapper.selectList - <==      Total: 11
2026-07-05 18:12:38.711 [main] DEBUG [traceId= userId= role=] c.k.i.mapper.TaskUserMapper.insert - ==>  Preparing: INSERT INTO task_user ( task_id, user_id, status ) VALUES ( ?, ?, ? )
2026-07-05 18:12:38.711 [main] DEBUG [traceId= userId= role=] c.k.i.mapper.TaskUserMapper.insert - ==> Parameters: 94(Long), 23(Long), 0(String)
2026-07-05 18:12:38.722 [main] DEBUG [traceId= userId= role=] c.k.i.mapper.TaskUserMapper.insert - <==    Updates: 1
2026-07-05 18:12:38.724 [main] DEBUG [traceId= userId= role=] c.k.i.mapper.TaskUserMapper.insert - ==>  Preparing: INSERT INTO task_user ( task_id, user_id, status ) VALUES ( ?, ?, ? )
2026-07-05 18:12:38.725 [main] DEBUG [traceId= userId= role=] c.k.i.mapper.TaskUserMapper.insert - ==> Parameters: 94(Long), 24(Long), 0(String)
2026-07-05 18:12:38.727 [main] DEBUG [traceId= userId= role=] c.k.i.mapper.TaskUserMapper.insert - <==    Updates: 1
2026-07-05 18:12:38.730 [main] DEBUG [traceId= userId= role=] c.k.i.mapper.TaskUserMapper.insert - ==>  Preparing: INSERT INTO task_user ( task_id, user_id, status ) VALUES ( ?, ?, ? )
2026-07-05 18:12:38.731 [main] DEBUG [traceId= userId= role=] c.k.i.mapper.TaskUserMapper.insert - ==> Parameters: 94(Long), 25(Long), 0(String)
2026-07-05 18:12:38.733 [main] DEBUG [traceId= userId= role=] c.k.i.mapper.TaskUserMapper.insert - <==    Updates: 1
2026-07-05 18:12:38.735 [main] DEBUG [traceId= userId= role=] c.k.i.mapper.TaskUserMapper.insert - ==>  Preparing: INSERT INTO task_user ( task_id, user_id, status ) VALUES ( ?, ?, ? )
2026-07-05 18:12:38.736 [main] DEBUG [traceId= userId= role=] c.k.i.mapper.TaskUserMapper.insert - ==> Parameters: 94(Long), 26(Long), 0(String)
2026-07-05 18:12:38.738 [main] DEBUG [traceId= userId= role=] c.k.i.mapper.TaskUserMapper.insert - <==    Updates: 1
2026-07-05 18:12:38.739 [main] DEBUG [traceId= userId= role=] c.k.i.mapper.TaskUserMapper.insert - ==>  Preparing: INSERT INTO task_user ( task_id, user_id, status ) VALUES ( ?, ?, ? )
2026-07-05 18:12:38.740 [main] DEBUG [traceId= userId= role=] c.k.i.mapper.TaskUserMapper.insert - ==> Parameters: 94(Long), 27(Long), 0(String)
2026-07-05 18:12:38.744 [main] DEBUG [traceId= userId= role=] c.k.i.mapper.TaskUserMapper.insert - <==    Updates: 1
2026-07-05 18:12:38.746 [main] DEBUG [traceId= userId= role=] c.k.i.mapper.TaskUserMapper.insert - ==>  Preparing: INSERT INTO task_user ( task_id, user_id, status ) VALUES ( ?, ?, ? )
2026-07-05 18:12:38.747 [main] DEBUG [traceId= userId= role=] c.k.i.mapper.TaskUserMapper.insert - ==> Parameters: 94(Long), 28(Long), 0(String)
2026-07-05 18:12:38.749 [main] DEBUG [traceId= userId= role=] c.k.i.mapper.TaskUserMapper.insert - <==    Updates: 1
2026-07-05 18:12:38.751 [main] DEBUG [traceId= userId= role=] c.k.i.mapper.TaskUserMapper.insert - ==>  Preparing: INSERT INTO task_user ( task_id, user_id, status ) VALUES ( ?, ?, ? )
2026-07-05 18:12:38.752 [main] DEBUG [traceId= userId= role=] c.k.i.mapper.TaskUserMapper.insert - ==> Parameters: 94(Long), 29(Long), 0(String)
2026-07-05 18:12:38.756 [main] DEBUG [traceId= userId= role=] c.k.i.mapper.TaskUserMapper.insert - <==    Updates: 1
2026-07-05 18:12:38.759 [main] DEBUG [traceId= userId= role=] c.k.i.mapper.TaskUserMapper.insert - ==>  Preparing: INSERT INTO task_user ( task_id, user_id, status ) VALUES ( ?, ?, ? )
2026-07-05 18:12:38.761 [main] DEBUG [traceId= userId= role=] c.k.i.mapper.TaskUserMapper.insert - ==> Parameters: 94(Long), 30(Long), 0(String)
2026-07-05 18:12:38.763 [main] DEBUG [traceId= userId= role=] c.k.i.mapper.TaskUserMapper.insert - <==    Updates: 1
2026-07-05 18:12:38.767 [main] DEBUG [traceId= userId= role=] c.k.i.mapper.TaskUserMapper.insert - ==>  Preparing: INSERT INTO task_user ( task_id, user_id, status ) VALUES ( ?, ?, ? )
2026-07-05 18:12:38.767 [main] DEBUG [traceId= userId= role=] c.k.i.mapper.TaskUserMapper.insert - ==> Parameters: 94(Long), 31(Long), 0(String)
2026-07-05 18:12:38.770 [main] DEBUG [traceId= userId= role=] c.k.i.mapper.TaskUserMapper.insert - <==    Updates: 1
2026-07-05 18:12:38.771 [main] DEBUG [traceId= userId= role=] c.k.i.mapper.TaskUserMapper.insert - ==>  Preparing: INSERT INTO task_user ( task_id, user_id, status ) VALUES ( ?, ?, ? )
2026-07-05 18:12:38.772 [main] DEBUG [traceId= userId= role=] c.k.i.mapper.TaskUserMapper.insert - ==> Parameters: 94(Long), 32(Long), 0(String)
2026-07-05 18:12:38.779 [main] DEBUG [traceId= userId= role=] c.k.i.mapper.TaskUserMapper.insert - <==    Updates: 1
2026-07-05 18:12:38.781 [main] DEBUG [traceId= userId= role=] c.k.i.mapper.TaskUserMapper.insert - ==>  Preparing: INSERT INTO task_user ( task_id, user_id, status ) VALUES ( ?, ?, ? )
2026-07-05 18:12:38.781 [main] DEBUG [traceId= userId= role=] c.k.i.mapper.TaskUserMapper.insert - ==> Parameters: 94(Long), 33(Long), 0(String)
2026-07-05 18:12:38.784 [main] DEBUG [traceId= userId= role=] c.k.i.mapper.TaskUserMapper.insert - <==    Updates: 1
2026-07-05 18:12:38.785 [main] INFO  [traceId= userId= role=] c.k.a.service.BatchTaskService - 每日打卡创建成功: taskId=94, date=2026-07-05, targetType=1, 分配11人
2026-07-05 18:12:38.787 [main] DEBUG [traceId= userId= role=] c.k.i.mapper.TaskMapper.selectList - ==>  Preparing: SELECT id,task_name,task_type,template_id,round_no,is_mandatory,task_description,task_start_time,task_end_time,priority,class_id,target_type,target_ids,plan_id,plan_date,is_repeat_task,status,create_by,create_time,update_by,update_time FROM task WHERE ((status = ? OR status IS NULL)) ORDER BY id DESC LIMIT 0,500
2026-07-05 18:12:38.787 [main] DEBUG [traceId= userId= role=] c.k.i.mapper.TaskMapper.selectList - ==> Parameters: 1(Integer)
2026-07-05 18:12:38.795 [main] DEBUG [traceId= userId= role=] c.k.i.mapper.TaskMapper.selectList - <==      Total: 67
2026-07-05 18:12:38.796 [main] INFO  [traceId= userId= role=] c.k.a.service.BatchTaskService - 【启动补偿】每日复盘 (2026-07-05) 不存在，开始补生成
2026-07-05 18:12:38.798 [main] DEBUG [traceId= userId= role=] c.k.i.mapper.TaskMapper.selectList - ==>  Preparing: SELECT id,task_name,task_type,template_id,round_no,is_mandatory,task_description,task_start_time,task_end_time,priority,class_id,target_type,target_ids,plan_id,plan_date,is_repeat_task,status,create_by,create_time,update_by,update_time FROM task WHERE ((status = ? OR status IS NULL)) ORDER BY id DESC LIMIT 0,500
2026-07-05 18:12:38.799 [main] DEBUG [traceId= userId= role=] c.k.i.mapper.TaskMapper.selectList - ==> Parameters: 1(Integer)
2026-07-05 18:12:38.812 [main] DEBUG [traceId= userId= role=] c.k.i.mapper.TaskMapper.selectList - <==      Total: 67
2026-07-05 18:12:38.815 [main] DEBUG [traceId= userId= role=] c.k.i.m.ClassInfoMapper.selectList - ==>  Preparing: SELECT id,class_name,description,status,create_by,create_time,update_by,update_time FROM class_info WHERE (status = ?) ORDER BY class_name ASC
2026-07-05 18:12:38.816 [main] DEBUG [traceId= userId= role=] c.k.i.m.ClassInfoMapper.selectList - ==> Parameters: 1(Integer)
2026-07-05 18:12:38.818 [main] DEBUG [traceId= userId= role=] c.k.i.m.ClassInfoMapper.selectList - <==      Total: 3
2026-07-05 18:12:38.821 [main] DEBUG [traceId= userId= role=] c.k.i.mapper.TaskMapper.insert - ==>  Preparing: INSERT INTO task ( task_name, task_type, is_mandatory, task_start_time, task_end_time, target_type, target_ids, create_by, create_time ) VALUES ( ?, ?, ?, ?, ?, ?, ?, ?, ? )
2026-07-05 18:12:38.822 [main] DEBUG [traceId= userId= role=] c.k.i.mapper.TaskMapper.insert - ==> Parameters: 每日复盘(String), 3(String), 1(Integer), 2026-07-05T08:00(LocalDateTime), 2026-07-05T23:59(LocalDateTime), 1(Integer), 8,9,10(String), 0(Long), 2026-07-05T18:12:38.820(LocalDateTime)
2026-07-05 18:12:38.824 [main] DEBUG [traceId= userId= role=] c.k.i.mapper.TaskMapper.insert - <==    Updates: 1
2026-07-05 18:12:38.827 [main] DEBUG [traceId= userId= role=] c.k.i.m.SysUserMapper.selectList - ==>  Preparing: SELECT id,account,name,password,role,gender,email,phone,openid,description,teacher_remark,class_id,status,create_by,create_time,update_by,update_time FROM sys_user WHERE (role IN (?,?) AND status = ?)
2026-07-05 18:12:38.828 [main] DEBUG [traceId= userId= role=] c.k.i.m.SysUserMapper.selectList - ==> Parameters: 2(String), 3(String), 1(Integer)
2026-07-05 18:12:38.832 [main] DEBUG [traceId= userId= role=] c.k.i.m.SysUserMapper.selectList - <==      Total: 11
2026-07-05 18:12:38.834 [main] DEBUG [traceId= userId= role=] c.k.i.mapper.TaskUserMapper.insert - ==>  Preparing: INSERT INTO task_user ( task_id, user_id, status ) VALUES ( ?, ?, ? )
2026-07-05 18:12:38.834 [main] DEBUG [traceId= userId= role=] c.k.i.mapper.TaskUserMapper.insert - ==> Parameters: 95(Long), 23(Long), 0(String)
2026-07-05 18:12:38.838 [main] DEBUG [traceId= userId= role=] c.k.i.mapper.TaskUserMapper.insert - <==    Updates: 1
2026-07-05 18:12:38.839 [main] DEBUG [traceId= userId= role=] c.k.i.mapper.TaskUserMapper.insert - ==>  Preparing: INSERT INTO task_user ( task_id, user_id, status ) VALUES ( ?, ?, ? )
2026-07-05 18:12:38.839 [main] DEBUG [traceId= userId= role=] c.k.i.mapper.TaskUserMapper.insert - ==> Parameters: 95(Long), 24(Long), 0(String)
2026-07-05 18:12:38.843 [main] DEBUG [traceId= userId= role=] c.k.i.mapper.TaskUserMapper.insert - <==    Updates: 1
2026-07-05 18:12:38.844 [main] DEBUG [traceId= userId= role=] c.k.i.mapper.TaskUserMapper.insert - ==>  Preparing: INSERT INTO task_user ( task_id, user_id, status ) VALUES ( ?, ?, ? )
2026-07-05 18:12:38.845 [main] DEBUG [traceId= userId= role=] c.k.i.mapper.TaskUserMapper.insert - ==> Parameters: 95(Long), 25(Long), 0(String)
2026-07-05 18:12:38.849 [main] DEBUG [traceId= userId= role=] c.k.i.mapper.TaskUserMapper.insert - <==    Updates: 1
2026-07-05 18:12:38.850 [main] DEBUG [traceId= userId= role=] c.k.i.mapper.TaskUserMapper.insert - ==>  Preparing: INSERT INTO task_user ( task_id, user_id, status ) VALUES ( ?, ?, ? )
2026-07-05 18:12:38.851 [main] DEBUG [traceId= userId= role=] c.k.i.mapper.TaskUserMapper.insert - ==> Parameters: 95(Long), 26(Long), 0(String)
2026-07-05 18:12:38.853 [main] DEBUG [traceId= userId= role=] c.k.i.mapper.TaskUserMapper.insert - <==    Updates: 1
2026-07-05 18:12:38.855 [main] DEBUG [traceId= userId= role=] c.k.i.mapper.TaskUserMapper.insert - ==>  Preparing: INSERT INTO task_user ( task_id, user_id, status ) VALUES ( ?, ?, ? )
2026-07-05 18:12:38.855 [main] DEBUG [traceId= userId= role=] c.k.i.mapper.TaskUserMapper.insert - ==> Parameters: 95(Long), 27(Long), 0(String)
2026-07-05 18:12:38.858 [main] DEBUG [traceId= userId= role=] c.k.i.mapper.TaskUserMapper.insert - <==    Updates: 1
2026-07-05 18:12:38.861 [main] DEBUG [traceId= userId= role=] c.k.i.mapper.TaskUserMapper.insert - ==>  Preparing: INSERT INTO task_user ( task_id, user_id, status ) VALUES ( ?, ?, ? )
2026-07-05 18:12:38.862 [main] DEBUG [traceId= userId= role=] c.k.i.mapper.TaskUserMapper.insert - ==> Parameters: 95(Long), 28(Long), 0(String)
2026-07-05 18:12:38.865 [main] DEBUG [traceId= userId= role=] c.k.i.mapper.TaskUserMapper.insert - <==    Updates: 1
2026-07-05 18:12:38.867 [main] DEBUG [traceId= userId= role=] c.k.i.mapper.TaskUserMapper.insert - ==>  Preparing: INSERT INTO task_user ( task_id, user_id, status ) VALUES ( ?, ?, ? )
2026-07-05 18:12:38.868 [main] DEBUG [traceId= userId= role=] c.k.i.mapper.TaskUserMapper.insert - ==> Parameters: 95(Long), 29(Long), 0(String)
2026-07-05 18:12:38.871 [main] DEBUG [traceId= userId= role=] c.k.i.mapper.TaskUserMapper.insert - <==    Updates: 1
2026-07-05 18:12:38.873 [main] DEBUG [traceId= userId= role=] c.k.i.mapper.TaskUserMapper.insert - ==>  Preparing: INSERT INTO task_user ( task_id, user_id, status ) VALUES ( ?, ?, ? )
2026-07-05 18:12:38.873 [main] DEBUG [traceId= userId= role=] c.k.i.mapper.TaskUserMapper.insert - ==> Parameters: 95(Long), 30(Long), 0(String)
2026-07-05 18:12:38.876 [main] DEBUG [traceId= userId= role=] c.k.i.mapper.TaskUserMapper.insert - <==    Updates: 1
2026-07-05 18:12:38.877 [main] DEBUG [traceId= userId= role=] c.k.i.mapper.TaskUserMapper.insert - ==>  Preparing: INSERT INTO task_user ( task_id, user_id, status ) VALUES ( ?, ?, ? )
2026-07-05 18:12:38.879 [main] DEBUG [traceId= userId= role=] c.k.i.mapper.TaskUserMapper.insert - ==> Parameters: 95(Long), 31(Long), 0(String)
2026-07-05 18:12:38.882 [main] DEBUG [traceId= userId= role=] c.k.i.mapper.TaskUserMapper.insert - <==    Updates: 1
2026-07-05 18:12:38.883 [main] DEBUG [traceId= userId= role=] c.k.i.mapper.TaskUserMapper.insert - ==>  Preparing: INSERT INTO task_user ( task_id, user_id, status ) VALUES ( ?, ?, ? )
2026-07-05 18:12:38.883 [main] DEBUG [traceId= userId= role=] c.k.i.mapper.TaskUserMapper.insert - ==> Parameters: 95(Long), 32(Long), 0(String)
2026-07-05 18:12:38.887 [main] DEBUG [traceId= userId= role=] c.k.i.mapper.TaskUserMapper.insert - <==    Updates: 1
2026-07-05 18:12:38.888 [main] DEBUG [traceId= userId= role=] c.k.i.mapper.TaskUserMapper.insert - ==>  Preparing: INSERT INTO task_user ( task_id, user_id, status ) VALUES ( ?, ?, ? )
2026-07-05 18:12:38.889 [main] DEBUG [traceId= userId= role=] c.k.i.mapper.TaskUserMapper.insert - ==> Parameters: 95(Long), 33(Long), 0(String)
2026-07-05 18:12:38.893 [main] DEBUG [traceId= userId= role=] c.k.i.mapper.TaskUserMapper.insert - <==    Updates: 1
2026-07-05 18:12:38.894 [main] INFO  [traceId= userId= role=] c.k.a.service.BatchTaskService - 每日复盘创建成功: taskId=95, date=2026-07-05, targetType=1, 分配11人
2026-07-05 18:12:38.894 [main] INFO  [traceId= userId= role=] c.k.scheduler.DailyTaskStartupRunner - ====== 每日任务补偿检查完成 ======
2026-07-05 18:13:23.373 [http-nio-8080-exec-1] INFO  [traceId= userId= role=] o.a.c.c.C.[Tomcat].[localhost].[/] - Initializing Spring DispatcherServlet 'dispatcherServlet'
2026-07-05 18:13:23.374 [http-nio-8080-exec-1] INFO  [traceId= userId= role=] o.s.web.servlet.DispatcherServlet - Initializing Servlet 'dispatcherServlet'
2026-07-05 18:13:23.376 [http-nio-8080-exec-1] INFO  [traceId= userId= role=] o.s.web.servlet.DispatcherServlet - Completed initialization in 2 ms
2026-07-05 18:13:23.400 [http-nio-8080-exec-1] INFO  [traceId=d0320f02605d433eb1c7c54e8ee285ab userId= role=] com.kg.interceptor.TraceIdFilter - HTTP_REQUEST_START method=POST uri=/auth/login query=null requestBody={"account":"root","password":"000000"} ip=0:0:0:0:0:0:0:1 userAgent=Mozilla/5.0 (Windows NT 10.0; Win64; x64) AppleWebKit/537.36 (KHTML, like Gecko) Chrome/123.0.0.0 Safari/537.36
2026-07-05 18:13:23.703 [http-nio-8080-exec-1] DEBUG [traceId=d0320f02605d433eb1c7c54e8ee285ab userId= role=] c.k.i.m.SysUserMapper.selectList - ==>  Preparing: SELECT id,account,name,password,role,gender,email,phone,openid,description,teacher_remark,class_id,status,create_by,create_time,update_by,update_time FROM sys_user WHERE (account = ?)
2026-07-05 18:13:23.704 [http-nio-8080-exec-1] DEBUG [traceId=d0320f02605d433eb1c7c54e8ee285ab userId= role=] c.k.i.m.SysUserMapper.selectList - ==> Parameters: root(String)
2026-07-05 18:13:23.706 [http-nio-8080-exec-1] DEBUG [traceId=d0320f02605d433eb1c7c54e8ee285ab userId= role=] c.k.i.m.SysUserMapper.selectList - <==      Total: 1
2026-07-05 18:13:23.854 [http-nio-8080-exec-1] INFO  [traceId=d0320f02605d433eb1c7c54e8ee285ab userId= role=] c.k.a.service.AuthApplicationService - 登录成功: userId=21, account=root, role=1
2026-07-05 18:13:23.892 [http-nio-8080-exec-1] INFO  [traceId=d0320f02605d433eb1c7c54e8ee285ab userId= role=] com.kg.interceptor.TraceIdFilter - HTTP_REQUEST_END method=POST uri=/auth/login status=200 cost=505ms responseBody={"code":200,"message":"登录成功","data":{"token":"eyJhbGciOiJIUzI1NiJ9.eyJyb2xlIjoiMSIsInN1YiI6IjIxIiwiaWF0IjoxNzgzMjQ2NDAzLCJleHAiOjE3ODMzMzI4MDN9.UQuaFZDmNXyGYS4wBKO1o2orOATCLsrA_84xFY6R_FY","userId":21,"account":"root","name":"管理员","role":"1","classId":null,"className":""}}
2026-07-05 18:13:24.372 [http-nio-8080-exec-3] INFO  [traceId=35c0a20e8c3843ba9c1bc86dd190e295 userId= role=] com.kg.interceptor.TraceIdFilter - HTTP_REQUEST_START method=GET uri=/notification/unread-count query=null requestBody= ip=0:0:0:0:0:0:0:1 userAgent=Mozilla/5.0 (Windows NT 10.0; Win64; x64) AppleWebKit/537.36 (KHTML, like Gecko) Chrome/123.0.0.0 Safari/537.36
2026-07-05 18:13:24.372 [http-nio-8080-exec-2] INFO  [traceId=a6901e26e227484cb0849ffc5608396b userId= role=] com.kg.interceptor.TraceIdFilter - HTTP_REQUEST_START method=GET uri=/home/stat query=null requestBody= ip=0:0:0:0:0:0:0:1 userAgent=Mozilla/5.0 (Windows NT 10.0; Win64; x64) AppleWebKit/537.36 (KHTML, like Gecko) Chrome/123.0.0.0 Safari/537.36
2026-07-05 18:13:24.430 [http-nio-8080-exec-2] DEBUG [traceId=a6901e26e227484cb0849ffc5608396b userId= role=] c.k.i.m.SysUserMapper.selectById - ==>  Preparing: SELECT id,account,name,password,role,gender,email,phone,openid,description,teacher_remark,class_id,status,create_by,create_time,update_by,update_time FROM sys_user WHERE id=?
2026-07-05 18:13:24.430 [http-nio-8080-exec-3] DEBUG [traceId=35c0a20e8c3843ba9c1bc86dd190e295 userId= role=] c.k.i.m.SysUserMapper.selectById - ==>  Preparing: SELECT id,account,name,password,role,gender,email,phone,openid,description,teacher_remark,class_id,status,create_by,create_time,update_by,update_time FROM sys_user WHERE id=?
2026-07-05 18:13:24.430 [http-nio-8080-exec-2] DEBUG [traceId=a6901e26e227484cb0849ffc5608396b userId= role=] c.k.i.m.SysUserMapper.selectById - ==> Parameters: 21(Long)
2026-07-05 18:13:24.431 [http-nio-8080-exec-3] DEBUG [traceId=35c0a20e8c3843ba9c1bc86dd190e295 userId= role=] c.k.i.m.SysUserMapper.selectById - ==> Parameters: 21(Long)
2026-07-05 18:13:24.433 [http-nio-8080-exec-3] DEBUG [traceId=35c0a20e8c3843ba9c1bc86dd190e295 userId= role=] c.k.i.m.SysUserMapper.selectById - <==      Total: 1
2026-07-05 18:13:24.439 [http-nio-8080-exec-2] DEBUG [traceId=a6901e26e227484cb0849ffc5608396b userId= role=] c.k.i.m.SysUserMapper.selectById - <==      Total: 1
2026-07-05 18:13:24.440 [http-nio-8080-exec-2] DEBUG [traceId=a6901e26e227484cb0849ffc5608396b userId=21 role=1] c.k.i.m.H.countCurrentTasksForTeacher - ==>  Preparing: SELECT COUNT(*) FROM task WHERE task_start_time <= NOW() AND task_end_time >= NOW()
2026-07-05 18:13:24.441 [http-nio-8080-exec-2] DEBUG [traceId=a6901e26e227484cb0849ffc5608396b userId=21 role=1] c.k.i.m.H.countCurrentTasksForTeacher - ==> Parameters: 
2026-07-05 18:13:24.442 [http-nio-8080-exec-3] DEBUG [traceId=35c0a20e8c3843ba9c1bc86dd190e295 userId=21 role=1] c.k.i.m.N.selectCount - ==>  Preparing: SELECT COUNT( * ) AS total FROM notification_message WHERE (user_id = ? AND is_read = ? AND status = ? AND notify_time <= ?)
2026-07-05 18:13:24.443 [http-nio-8080-exec-3] DEBUG [traceId=35c0a20e8c3843ba9c1bc86dd190e295 userId=21 role=1] c.k.i.m.N.selectCount - ==> Parameters: 21(Long), 0(Integer), 0(String), 2026-07-05T18:13:24.440(LocalDateTime)
2026-07-05 18:13:24.451 [http-nio-8080-exec-2] DEBUG [traceId=a6901e26e227484cb0849ffc5608396b userId=21 role=1] c.k.i.m.H.countCurrentTasksForTeacher - <==      Total: 1
2026-07-05 18:13:24.452 [http-nio-8080-exec-2] DEBUG [traceId=a6901e26e227484cb0849ffc5608396b userId=21 role=1] c.k.i.m.H.countForceTasksForTeacher - ==>  Preparing: SELECT COUNT(*) FROM task WHERE is_mandatory = 1
2026-07-05 18:13:24.452 [http-nio-8080-exec-2] DEBUG [traceId=a6901e26e227484cb0849ffc5608396b userId=21 role=1] c.k.i.m.H.countForceTasksForTeacher - ==> Parameters: 
2026-07-05 18:13:24.454 [http-nio-8080-exec-2] DEBUG [traceId=a6901e26e227484cb0849ffc5608396b userId=21 role=1] c.k.i.m.H.countForceTasksForTeacher - <==      Total: 1
2026-07-05 18:13:24.455 [http-nio-8080-exec-2] DEBUG [traceId=a6901e26e227484cb0849ffc5608396b userId=21 role=1] c.k.i.m.H.countTotalTasksForTeacher - ==>  Preparing: SELECT COUNT(*) FROM task
2026-07-05 18:13:24.455 [http-nio-8080-exec-3] DEBUG [traceId=35c0a20e8c3843ba9c1bc86dd190e295 userId=21 role=1] c.k.i.m.N.selectCount - <==      Total: 1
2026-07-05 18:13:24.455 [http-nio-8080-exec-2] DEBUG [traceId=a6901e26e227484cb0849ffc5608396b userId=21 role=1] c.k.i.m.H.countTotalTasksForTeacher - ==> Parameters: 
2026-07-05 18:13:24.457 [http-nio-8080-exec-3] INFO  [traceId=35c0a20e8c3843ba9c1bc86dd190e295 userId=21 role=1] com.kg.interceptor.TraceIdFilter - HTTP_REQUEST_END method=GET uri=/notification/unread-count status=200 cost=85ms responseBody={"code":200,"message":"查询成功","data":0}
2026-07-05 18:13:24.458 [http-nio-8080-exec-2] DEBUG [traceId=a6901e26e227484cb0849ffc5608396b userId=21 role=1] c.k.i.m.H.countTotalTasksForTeacher - <==      Total: 1
2026-07-05 18:13:24.460 [http-nio-8080-exec-2] DEBUG [traceId=a6901e26e227484cb0849ffc5608396b userId=21 role=1] c.k.i.m.H.completionStatsForTeacher - ==>  Preparing: SELECT COUNT(*) AS total, SUM(CASE WHEN tu.status = '1' THEN 1 ELSE 0 END) AS completed, SUM(CASE WHEN tu.status = '0' THEN 1 ELSE 0 END) AS uncompleted FROM task_user tu JOIN task t ON t.id = tu.task_id
2026-07-05 18:13:24.460 [http-nio-8080-exec-2] DEBUG [traceId=a6901e26e227484cb0849ffc5608396b userId=21 role=1] c.k.i.m.H.completionStatsForTeacher - ==> Parameters: 
2026-07-05 18:13:24.469 [http-nio-8080-exec-2] DEBUG [traceId=a6901e26e227484cb0849ffc5608396b userId=21 role=1] c.k.i.m.H.completionStatsForTeacher - <==      Total: 1
2026-07-05 18:13:24.470 [http-nio-8080-exec-2] DEBUG [traceId=a6901e26e227484cb0849ffc5608396b userId=21 role=1] c.k.i.m.H.lowCompletedTop3ForTeacher - ==>  Preparing: SELECT t.id AS task_id, t.task_name, t.task_end_time AS end_time, COUNT(*) AS total, SUM(CASE WHEN tu.status = '1' THEN 1 ELSE 0 END) AS completed, SUM(CASE WHEN tu.status = '0' THEN 1 ELSE 0 END) AS uncompleted FROM task t JOIN task_user tu ON tu.task_id = t.id GROUP BY t.id, t.task_name, t.task_end_time ORDER BY (SUM(CASE WHEN tu.status = '1' THEN 1 ELSE 0 END) * 1.0 / COUNT(*)) ASC LIMIT 3
2026-07-05 18:13:24.472 [http-nio-8080-exec-2] DEBUG [traceId=a6901e26e227484cb0849ffc5608396b userId=21 role=1] c.k.i.m.H.lowCompletedTop3ForTeacher - ==> Parameters: 
2026-07-05 18:13:24.481 [http-nio-8080-exec-2] DEBUG [traceId=a6901e26e227484cb0849ffc5608396b userId=21 role=1] c.k.i.m.H.lowCompletedTop3ForTeacher - <==      Total: 3
2026-07-05 18:13:24.490 [http-nio-8080-exec-2] INFO  [traceId=a6901e26e227484cb0849ffc5608396b userId=21 role=1] com.kg.interceptor.TraceIdFilter - HTTP_REQUEST_END method=GET uri=/home/stat status=200 cost=118ms responseBody={"code":200,"message":"查询成功","data":{"currentTaskCount":3,"forceTaskCount":72,"totalTaskCount":74,"completedTaskUserCount":32,"unCompletedTaskUserCount":408,"completedRate":7,"lowCompletedTasks":[{"taskId":68,"taskName":"班长创建任务","totalUserCount":7,"completedUserCount":0,"unCompletedUserCount":7,"completedRate":0,"endTime":"2026-07-22T23:59:59"},{"taskId":43,"taskName":"测试颜色1","totalUserCount":4,"completedUserCount":0,"unCompletedUserCount":4,"completedRate":0,"endTime":"2026-06-13T23:59:59"},{"taskId":73,"taskName":"测试班级任务","totalUserCount":7,"completedUserCount":0,"unCompletedUserCount":7,"completedRate":0,"endTime":"2026-06-30T23:59:59"}]}}
2026-07-05 18:13:24.540 [http-nio-8080-exec-4] INFO  [traceId=53753898be6a4cbcadc84470092cc1c3 userId= role=] com.kg.interceptor.TraceIdFilter - HTTP_REQUEST_START method=GET uri=/class/options query=null requestBody= ip=0:0:0:0:0:0:0:1 userAgent=Mozilla/5.0 (Windows NT 10.0; Win64; x64) AppleWebKit/537.36 (KHTML, like Gecko) Chrome/123.0.0.0 Safari/537.36
2026-07-05 18:13:24.547 [http-nio-8080-exec-4] DEBUG [traceId=53753898be6a4cbcadc84470092cc1c3 userId= role=] c.k.i.m.SysUserMapper.selectById - ==>  Preparing: SELECT id,account,name,password,role,gender,email,phone,openid,description,teacher_remark,class_id,status,create_by,create_time,update_by,update_time FROM sys_user WHERE id=?
2026-07-05 18:13:24.547 [http-nio-8080-exec-4] DEBUG [traceId=53753898be6a4cbcadc84470092cc1c3 userId= role=] c.k.i.m.SysUserMapper.selectById - ==> Parameters: 21(Long)
2026-07-05 18:13:24.549 [http-nio-8080-exec-4] DEBUG [traceId=53753898be6a4cbcadc84470092cc1c3 userId= role=] c.k.i.m.SysUserMapper.selectById - <==      Total: 1
2026-07-05 18:13:24.552 [http-nio-8080-exec-4] DEBUG [traceId=53753898be6a4cbcadc84470092cc1c3 userId=21 role=1] c.k.i.m.ClassInfoMapper.selectList - ==>  Preparing: SELECT id,class_name,description,status,create_by,create_time,update_by,update_time FROM class_info WHERE (status = ?) ORDER BY class_name ASC
2026-07-05 18:13:24.552 [http-nio-8080-exec-4] DEBUG [traceId=53753898be6a4cbcadc84470092cc1c3 userId=21 role=1] c.k.i.m.ClassInfoMapper.selectList - ==> Parameters: 1(Integer)
2026-07-05 18:13:24.555 [http-nio-8080-exec-4] DEBUG [traceId=53753898be6a4cbcadc84470092cc1c3 userId=21 role=1] c.k.i.m.ClassInfoMapper.selectList - <==      Total: 3
2026-07-05 18:13:24.561 [http-nio-8080-exec-4] INFO  [traceId=53753898be6a4cbcadc84470092cc1c3 userId=21 role=1] com.kg.interceptor.TraceIdFilter - HTTP_REQUEST_END method=GET uri=/class/options status=200 cost=20ms responseBody={"code":200,"message":"查询成功","data":[{"id":8,"className":"1班"},{"id":9,"className":"2班"},{"id":10,"className":"线上学习1班"}]}
2026-07-05 18:13:24.586 [http-nio-8080-exec-5] INFO  [traceId=48944d085b7644f48776e40535342c60 userId= role=] com.kg.interceptor.TraceIdFilter - HTTP_REQUEST_START method=GET uri=/study-phase/calendar query=startDate=2026-07-01&endDate=2026-07-31&classId=8 requestBody= ip=0:0:0:0:0:0:0:1 userAgent=Mozilla/5.0 (Windows NT 10.0; Win64; x64) AppleWebKit/537.36 (KHTML, like Gecko) Chrome/123.0.0.0 Safari/537.36
2026-07-05 18:13:24.592 [http-nio-8080-exec-5] DEBUG [traceId=48944d085b7644f48776e40535342c60 userId= role=] c.k.i.m.SysUserMapper.selectById - ==>  Preparing: SELECT id,account,name,password,role,gender,email,phone,openid,description,teacher_remark,class_id,status,create_by,create_time,update_by,update_time FROM sys_user WHERE id=?
2026-07-05 18:13:24.594 [http-nio-8080-exec-5] DEBUG [traceId=48944d085b7644f48776e40535342c60 userId= role=] c.k.i.m.SysUserMapper.selectById - ==> Parameters: 21(Long)
2026-07-05 18:13:24.597 [http-nio-8080-exec-5] DEBUG [traceId=48944d085b7644f48776e40535342c60 userId= role=] c.k.i.m.SysUserMapper.selectById - <==      Total: 1
2026-07-05 18:13:27.897 [http-nio-8080-exec-5] DEBUG [traceId=48944d085b7644f48776e40535342c60 userId=21 role=1] c.k.i.m.S.selectList - ==>  Preparing: SELECT id,phase_id,class_id,create_time FROM study_phase_class WHERE (class_id = ?)
2026-07-05 18:13:27.898 [http-nio-8080-exec-5] DEBUG [traceId=48944d085b7644f48776e40535342c60 userId=21 role=1] c.k.i.m.S.selectList - ==> Parameters: 8(Long)
2026-07-05 18:13:27.907 [http-nio-8080-exec-5] DEBUG [traceId=48944d085b7644f48776e40535342c60 userId=21 role=1] c.k.i.m.S.selectList - <==      Total: 2
2026-07-05 18:13:27.910 [http-nio-8080-exec-5] DEBUG [traceId=48944d085b7644f48776e40535342c60 userId=21 role=1] c.k.i.m.StudyPhaseMapper.selectList - ==>  Preparing: SELECT id,phase_title,phase_content,start_date,end_date,display_color,status,create_by,create_time,update_by,update_time FROM study_phase WHERE (id IN (?,?) AND status = ? AND start_date <= ? AND end_date >= ?) ORDER BY start_date ASC
2026-07-05 18:13:27.911 [http-nio-8080-exec-5] DEBUG [traceId=48944d085b7644f48776e40535342c60 userId=21 role=1] c.k.i.m.StudyPhaseMapper.selectList - ==> Parameters: 2(Long), 1(Long), 1(Integer), 2026-07-31(LocalDate), 2026-07-01(LocalDate)
2026-07-05 18:13:27.920 [http-nio-8080-exec-5] DEBUG [traceId=48944d085b7644f48776e40535342c60 userId=21 role=1] c.k.i.m.StudyPhaseMapper.selectList - <==      Total: 2
2026-07-05 18:13:27.923 [http-nio-8080-exec-5] DEBUG [traceId=48944d085b7644f48776e40535342c60 userId=21 role=1] c.k.i.m.S.selectList - ==>  Preparing: SELECT id,phase_id,class_id,create_time FROM study_phase_class WHERE (phase_id = ?)
2026-07-05 18:13:27.924 [http-nio-8080-exec-5] DEBUG [traceId=48944d085b7644f48776e40535342c60 userId=21 role=1] c.k.i.m.S.selectList - ==> Parameters: 1(Long)
2026-07-05 18:13:27.927 [http-nio-8080-exec-5] DEBUG [traceId=48944d085b7644f48776e40535342c60 userId=21 role=1] c.k.i.m.S.selectList - <==      Total: 3
2026-07-05 18:13:27.928 [http-nio-8080-exec-5] DEBUG [traceId=48944d085b7644f48776e40535342c60 userId=21 role=1] c.k.i.m.ClassInfoMapper.selectById - ==>  Preparing: SELECT id,class_name,description,status,create_by,create_time,update_by,update_time FROM class_info WHERE id=?
2026-07-05 18:13:27.928 [http-nio-8080-exec-5] DEBUG [traceId=48944d085b7644f48776e40535342c60 userId=21 role=1] c.k.i.m.ClassInfoMapper.selectById - ==> Parameters: 8(Long)
2026-07-05 18:13:27.929 [http-nio-8080-exec-5] DEBUG [traceId=48944d085b7644f48776e40535342c60 userId=21 role=1] c.k.i.m.ClassInfoMapper.selectById - <==      Total: 1
2026-07-05 18:13:27.931 [http-nio-8080-exec-5] DEBUG [traceId=48944d085b7644f48776e40535342c60 userId=21 role=1] c.k.i.m.ClassInfoMapper.selectById - ==>  Preparing: SELECT id,class_name,description,status,create_by,create_time,update_by,update_time FROM class_info WHERE id=?
2026-07-05 18:13:27.931 [http-nio-8080-exec-5] DEBUG [traceId=48944d085b7644f48776e40535342c60 userId=21 role=1] c.k.i.m.ClassInfoMapper.selectById - ==> Parameters: 9(Long)
2026-07-05 18:13:27.933 [http-nio-8080-exec-5] DEBUG [traceId=48944d085b7644f48776e40535342c60 userId=21 role=1] c.k.i.m.ClassInfoMapper.selectById - <==      Total: 1
2026-07-05 18:13:27.933 [http-nio-8080-exec-5] DEBUG [traceId=48944d085b7644f48776e40535342c60 userId=21 role=1] c.k.i.m.ClassInfoMapper.selectById - ==>  Preparing: SELECT id,class_name,description,status,create_by,create_time,update_by,update_time FROM class_info WHERE id=?
2026-07-05 18:13:27.933 [http-nio-8080-exec-5] DEBUG [traceId=48944d085b7644f48776e40535342c60 userId=21 role=1] c.k.i.m.ClassInfoMapper.selectById - ==> Parameters: 10(Long)
2026-07-05 18:13:27.936 [http-nio-8080-exec-5] DEBUG [traceId=48944d085b7644f48776e40535342c60 userId=21 role=1] c.k.i.m.ClassInfoMapper.selectById - <==      Total: 1
2026-07-05 18:13:27.942 [http-nio-8080-exec-5] DEBUG [traceId=48944d085b7644f48776e40535342c60 userId=21 role=1] c.k.i.m.S.selectList - ==>  Preparing: SELECT id,phase_id,class_id,create_time FROM study_phase_class WHERE (phase_id = ?)
2026-07-05 18:13:27.943 [http-nio-8080-exec-5] DEBUG [traceId=48944d085b7644f48776e40535342c60 userId=21 role=1] c.k.i.m.S.selectList - ==> Parameters: 2(Long)
2026-07-05 18:13:27.946 [http-nio-8080-exec-5] DEBUG [traceId=48944d085b7644f48776e40535342c60 userId=21 role=1] c.k.i.m.S.selectList - <==      Total: 1
2026-07-05 18:13:27.947 [http-nio-8080-exec-5] DEBUG [traceId=48944d085b7644f48776e40535342c60 userId=21 role=1] c.k.i.m.ClassInfoMapper.selectById - ==>  Preparing: SELECT id,class_name,description,status,create_by,create_time,update_by,update_time FROM class_info WHERE id=?
2026-07-05 18:13:27.947 [http-nio-8080-exec-5] DEBUG [traceId=48944d085b7644f48776e40535342c60 userId=21 role=1] c.k.i.m.ClassInfoMapper.selectById - ==> Parameters: 8(Long)
2026-07-05 18:13:27.948 [http-nio-8080-exec-5] DEBUG [traceId=48944d085b7644f48776e40535342c60 userId=21 role=1] c.k.i.m.ClassInfoMapper.selectById - <==      Total: 1
2026-07-05 18:13:27.953 [http-nio-8080-exec-5] INFO  [traceId=48944d085b7644f48776e40535342c60 userId=21 role=1] com.kg.interceptor.TraceIdFilter - HTTP_REQUEST_END method=GET uri=/study-phase/calendar status=200 cost=3367ms responseBody={"code":200,"message":"查询成功","data":[{"id":1,"phaseTitle":"测试阶段","phaseContent":"这是一条描述","startDate":"2026-07-01","endDate":"2026-07-03","displayColor":"#ee6262","status":1,"classIds":[8,9,10],"classNames":["1班","2班","线上学习1班"],"createTime":"2026-07-02 21:13:33"},{"id":2,"phaseTitle":"测试阶段2","phaseContent":"这是测试阶段2的描述","startDate":"2026-07-02","endDate":"2026-07-09","displayColor":"#6367d4","status":1,"classIds":[8],"classNames":["1班"],"createTime":"2026-07-02 21:23:49"}]}
2026-07-05 18:19:07.895 [http-nio-8080-exec-9] INFO  [traceId=9568f657a1b6485cad43095aac80d5da userId= role=] com.kg.interceptor.TraceIdFilter - HTTP_REQUEST_START method=GET uri=/dict/ROLE query=null requestBody= ip=0:0:0:0:0:0:0:1 userAgent=Mozilla/5.0 (Windows NT 10.0; Win64; x64) AppleWebKit/537.36 (KHTML, like Gecko) Chrome/123.0.0.0 Safari/537.36
2026-07-05 18:19:07.895 [http-nio-8080-exec-7] INFO  [traceId=6f72ca6c9b72468ea53d3a55d565747f userId= role=] com.kg.interceptor.TraceIdFilter - HTTP_REQUEST_START method=POST uri=/student/page query=null requestBody={"pageNum":1,"pageSize":10} ip=0:0:0:0:0:0:0:1 userAgent=Mozilla/5.0 (Windows NT 10.0; Win64; x64) AppleWebKit/537.36 (KHTML, like Gecko) Chrome/123.0.0.0 Safari/537.36
2026-07-05 18:19:07.895 [http-nio-8080-exec-6] INFO  [traceId=b8c7f81e731649a9a3ecb6b77d9187d9 userId= role=] com.kg.interceptor.TraceIdFilter - HTTP_REQUEST_START method=GET uri=/dict/group/task_type query=null requestBody= ip=0:0:0:0:0:0:0:1 userAgent=Mozilla/5.0 (Windows NT 10.0; Win64; x64) AppleWebKit/537.36 (KHTML, like Gecko) Chrome/123.0.0.0 Safari/537.36
2026-07-05 18:19:07.895 [http-nio-8080-exec-8] INFO  [traceId=3d385868de914aa19a59c880d2cee53f userId= role=] com.kg.interceptor.TraceIdFilter - HTTP_REQUEST_START method=GET uri=/class/options query=null requestBody= ip=0:0:0:0:0:0:0:1 userAgent=Mozilla/5.0 (Windows NT 10.0; Win64; x64) AppleWebKit/537.36 (KHTML, like Gecko) Chrome/123.0.0.0 Safari/537.36
2026-07-05 18:19:07.964 [http-nio-8080-exec-6] DEBUG [traceId=b8c7f81e731649a9a3ecb6b77d9187d9 userId= role=] c.k.i.m.SysUserMapper.selectById - ==>  Preparing: SELECT id,account,name,password,role,gender,email,phone,openid,description,teacher_remark,class_id,status,create_by,create_time,update_by,update_time FROM sys_user WHERE id=?
2026-07-05 18:19:07.964 [http-nio-8080-exec-8] DEBUG [traceId=3d385868de914aa19a59c880d2cee53f userId= role=] c.k.i.m.SysUserMapper.selectById - ==>  Preparing: SELECT id,account,name,password,role,gender,email,phone,openid,description,teacher_remark,class_id,status,create_by,create_time,update_by,update_time FROM sys_user WHERE id=?
2026-07-05 18:19:07.964 [http-nio-8080-exec-9] DEBUG [traceId=9568f657a1b6485cad43095aac80d5da userId= role=] c.k.i.m.SysUserMapper.selectById - ==>  Preparing: SELECT id,account,name,password,role,gender,email,phone,openid,description,teacher_remark,class_id,status,create_by,create_time,update_by,update_time FROM sys_user WHERE id=?
2026-07-05 18:19:07.964 [http-nio-8080-exec-7] DEBUG [traceId=6f72ca6c9b72468ea53d3a55d565747f userId= role=] c.k.i.m.SysUserMapper.selectById - ==>  Preparing: SELECT id,account,name,password,role,gender,email,phone,openid,description,teacher_remark,class_id,status,create_by,create_time,update_by,update_time FROM sys_user WHERE id=?
2026-07-05 18:19:07.968 [http-nio-8080-exec-6] DEBUG [traceId=b8c7f81e731649a9a3ecb6b77d9187d9 userId= role=] c.k.i.m.SysUserMapper.selectById - ==> Parameters: 21(Long)
2026-07-05 18:19:07.968 [http-nio-8080-exec-8] DEBUG [traceId=3d385868de914aa19a59c880d2cee53f userId= role=] c.k.i.m.SysUserMapper.selectById - ==> Parameters: 21(Long)
2026-07-05 18:19:07.968 [http-nio-8080-exec-7] DEBUG [traceId=6f72ca6c9b72468ea53d3a55d565747f userId= role=] c.k.i.m.SysUserMapper.selectById - ==> Parameters: 21(Long)
2026-07-05 18:19:07.968 [http-nio-8080-exec-9] DEBUG [traceId=9568f657a1b6485cad43095aac80d5da userId= role=] c.k.i.m.SysUserMapper.selectById - ==> Parameters: 21(Long)
2026-07-05 18:19:07.992 [http-nio-8080-exec-6] DEBUG [traceId=b8c7f81e731649a9a3ecb6b77d9187d9 userId= role=] c.k.i.m.SysUserMapper.selectById - <==      Total: 1
2026-07-05 18:19:07.992 [http-nio-8080-exec-7] DEBUG [traceId=6f72ca6c9b72468ea53d3a55d565747f userId= role=] c.k.i.m.SysUserMapper.selectById - <==      Total: 1
2026-07-05 18:19:07.993 [http-nio-8080-exec-9] DEBUG [traceId=9568f657a1b6485cad43095aac80d5da userId= role=] c.k.i.m.SysUserMapper.selectById - <==      Total: 1
2026-07-05 18:19:07.993 [http-nio-8080-exec-8] DEBUG [traceId=3d385868de914aa19a59c880d2cee53f userId= role=] c.k.i.m.SysUserMapper.selectById - <==      Total: 1
2026-07-05 18:19:08.006 [http-nio-8080-exec-8] DEBUG [traceId=3d385868de914aa19a59c880d2cee53f userId=21 role=1] c.k.i.m.ClassInfoMapper.selectList - ==>  Preparing: SELECT id,class_name,description,status,create_by,create_time,update_by,update_time FROM class_info WHERE (status = ?) ORDER BY class_name ASC
2026-07-05 18:19:08.010 [http-nio-8080-exec-8] DEBUG [traceId=3d385868de914aa19a59c880d2cee53f userId=21 role=1] c.k.i.m.ClassInfoMapper.selectList - ==> Parameters: 1(Integer)
2026-07-05 18:19:08.023 [http-nio-8080-exec-8] DEBUG [traceId=3d385868de914aa19a59c880d2cee53f userId=21 role=1] c.k.i.m.ClassInfoMapper.selectList - <==      Total: 3
2026-07-05 18:19:08.026 [http-nio-8080-exec-9] DEBUG [traceId=9568f657a1b6485cad43095aac80d5da userId=21 role=1] c.k.i.mapper.DictMapper.selectList - ==>  Preparing: SELECT id,dict_code,dict_name,dict_label,dict_value,display_color,sort_no,status,create_by,create_time,update_by,update_time FROM sys_dict WHERE (dict_code = ? AND status = ?) ORDER BY sort_no ASC
2026-07-05 18:19:08.026 [http-nio-8080-exec-9] DEBUG [traceId=9568f657a1b6485cad43095aac80d5da userId=21 role=1] c.k.i.mapper.DictMapper.selectList - ==> Parameters: ROLE(String), 1(Integer)
2026-07-05 18:19:08.028 [http-nio-8080-exec-8] INFO  [traceId=3d385868de914aa19a59c880d2cee53f userId=21 role=1] com.kg.interceptor.TraceIdFilter - HTTP_REQUEST_END method=GET uri=/class/options status=200 cost=134ms responseBody={"code":200,"message":"查询成功","data":[{"id":8,"className":"1班"},{"id":9,"className":"2班"},{"id":10,"className":"线上学习1班"}]}
2026-07-05 18:19:08.045 [http-nio-8080-exec-9] DEBUG [traceId=9568f657a1b6485cad43095aac80d5da userId=21 role=1] c.k.i.mapper.DictMapper.selectList - <==      Total: 3
2026-07-05 18:19:08.046 [http-nio-8080-exec-6] DEBUG [traceId=b8c7f81e731649a9a3ecb6b77d9187d9 userId=21 role=1] c.k.i.mapper.DictMapper.selectList - ==>  Preparing: SELECT id,dict_code,dict_name,dict_label,dict_value,display_color,sort_no,status,create_by,create_time,update_by,update_time FROM sys_dict WHERE (dict_code = ?) ORDER BY sort_no ASC
2026-07-05 18:19:08.047 [http-nio-8080-exec-6] DEBUG [traceId=b8c7f81e731649a9a3ecb6b77d9187d9 userId=21 role=1] c.k.i.mapper.DictMapper.selectList - ==> Parameters: task_type(String)
2026-07-05 18:19:08.051 [http-nio-8080-exec-9] INFO  [traceId=9568f657a1b6485cad43095aac80d5da userId=21 role=1] com.kg.interceptor.TraceIdFilter - HTTP_REQUEST_END method=GET uri=/dict/ROLE status=200 cost=157ms responseBody={"code":200,"message":"查询成功","data":[{"value":"1","label":"老师"},{"value":"2","label":"班长"},{"value":"3","label":"学生"}]}
2026-07-05 18:19:08.055 [http-nio-8080-exec-6] DEBUG [traceId=b8c7f81e731649a9a3ecb6b77d9187d9 userId=21 role=1] c.k.i.mapper.DictMapper.selectList - <==      Total: 4
2026-07-05 18:19:08.059 [http-nio-8080-exec-7] DEBUG [traceId=6f72ca6c9b72468ea53d3a55d565747f userId=21 role=1] c.k.i.m.SysUserMapper.selectCount - ==>  Preparing: SELECT COUNT( * ) AS total FROM sys_user WHERE (role IN (?,?,?))
2026-07-05 18:19:08.059 [http-nio-8080-exec-7] DEBUG [traceId=6f72ca6c9b72468ea53d3a55d565747f userId=21 role=1] c.k.i.m.SysUserMapper.selectCount - ==> Parameters: 1(String), 2(String), 3(String)
2026-07-05 18:19:08.064 [http-nio-8080-exec-7] DEBUG [traceId=6f72ca6c9b72468ea53d3a55d565747f userId=21 role=1] c.k.i.m.SysUserMapper.selectCount - <==      Total: 1
2026-07-05 18:19:08.067 [http-nio-8080-exec-6] INFO  [traceId=b8c7f81e731649a9a3ecb6b77d9187d9 userId=21 role=1] com.kg.interceptor.TraceIdFilter - HTTP_REQUEST_END method=GET uri=/dict/group/task_type status=200 cost=173ms responseBody={"code":200,"message":"查询成功","data":{"dictCode":"task_type","dictName":"任务类型","items":[{"dictValue":"0","dictLabel":"刷题","sortNo":0,"status":1,"displayColor":"#ff6f00"},{"dictValue":"1","dictLabel":"学习","sortNo":1,"status":1,"displayColor":"#f7ff00"},{"dictValue":"2","dictLabel":"打卡","sortNo":2,"status":1,"displayColor":"#66ff00"},{"dictValue":"3","dictLabel":"每日复盘","sortNo":3,"status":1,"displayColor":"#00bfff"}]}}
2026-07-05 18:19:08.067 [http-nio-8080-exec-7] DEBUG [traceId=6f72ca6c9b72468ea53d3a55d565747f userId=21 role=1] c.k.i.m.SysUserMapper.selectList - ==>  Preparing: SELECT id,account,name,password,role,gender,email,phone,openid,description,teacher_remark,class_id,status,create_by,create_time,update_by,update_time FROM sys_user WHERE (role IN (?,?,?)) ORDER BY id DESC LIMIT 0,10
2026-07-05 18:19:08.068 [http-nio-8080-exec-7] DEBUG [traceId=6f72ca6c9b72468ea53d3a55d565747f userId=21 role=1] c.k.i.m.SysUserMapper.selectList - ==> Parameters: 1(String), 2(String), 3(String)
2026-07-05 18:19:08.070 [http-nio-8080-exec-7] DEBUG [traceId=6f72ca6c9b72468ea53d3a55d565747f userId=21 role=1] c.k.i.m.SysUserMapper.selectList - <==      Total: 10
2026-07-05 18:19:08.076 [http-nio-8080-exec-7] INFO  [traceId=6f72ca6c9b72468ea53d3a55d565747f userId=21 role=1] com.kg.interceptor.TraceIdFilter - HTTP_REQUEST_END method=POST uri=/student/page status=200 cost=182ms responseBody={"code":200,"message":"查询成功","data":{"total":13,"list":[{"id":33,"name":"五四","role":"3","phone":"18135257653","classId":10,"gender":1,"email":"","status":1,"teacherRemark":"此人资料分析很强","createTime":"2026-07-02 17:26:00"},{"id":32,"name":"11","role":"3","phone":"123","classId":8,"gender":1,"email":"","status":1,"teacherRemark":null,"createTime":"2026-06-12 23:07:07"},{"id":31,"name":"11","role":"3","phone":"111122223333","classId":8,"gender":1,"email":"","status":1,"teacherRemark":null,"createTime":"2026-06-12 23:00:58"},{"id":30,"name":"测试新增用户任务","role":"3","phone":"13233571111","classId":8,"gender":1,"email":"","status":1,"teacherRemark":null,"createTime":"2026-06-12 22:58:24"},{"id":29,"name":"杨少伟","role":"2","phone":"18295917653","classId":8,"gender":1,"email":"2739244843@qq.com","status":1,"teacherRemark":"资料不行","createTime":"2026-06-08 10:51:02"},{"id":28,"name":"赵八","role":"2","phone":"17200615566","classId":8,"gender":1,"email":"","status":1,"teacherRemark":null,"createTime":"2026-06-01 00:25:25"},{"id":27,"name":"赵七","role":"2","phone":"17200615565","classId":null,"gender":1,"email":null,"status":1,"teacherRemark":null,"createTime":"2026-06-01 00:22:14"},{"id":26,"name":"赵六","role":"2","phone":"17200615564","classId":9,"gender":1,"email":null,"status":1,"teacherRemark":null,"createTime":"2026-06-01 00:14:23"},{"id":25,"name":"王五","role":"3","phone":"17200615560","classId":8,"gender":1,"email":"","status":1,"teacherRemark":"这是老师的备注","createTime":"2026-06-01 00:13:01"},{"id":24,"name":"李四","role":"3","phone":"17200615561","classId":9,"gender":2,"email":"","status":1,"teacherRemark":null,"createTime":"2026-06-01 00:12:50"}]}}
2026-07-05 18:19:33.833 [http-nio-8080-exec-10] INFO  [traceId=1eb7cf837ed7451d9c751ddc5fcbae34 userId= role=] com.kg.interceptor.TraceIdFilter - HTTP_REQUEST_START method=POST uri=/auth/login query=null requestBody={"account":"18295917653","password":"123456"} ip=0:0:0:0:0:0:0:1 userAgent=Mozilla/5.0 (Windows NT 10.0; Win64; x64) AppleWebKit/537.36 (KHTML, like Gecko) Chrome/123.0.0.0 Safari/537.36
2026-07-05 18:19:33.840 [http-nio-8080-exec-10] DEBUG [traceId=1eb7cf837ed7451d9c751ddc5fcbae34 userId= role=] c.k.i.m.SysUserMapper.selectList - ==>  Preparing: SELECT id,account,name,password,role,gender,email,phone,openid,description,teacher_remark,class_id,status,create_by,create_time,update_by,update_time FROM sys_user WHERE (account = ?)
2026-07-05 18:19:33.840 [http-nio-8080-exec-10] DEBUG [traceId=1eb7cf837ed7451d9c751ddc5fcbae34 userId= role=] c.k.i.m.SysUserMapper.selectList - ==> Parameters: 18295917653(String)
2026-07-05 18:19:33.844 [http-nio-8080-exec-10] DEBUG [traceId=1eb7cf837ed7451d9c751ddc5fcbae34 userId= role=] c.k.i.m.SysUserMapper.selectList - <==      Total: 1
2026-07-05 18:19:33.918 [http-nio-8080-exec-10] DEBUG [traceId=1eb7cf837ed7451d9c751ddc5fcbae34 userId= role=] c.k.i.m.ClassInfoMapper.selectById - ==>  Preparing: SELECT id,class_name,description,status,create_by,create_time,update_by,update_time FROM class_info WHERE id=?
2026-07-05 18:19:33.918 [http-nio-8080-exec-10] DEBUG [traceId=1eb7cf837ed7451d9c751ddc5fcbae34 userId= role=] c.k.i.m.ClassInfoMapper.selectById - ==> Parameters: 8(Long)
2026-07-05 18:19:33.920 [http-nio-8080-exec-10] DEBUG [traceId=1eb7cf837ed7451d9c751ddc5fcbae34 userId= role=] c.k.i.m.ClassInfoMapper.selectById - <==      Total: 1
2026-07-05 18:19:33.923 [http-nio-8080-exec-10] INFO  [traceId=1eb7cf837ed7451d9c751ddc5fcbae34 userId= role=] c.k.a.service.AuthApplicationService - 登录成功: userId=29, account=18295917653, role=2
2026-07-05 18:19:33.925 [http-nio-8080-exec-10] INFO  [traceId=1eb7cf837ed7451d9c751ddc5fcbae34 userId= role=] com.kg.interceptor.TraceIdFilter - HTTP_REQUEST_END method=POST uri=/auth/login status=200 cost=92ms responseBody={"code":200,"message":"登录成功","data":{"token":"eyJhbGciOiJIUzI1NiJ9.eyJyb2xlIjoiMiIsInN1YiI6IjI5IiwiaWF0IjoxNzgzMjQ2NzczLCJleHAiOjE3ODMzMzMxNzN9.tJxUFky6iAjrsRRQy6M0UpYy3JRyJxxBs_cJY378yc8","userId":29,"account":"18295917653","name":"杨少伟","role":"2","classId":8,"className":"1班"}}
2026-07-05 18:19:34.176 [http-nio-8080-exec-1] INFO  [traceId=cf499de517b54a1ba184ea40d6f39743 userId= role=] com.kg.interceptor.TraceIdFilter - HTTP_REQUEST_START method=GET uri=/home/stat query=null requestBody= ip=0:0:0:0:0:0:0:1 userAgent=Mozilla/5.0 (Windows NT 10.0; Win64; x64) AppleWebKit/537.36 (KHTML, like Gecko) Chrome/123.0.0.0 Safari/537.36
2026-07-05 18:19:34.176 [http-nio-8080-exec-3] INFO  [traceId=cb12598859bd45c3b9e94838aa29686f userId= role=] com.kg.interceptor.TraceIdFilter - HTTP_REQUEST_START method=GET uri=/notification/unread-count query=null requestBody= ip=0:0:0:0:0:0:0:1 userAgent=Mozilla/5.0 (Windows NT 10.0; Win64; x64) AppleWebKit/537.36 (KHTML, like Gecko) Chrome/123.0.0.0 Safari/537.36
2026-07-05 18:19:34.183 [http-nio-8080-exec-1] DEBUG [traceId=cf499de517b54a1ba184ea40d6f39743 userId= role=] c.k.i.m.SysUserMapper.selectById - ==>  Preparing: SELECT id,account,name,password,role,gender,email,phone,openid,description,teacher_remark,class_id,status,create_by,create_time,update_by,update_time FROM sys_user WHERE id=?
2026-07-05 18:19:34.183 [http-nio-8080-exec-3] DEBUG [traceId=cb12598859bd45c3b9e94838aa29686f userId= role=] c.k.i.m.SysUserMapper.selectById - ==>  Preparing: SELECT id,account,name,password,role,gender,email,phone,openid,description,teacher_remark,class_id,status,create_by,create_time,update_by,update_time FROM sys_user WHERE id=?
2026-07-05 18:19:34.183 [http-nio-8080-exec-1] DEBUG [traceId=cf499de517b54a1ba184ea40d6f39743 userId= role=] c.k.i.m.SysUserMapper.selectById - ==> Parameters: 29(Long)
2026-07-05 18:19:34.183 [http-nio-8080-exec-3] DEBUG [traceId=cb12598859bd45c3b9e94838aa29686f userId= role=] c.k.i.m.SysUserMapper.selectById - ==> Parameters: 29(Long)
2026-07-05 18:19:34.185 [http-nio-8080-exec-1] DEBUG [traceId=cf499de517b54a1ba184ea40d6f39743 userId= role=] c.k.i.m.SysUserMapper.selectById - <==      Total: 1
2026-07-05 18:19:34.185 [http-nio-8080-exec-3] DEBUG [traceId=cb12598859bd45c3b9e94838aa29686f userId= role=] c.k.i.m.SysUserMapper.selectById - <==      Total: 1
2026-07-05 18:19:34.187 [http-nio-8080-exec-1] DEBUG [traceId=cf499de517b54a1ba184ea40d6f39743 userId=29 role=2] c.k.i.m.H.countCurrentTasksForHeadmaster - ==>  Preparing: SELECT COUNT(*) FROM task WHERE task_start_time <= NOW() AND task_end_time >= NOW() AND create_by = ?
2026-07-05 18:19:34.187 [http-nio-8080-exec-1] DEBUG [traceId=cf499de517b54a1ba184ea40d6f39743 userId=29 role=2] c.k.i.m.H.countCurrentTasksForHeadmaster - ==> Parameters: 29(Long)
2026-07-05 18:19:34.189 [http-nio-8080-exec-3] DEBUG [traceId=cb12598859bd45c3b9e94838aa29686f userId=29 role=2] c.k.i.m.N.selectCount - ==>  Preparing: SELECT COUNT( * ) AS total FROM notification_message WHERE (user_id = ? AND is_read = ? AND status = ? AND notify_time <= ?)
2026-07-05 18:19:34.190 [http-nio-8080-exec-3] DEBUG [traceId=cb12598859bd45c3b9e94838aa29686f userId=29 role=2] c.k.i.m.N.selectCount - ==> Parameters: 29(Long), 0(Integer), 0(String), 2026-07-05T18:19:34.187(LocalDateTime)
2026-07-05 18:19:34.191 [http-nio-8080-exec-1] DEBUG [traceId=cf499de517b54a1ba184ea40d6f39743 userId=29 role=2] c.k.i.m.H.countCurrentTasksForHeadmaster - <==      Total: 1
2026-07-05 18:19:34.192 [http-nio-8080-exec-1] DEBUG [traceId=cf499de517b54a1ba184ea40d6f39743 userId=29 role=2] c.k.i.m.H.countForceTasksForHeadmaster - ==>  Preparing: SELECT COUNT(*) FROM task WHERE is_mandatory = 1 AND create_by = ?
2026-07-05 18:19:34.193 [http-nio-8080-exec-1] DEBUG [traceId=cf499de517b54a1ba184ea40d6f39743 userId=29 role=2] c.k.i.m.H.countForceTasksForHeadmaster - ==> Parameters: 29(Long)
2026-07-05 18:19:34.194 [http-nio-8080-exec-1] DEBUG [traceId=cf499de517b54a1ba184ea40d6f39743 userId=29 role=2] c.k.i.m.H.countForceTasksForHeadmaster - <==      Total: 1
2026-07-05 18:19:34.196 [http-nio-8080-exec-1] DEBUG [traceId=cf499de517b54a1ba184ea40d6f39743 userId=29 role=2] c.k.i.m.H.countTotalTasksForHeadmaster - ==>  Preparing: SELECT COUNT(*) FROM task WHERE create_by = ?
2026-07-05 18:19:34.196 [http-nio-8080-exec-1] DEBUG [traceId=cf499de517b54a1ba184ea40d6f39743 userId=29 role=2] c.k.i.m.H.countTotalTasksForHeadmaster - ==> Parameters: 29(Long)
2026-07-05 18:19:34.197 [http-nio-8080-exec-1] DEBUG [traceId=cf499de517b54a1ba184ea40d6f39743 userId=29 role=2] c.k.i.m.H.countTotalTasksForHeadmaster - <==      Total: 1
2026-07-05 18:19:34.198 [http-nio-8080-exec-3] DEBUG [traceId=cb12598859bd45c3b9e94838aa29686f userId=29 role=2] c.k.i.m.N.selectCount - <==      Total: 1
2026-07-05 18:19:34.199 [http-nio-8080-exec-1] DEBUG [traceId=cf499de517b54a1ba184ea40d6f39743 userId=29 role=2] c.k.i.m.H.completionStatsForHeadmaster - ==>  Preparing: SELECT COUNT(*) AS total, SUM(CASE WHEN tu.status = '1' THEN 1 ELSE 0 END) AS completed, SUM(CASE WHEN tu.status = '0' THEN 1 ELSE 0 END) AS uncompleted FROM task_user tu JOIN task t ON t.id = tu.task_id WHERE t.create_by = ?
2026-07-05 18:19:34.199 [http-nio-8080-exec-1] DEBUG [traceId=cf499de517b54a1ba184ea40d6f39743 userId=29 role=2] c.k.i.m.H.completionStatsForHeadmaster - ==> Parameters: 29(Long)
2026-07-05 18:19:34.199 [http-nio-8080-exec-3] INFO  [traceId=cb12598859bd45c3b9e94838aa29686f userId=29 role=2] com.kg.interceptor.TraceIdFilter - HTTP_REQUEST_END method=GET uri=/notification/unread-count status=200 cost=23ms responseBody={"code":200,"message":"查询成功","data":9}
2026-07-05 18:19:34.203 [http-nio-8080-exec-1] DEBUG [traceId=cf499de517b54a1ba184ea40d6f39743 userId=29 role=2] c.k.i.m.H.completionStatsForHeadmaster - <==      Total: 1
2026-07-05 18:19:34.204 [http-nio-8080-exec-1] DEBUG [traceId=cf499de517b54a1ba184ea40d6f39743 userId=29 role=2] c.k.i.m.H.lowCompletedTop3ForHeadmaster - ==>  Preparing: SELECT t.id AS task_id, t.task_name, t.task_end_time AS end_time, COUNT(*) AS total, SUM(CASE WHEN tu.status = '1' THEN 1 ELSE 0 END) AS completed, SUM(CASE WHEN tu.status = '0' THEN 1 ELSE 0 END) AS uncompleted FROM task t JOIN task_user tu ON tu.task_id = t.id WHERE t.create_by = ? GROUP BY t.id, t.task_name, t.task_end_time ORDER BY (SUM(CASE WHEN tu.status = '1' THEN 1 ELSE 0 END) * 1.0 / COUNT(*)) ASC LIMIT 3
2026-07-05 18:19:34.204 [http-nio-8080-exec-1] DEBUG [traceId=cf499de517b54a1ba184ea40d6f39743 userId=29 role=2] c.k.i.m.H.lowCompletedTop3ForHeadmaster - ==> Parameters: 29(Long)
2026-07-05 18:19:34.214 [http-nio-8080-exec-1] DEBUG [traceId=cf499de517b54a1ba184ea40d6f39743 userId=29 role=2] c.k.i.m.H.lowCompletedTop3ForHeadmaster - <==      Total: 3
2026-07-05 18:19:34.218 [http-nio-8080-exec-1] INFO  [traceId=cf499de517b54a1ba184ea40d6f39743 userId=29 role=2] com.kg.interceptor.TraceIdFilter - HTTP_REQUEST_END method=GET uri=/home/stat status=200 cost=40ms responseBody={"code":200,"message":"查询成功","data":{"currentTaskCount":1,"forceTaskCount":14,"totalTaskCount":14,"completedTaskUserCount":5,"unCompletedTaskUserCount":61,"completedRate":8,"lowCompletedTasks":[{"taskId":43,"taskName":"测试颜色1","totalUserCount":4,"completedUserCount":0,"unCompletedUserCount":4,"completedRate":0,"endTime":"2026-06-13T23:59:59"},{"taskId":47,"taskName":"222","totalUserCount":5,"completedUserCount":0,"unCompletedUserCount":5,"completedRate":0,"endTime":"2026-06-13T23:59:59"},{"taskId":68,"taskName":"班长创建任务","totalUserCount":7,"completedUserCount":0,"unCompletedUserCount":7,"completedRate":0,"endTime":"2026-07-22T23:59:59"}]}}
2026-07-05 18:19:34.673 [http-nio-8080-exec-2] INFO  [traceId=1c8ce787267d43d290be3ce0aa5f5992 userId= role=] com.kg.interceptor.TraceIdFilter - HTTP_REQUEST_START method=GET uri=/student/checkin/stat query=null requestBody= ip=0:0:0:0:0:0:0:1 userAgent=Mozilla/5.0 (Windows NT 10.0; Win64; x64) AppleWebKit/537.36 (KHTML, like Gecko) Chrome/123.0.0.0 Safari/537.36
2026-07-05 18:19:34.680 [http-nio-8080-exec-2] DEBUG [traceId=1c8ce787267d43d290be3ce0aa5f5992 userId= role=] c.k.i.m.SysUserMapper.selectById - ==>  Preparing: SELECT id,account,name,password,role,gender,email,phone,openid,description,teacher_remark,class_id,status,create_by,create_time,update_by,update_time FROM sys_user WHERE id=?
2026-07-05 18:19:34.682 [http-nio-8080-exec-2] DEBUG [traceId=1c8ce787267d43d290be3ce0aa5f5992 userId= role=] c.k.i.m.SysUserMapper.selectById - ==> Parameters: 29(Long)
2026-07-05 18:19:34.684 [http-nio-8080-exec-2] DEBUG [traceId=1c8ce787267d43d290be3ce0aa5f5992 userId= role=] c.k.i.m.SysUserMapper.selectById - <==      Total: 1
2026-07-05 18:19:34.687 [http-nio-8080-exec-2] DEBUG [traceId=1c8ce787267d43d290be3ce0aa5f5992 userId=29 role=2] c.k.i.m.S.findCheckinDates - ==>  Preparing: SELECT DISTINCT DATE(t.task_start_time) AS checkinDate FROM task_user tu JOIN task t ON t.id = tu.task_id WHERE tu.user_id = ? AND t.task_type = ? AND tu.status = '1' ORDER BY checkinDate DESC
2026-07-05 18:19:34.688 [http-nio-8080-exec-2] DEBUG [traceId=1c8ce787267d43d290be3ce0aa5f5992 userId=29 role=2] c.k.i.m.S.findCheckinDates - ==> Parameters: 29(Long), 2(String)
2026-07-05 18:19:34.694 [http-nio-8080-exec-2] DEBUG [traceId=1c8ce787267d43d290be3ce0aa5f5992 userId=29 role=2] c.k.i.m.S.findCheckinDates - <==      Total: 11
2026-07-05 18:19:34.700 [http-nio-8080-exec-2] INFO  [traceId=1c8ce787267d43d290be3ce0aa5f5992 userId=29 role=2] com.kg.interceptor.TraceIdFilter - HTTP_REQUEST_END method=GET uri=/student/checkin/stat status=200 cost=28ms responseBody={"code":200,"message":"查询成功","data":{"continuousDays":0,"monthCheckinCount":3,"todayChecked":false}}
2026-07-05 18:19:34.722 [http-nio-8080-exec-4] INFO  [traceId=9d1fc5ab5bf24bccbfe52ce752a40bd8 userId= role=] com.kg.interceptor.TraceIdFilter - HTTP_REQUEST_START method=GET uri=/dict/group/task_type query=null requestBody= ip=0:0:0:0:0:0:0:1 userAgent=Mozilla/5.0 (Windows NT 10.0; Win64; x64) AppleWebKit/537.36 (KHTML, like Gecko) Chrome/123.0.0.0 Safari/537.36
2026-07-05 18:19:34.730 [http-nio-8080-exec-4] DEBUG [traceId=9d1fc5ab5bf24bccbfe52ce752a40bd8 userId= role=] c.k.i.m.SysUserMapper.selectById - ==>  Preparing: SELECT id,account,name,password,role,gender,email,phone,openid,description,teacher_remark,class_id,status,create_by,create_time,update_by,update_time FROM sys_user WHERE id=?
2026-07-05 18:19:34.732 [http-nio-8080-exec-4] DEBUG [traceId=9d1fc5ab5bf24bccbfe52ce752a40bd8 userId= role=] c.k.i.m.SysUserMapper.selectById - ==> Parameters: 29(Long)
2026-07-05 18:19:34.733 [http-nio-8080-exec-4] DEBUG [traceId=9d1fc5ab5bf24bccbfe52ce752a40bd8 userId= role=] c.k.i.m.SysUserMapper.selectById - <==      Total: 1
2026-07-05 18:19:34.736 [http-nio-8080-exec-4] DEBUG [traceId=9d1fc5ab5bf24bccbfe52ce752a40bd8 userId=29 role=2] c.k.i.mapper.DictMapper.selectList - ==>  Preparing: SELECT id,dict_code,dict_name,dict_label,dict_value,display_color,sort_no,status,create_by,create_time,update_by,update_time FROM sys_dict WHERE (dict_code = ?) ORDER BY sort_no ASC
2026-07-05 18:19:34.736 [http-nio-8080-exec-4] DEBUG [traceId=9d1fc5ab5bf24bccbfe52ce752a40bd8 userId=29 role=2] c.k.i.mapper.DictMapper.selectList - ==> Parameters: task_type(String)
2026-07-05 18:19:34.738 [http-nio-8080-exec-4] DEBUG [traceId=9d1fc5ab5bf24bccbfe52ce752a40bd8 userId=29 role=2] c.k.i.mapper.DictMapper.selectList - <==      Total: 4
2026-07-05 18:19:34.740 [http-nio-8080-exec-4] INFO  [traceId=9d1fc5ab5bf24bccbfe52ce752a40bd8 userId=29 role=2] com.kg.interceptor.TraceIdFilter - HTTP_REQUEST_END method=GET uri=/dict/group/task_type status=200 cost=18ms responseBody={"code":200,"message":"查询成功","data":{"dictCode":"task_type","dictName":"任务类型","items":[{"dictValue":"0","dictLabel":"刷题","sortNo":0,"status":1,"displayColor":"#ff6f00"},{"dictValue":"1","dictLabel":"学习","sortNo":1,"status":1,"displayColor":"#f7ff00"},{"dictValue":"2","dictLabel":"打卡","sortNo":2,"status":1,"displayColor":"#66ff00"},{"dictValue":"3","dictLabel":"每日复盘","sortNo":3,"status":1,"displayColor":"#00bfff"}]}}
2026-07-05 18:19:34.758 [http-nio-8080-exec-5] INFO  [traceId=047c6a540a4e46eeb27ac5ae71f2aaf0 userId= role=] com.kg.interceptor.TraceIdFilter - HTTP_REQUEST_START method=POST uri=/my-task/list query=null requestBody={"pageNum":1,"pageSize":500,"status":"1"} ip=0:0:0:0:0:0:0:1 userAgent=Mozilla/5.0 (Windows NT 10.0; Win64; x64) AppleWebKit/537.36 (KHTML, like Gecko) Chrome/123.0.0.0 Safari/537.36
2026-07-05 18:19:34.758 [http-nio-8080-exec-6] INFO  [traceId=9c524303ef464d3694210c412e7d626f userId= role=] com.kg.interceptor.TraceIdFilter - HTTP_REQUEST_START method=GET uri=/study-phase/calendar query=startDate=2026-07-01&endDate=2026-07-31&classId=8 requestBody= ip=0:0:0:0:0:0:0:1 userAgent=Mozilla/5.0 (Windows NT 10.0; Win64; x64) AppleWebKit/537.36 (KHTML, like Gecko) Chrome/123.0.0.0 Safari/537.36
2026-07-05 18:19:34.758 [http-nio-8080-exec-8] INFO  [traceId=01436221b4654926859692bb91c3ab2b userId= role=] com.kg.interceptor.TraceIdFilter - HTTP_REQUEST_START method=POST uri=/my-task/list query=null requestBody={"pageNum":1,"pageSize":5,"status":"1","finishTimeStart":"2026-07-05 00:00:00","finishTimeEnd":"2026-07-05 23:59:59"} ip=0:0:0:0:0:0:0:1 userAgent=Mozilla/5.0 (Windows NT 10.0; Win64; x64) AppleWebKit/537.36 (KHTML, like Gecko) Chrome/123.0.0.0 Safari/537.36
2026-07-05 18:19:34.759 [http-nio-8080-exec-9] INFO  [traceId=0057268a895f482f98ca494c693c7e56 userId= role=] com.kg.interceptor.TraceIdFilter - HTTP_REQUEST_START method=POST uri=/my-task/list query=null requestBody={"pageNum":1,"pageSize":5,"status":"0","startTimeEnd":"2026-07-05"} ip=0:0:0:0:0:0:0:1 userAgent=Mozilla/5.0 (Windows NT 10.0; Win64; x64) AppleWebKit/537.36 (KHTML, like Gecko) Chrome/123.0.0.0 Safari/537.36
2026-07-05 18:19:34.765 [http-nio-8080-exec-6] DEBUG [traceId=9c524303ef464d3694210c412e7d626f userId= role=] c.k.i.m.SysUserMapper.selectById - ==>  Preparing: SELECT id,account,name,password,role,gender,email,phone,openid,description,teacher_remark,class_id,status,create_by,create_time,update_by,update_time FROM sys_user WHERE id=?
2026-07-05 18:19:34.765 [http-nio-8080-exec-5] DEBUG [traceId=047c6a540a4e46eeb27ac5ae71f2aaf0 userId= role=] c.k.i.m.SysUserMapper.selectById - ==>  Preparing: SELECT id,account,name,password,role,gender,email,phone,openid,description,teacher_remark,class_id,status,create_by,create_time,update_by,update_time FROM sys_user WHERE id=?
2026-07-05 18:19:34.767 [http-nio-8080-exec-8] DEBUG [traceId=01436221b4654926859692bb91c3ab2b userId= role=] c.k.i.m.SysUserMapper.selectById - ==>  Preparing: SELECT id,account,name,password,role,gender,email,phone,openid,description,teacher_remark,class_id,status,create_by,create_time,update_by,update_time FROM sys_user WHERE id=?
2026-07-05 18:19:34.767 [http-nio-8080-exec-6] DEBUG [traceId=9c524303ef464d3694210c412e7d626f userId= role=] c.k.i.m.SysUserMapper.selectById - ==> Parameters: 29(Long)
2026-07-05 18:19:34.767 [http-nio-8080-exec-9] DEBUG [traceId=0057268a895f482f98ca494c693c7e56 userId= role=] c.k.i.m.SysUserMapper.selectById - ==>  Preparing: SELECT id,account,name,password,role,gender,email,phone,openid,description,teacher_remark,class_id,status,create_by,create_time,update_by,update_time FROM sys_user WHERE id=?
2026-07-05 18:19:34.768 [http-nio-8080-exec-8] DEBUG [traceId=01436221b4654926859692bb91c3ab2b userId= role=] c.k.i.m.SysUserMapper.selectById - ==> Parameters: 29(Long)
2026-07-05 18:19:34.768 [http-nio-8080-exec-9] DEBUG [traceId=0057268a895f482f98ca494c693c7e56 userId= role=] c.k.i.m.SysUserMapper.selectById - ==> Parameters: 29(Long)
2026-07-05 18:19:34.767 [http-nio-8080-exec-5] DEBUG [traceId=047c6a540a4e46eeb27ac5ae71f2aaf0 userId= role=] c.k.i.m.SysUserMapper.selectById - ==> Parameters: 29(Long)
2026-07-05 18:19:34.769 [http-nio-8080-exec-5] DEBUG [traceId=047c6a540a4e46eeb27ac5ae71f2aaf0 userId= role=] c.k.i.m.SysUserMapper.selectById - <==      Total: 1
2026-07-05 18:19:34.769 [http-nio-8080-exec-8] DEBUG [traceId=01436221b4654926859692bb91c3ab2b userId= role=] c.k.i.m.SysUserMapper.selectById - <==      Total: 1
2026-07-05 18:19:34.770 [http-nio-8080-exec-9] DEBUG [traceId=0057268a895f482f98ca494c693c7e56 userId= role=] c.k.i.m.SysUserMapper.selectById - <==      Total: 1
2026-07-05 18:19:34.770 [http-nio-8080-exec-6] DEBUG [traceId=9c524303ef464d3694210c412e7d626f userId= role=] c.k.i.m.SysUserMapper.selectById - <==      Total: 1
2026-07-05 18:19:34.778 [http-nio-8080-exec-6] DEBUG [traceId=9c524303ef464d3694210c412e7d626f userId=29 role=2] c.k.i.m.S.selectList - ==>  Preparing: SELECT id,phase_id,class_id,create_time FROM study_phase_class WHERE (class_id = ?)
2026-07-05 18:19:34.779 [http-nio-8080-exec-6] DEBUG [traceId=9c524303ef464d3694210c412e7d626f userId=29 role=2] c.k.i.m.S.selectList - ==> Parameters: 8(Long)
2026-07-05 18:19:34.789 [http-nio-8080-exec-6] DEBUG [traceId=9c524303ef464d3694210c412e7d626f userId=29 role=2] c.k.i.m.S.selectList - <==      Total: 2
2026-07-05 18:19:34.795 [http-nio-8080-exec-6] DEBUG [traceId=9c524303ef464d3694210c412e7d626f userId=29 role=2] c.k.i.m.StudyPhaseMapper.selectList - ==>  Preparing: SELECT id,phase_title,phase_content,start_date,end_date,display_color,status,create_by,create_time,update_by,update_time FROM study_phase WHERE (id IN (?,?) AND status = ? AND start_date <= ? AND end_date >= ?) ORDER BY start_date ASC
2026-07-05 18:19:34.795 [http-nio-8080-exec-6] DEBUG [traceId=9c524303ef464d3694210c412e7d626f userId=29 role=2] c.k.i.m.StudyPhaseMapper.selectList - ==> Parameters: 2(Long), 1(Long), 1(Integer), 2026-07-31(LocalDate), 2026-07-01(LocalDate)
2026-07-05 18:19:34.805 [http-nio-8080-exec-6] DEBUG [traceId=9c524303ef464d3694210c412e7d626f userId=29 role=2] c.k.i.m.StudyPhaseMapper.selectList - <==      Total: 2
2026-07-05 18:19:34.808 [http-nio-8080-exec-6] DEBUG [traceId=9c524303ef464d3694210c412e7d626f userId=29 role=2] c.k.i.m.S.selectList - ==>  Preparing: SELECT id,phase_id,class_id,create_time FROM study_phase_class WHERE (phase_id = ?)
2026-07-05 18:19:34.809 [http-nio-8080-exec-6] DEBUG [traceId=9c524303ef464d3694210c412e7d626f userId=29 role=2] c.k.i.m.S.selectList - ==> Parameters: 1(Long)
2026-07-05 18:19:34.811 [http-nio-8080-exec-6] DEBUG [traceId=9c524303ef464d3694210c412e7d626f userId=29 role=2] c.k.i.m.S.selectList - <==      Total: 3
2026-07-05 18:19:34.812 [http-nio-8080-exec-6] DEBUG [traceId=9c524303ef464d3694210c412e7d626f userId=29 role=2] c.k.i.m.ClassInfoMapper.selectById - ==>  Preparing: SELECT id,class_name,description,status,create_by,create_time,update_by,update_time FROM class_info WHERE id=?
2026-07-05 18:19:34.812 [http-nio-8080-exec-6] DEBUG [traceId=9c524303ef464d3694210c412e7d626f userId=29 role=2] c.k.i.m.ClassInfoMapper.selectById - ==> Parameters: 8(Long)
2026-07-05 18:19:34.819 [http-nio-8080-exec-6] DEBUG [traceId=9c524303ef464d3694210c412e7d626f userId=29 role=2] c.k.i.m.ClassInfoMapper.selectById - <==      Total: 1
2026-07-05 18:19:34.820 [http-nio-8080-exec-6] DEBUG [traceId=9c524303ef464d3694210c412e7d626f userId=29 role=2] c.k.i.m.ClassInfoMapper.selectById - ==>  Preparing: SELECT id,class_name,description,status,create_by,create_time,update_by,update_time FROM class_info WHERE id=?
2026-07-05 18:19:34.820 [http-nio-8080-exec-6] DEBUG [traceId=9c524303ef464d3694210c412e7d626f userId=29 role=2] c.k.i.m.ClassInfoMapper.selectById - ==> Parameters: 9(Long)
2026-07-05 18:19:34.822 [http-nio-8080-exec-6] DEBUG [traceId=9c524303ef464d3694210c412e7d626f userId=29 role=2] c.k.i.m.ClassInfoMapper.selectById - <==      Total: 1
2026-07-05 18:19:34.825 [http-nio-8080-exec-5] DEBUG [traceId=047c6a540a4e46eeb27ac5ae71f2aaf0 userId=29 role=2] c.k.i.mapper.MyTaskMapper.count - ==>  Preparing: SELECT COUNT(*) FROM task_user tu JOIN task t ON t.id = tu.task_id WHERE tu.user_id = ? AND tu.status = ?
2026-07-05 18:19:34.825 [http-nio-8080-exec-9] DEBUG [traceId=0057268a895f482f98ca494c693c7e56 userId=29 role=2] c.k.i.mapper.MyTaskMapper.count - ==>  Preparing: SELECT COUNT(*) FROM task_user tu JOIN task t ON t.id = tu.task_id WHERE tu.user_id = ? AND tu.status = ? AND t.task_start_time <= ?
2026-07-05 18:19:34.825 [http-nio-8080-exec-6] DEBUG [traceId=9c524303ef464d3694210c412e7d626f userId=29 role=2] c.k.i.m.ClassInfoMapper.selectById - ==>  Preparing: SELECT id,class_name,description,status,create_by,create_time,update_by,update_time FROM class_info WHERE id=?
2026-07-05 18:19:34.825 [http-nio-8080-exec-8] DEBUG [traceId=01436221b4654926859692bb91c3ab2b userId=29 role=2] c.k.i.mapper.MyTaskMapper.count - ==>  Preparing: SELECT COUNT(*) FROM task_user tu JOIN task t ON t.id = tu.task_id WHERE tu.user_id = ? AND tu.status = ? AND tu.finish_time >= ? AND tu.finish_time <= ?
2026-07-05 18:19:34.825 [http-nio-8080-exec-6] DEBUG [traceId=9c524303ef464d3694210c412e7d626f userId=29 role=2] c.k.i.m.ClassInfoMapper.selectById - ==> Parameters: 10(Long)
2026-07-05 18:19:34.825 [http-nio-8080-exec-9] DEBUG [traceId=0057268a895f482f98ca494c693c7e56 userId=29 role=2] c.k.i.mapper.MyTaskMapper.count - ==> Parameters: 29(Long), 0(String), 2026-07-05(String)
2026-07-05 18:19:34.826 [http-nio-8080-exec-8] DEBUG [traceId=01436221b4654926859692bb91c3ab2b userId=29 role=2] c.k.i.mapper.MyTaskMapper.count - ==> Parameters: 29(Long), 1(String), 2026-07-05 00:00:00(String), 2026-07-05 23:59:59(String)
2026-07-05 18:19:34.826 [http-nio-8080-exec-5] DEBUG [traceId=047c6a540a4e46eeb27ac5ae71f2aaf0 userId=29 role=2] c.k.i.mapper.MyTaskMapper.count - ==> Parameters: 29(Long), 1(String)
2026-07-05 18:19:34.828 [http-nio-8080-exec-6] DEBUG [traceId=9c524303ef464d3694210c412e7d626f userId=29 role=2] c.k.i.m.ClassInfoMapper.selectById - <==      Total: 1
2026-07-05 18:19:34.831 [http-nio-8080-exec-5] DEBUG [traceId=047c6a540a4e46eeb27ac5ae71f2aaf0 userId=29 role=2] c.k.i.mapper.MyTaskMapper.count - <==      Total: 1
2026-07-05 18:19:34.832 [http-nio-8080-exec-6] DEBUG [traceId=9c524303ef464d3694210c412e7d626f userId=29 role=2] c.k.i.m.S.selectList - ==>  Preparing: SELECT id,phase_id,class_id,create_time FROM study_phase_class WHERE (phase_id = ?)
2026-07-05 18:19:34.832 [http-nio-8080-exec-5] DEBUG [traceId=047c6a540a4e46eeb27ac5ae71f2aaf0 userId=29 role=2] c.k.i.mapper.MyTaskMapper.page - ==>  Preparing: SELECT u.name AS task_create_name,t.round_no AS round_no,t.template_id AS template_id,t.id AS task_id, t.task_name, t.task_type, t.is_mandatory AS force_flag, t.task_description, t.priority, t.task_start_time AS start_time, t.task_end_time AS end_time, t.plan_id AS planId, t.plan_date AS planDate, t.is_repeat_task AS isRepeatTask, t.status AS taskStatus, tu.id AS task_user_id, tu.status, tu.total_score, tu.submit_time FROM task_user tu JOIN task t ON t.id = tu.task_id LEFT JOIN sys_user u ON u.id = t.create_by WHERE tu.user_id = ? AND tu.status = ? ORDER BY t.create_time DESC LIMIT ?, ?
2026-07-05 18:19:34.833 [http-nio-8080-exec-6] DEBUG [traceId=9c524303ef464d3694210c412e7d626f userId=29 role=2] c.k.i.m.S.selectList - ==> Parameters: 2(Long)
2026-07-05 18:19:34.834 [http-nio-8080-exec-5] DEBUG [traceId=047c6a540a4e46eeb27ac5ae71f2aaf0 userId=29 role=2] c.k.i.mapper.MyTaskMapper.page - ==> Parameters: 29(Long), 1(String), 0(Integer), 500(Integer)
2026-07-05 18:19:34.835 [http-nio-8080-exec-6] DEBUG [traceId=9c524303ef464d3694210c412e7d626f userId=29 role=2] c.k.i.m.S.selectList - <==      Total: 1
2026-07-05 18:19:34.836 [http-nio-8080-exec-6] DEBUG [traceId=9c524303ef464d3694210c412e7d626f userId=29 role=2] c.k.i.m.ClassInfoMapper.selectById - ==>  Preparing: SELECT id,class_name,description,status,create_by,create_time,update_by,update_time FROM class_info WHERE id=?
2026-07-05 18:19:34.837 [http-nio-8080-exec-6] DEBUG [traceId=9c524303ef464d3694210c412e7d626f userId=29 role=2] c.k.i.m.ClassInfoMapper.selectById - ==> Parameters: 8(Long)
2026-07-05 18:19:34.838 [http-nio-8080-exec-6] DEBUG [traceId=9c524303ef464d3694210c412e7d626f userId=29 role=2] c.k.i.m.ClassInfoMapper.selectById - <==      Total: 1
2026-07-05 18:19:34.840 [http-nio-8080-exec-9] DEBUG [traceId=0057268a895f482f98ca494c693c7e56 userId=29 role=2] c.k.i.mapper.MyTaskMapper.count - <==      Total: 1
2026-07-05 18:19:34.841 [http-nio-8080-exec-8] DEBUG [traceId=01436221b4654926859692bb91c3ab2b userId=29 role=2] c.k.i.mapper.MyTaskMapper.count - <==      Total: 1
2026-07-05 18:19:34.841 [http-nio-8080-exec-9] DEBUG [traceId=0057268a895f482f98ca494c693c7e56 userId=29 role=2] c.k.i.mapper.MyTaskMapper.page - ==>  Preparing: SELECT u.name AS task_create_name,t.round_no AS round_no,t.template_id AS template_id,t.id AS task_id, t.task_name, t.task_type, t.is_mandatory AS force_flag, t.task_description, t.priority, t.task_start_time AS start_time, t.task_end_time AS end_time, t.plan_id AS planId, t.plan_date AS planDate, t.is_repeat_task AS isRepeatTask, t.status AS taskStatus, tu.id AS task_user_id, tu.status, tu.total_score, tu.submit_time FROM task_user tu JOIN task t ON t.id = tu.task_id LEFT JOIN sys_user u ON u.id = t.create_by WHERE tu.user_id = ? AND tu.status = ? AND t.task_start_time <= ? ORDER BY t.create_time DESC LIMIT ?, ?
2026-07-05 18:19:34.841 [http-nio-8080-exec-8] DEBUG [traceId=01436221b4654926859692bb91c3ab2b userId=29 role=2] c.k.i.mapper.MyTaskMapper.page - ==>  Preparing: SELECT u.name AS task_create_name,t.round_no AS round_no,t.template_id AS template_id,t.id AS task_id, t.task_name, t.task_type, t.is_mandatory AS force_flag, t.task_description, t.priority, t.task_start_time AS start_time, t.task_end_time AS end_time, t.plan_id AS planId, t.plan_date AS planDate, t.is_repeat_task AS isRepeatTask, t.status AS taskStatus, tu.id AS task_user_id, tu.status, tu.total_score, tu.submit_time FROM task_user tu JOIN task t ON t.id = tu.task_id LEFT JOIN sys_user u ON u.id = t.create_by WHERE tu.user_id = ? AND tu.status = ? AND tu.finish_time >= ? AND tu.finish_time <= ? ORDER BY t.create_time DESC LIMIT ?, ?
2026-07-05 18:19:34.841 [http-nio-8080-exec-6] INFO  [traceId=9c524303ef464d3694210c412e7d626f userId=29 role=2] com.kg.interceptor.TraceIdFilter - HTTP_REQUEST_END method=GET uri=/study-phase/calendar status=200 cost=83ms responseBody={"code":200,"message":"查询成功","data":[{"id":1,"phaseTitle":"测试阶段","phaseContent":"这是一条描述","startDate":"2026-07-01","endDate":"2026-07-03","displayColor":"#ee6262","status":1,"classIds":[8,9,10],"classNames":["1班","2班","线上学习1班"],"createTime":"2026-07-02 21:13:33"},{"id":2,"phaseTitle":"测试阶段2","phaseContent":"这是测试阶段2的描述","startDate":"2026-07-02","endDate":"2026-07-09","displayColor":"#6367d4","status":1,"classIds":[8],"classNames":["1班"],"createTime":"2026-07-02 21:23:49"}]}
2026-07-05 18:19:34.842 [http-nio-8080-exec-9] DEBUG [traceId=0057268a895f482f98ca494c693c7e56 userId=29 role=2] c.k.i.mapper.MyTaskMapper.page - ==> Parameters: 29(Long), 0(String), 2026-07-05(String), 0(Integer), 5(Integer)
2026-07-05 18:19:34.842 [http-nio-8080-exec-8] DEBUG [traceId=01436221b4654926859692bb91c3ab2b userId=29 role=2] c.k.i.mapper.MyTaskMapper.page - ==> Parameters: 29(Long), 1(String), 2026-07-05 00:00:00(String), 2026-07-05 23:59:59(String), 0(Integer), 5(Integer)
2026-07-05 18:19:34.844 [http-nio-8080-exec-8] DEBUG [traceId=01436221b4654926859692bb91c3ab2b userId=29 role=2] c.k.i.mapper.MyTaskMapper.page - <==      Total: 0
2026-07-05 18:19:34.849 [http-nio-8080-exec-9] DEBUG [traceId=0057268a895f482f98ca494c693c7e56 userId=29 role=2] c.k.i.mapper.MyTaskMapper.page - <==      Total: 5
2026-07-05 18:19:34.849 [http-nio-8080-exec-8] INFO  [traceId=01436221b4654926859692bb91c3ab2b userId=29 role=2] com.kg.interceptor.TraceIdFilter - HTTP_REQUEST_END method=POST uri=/my-task/list status=200 cost=90ms responseBody={"code":200,"message":"查询成功","data":{"total":0,"list":[]}}
2026-07-05 18:19:34.850 [http-nio-8080-exec-5] DEBUG [traceId=047c6a540a4e46eeb27ac5ae71f2aaf0 userId=29 role=2] c.k.i.mapper.MyTaskMapper.page - <==      Total: 21
2026-07-05 18:19:34.860 [http-nio-8080-exec-9] INFO  [traceId=0057268a895f482f98ca494c693c7e56 userId=29 role=2] com.kg.interceptor.TraceIdFilter - HTTP_REQUEST_END method=POST uri=/my-task/list status=200 cost=101ms responseBody={"code":200,"message":"查询成功","data":{"total":29,"list":[{"taskId":93,"taskName":"每日复盘","taskType":"3","forceFlag":1,"taskDescription":null,"priority":0,"startTime":"2026-07-03 08:00:00","endTime":"2026-07-03 23:59:00","status":"0","totalScore":null,"submitTime":null,"roundNo":0,"templateId":null,"planId":null,"planDate":null,"isRepeatTask":0,"taskStatus":1,"taskUserId":481,"taskCreateName":null},{"taskId":89,"taskName":"每日复盘","taskType":"3","forceFlag":1,"taskDescription":null,"priority":0,"startTime":"2026-07-02 08:00:00","endTime":"2026-07-02 23:59:00","status":"0","totalScore":null,"submitTime":null,"roundNo":0,"templateId":null,"planId":null,"planDate":null,"isRepeatTask":0,"taskStatus":1,"taskUserId":458,"taskCreateName":null},{"taskId":79,"taskName":"测试重复任务 07-03","taskType":"0","forceFlag":1,"taskDescription":"","priority":1,"startTime":"2026-07-03 00:00:00","endTime":"2026-07-03 23:59:00","status":"0","totalScore":null,"submitTime":null,"roundNo":0,"templateId":null,"planId":1,"planDate":"2026-07-03","isRepeatTask":1,"taskStatus":1,"taskUserId":431,"taskCreateName":"管理员"},{"taskId":80,"taskName":"测试重复任务 07-04","taskType":"0","forceFlag":1,"taskDescription":"","priority":1,"startTime":"2026-07-04 00:00:00","endTime":"2026-07-04 23:59:00","status":"0","totalScore":null,"submitTime":null,"roundNo":0,"templateId":null,"planId":1,"planDate":"2026-07-04","isRepeatTask":1,"taskStatus":1,"taskUserId":438,"taskCreateName":"管理员"},{"taskId":76,"taskName":"普通刷题任务测试","taskType":"0","forceFlag":1,"taskDescription":"","priority":1,"startTime":"2026-07-01 00:00:00","endTime":"2026-07-03 23:59:59","status":"0","totalScore":null,"submitTime":null,"roundNo":1,"templateId":null,"planId":null,"planDate":null,"isRepeatTask":0,"taskStatus":1,"taskUserId":410,"taskCreateName":"管理员"}]}}
2026-07-05 18:19:34.875 [http-nio-8080-exec-5] INFO  [traceId=047c6a540a4e46eeb27ac5ae71f2aaf0 userId=29 role=2] com.kg.interceptor.TraceIdFilter - HTTP_REQUEST_END method=POST uri=/my-task/list status=200 cost=116ms responseBody={"code":200,"message":"查询成功","data":{"total":21,"list":[{"taskId":92,"taskName":"每日打卡","taskType":"2","forceFlag":1,"taskDescription":null,"priority":0,"startTime":"2026-07-03 06:00:00","endTime":"2026-07-03 23:59:00","status":"1","totalScore":null,"submitTime":"2026-07-03 08:47:44","roundNo":0,"templateId":null,"planId":null,"planDate":null,"isRepeatTask":0,"taskStatus":1,"taskUserId":470,"taskCreateName":null},{"taskId":88,"taskName":"每日打卡","taskType":"2","forceFlag":1,"taskDescription":null,"priority":0,"startTime":"2026-07-02 06:00:00","endTime":"2026-07-02 23:59:00","status":"1","totalScore":null,"submitTime":"2026-07-02 17:10:11","roundNo":0,"templateId":null,"planId":null,"planDate":null,"isRepeatTask":0,"taskStatus":1,"taskUserId":448,"taskCreateName":null},{"taskId":77,"taskName":"测试重复任务 07-01","taskType":"0","forceFlag":1,"taskDescription":"","priority":1,"startTime":"2026-07-01 00:00:00","endTime":"2026-07-01 23:59:00","status":"1","totalScore":null,"submitTime":"2026-07-02 17:07:59","roundNo":0,"templateId":null,"planId":1,"planDate":"2026-07-01","isRepeatTask":1,"taskStatus":1,"taskUserId":417,"taskCreateName":"管理员"},{"taskId":78,"taskName":"测试重复任务 07-02","taskType":"0","forceFlag":1,"taskDescription":"","priority":1,"startTime":"2026-07-02 00:00:00","endTime":"2026-07-02 23:59:00","status":"1","totalScore":null,"submitTime":"2026-07-02 17:08:03","roundNo":0,"templateId":null,"planId":1,"planDate":"2026-07-02","isRepeatTask":1,"taskStatus":1,"taskUserId":424,"taskCreateName":"管理员"},{"taskId":74,"taskName":"每日打卡","taskType":"2","forceFlag":1,"taskDescription":null,"priority":0,"startTime":"2026-07-01 06:00:00","endTime":"2026-07-01 23:59:00","status":"1","totalScore":null,"submitTime":"2026-07-01 16:15:10","roundNo":0,"templateId":null,"planId":null,"planDate":null,"isRepeatTask":0,"taskStatus":1,"taskUserId":393,"taskCreateName":null},{"taskId":71,"taskName":"每日打卡","taskType":"2","forceFlag":1,"taskDescription":null,"priority":0,"startTime":"2026-06-29 06:00:00","endTime":"2026-06-29 23:59:00","status":"1","totalScore":null,"submitTime":"2026-07-02 17:08:12","roundNo":0,"templateId":null,"planId":null,"planDate":null,"isRepeatTask":0,"taskStatus":1,"taskUserId":366,"taskCreateName":null},{"taskId":70,"taskName":"每日复盘","taskType":"3","forceFlag":1,"taskDescription":null,"priority":0,"startTime":"2026-06-28 08:00:00","endTime":"2026-06-28 23:59:00","status":"1","totalScore":null,"submitTime":"2026-07-01 17:47:20","roundNo":0,"templateId":null,"planId":null,"planDate":null,"isRepeatTask":0,"taskStatus":1,"taskUserId":356,"taskCreateName":null},{"taskId":69,"taskName":"每日打卡","taskType":"2","forceFlag":1,"taskDescription":null,"priority":0,"startTime":"2026-06-28 06:00:00","endTime":"2026-06-28 23:59:00","status":"1","totalScore":null,"submitTime":"2026-07-01 17:47:26","roundNo":0,"templateId":null,"planId":null,"planDate":null,"isRepeatTask":0,"taskStatus":1,"taskUserId":346,"taskCreateName":null},{"taskId":67,"taskName":"145测试题","taskType":"0","forceFlag":1,"taskDescription":"145测试题1","priority":1,"startTime":"2026-06-23 00:00:00","endTime":"2026-06-23 23:59:59","status":"1","totalScore":null,"submitTime":"2026-07-02 17:08:33","roundNo":1,"templateId":null,"planId":null,"planDate":null,"isRepeatTask":0,"taskStatus":1,"taskUserId":329,"taskCreateName":"杨少伟"},{"taskId":64,"taskName":"每日打卡","taskType":"2","forceFlag":1,"taskDescription":null,"priority":0,"startTime":"2026-06-23 06:00:00","endTime":"2026-06-23 23:59:00","status":"1","totalScore":null,"submitTime":"2026-06-23 09:53:13","roundNo":0,"templateId":null,"planId":null,"planDate":null,"isRepeatTask":0,"taskStatus":1,"taskUserId":305,"taskCreateName":null},{"taskId":55,"taskName":"每日打卡","taskType":"2","forceFlag":1,"taskDescription":null,"priority":0,"startTime":"2026-06-16 06:00:00","endTime":"2026-06-16 23:59:00","status":"1","totalScore":null,"submitTime":"2026-06-16 22:42:00","roundNo":0,"templateId":null,"planId":null,"planDate":null,"isRepeatTask":0,"taskStatus":1,"taskUserId":214,"taskCreateName":null},{"taskId":54,"taskName":"27年国考","taskType":"0","forceFlag":1,"taskDescription":"","priority":2,"startTime":"2026-06-15 00:00:00","endTime":"2026-06-15 23:59:59","status":"1","totalScore":105.00,"submitTime":"2026-06-15 09:26:18","roundNo":1,"templateId":null,"planId":null,"planDate":null,"isRepeatTask":0,"taskStatus":1,"taskUserId":204,"taskCreateName":"杨少伟"},{"taskId":52,"taskName":"每日打卡","taskType":"2","forceFlag":1,"taskDescription":null,"priority":0,"startTime":"2026-06-15 06:00:00","endTime":"2026-06-15 23:59:00","status":"1","totalScore":null,"submitTime":"2026-06-15 09:21:38","roundNo":0,"templateId":null,"planId":null,"planDate":null,"isRepeatTask":0,"taskStatus":1,"taskUserId":187,"taskCreateName":null},{"taskId":50,"taskName":"每日打卡","taskType":"2","forceFlag":1,"taskDescription":null,"priority":0,"startTime":"2026-06-14 06:00:00","endTime":"2026-06-14 23:59:00","status":"1","totalScore":null,"submitTime":"2026-06-14 19:54:27","r...[TRUNCATED length=7670]
2026-07-05 18:19:37.521 [http-nio-8080-exec-7] INFO  [traceId=940c6e1e51a343f98d213ba7bde30ec2 userId= role=] com.kg.interceptor.TraceIdFilter - HTTP_REQUEST_START method=GET uri=/dict/group/task_type query=null requestBody= ip=0:0:0:0:0:0:0:1 userAgent=Mozilla/5.0 (Windows NT 10.0; Win64; x64) AppleWebKit/537.36 (KHTML, like Gecko) Chrome/123.0.0.0 Safari/537.36
2026-07-05 18:19:37.529 [http-nio-8080-exec-7] DEBUG [traceId=940c6e1e51a343f98d213ba7bde30ec2 userId= role=] c.k.i.m.SysUserMapper.selectById - ==>  Preparing: SELECT id,account,name,password,role,gender,email,phone,openid,description,teacher_remark,class_id,status,create_by,create_time,update_by,update_time FROM sys_user WHERE id=?
2026-07-05 18:19:37.529 [http-nio-8080-exec-7] DEBUG [traceId=940c6e1e51a343f98d213ba7bde30ec2 userId= role=] c.k.i.m.SysUserMapper.selectById - ==> Parameters: 29(Long)
2026-07-05 18:19:37.531 [http-nio-8080-exec-7] DEBUG [traceId=940c6e1e51a343f98d213ba7bde30ec2 userId= role=] c.k.i.m.SysUserMapper.selectById - <==      Total: 1
2026-07-05 18:19:37.534 [http-nio-8080-exec-7] DEBUG [traceId=940c6e1e51a343f98d213ba7bde30ec2 userId=29 role=2] c.k.i.mapper.DictMapper.selectList - ==>  Preparing: SELECT id,dict_code,dict_name,dict_label,dict_value,display_color,sort_no,status,create_by,create_time,update_by,update_time FROM sys_dict WHERE (dict_code = ?) ORDER BY sort_no ASC
2026-07-05 18:19:37.535 [http-nio-8080-exec-7] DEBUG [traceId=940c6e1e51a343f98d213ba7bde30ec2 userId=29 role=2] c.k.i.mapper.DictMapper.selectList - ==> Parameters: task_type(String)
2026-07-05 18:19:37.540 [http-nio-8080-exec-7] DEBUG [traceId=940c6e1e51a343f98d213ba7bde30ec2 userId=29 role=2] c.k.i.mapper.DictMapper.selectList - <==      Total: 4
2026-07-05 18:19:37.541 [http-nio-8080-exec-7] INFO  [traceId=940c6e1e51a343f98d213ba7bde30ec2 userId=29 role=2] com.kg.interceptor.TraceIdFilter - HTTP_REQUEST_END method=GET uri=/dict/group/task_type status=200 cost=20ms responseBody={"code":200,"message":"查询成功","data":{"dictCode":"task_type","dictName":"任务类型","items":[{"dictValue":"0","dictLabel":"刷题","sortNo":0,"status":1,"displayColor":"#ff6f00"},{"dictValue":"1","dictLabel":"学习","sortNo":1,"status":1,"displayColor":"#f7ff00"},{"dictValue":"2","dictLabel":"打卡","sortNo":2,"status":1,"displayColor":"#66ff00"},{"dictValue":"3","dictLabel":"每日复盘","sortNo":3,"status":1,"displayColor":"#00bfff"}]}}
2026-07-05 18:19:37.558 [http-nio-8080-exec-10] INFO  [traceId=acd2f1f5da79486d92d49c3eb123eb24 userId= role=] com.kg.interceptor.TraceIdFilter - HTTP_REQUEST_START method=POST uri=/my-task/template/page query=null requestBody={"pageNum":1,"pageSize":10,"taskType":"0"} ip=0:0:0:0:0:0:0:1 userAgent=Mozilla/5.0 (Windows NT 10.0; Win64; x64) AppleWebKit/537.36 (KHTML, like Gecko) Chrome/123.0.0.0 Safari/537.36
2026-07-05 18:19:37.566 [http-nio-8080-exec-10] DEBUG [traceId=acd2f1f5da79486d92d49c3eb123eb24 userId= role=] c.k.i.m.SysUserMapper.selectById - ==>  Preparing: SELECT id,account,name,password,role,gender,email,phone,openid,description,teacher_remark,class_id,status,create_by,create_time,update_by,update_time FROM sys_user WHERE id=?
2026-07-05 18:19:37.566 [http-nio-8080-exec-10] DEBUG [traceId=acd2f1f5da79486d92d49c3eb123eb24 userId= role=] c.k.i.m.SysUserMapper.selectById - ==> Parameters: 29(Long)
2026-07-05 18:19:37.567 [http-nio-8080-exec-10] DEBUG [traceId=acd2f1f5da79486d92d49c3eb123eb24 userId= role=] c.k.i.m.SysUserMapper.selectById - <==      Total: 1
2026-07-05 18:19:37.577 [http-nio-8080-exec-10] DEBUG [traceId=acd2f1f5da79486d92d49c3eb123eb24 userId=29 role=2] c.k.i.m.MyTaskMapper.countTemplates - ==>  Preparing: SELECT COUNT(DISTINCT tt.id) FROM task t JOIN task_user tu ON tu.task_id = t.id JOIN task_template tt ON tt.id = t.template_id WHERE tu.user_id = ? AND tu.status = '1' AND t.template_id IS NOT NULL AND tt.task_type = ?
2026-07-05 18:19:37.578 [http-nio-8080-exec-10] DEBUG [traceId=acd2f1f5da79486d92d49c3eb123eb24 userId=29 role=2] c.k.i.m.MyTaskMapper.countTemplates - ==> Parameters: 29(Long), 0(String)
2026-07-05 18:19:37.584 [http-nio-8080-exec-10] DEBUG [traceId=acd2f1f5da79486d92d49c3eb123eb24 userId=29 role=2] c.k.i.m.MyTaskMapper.countTemplates - <==      Total: 1
2026-07-05 18:19:37.586 [http-nio-8080-exec-10] DEBUG [traceId=acd2f1f5da79486d92d49c3eb123eb24 userId=29 role=2] c.k.i.m.MyTaskMapper.pageTemplates - ==>  Preparing: SELECT tt.id AS template_id, tt.template_name, tt.task_type, COUNT(DISTINCT t.id) AS round_count, MAX(tu.total_score) AS max_score, MIN(tu.total_score) AS min_score, AVG(tu.total_score) AS avg_score, (SELECT tu2.total_score FROM task_user tu2 JOIN task t2 ON t2.id = tu2.task_id WHERE t2.template_id = tt.id AND tu2.user_id = ? AND tu2.status = '1' ORDER BY t2.round_no DESC LIMIT 1) AS latest_score FROM task t JOIN task_user tu ON tu.task_id = t.id JOIN task_template tt ON tt.id = t.template_id WHERE tu.user_id = ? AND tu.status = '1' AND t.template_id IS NOT NULL AND tt.task_type = ? GROUP BY tt.id, tt.template_name, tt.task_type ORDER BY tt.id DESC LIMIT ?, ?
2026-07-05 18:19:37.586 [http-nio-8080-exec-10] DEBUG [traceId=acd2f1f5da79486d92d49c3eb123eb24 userId=29 role=2] c.k.i.m.MyTaskMapper.pageTemplates - ==> Parameters: 29(Long), 29(Long), 0(String), 0(Integer), 10(Integer)
2026-07-05 18:19:37.596 [http-nio-8080-exec-10] DEBUG [traceId=acd2f1f5da79486d92d49c3eb123eb24 userId=29 role=2] c.k.i.m.MyTaskMapper.pageTemplates - <==      Total: 1
2026-07-05 18:19:37.602 [http-nio-8080-exec-10] INFO  [traceId=acd2f1f5da79486d92d49c3eb123eb24 userId=29 role=2] com.kg.interceptor.TraceIdFilter - HTTP_REQUEST_END method=POST uri=/my-task/template/page status=200 cost=44ms responseBody={"code":200,"message":"查询成功","data":{"total":1,"list":[{"templateId":6,"templateName":"2026真题","taskType":"0","roundCount":2,"maxScore":70.00,"minScore":50.00,"avgScore":60.000000,"latestScore":70.00}]}}
2026-07-05 18:19:38.071 [http-nio-8080-exec-1] INFO  [traceId=2b44dc1f5736420787b3c38bfe3779ea userId= role=] com.kg.interceptor.TraceIdFilter - HTTP_REQUEST_START method=GET uri=/dict/group/task_type query=null requestBody= ip=0:0:0:0:0:0:0:1 userAgent=Mozilla/5.0 (Windows NT 10.0; Win64; x64) AppleWebKit/537.36 (KHTML, like Gecko) Chrome/123.0.0.0 Safari/537.36
2026-07-05 18:19:38.071 [http-nio-8080-exec-3] INFO  [traceId=a6740f12213642359896e61ecaf92903 userId= role=] com.kg.interceptor.TraceIdFilter - HTTP_REQUEST_START method=POST uri=/my-task/list query=null requestBody={"pageNum":1,"pageSize":10,"status":"0"} ip=0:0:0:0:0:0:0:1 userAgent=Mozilla/5.0 (Windows NT 10.0; Win64; x64) AppleWebKit/537.36 (KHTML, like Gecko) Chrome/123.0.0.0 Safari/537.36
2026-07-05 18:19:38.071 [http-nio-8080-exec-2] INFO  [traceId=24d2870c9be54dd2aa7869dc5f02d343 userId= role=] com.kg.interceptor.TraceIdFilter - HTTP_REQUEST_START method=POST uri=/my-task/stats query=null requestBody={} ip=0:0:0:0:0:0:0:1 userAgent=Mozilla/5.0 (Windows NT 10.0; Win64; x64) AppleWebKit/537.36 (KHTML, like Gecko) Chrome/123.0.0.0 Safari/537.36
2026-07-05 18:19:38.080 [http-nio-8080-exec-1] DEBUG [traceId=2b44dc1f5736420787b3c38bfe3779ea userId= role=] c.k.i.m.SysUserMapper.selectById - ==>  Preparing: SELECT id,account,name,password,role,gender,email,phone,openid,description,teacher_remark,class_id,status,create_by,create_time,update_by,update_time FROM sys_user WHERE id=?
2026-07-05 18:19:38.081 [http-nio-8080-exec-2] DEBUG [traceId=24d2870c9be54dd2aa7869dc5f02d343 userId= role=] c.k.i.m.SysUserMapper.selectById - ==>  Preparing: SELECT id,account,name,password,role,gender,email,phone,openid,description,teacher_remark,class_id,status,create_by,create_time,update_by,update_time FROM sys_user WHERE id=?
2026-07-05 18:19:38.081 [http-nio-8080-exec-3] DEBUG [traceId=a6740f12213642359896e61ecaf92903 userId= role=] c.k.i.m.SysUserMapper.selectById - ==>  Preparing: SELECT id,account,name,password,role,gender,email,phone,openid,description,teacher_remark,class_id,status,create_by,create_time,update_by,update_time FROM sys_user WHERE id=?
2026-07-05 18:19:38.081 [http-nio-8080-exec-1] DEBUG [traceId=2b44dc1f5736420787b3c38bfe3779ea userId= role=] c.k.i.m.SysUserMapper.selectById - ==> Parameters: 29(Long)
2026-07-05 18:19:38.081 [http-nio-8080-exec-2] DEBUG [traceId=24d2870c9be54dd2aa7869dc5f02d343 userId= role=] c.k.i.m.SysUserMapper.selectById - ==> Parameters: 29(Long)
2026-07-05 18:19:38.081 [http-nio-8080-exec-3] DEBUG [traceId=a6740f12213642359896e61ecaf92903 userId= role=] c.k.i.m.SysUserMapper.selectById - ==> Parameters: 29(Long)
2026-07-05 18:19:38.082 [http-nio-8080-exec-2] DEBUG [traceId=24d2870c9be54dd2aa7869dc5f02d343 userId= role=] c.k.i.m.SysUserMapper.selectById - <==      Total: 1
2026-07-05 18:19:38.082 [http-nio-8080-exec-1] DEBUG [traceId=2b44dc1f5736420787b3c38bfe3779ea userId= role=] c.k.i.m.SysUserMapper.selectById - <==      Total: 1
2026-07-05 18:19:38.082 [http-nio-8080-exec-3] DEBUG [traceId=a6740f12213642359896e61ecaf92903 userId= role=] c.k.i.m.SysUserMapper.selectById - <==      Total: 1
2026-07-05 18:19:38.084 [http-nio-8080-exec-3] DEBUG [traceId=a6740f12213642359896e61ecaf92903 userId=29 role=2] c.k.i.mapper.MyTaskMapper.count - ==>  Preparing: SELECT COUNT(*) FROM task_user tu JOIN task t ON t.id = tu.task_id WHERE tu.user_id = ? AND tu.status = ?
2026-07-05 18:19:38.084 [http-nio-8080-exec-3] DEBUG [traceId=a6740f12213642359896e61ecaf92903 userId=29 role=2] c.k.i.mapper.MyTaskMapper.count - ==> Parameters: 29(Long), 0(String)
2026-07-05 18:19:38.085 [http-nio-8080-exec-1] DEBUG [traceId=2b44dc1f5736420787b3c38bfe3779ea userId=29 role=2] c.k.i.mapper.DictMapper.selectList - ==>  Preparing: SELECT id,dict_code,dict_name,dict_label,dict_value,display_color,sort_no,status,create_by,create_time,update_by,update_time FROM sys_dict WHERE (dict_code = ?) ORDER BY sort_no ASC
2026-07-05 18:19:38.085 [http-nio-8080-exec-1] DEBUG [traceId=2b44dc1f5736420787b3c38bfe3779ea userId=29 role=2] c.k.i.mapper.DictMapper.selectList - ==> Parameters: task_type(String)
2026-07-05 18:19:38.086 [http-nio-8080-exec-3] DEBUG [traceId=a6740f12213642359896e61ecaf92903 userId=29 role=2] c.k.i.mapper.MyTaskMapper.count - <==      Total: 1
2026-07-05 18:19:38.086 [http-nio-8080-exec-3] DEBUG [traceId=a6740f12213642359896e61ecaf92903 userId=29 role=2] c.k.i.mapper.MyTaskMapper.page - ==>  Preparing: SELECT u.name AS task_create_name,t.round_no AS round_no,t.template_id AS template_id,t.id AS task_id, t.task_name, t.task_type, t.is_mandatory AS force_flag, t.task_description, t.priority, t.task_start_time AS start_time, t.task_end_time AS end_time, t.plan_id AS planId, t.plan_date AS planDate, t.is_repeat_task AS isRepeatTask, t.status AS taskStatus, tu.id AS task_user_id, tu.status, tu.total_score, tu.submit_time FROM task_user tu JOIN task t ON t.id = tu.task_id LEFT JOIN sys_user u ON u.id = t.create_by WHERE tu.user_id = ? AND tu.status = ? ORDER BY t.create_time DESC LIMIT ?, ?
2026-07-05 18:19:38.088 [http-nio-8080-exec-2] DEBUG [traceId=24d2870c9be54dd2aa7869dc5f02d343 userId=29 role=2] c.k.i.m.TaskUserMapper.selectCount - ==>  Preparing: SELECT COUNT( * ) AS total FROM task_user WHERE (user_id = ? AND status = ?)
2026-07-05 18:19:38.088 [http-nio-8080-exec-2] DEBUG [traceId=24d2870c9be54dd2aa7869dc5f02d343 userId=29 role=2] c.k.i.m.TaskUserMapper.selectCount - ==> Parameters: 29(Long), 0(String)
2026-07-05 18:19:38.088 [http-nio-8080-exec-3] DEBUG [traceId=a6740f12213642359896e61ecaf92903 userId=29 role=2] c.k.i.mapper.MyTaskMapper.page - ==> Parameters: 29(Long), 0(String), 0(Integer), 10(Integer)
2026-07-05 18:19:38.089 [http-nio-8080-exec-2] DEBUG [traceId=24d2870c9be54dd2aa7869dc5f02d343 userId=29 role=2] c.k.i.m.TaskUserMapper.selectCount - <==      Total: 1
2026-07-05 18:19:38.091 [http-nio-8080-exec-1] DEBUG [traceId=2b44dc1f5736420787b3c38bfe3779ea userId=29 role=2] c.k.i.mapper.DictMapper.selectList - <==      Total: 4
2026-07-05 18:19:38.091 [http-nio-8080-exec-3] DEBUG [traceId=a6740f12213642359896e61ecaf92903 userId=29 role=2] c.k.i.mapper.MyTaskMapper.page - <==      Total: 10
2026-07-05 18:19:38.094 [http-nio-8080-exec-3] INFO  [traceId=a6740f12213642359896e61ecaf92903 userId=29 role=2] com.kg.interceptor.TraceIdFilter - HTTP_REQUEST_END method=POST uri=/my-task/list status=200 cost=23ms responseBody={"code":200,"message":"查询成功","data":{"total":31,"list":[{"taskId":94,"taskName":"每日打卡","taskType":"2","forceFlag":1,"taskDescription":null,"priority":0,"startTime":"2026-07-05 06:00:00","endTime":"2026-07-05 23:59:00","status":"0","totalScore":null,"submitTime":null,"roundNo":0,"templateId":null,"planId":null,"planDate":null,"isRepeatTask":0,"taskStatus":1,"taskUserId":492,"taskCreateName":null},{"taskId":95,"taskName":"每日复盘","taskType":"3","forceFlag":1,"taskDescription":null,"priority":0,"startTime":"2026-07-05 08:00:00","endTime":"2026-07-05 23:59:00","status":"0","totalScore":null,"submitTime":null,"roundNo":0,"templateId":null,"planId":null,"planDate":null,"isRepeatTask":0,"taskStatus":1,"taskUserId":503,"taskCreateName":null},{"taskId":93,"taskName":"每日复盘","taskType":"3","forceFlag":1,"taskDescription":null,"priority":0,"startTime":"2026-07-03 08:00:00","endTime":"2026-07-03 23:59:00","status":"0","totalScore":null,"submitTime":null,"roundNo":0,"templateId":null,"planId":null,"planDate":null,"isRepeatTask":0,"taskStatus":1,"taskUserId":481,"taskCreateName":null},{"taskId":89,"taskName":"每日复盘","taskType":"3","forceFlag":1,"taskDescription":null,"priority":0,"startTime":"2026-07-02 08:00:00","endTime":"2026-07-02 23:59:00","status":"0","totalScore":null,"submitTime":null,"roundNo":0,"templateId":null,"planId":null,"planDate":null,"isRepeatTask":0,"taskStatus":1,"taskUserId":458,"taskCreateName":null},{"taskId":79,"taskName":"测试重复任务 07-03","taskType":"0","forceFlag":1,"taskDescription":"","priority":1,"startTime":"2026-07-03 00:00:00","endTime":"2026-07-03 23:59:00","status":"0","totalScore":null,"submitTime":null,"roundNo":0,"templateId":null,"planId":1,"planDate":"2026-07-03","isRepeatTask":1,"taskStatus":1,"taskUserId":431,"taskCreateName":"管理员"},{"taskId":80,"taskName":"测试重复任务 07-04","taskType":"0","forceFlag":1,"taskDescription":"","priority":1,"startTime":"2026-07-04 00:00:00","endTime":"2026-07-04 23:59:00","status":"0","totalScore":null,"submitTime":null,"roundNo":0,"templateId":null,"planId":1,"planDate":"2026-07-04","isRepeatTask":1,"taskStatus":1,"taskUserId":438,"taskCreateName":"管理员"},{"taskId":76,"taskName":"普通刷题任务测试","taskType":"0","forceFlag":1,"taskDescription":"","priority":1,"startTime":"2026-07-01 00:00:00","endTime":"2026-07-03 23:59:59","status":"0","totalScore":null,"submitTime":null,"roundNo":1,"templateId":null,"planId":null,"planDate":null,"isRepeatTask":0,"taskStatus":1,"taskUserId":410,"taskCreateName":"管理员"},{"taskId":75,"taskName":"每日复盘","taskType":"3","forceFlag":1,"taskDescription":null,"priority":0,"startTime":"2026-07-01 08:00:00","endTime":"2026-07-01 23:59:00","status":"0","totalScore":null,"submitTime":null,"roundNo":0,"templateId":null,"planId":null,"planDate":null,"isRepeatTask":0,"taskStatus":1,"taskUserId":403,"taskCreateName":null},{"taskId":73,"taskName":"测试班级任务","taskType":"0","forceFlag":1,"taskDescription":"","priority":1,"startTime":"2026-06-29 00:00:00","endTime":"2026-06-30 23:59:59","status":"0","totalScore":null,"submitTime":null,"roundNo":1,"templateId":null,"planId":null,"planDate":null,"isRepeatTask":0,"taskStatus":1,"taskUserId":383,"taskCreateName":"杨少伟"},{"taskId":72,"taskName":"每日复盘","taskType":"3","forceFlag":1,"taskDescription":null,"priority":0,"startTime":"2026-06-29 08:00:00","endTime":"2026-06-29 23:59:00","status":"0","totalScore":null,"submitTime":null,"roundNo":0,"templateId":null,"planId":null,"planDate":null,"isRepeatTask":0,"taskStatus":1,"taskUserId":376,"taskCreateName":null}]}}
2026-07-05 18:19:38.095 [http-nio-8080-exec-2] DEBUG [traceId=24d2870c9be54dd2aa7869dc5f02d343 userId=29 role=2] c.k.i.m.TaskUserMapper.selectCount - ==>  Preparing: SELECT COUNT( * ) AS total FROM task_user WHERE (user_id = ? AND status = ?)
2026-07-05 18:19:38.095 [http-nio-8080-exec-1] INFO  [traceId=2b44dc1f5736420787b3c38bfe3779ea userId=29 role=2] com.kg.interceptor.TraceIdFilter - HTTP_REQUEST_END method=GET uri=/dict/group/task_type status=200 cost=24ms responseBody={"code":200,"message":"查询成功","data":{"dictCode":"task_type","dictName":"任务类型","items":[{"dictValue":"0","dictLabel":"刷题","sortNo":0,"status":1,"displayColor":"#ff6f00"},{"dictValue":"1","dictLabel":"学习","sortNo":1,"status":1,"displayColor":"#f7ff00"},{"dictValue":"2","dictLabel":"打卡","sortNo":2,"status":1,"displayColor":"#66ff00"},{"dictValue":"3","dictLabel":"每日复盘","sortNo":3,"status":1,"displayColor":"#00bfff"}]}}
2026-07-05 18:19:38.096 [http-nio-8080-exec-2] DEBUG [traceId=24d2870c9be54dd2aa7869dc5f02d343 userId=29 role=2] c.k.i.m.TaskUserMapper.selectCount - ==> Parameters: 29(Long), 1(String)
2026-07-05 18:19:38.097 [http-nio-8080-exec-2] DEBUG [traceId=24d2870c9be54dd2aa7869dc5f02d343 userId=29 role=2] c.k.i.m.TaskUserMapper.selectCount - <==      Total: 1
2026-07-05 18:19:38.100 [http-nio-8080-exec-2] INFO  [traceId=24d2870c9be54dd2aa7869dc5f02d343 userId=29 role=2] com.kg.interceptor.TraceIdFilter - HTTP_REQUEST_END method=POST uri=/my-task/stats status=200 cost=29ms responseBody={"code":200,"message":"查询成功","data":{"unfinished":31,"finished":21}}
2026-07-05 18:19:51.807 [http-nio-8080-exec-4] INFO  [traceId=5079fa8eca2844b2b525bf1fa2a44d65 userId= role=] com.kg.interceptor.TraceIdFilter - HTTP_REQUEST_START method=POST uri=/my-task/list query=null requestBody={"pageNum":1,"pageSize":10,"status":"0"} ip=0:0:0:0:0:0:0:1 userAgent=Mozilla/5.0 (Windows NT 10.0; Win64; x64) AppleWebKit/537.36 (KHTML, like Gecko) Chrome/123.0.0.0 Safari/537.36
2026-07-05 18:19:51.816 [http-nio-8080-exec-4] DEBUG [traceId=5079fa8eca2844b2b525bf1fa2a44d65 userId= role=] c.k.i.m.SysUserMapper.selectById - ==>  Preparing: SELECT id,account,name,password,role,gender,email,phone,openid,description,teacher_remark,class_id,status,create_by,create_time,update_by,update_time FROM sys_user WHERE id=?
2026-07-05 18:19:51.819 [http-nio-8080-exec-4] DEBUG [traceId=5079fa8eca2844b2b525bf1fa2a44d65 userId= role=] c.k.i.m.SysUserMapper.selectById - ==> Parameters: 29(Long)
2026-07-05 18:19:51.822 [http-nio-8080-exec-4] DEBUG [traceId=5079fa8eca2844b2b525bf1fa2a44d65 userId= role=] c.k.i.m.SysUserMapper.selectById - <==      Total: 1
2026-07-05 18:19:51.824 [http-nio-8080-exec-4] DEBUG [traceId=5079fa8eca2844b2b525bf1fa2a44d65 userId=29 role=2] c.k.i.mapper.MyTaskMapper.count - ==>  Preparing: SELECT COUNT(*) FROM task_user tu JOIN task t ON t.id = tu.task_id WHERE tu.user_id = ? AND tu.status = ?
2026-07-05 18:19:51.824 [http-nio-8080-exec-4] DEBUG [traceId=5079fa8eca2844b2b525bf1fa2a44d65 userId=29 role=2] c.k.i.mapper.MyTaskMapper.count - ==> Parameters: 29(Long), 0(String)
2026-07-05 18:19:51.827 [http-nio-8080-exec-4] DEBUG [traceId=5079fa8eca2844b2b525bf1fa2a44d65 userId=29 role=2] c.k.i.mapper.MyTaskMapper.count - <==      Total: 1
2026-07-05 18:19:51.827 [http-nio-8080-exec-4] DEBUG [traceId=5079fa8eca2844b2b525bf1fa2a44d65 userId=29 role=2] c.k.i.mapper.MyTaskMapper.page - ==>  Preparing: SELECT u.name AS task_create_name,t.round_no AS round_no,t.template_id AS template_id,t.id AS task_id, t.task_name, t.task_type, t.is_mandatory AS force_flag, t.task_description, t.priority, t.task_start_time AS start_time, t.task_end_time AS end_time, t.plan_id AS planId, t.plan_date AS planDate, t.is_repeat_task AS isRepeatTask, t.status AS taskStatus, tu.id AS task_user_id, tu.status, tu.total_score, tu.submit_time FROM task_user tu JOIN task t ON t.id = tu.task_id LEFT JOIN sys_user u ON u.id = t.create_by WHERE tu.user_id = ? AND tu.status = ? ORDER BY t.create_time DESC LIMIT ?, ?
2026-07-05 18:19:51.828 [http-nio-8080-exec-4] DEBUG [traceId=5079fa8eca2844b2b525bf1fa2a44d65 userId=29 role=2] c.k.i.mapper.MyTaskMapper.page - ==> Parameters: 29(Long), 0(String), 0(Integer), 10(Integer)
2026-07-05 18:19:51.831 [http-nio-8080-exec-4] DEBUG [traceId=5079fa8eca2844b2b525bf1fa2a44d65 userId=29 role=2] c.k.i.mapper.MyTaskMapper.page - <==      Total: 10
2026-07-05 18:19:51.841 [http-nio-8080-exec-4] INFO  [traceId=5079fa8eca2844b2b525bf1fa2a44d65 userId=29 role=2] com.kg.interceptor.TraceIdFilter - HTTP_REQUEST_END method=POST uri=/my-task/list status=200 cost=32ms responseBody={"code":200,"message":"查询成功","data":{"total":31,"list":[{"taskId":94,"taskName":"每日打卡","taskType":"2","forceFlag":1,"taskDescription":null,"priority":0,"startTime":"2026-07-05 06:00:00","endTime":"2026-07-05 23:59:00","status":"0","totalScore":null,"submitTime":null,"roundNo":0,"templateId":null,"planId":null,"planDate":null,"isRepeatTask":0,"taskStatus":1,"taskUserId":492,"taskCreateName":null},{"taskId":95,"taskName":"每日复盘","taskType":"3","forceFlag":1,"taskDescription":null,"priority":0,"startTime":"2026-07-05 08:00:00","endTime":"2026-07-05 23:59:00","status":"0","totalScore":null,"submitTime":null,"roundNo":0,"templateId":null,"planId":null,"planDate":null,"isRepeatTask":0,"taskStatus":1,"taskUserId":503,"taskCreateName":null},{"taskId":93,"taskName":"每日复盘","taskType":"3","forceFlag":1,"taskDescription":null,"priority":0,"startTime":"2026-07-03 08:00:00","endTime":"2026-07-03 23:59:00","status":"0","totalScore":null,"submitTime":null,"roundNo":0,"templateId":null,"planId":null,"planDate":null,"isRepeatTask":0,"taskStatus":1,"taskUserId":481,"taskCreateName":null},{"taskId":89,"taskName":"每日复盘","taskType":"3","forceFlag":1,"taskDescription":null,"priority":0,"startTime":"2026-07-02 08:00:00","endTime":"2026-07-02 23:59:00","status":"0","totalScore":null,"submitTime":null,"roundNo":0,"templateId":null,"planId":null,"planDate":null,"isRepeatTask":0,"taskStatus":1,"taskUserId":458,"taskCreateName":null},{"taskId":79,"taskName":"测试重复任务 07-03","taskType":"0","forceFlag":1,"taskDescription":"","priority":1,"startTime":"2026-07-03 00:00:00","endTime":"2026-07-03 23:59:00","status":"0","totalScore":null,"submitTime":null,"roundNo":0,"templateId":null,"planId":1,"planDate":"2026-07-03","isRepeatTask":1,"taskStatus":1,"taskUserId":431,"taskCreateName":"管理员"},{"taskId":80,"taskName":"测试重复任务 07-04","taskType":"0","forceFlag":1,"taskDescription":"","priority":1,"startTime":"2026-07-04 00:00:00","endTime":"2026-07-04 23:59:00","status":"0","totalScore":null,"submitTime":null,"roundNo":0,"templateId":null,"planId":1,"planDate":"2026-07-04","isRepeatTask":1,"taskStatus":1,"taskUserId":438,"taskCreateName":"管理员"},{"taskId":76,"taskName":"普通刷题任务测试","taskType":"0","forceFlag":1,"taskDescription":"","priority":1,"startTime":"2026-07-01 00:00:00","endTime":"2026-07-03 23:59:59","status":"0","totalScore":null,"submitTime":null,"roundNo":1,"templateId":null,"planId":null,"planDate":null,"isRepeatTask":0,"taskStatus":1,"taskUserId":410,"taskCreateName":"管理员"},{"taskId":75,"taskName":"每日复盘","taskType":"3","forceFlag":1,"taskDescription":null,"priority":0,"startTime":"2026-07-01 08:00:00","endTime":"2026-07-01 23:59:00","status":"0","totalScore":null,"submitTime":null,"roundNo":0,"templateId":null,"planId":null,"planDate":null,"isRepeatTask":0,"taskStatus":1,"taskUserId":403,"taskCreateName":null},{"taskId":73,"taskName":"测试班级任务","taskType":"0","forceFlag":1,"taskDescription":"","priority":1,"startTime":"2026-06-29 00:00:00","endTime":"2026-06-30 23:59:59","status":"0","totalScore":null,"submitTime":null,"roundNo":1,"templateId":null,"planId":null,"planDate":null,"isRepeatTask":0,"taskStatus":1,"taskUserId":383,"taskCreateName":"杨少伟"},{"taskId":72,"taskName":"每日复盘","taskType":"3","forceFlag":1,"taskDescription":null,"priority":0,"startTime":"2026-06-29 08:00:00","endTime":"2026-06-29 23:59:00","status":"0","totalScore":null,"submitTime":null,"roundNo":0,"templateId":null,"planId":null,"planDate":null,"isRepeatTask":0,"taskStatus":1,"taskUserId":376,"taskCreateName":null}]}}
2026-07-05 18:35:55.505 [http-nio-8080-exec-6] INFO  [traceId=fdaada445dc642d089b4692d2aace148 userId= role=] com.kg.interceptor.TraceIdFilter - HTTP_REQUEST_START method=GET uri=/dict/group/task_type query=null requestBody= ip=0:0:0:0:0:0:0:1 userAgent=Mozilla/5.0 (Windows NT 10.0; Win64; x64) AppleWebKit/537.36 (KHTML, like Gecko) Chrome/123.0.0.0 Safari/537.36
2026-07-05 18:35:55.648 [http-nio-8080-exec-6] DEBUG [traceId=fdaada445dc642d089b4692d2aace148 userId= role=] c.k.i.m.SysUserMapper.selectById - ==>  Preparing: SELECT id,account,name,password,role,gender,email,phone,openid,description,teacher_remark,class_id,status,create_by,create_time,update_by,update_time FROM sys_user WHERE id=?
2026-07-05 18:35:55.652 [http-nio-8080-exec-6] DEBUG [traceId=fdaada445dc642d089b4692d2aace148 userId= role=] c.k.i.m.SysUserMapper.selectById - ==> Parameters: 29(Long)
2026-07-05 18:35:55.690 [http-nio-8080-exec-6] DEBUG [traceId=fdaada445dc642d089b4692d2aace148 userId= role=] c.k.i.m.SysUserMapper.selectById - <==      Total: 1
2026-07-05 18:35:55.716 [http-nio-8080-exec-6] DEBUG [traceId=fdaada445dc642d089b4692d2aace148 userId=29 role=2] c.k.i.mapper.DictMapper.selectList - ==>  Preparing: SELECT id,dict_code,dict_name,dict_label,dict_value,display_color,sort_no,status,create_by,create_time,update_by,update_time FROM sys_dict WHERE (dict_code = ?) ORDER BY sort_no ASC
2026-07-05 18:35:55.718 [http-nio-8080-exec-6] DEBUG [traceId=fdaada445dc642d089b4692d2aace148 userId=29 role=2] c.k.i.mapper.DictMapper.selectList - ==> Parameters: task_type(String)
2026-07-05 18:35:55.726 [http-nio-8080-exec-6] DEBUG [traceId=fdaada445dc642d089b4692d2aace148 userId=29 role=2] c.k.i.mapper.DictMapper.selectList - <==      Total: 4
2026-07-05 18:35:55.741 [http-nio-8080-exec-6] INFO  [traceId=fdaada445dc642d089b4692d2aace148 userId=29 role=2] com.kg.interceptor.TraceIdFilter - HTTP_REQUEST_END method=GET uri=/dict/group/task_type status=200 cost=244ms responseBody={"code":200,"message":"查询成功","data":{"dictCode":"task_type","dictName":"任务类型","items":[{"dictValue":"0","dictLabel":"刷题","sortNo":0,"status":1,"displayColor":"#ff6f00"},{"dictValue":"1","dictLabel":"学习","sortNo":1,"status":1,"displayColor":"#f7ff00"},{"dictValue":"2","dictLabel":"打卡","sortNo":2,"status":1,"displayColor":"#66ff00"},{"dictValue":"3","dictLabel":"每日复盘","sortNo":3,"status":1,"displayColor":"#00bfff"}]}}
2026-07-05 18:35:55.772 [http-nio-8080-exec-8] INFO  [traceId=0ccdfd86bf3d4976ab4ac3bbf02f4101 userId= role=] com.kg.interceptor.TraceIdFilter - HTTP_REQUEST_START method=POST uri=/my-task/template/page query=null requestBody={"pageNum":1,"pageSize":10} ip=0:0:0:0:0:0:0:1 userAgent=Mozilla/5.0 (Windows NT 10.0; Win64; x64) AppleWebKit/537.36 (KHTML, like Gecko) Chrome/123.0.0.0 Safari/537.36
2026-07-05 18:35:55.784 [http-nio-8080-exec-8] DEBUG [traceId=0ccdfd86bf3d4976ab4ac3bbf02f4101 userId= role=] c.k.i.m.SysUserMapper.selectById - ==>  Preparing: SELECT id,account,name,password,role,gender,email,phone,openid,description,teacher_remark,class_id,status,create_by,create_time,update_by,update_time FROM sys_user WHERE id=?
2026-07-05 18:35:55.785 [http-nio-8080-exec-8] DEBUG [traceId=0ccdfd86bf3d4976ab4ac3bbf02f4101 userId= role=] c.k.i.m.SysUserMapper.selectById - ==> Parameters: 29(Long)
2026-07-05 18:35:55.789 [http-nio-8080-exec-8] DEBUG [traceId=0ccdfd86bf3d4976ab4ac3bbf02f4101 userId= role=] c.k.i.m.SysUserMapper.selectById - <==      Total: 1
2026-07-05 18:35:55.800 [http-nio-8080-exec-8] DEBUG [traceId=0ccdfd86bf3d4976ab4ac3bbf02f4101 userId=29 role=2] c.k.i.m.MyTaskMapper.countTemplates - ==>  Preparing: SELECT COUNT(DISTINCT tt.id) FROM task t JOIN task_user tu ON tu.task_id = t.id JOIN task_template tt ON tt.id = t.template_id WHERE tu.user_id = ? AND tu.status = '1' AND t.template_id IS NOT NULL
2026-07-05 18:35:55.803 [http-nio-8080-exec-8] DEBUG [traceId=0ccdfd86bf3d4976ab4ac3bbf02f4101 userId=29 role=2] c.k.i.m.MyTaskMapper.countTemplates - ==> Parameters: 29(Long)
2026-07-05 18:35:55.822 [http-nio-8080-exec-8] DEBUG [traceId=0ccdfd86bf3d4976ab4ac3bbf02f4101 userId=29 role=2] c.k.i.m.MyTaskMapper.countTemplates - <==      Total: 1
2026-07-05 18:35:55.823 [http-nio-8080-exec-8] DEBUG [traceId=0ccdfd86bf3d4976ab4ac3bbf02f4101 userId=29 role=2] c.k.i.m.MyTaskMapper.pageTemplates - ==>  Preparing: SELECT tt.id AS template_id, tt.template_name, tt.task_type, COUNT(DISTINCT t.id) AS round_count, MAX(tu.total_score) AS max_score, MIN(tu.total_score) AS min_score, AVG(tu.total_score) AS avg_score, (SELECT tu2.total_score FROM task_user tu2 JOIN task t2 ON t2.id = tu2.task_id WHERE t2.template_id = tt.id AND tu2.user_id = ? AND tu2.status = '1' ORDER BY t2.round_no DESC LIMIT 1) AS latest_score FROM task t JOIN task_user tu ON tu.task_id = t.id JOIN task_template tt ON tt.id = t.template_id WHERE tu.user_id = ? AND tu.status = '1' AND t.template_id IS NOT NULL GROUP BY tt.id, tt.template_name, tt.task_type ORDER BY tt.id DESC LIMIT ?, ?
2026-07-05 18:35:55.824 [http-nio-8080-exec-8] DEBUG [traceId=0ccdfd86bf3d4976ab4ac3bbf02f4101 userId=29 role=2] c.k.i.m.MyTaskMapper.pageTemplates - ==> Parameters: 29(Long), 29(Long), 0(Integer), 10(Integer)
2026-07-05 18:35:55.837 [http-nio-8080-exec-8] DEBUG [traceId=0ccdfd86bf3d4976ab4ac3bbf02f4101 userId=29 role=2] c.k.i.m.MyTaskMapper.pageTemplates - <==      Total: 1
2026-07-05 18:35:55.841 [http-nio-8080-exec-8] INFO  [traceId=0ccdfd86bf3d4976ab4ac3bbf02f4101 userId=29 role=2] com.kg.interceptor.TraceIdFilter - HTTP_REQUEST_END method=POST uri=/my-task/template/page status=200 cost=70ms responseBody={"code":200,"message":"查询成功","data":{"total":1,"list":[{"templateId":6,"templateName":"2026真题","taskType":"0","roundCount":2,"maxScore":70.00,"minScore":50.00,"avgScore":60.000000,"latestScore":70.00}]}}
2026-07-05 18:35:55.935 [http-nio-8080-exec-9] INFO  [traceId=f451946368b94061b95f6feabbac0bc3 userId= role=] com.kg.interceptor.TraceIdFilter - HTTP_REQUEST_START method=GET uri=/dict/group/task_type query=null requestBody= ip=0:0:0:0:0:0:0:1 userAgent=Mozilla/5.0 (Windows NT 10.0; Win64; x64) AppleWebKit/537.36 (KHTML, like Gecko) Chrome/123.0.0.0 Safari/537.36
2026-07-05 18:35:55.951 [http-nio-8080-exec-9] DEBUG [traceId=f451946368b94061b95f6feabbac0bc3 userId= role=] c.k.i.m.SysUserMapper.selectById - ==>  Preparing: SELECT id,account,name,password,role,gender,email,phone,openid,description,teacher_remark,class_id,status,create_by,create_time,update_by,update_time FROM sys_user WHERE id=?
2026-07-05 18:35:55.952 [http-nio-8080-exec-9] DEBUG [traceId=f451946368b94061b95f6feabbac0bc3 userId= role=] c.k.i.m.SysUserMapper.selectById - ==> Parameters: 29(Long)
2026-07-05 18:35:55.958 [http-nio-8080-exec-9] DEBUG [traceId=f451946368b94061b95f6feabbac0bc3 userId= role=] c.k.i.m.SysUserMapper.selectById - <==      Total: 1
2026-07-05 18:35:55.967 [http-nio-8080-exec-9] DEBUG [traceId=f451946368b94061b95f6feabbac0bc3 userId=29 role=2] c.k.i.mapper.DictMapper.selectList - ==>  Preparing: SELECT id,dict_code,dict_name,dict_label,dict_value,display_color,sort_no,status,create_by,create_time,update_by,update_time FROM sys_dict WHERE (dict_code = ?) ORDER BY sort_no ASC
2026-07-05 18:35:55.968 [http-nio-8080-exec-9] DEBUG [traceId=f451946368b94061b95f6feabbac0bc3 userId=29 role=2] c.k.i.mapper.DictMapper.selectList - ==> Parameters: task_type(String)
2026-07-05 18:35:55.973 [http-nio-8080-exec-9] DEBUG [traceId=f451946368b94061b95f6feabbac0bc3 userId=29 role=2] c.k.i.mapper.DictMapper.selectList - <==      Total: 4
2026-07-05 18:35:55.975 [http-nio-8080-exec-9] INFO  [traceId=f451946368b94061b95f6feabbac0bc3 userId=29 role=2] com.kg.interceptor.TraceIdFilter - HTTP_REQUEST_END method=GET uri=/dict/group/task_type status=200 cost=42ms responseBody={"code":200,"message":"查询成功","data":{"dictCode":"task_type","dictName":"任务类型","items":[{"dictValue":"0","dictLabel":"刷题","sortNo":0,"status":1,"displayColor":"#ff6f00"},{"dictValue":"1","dictLabel":"学习","sortNo":1,"status":1,"displayColor":"#f7ff00"},{"dictValue":"2","dictLabel":"打卡","sortNo":2,"status":1,"displayColor":"#66ff00"},{"dictValue":"3","dictLabel":"每日复盘","sortNo":3,"status":1,"displayColor":"#00bfff"}]}}
2026-07-05 18:35:56.130 [http-nio-8080-exec-5] INFO  [traceId=a28ff4d6afe14484b03bf0c042123126 userId= role=] com.kg.interceptor.TraceIdFilter - HTTP_REQUEST_START method=POST uri=/my-task/template/page query=null requestBody={"pageNum":1,"pageSize":10,"taskType":"0"} ip=0:0:0:0:0:0:0:1 userAgent=Mozilla/5.0 (Windows NT 10.0; Win64; x64) AppleWebKit/537.36 (KHTML, like Gecko) Chrome/123.0.0.0 Safari/537.36
2026-07-05 18:35:56.142 [http-nio-8080-exec-5] DEBUG [traceId=a28ff4d6afe14484b03bf0c042123126 userId= role=] c.k.i.m.SysUserMapper.selectById - ==>  Preparing: SELECT id,account,name,password,role,gender,email,phone,openid,description,teacher_remark,class_id,status,create_by,create_time,update_by,update_time FROM sys_user WHERE id=?
2026-07-05 18:35:56.143 [http-nio-8080-exec-5] DEBUG [traceId=a28ff4d6afe14484b03bf0c042123126 userId= role=] c.k.i.m.SysUserMapper.selectById - ==> Parameters: 29(Long)
2026-07-05 18:35:56.145 [http-nio-8080-exec-5] DEBUG [traceId=a28ff4d6afe14484b03bf0c042123126 userId= role=] c.k.i.m.SysUserMapper.selectById - <==      Total: 1
2026-07-05 18:35:56.148 [http-nio-8080-exec-5] DEBUG [traceId=a28ff4d6afe14484b03bf0c042123126 userId=29 role=2] c.k.i.m.MyTaskMapper.countTemplates - ==>  Preparing: SELECT COUNT(DISTINCT tt.id) FROM task t JOIN task_user tu ON tu.task_id = t.id JOIN task_template tt ON tt.id = t.template_id WHERE tu.user_id = ? AND tu.status = '1' AND t.template_id IS NOT NULL AND tt.task_type = ?
2026-07-05 18:35:56.149 [http-nio-8080-exec-5] DEBUG [traceId=a28ff4d6afe14484b03bf0c042123126 userId=29 role=2] c.k.i.m.MyTaskMapper.countTemplates - ==> Parameters: 29(Long), 0(String)
2026-07-05 18:35:56.151 [http-nio-8080-exec-5] DEBUG [traceId=a28ff4d6afe14484b03bf0c042123126 userId=29 role=2] c.k.i.m.MyTaskMapper.countTemplates - <==      Total: 1
2026-07-05 18:35:56.152 [http-nio-8080-exec-5] DEBUG [traceId=a28ff4d6afe14484b03bf0c042123126 userId=29 role=2] c.k.i.m.MyTaskMapper.pageTemplates - ==>  Preparing: SELECT tt.id AS template_id, tt.template_name, tt.task_type, COUNT(DISTINCT t.id) AS round_count, MAX(tu.total_score) AS max_score, MIN(tu.total_score) AS min_score, AVG(tu.total_score) AS avg_score, (SELECT tu2.total_score FROM task_user tu2 JOIN task t2 ON t2.id = tu2.task_id WHERE t2.template_id = tt.id AND tu2.user_id = ? AND tu2.status = '1' ORDER BY t2.round_no DESC LIMIT 1) AS latest_score FROM task t JOIN task_user tu ON tu.task_id = t.id JOIN task_template tt ON tt.id = t.template_id WHERE tu.user_id = ? AND tu.status = '1' AND t.template_id IS NOT NULL AND tt.task_type = ? GROUP BY tt.id, tt.template_name, tt.task_type ORDER BY tt.id DESC LIMIT ?, ?
2026-07-05 18:35:56.153 [http-nio-8080-exec-5] DEBUG [traceId=a28ff4d6afe14484b03bf0c042123126 userId=29 role=2] c.k.i.m.MyTaskMapper.pageTemplates - ==> Parameters: 29(Long), 29(Long), 0(String), 0(Integer), 10(Integer)
2026-07-05 18:35:56.154 [http-nio-8080-exec-5] DEBUG [traceId=a28ff4d6afe14484b03bf0c042123126 userId=29 role=2] c.k.i.m.MyTaskMapper.pageTemplates - <==      Total: 1
2026-07-05 18:35:56.156 [http-nio-8080-exec-5] INFO  [traceId=a28ff4d6afe14484b03bf0c042123126 userId=29 role=2] com.kg.interceptor.TraceIdFilter - HTTP_REQUEST_END method=POST uri=/my-task/template/page status=200 cost=26ms responseBody={"code":200,"message":"查询成功","data":{"total":1,"list":[{"templateId":6,"templateName":"2026真题","taskType":"0","roundCount":2,"maxScore":70.00,"minScore":50.00,"avgScore":60.000000,"latestScore":70.00}]}}
2026-07-05 18:35:56.529 [http-nio-8080-exec-7] INFO  [traceId=f4a884b0c8a541dcb4150b6b91748735 userId= role=] com.kg.interceptor.TraceIdFilter - HTTP_REQUEST_START method=POST uri=/my-task/list query=null requestBody={"pageNum":1,"pageSize":10,"status":"0"} ip=0:0:0:0:0:0:0:1 userAgent=Mozilla/5.0 (Windows NT 10.0; Win64; x64) AppleWebKit/537.36 (KHTML, like Gecko) Chrome/123.0.0.0 Safari/537.36
2026-07-05 18:35:56.532 [http-nio-8080-exec-3] INFO  [traceId=76b9103199df4aa091cc44f2f4099803 userId= role=] com.kg.interceptor.TraceIdFilter - HTTP_REQUEST_START method=GET uri=/dict/group/task_type query=null requestBody= ip=0:0:0:0:0:0:0:1 userAgent=Mozilla/5.0 (Windows NT 10.0; Win64; x64) AppleWebKit/537.36 (KHTML, like Gecko) Chrome/123.0.0.0 Safari/537.36
2026-07-05 18:35:56.536 [http-nio-8080-exec-10] INFO  [traceId=4ce007ded23d489da47e72d41e0a48ae userId= role=] com.kg.interceptor.TraceIdFilter - HTTP_REQUEST_START method=POST uri=/my-task/stats query=null requestBody={} ip=0:0:0:0:0:0:0:1 userAgent=Mozilla/5.0 (Windows NT 10.0; Win64; x64) AppleWebKit/537.36 (KHTML, like Gecko) Chrome/123.0.0.0 Safari/537.36
2026-07-05 18:35:56.550 [http-nio-8080-exec-3] DEBUG [traceId=76b9103199df4aa091cc44f2f4099803 userId= role=] c.k.i.m.SysUserMapper.selectById - ==>  Preparing: SELECT id,account,name,password,role,gender,email,phone,openid,description,teacher_remark,class_id,status,create_by,create_time,update_by,update_time FROM sys_user WHERE id=?
2026-07-05 18:35:56.550 [http-nio-8080-exec-7] DEBUG [traceId=f4a884b0c8a541dcb4150b6b91748735 userId= role=] c.k.i.m.SysUserMapper.selectById - ==>  Preparing: SELECT id,account,name,password,role,gender,email,phone,openid,description,teacher_remark,class_id,status,create_by,create_time,update_by,update_time FROM sys_user WHERE id=?
2026-07-05 18:35:56.551 [http-nio-8080-exec-7] DEBUG [traceId=f4a884b0c8a541dcb4150b6b91748735 userId= role=] c.k.i.m.SysUserMapper.selectById - ==> Parameters: 29(Long)
2026-07-05 18:35:56.551 [http-nio-8080-exec-3] DEBUG [traceId=76b9103199df4aa091cc44f2f4099803 userId= role=] c.k.i.m.SysUserMapper.selectById - ==> Parameters: 29(Long)
2026-07-05 18:35:56.553 [http-nio-8080-exec-7] DEBUG [traceId=f4a884b0c8a541dcb4150b6b91748735 userId= role=] c.k.i.m.SysUserMapper.selectById - <==      Total: 1
2026-07-05 18:35:56.553 [http-nio-8080-exec-3] DEBUG [traceId=76b9103199df4aa091cc44f2f4099803 userId= role=] c.k.i.m.SysUserMapper.selectById - <==      Total: 1
2026-07-05 18:35:56.556 [http-nio-8080-exec-10] DEBUG [traceId=4ce007ded23d489da47e72d41e0a48ae userId= role=] c.k.i.m.SysUserMapper.selectById - ==>  Preparing: SELECT id,account,name,password,role,gender,email,phone,openid,description,teacher_remark,class_id,status,create_by,create_time,update_by,update_time FROM sys_user WHERE id=?
2026-07-05 18:35:56.556 [http-nio-8080-exec-10] DEBUG [traceId=4ce007ded23d489da47e72d41e0a48ae userId= role=] c.k.i.m.SysUserMapper.selectById - ==> Parameters: 29(Long)
2026-07-05 18:35:56.557 [http-nio-8080-exec-3] DEBUG [traceId=76b9103199df4aa091cc44f2f4099803 userId=29 role=2] c.k.i.mapper.DictMapper.selectList - ==>  Preparing: SELECT id,dict_code,dict_name,dict_label,dict_value,display_color,sort_no,status,create_by,create_time,update_by,update_time FROM sys_dict WHERE (dict_code = ?) ORDER BY sort_no ASC
2026-07-05 18:35:56.558 [http-nio-8080-exec-3] DEBUG [traceId=76b9103199df4aa091cc44f2f4099803 userId=29 role=2] c.k.i.mapper.DictMapper.selectList - ==> Parameters: task_type(String)
2026-07-05 18:35:56.559 [http-nio-8080-exec-10] DEBUG [traceId=4ce007ded23d489da47e72d41e0a48ae userId= role=] c.k.i.m.SysUserMapper.selectById - <==      Total: 1
2026-07-05 18:35:56.559 [http-nio-8080-exec-7] DEBUG [traceId=f4a884b0c8a541dcb4150b6b91748735 userId=29 role=2] c.k.i.mapper.MyTaskMapper.count - ==>  Preparing: SELECT COUNT(*) FROM task_user tu JOIN task t ON t.id = tu.task_id WHERE tu.user_id = ? AND tu.status = ?
2026-07-05 18:35:56.559 [http-nio-8080-exec-7] DEBUG [traceId=f4a884b0c8a541dcb4150b6b91748735 userId=29 role=2] c.k.i.mapper.MyTaskMapper.count - ==> Parameters: 29(Long), 0(String)
2026-07-05 18:35:56.560 [http-nio-8080-exec-3] DEBUG [traceId=76b9103199df4aa091cc44f2f4099803 userId=29 role=2] c.k.i.mapper.DictMapper.selectList - <==      Total: 4
2026-07-05 18:35:56.561 [http-nio-8080-exec-3] INFO  [traceId=76b9103199df4aa091cc44f2f4099803 userId=29 role=2] com.kg.interceptor.TraceIdFilter - HTTP_REQUEST_END method=GET uri=/dict/group/task_type status=200 cost=29ms responseBody={"code":200,"message":"查询成功","data":{"dictCode":"task_type","dictName":"任务类型","items":[{"dictValue":"0","dictLabel":"刷题","sortNo":0,"status":1,"displayColor":"#ff6f00"},{"dictValue":"1","dictLabel":"学习","sortNo":1,"status":1,"displayColor":"#f7ff00"},{"dictValue":"2","dictLabel":"打卡","sortNo":2,"status":1,"displayColor":"#66ff00"},{"dictValue":"3","dictLabel":"每日复盘","sortNo":3,"status":1,"displayColor":"#00bfff"}]}}
2026-07-05 18:35:56.563 [http-nio-8080-exec-7] DEBUG [traceId=f4a884b0c8a541dcb4150b6b91748735 userId=29 role=2] c.k.i.mapper.MyTaskMapper.count - <==      Total: 1
2026-07-05 18:35:56.565 [http-nio-8080-exec-7] DEBUG [traceId=f4a884b0c8a541dcb4150b6b91748735 userId=29 role=2] c.k.i.mapper.MyTaskMapper.page - ==>  Preparing: SELECT u.name AS task_create_name,t.round_no AS round_no,t.template_id AS template_id,t.id AS task_id, t.task_name, t.task_type, t.is_mandatory AS force_flag, t.task_description, t.priority, t.task_start_time AS start_time, t.task_end_time AS end_time, t.plan_id AS planId, t.plan_date AS planDate, t.is_repeat_task AS isRepeatTask, t.status AS taskStatus, tu.id AS task_user_id, tu.status, tu.total_score, tu.submit_time FROM task_user tu JOIN task t ON t.id = tu.task_id LEFT JOIN sys_user u ON u.id = t.create_by WHERE tu.user_id = ? AND tu.status = ? ORDER BY t.create_time DESC LIMIT ?, ?
2026-07-05 18:35:56.567 [http-nio-8080-exec-7] DEBUG [traceId=f4a884b0c8a541dcb4150b6b91748735 userId=29 role=2] c.k.i.mapper.MyTaskMapper.page - ==> Parameters: 29(Long), 0(String), 0(Integer), 10(Integer)
2026-07-05 18:35:56.569 [http-nio-8080-exec-10] DEBUG [traceId=4ce007ded23d489da47e72d41e0a48ae userId=29 role=2] c.k.i.m.TaskUserMapper.selectCount - ==>  Preparing: SELECT COUNT( * ) AS total FROM task_user WHERE (user_id = ? AND status = ?)
2026-07-05 18:35:56.575 [http-nio-8080-exec-10] DEBUG [traceId=4ce007ded23d489da47e72d41e0a48ae userId=29 role=2] c.k.i.m.TaskUserMapper.selectCount - ==> Parameters: 29(Long), 0(String)
2026-07-05 18:35:56.577 [http-nio-8080-exec-10] DEBUG [traceId=4ce007ded23d489da47e72d41e0a48ae userId=29 role=2] c.k.i.m.TaskUserMapper.selectCount - <==      Total: 1
2026-07-05 18:35:56.581 [http-nio-8080-exec-10] DEBUG [traceId=4ce007ded23d489da47e72d41e0a48ae userId=29 role=2] c.k.i.m.TaskUserMapper.selectCount - ==>  Preparing: SELECT COUNT( * ) AS total FROM task_user WHERE (user_id = ? AND status = ?)
2026-07-05 18:35:56.582 [http-nio-8080-exec-10] DEBUG [traceId=4ce007ded23d489da47e72d41e0a48ae userId=29 role=2] c.k.i.m.TaskUserMapper.selectCount - ==> Parameters: 29(Long), 1(String)
2026-07-05 18:35:56.584 [http-nio-8080-exec-7] DEBUG [traceId=f4a884b0c8a541dcb4150b6b91748735 userId=29 role=2] c.k.i.mapper.MyTaskMapper.page - <==      Total: 10
2026-07-05 18:35:56.584 [http-nio-8080-exec-10] DEBUG [traceId=4ce007ded23d489da47e72d41e0a48ae userId=29 role=2] c.k.i.m.TaskUserMapper.selectCount - <==      Total: 1
2026-07-05 18:35:56.585 [http-nio-8080-exec-10] INFO  [traceId=4ce007ded23d489da47e72d41e0a48ae userId=29 role=2] com.kg.interceptor.TraceIdFilter - HTTP_REQUEST_END method=POST uri=/my-task/stats status=200 cost=49ms responseBody={"code":200,"message":"查询成功","data":{"unfinished":31,"finished":21}}
2026-07-05 18:35:56.591 [http-nio-8080-exec-7] INFO  [traceId=f4a884b0c8a541dcb4150b6b91748735 userId=29 role=2] com.kg.interceptor.TraceIdFilter - HTTP_REQUEST_END method=POST uri=/my-task/list status=200 cost=62ms responseBody={"code":200,"message":"查询成功","data":{"total":31,"list":[{"taskId":94,"taskName":"每日打卡","taskType":"2","forceFlag":1,"taskDescription":null,"priority":0,"startTime":"2026-07-05 06:00:00","endTime":"2026-07-05 23:59:00","status":"0","totalScore":null,"submitTime":null,"roundNo":0,"templateId":null,"planId":null,"planDate":null,"isRepeatTask":0,"taskStatus":1,"taskUserId":492,"taskCreateName":null},{"taskId":95,"taskName":"每日复盘","taskType":"3","forceFlag":1,"taskDescription":null,"priority":0,"startTime":"2026-07-05 08:00:00","endTime":"2026-07-05 23:59:00","status":"0","totalScore":null,"submitTime":null,"roundNo":0,"templateId":null,"planId":null,"planDate":null,"isRepeatTask":0,"taskStatus":1,"taskUserId":503,"taskCreateName":null},{"taskId":93,"taskName":"每日复盘","taskType":"3","forceFlag":1,"taskDescription":null,"priority":0,"startTime":"2026-07-03 08:00:00","endTime":"2026-07-03 23:59:00","status":"0","totalScore":null,"submitTime":null,"roundNo":0,"templateId":null,"planId":null,"planDate":null,"isRepeatTask":0,"taskStatus":1,"taskUserId":481,"taskCreateName":null},{"taskId":89,"taskName":"每日复盘","taskType":"3","forceFlag":1,"taskDescription":null,"priority":0,"startTime":"2026-07-02 08:00:00","endTime":"2026-07-02 23:59:00","status":"0","totalScore":null,"submitTime":null,"roundNo":0,"templateId":null,"planId":null,"planDate":null,"isRepeatTask":0,"taskStatus":1,"taskUserId":458,"taskCreateName":null},{"taskId":79,"taskName":"测试重复任务 07-03","taskType":"0","forceFlag":1,"taskDescription":"","priority":1,"startTime":"2026-07-03 00:00:00","endTime":"2026-07-03 23:59:00","status":"0","totalScore":null,"submitTime":null,"roundNo":0,"templateId":null,"planId":1,"planDate":"2026-07-03","isRepeatTask":1,"taskStatus":1,"taskUserId":431,"taskCreateName":"管理员"},{"taskId":80,"taskName":"测试重复任务 07-04","taskType":"0","forceFlag":1,"taskDescription":"","priority":1,"startTime":"2026-07-04 00:00:00","endTime":"2026-07-04 23:59:00","status":"0","totalScore":null,"submitTime":null,"roundNo":0,"templateId":null,"planId":1,"planDate":"2026-07-04","isRepeatTask":1,"taskStatus":1,"taskUserId":438,"taskCreateName":"管理员"},{"taskId":76,"taskName":"普通刷题任务测试","taskType":"0","forceFlag":1,"taskDescription":"","priority":1,"startTime":"2026-07-01 00:00:00","endTime":"2026-07-03 23:59:59","status":"0","totalScore":null,"submitTime":null,"roundNo":1,"templateId":null,"planId":null,"planDate":null,"isRepeatTask":0,"taskStatus":1,"taskUserId":410,"taskCreateName":"管理员"},{"taskId":75,"taskName":"每日复盘","taskType":"3","forceFlag":1,"taskDescription":null,"priority":0,"startTime":"2026-07-01 08:00:00","endTime":"2026-07-01 23:59:00","status":"0","totalScore":null,"submitTime":null,"roundNo":0,"templateId":null,"planId":null,"planDate":null,"isRepeatTask":0,"taskStatus":1,"taskUserId":403,"taskCreateName":null},{"taskId":73,"taskName":"测试班级任务","taskType":"0","forceFlag":1,"taskDescription":"","priority":1,"startTime":"2026-06-29 00:00:00","endTime":"2026-06-30 23:59:59","status":"0","totalScore":null,"submitTime":null,"roundNo":1,"templateId":null,"planId":null,"planDate":null,"isRepeatTask":0,"taskStatus":1,"taskUserId":383,"taskCreateName":"杨少伟"},{"taskId":72,"taskName":"每日复盘","taskType":"3","forceFlag":1,"taskDescription":null,"priority":0,"startTime":"2026-06-29 08:00:00","endTime":"2026-06-29 23:59:00","status":"0","totalScore":null,"submitTime":null,"roundNo":0,"templateId":null,"planId":null,"planDate":null,"isRepeatTask":0,"taskStatus":1,"taskUserId":376,"taskCreateName":null}]}}
2026-07-05 18:36:02.075 [http-nio-8080-exec-1] INFO  [traceId=582b20fa27ee40548af73f65dfe16614 userId= role=] com.kg.interceptor.TraceIdFilter - HTTP_REQUEST_START method=GET uri=/dict/group/task_type query=null requestBody= ip=0:0:0:0:0:0:0:1 userAgent=Mozilla/5.0 (Windows NT 10.0; Win64; x64) AppleWebKit/537.36 (KHTML, like Gecko) Chrome/123.0.0.0 Safari/537.36
2026-07-05 18:36:02.086 [http-nio-8080-exec-1] DEBUG [traceId=582b20fa27ee40548af73f65dfe16614 userId= role=] c.k.i.m.SysUserMapper.selectById - ==>  Preparing: SELECT id,account,name,password,role,gender,email,phone,openid,description,teacher_remark,class_id,status,create_by,create_time,update_by,update_time FROM sys_user WHERE id=?
2026-07-05 18:36:02.086 [http-nio-8080-exec-1] DEBUG [traceId=582b20fa27ee40548af73f65dfe16614 userId= role=] c.k.i.m.SysUserMapper.selectById - ==> Parameters: 21(Long)
2026-07-05 18:36:02.089 [http-nio-8080-exec-1] DEBUG [traceId=582b20fa27ee40548af73f65dfe16614 userId= role=] c.k.i.m.SysUserMapper.selectById - <==      Total: 1
2026-07-05 18:36:02.094 [http-nio-8080-exec-1] DEBUG [traceId=582b20fa27ee40548af73f65dfe16614 userId=21 role=1] c.k.i.mapper.DictMapper.selectList - ==>  Preparing: SELECT id,dict_code,dict_name,dict_label,dict_value,display_color,sort_no,status,create_by,create_time,update_by,update_time FROM sys_dict WHERE (dict_code = ?) ORDER BY sort_no ASC
2026-07-05 18:36:02.095 [http-nio-8080-exec-1] DEBUG [traceId=582b20fa27ee40548af73f65dfe16614 userId=21 role=1] c.k.i.mapper.DictMapper.selectList - ==> Parameters: task_type(String)
2026-07-05 18:36:02.098 [http-nio-8080-exec-1] DEBUG [traceId=582b20fa27ee40548af73f65dfe16614 userId=21 role=1] c.k.i.mapper.DictMapper.selectList - <==      Total: 4
2026-07-05 18:36:02.100 [http-nio-8080-exec-1] INFO  [traceId=582b20fa27ee40548af73f65dfe16614 userId=21 role=1] com.kg.interceptor.TraceIdFilter - HTTP_REQUEST_END method=GET uri=/dict/group/task_type status=200 cost=25ms responseBody={"code":200,"message":"查询成功","data":{"dictCode":"task_type","dictName":"任务类型","items":[{"dictValue":"0","dictLabel":"刷题","sortNo":0,"status":1,"displayColor":"#ff6f00"},{"dictValue":"1","dictLabel":"学习","sortNo":1,"status":1,"displayColor":"#f7ff00"},{"dictValue":"2","dictLabel":"打卡","sortNo":2,"status":1,"displayColor":"#66ff00"},{"dictValue":"3","dictLabel":"每日复盘","sortNo":3,"status":1,"displayColor":"#00bfff"}]}}
2026-07-05 18:36:02.123 [http-nio-8080-exec-2] INFO  [traceId=0891d6eefbf44b13936c414888488e78 userId= role=] com.kg.interceptor.TraceIdFilter - HTTP_REQUEST_START method=POST uri=/task-template/page query=null requestBody={"pageNum":1,"pageSize":10} ip=0:0:0:0:0:0:0:1 userAgent=Mozilla/5.0 (Windows NT 10.0; Win64; x64) AppleWebKit/537.36 (KHTML, like Gecko) Chrome/123.0.0.0 Safari/537.36
2026-07-05 18:36:02.132 [http-nio-8080-exec-2] DEBUG [traceId=0891d6eefbf44b13936c414888488e78 userId= role=] c.k.i.m.SysUserMapper.selectById - ==>  Preparing: SELECT id,account,name,password,role,gender,email,phone,openid,description,teacher_remark,class_id,status,create_by,create_time,update_by,update_time FROM sys_user WHERE id=?
2026-07-05 18:36:02.132 [http-nio-8080-exec-2] DEBUG [traceId=0891d6eefbf44b13936c414888488e78 userId= role=] c.k.i.m.SysUserMapper.selectById - ==> Parameters: 21(Long)
2026-07-05 18:36:02.134 [http-nio-8080-exec-2] DEBUG [traceId=0891d6eefbf44b13936c414888488e78 userId= role=] c.k.i.m.SysUserMapper.selectById - <==      Total: 1
2026-07-05 18:36:02.215 [http-nio-8080-exec-2] DEBUG [traceId=0891d6eefbf44b13936c414888488e78 userId=21 role=1] c.k.i.m.T.selectCount - ==>  Preparing: SELECT COUNT( * ) AS total FROM task_template
2026-07-05 18:36:02.215 [http-nio-8080-exec-2] DEBUG [traceId=0891d6eefbf44b13936c414888488e78 userId=21 role=1] c.k.i.m.T.selectCount - ==> Parameters: 
2026-07-05 18:36:02.222 [http-nio-8080-exec-2] DEBUG [traceId=0891d6eefbf44b13936c414888488e78 userId=21 role=1] c.k.i.m.T.selectCount - <==      Total: 1
2026-07-05 18:36:02.234 [http-nio-8080-exec-2] DEBUG [traceId=0891d6eefbf44b13936c414888488e78 userId=21 role=1] c.k.i.m.T.selectList - ==>  Preparing: SELECT id,template_name,task_type,is_mandatory,task_description,default_priority,create_by,create_time,update_by,update_time FROM task_template ORDER BY id DESC LIMIT 0,10
2026-07-05 18:36:02.235 [http-nio-8080-exec-2] DEBUG [traceId=0891d6eefbf44b13936c414888488e78 userId=21 role=1] c.k.i.m.T.selectList - ==> Parameters: 
2026-07-05 18:36:02.237 [http-nio-8080-exec-2] DEBUG [traceId=0891d6eefbf44b13936c414888488e78 userId=21 role=1] c.k.i.m.T.selectList - <==      Total: 3
2026-07-05 18:36:02.252 [http-nio-8080-exec-2] INFO  [traceId=0891d6eefbf44b13936c414888488e78 userId=21 role=1] com.kg.interceptor.TraceIdFilter - HTTP_REQUEST_END method=POST uri=/task-template/page status=200 cost=130ms responseBody={"code":200,"message":"查询成功","data":{"total":3,"list":[{"id":6,"templateName":"2026真题","taskType":"0","isMandatory":1,"taskDescription":"真题模拟","defaultPriority":1,"createTime":"2026-06-09 21:45:43"},{"id":5,"templateName":"20260608","taskType":"2","isMandatory":1,"taskDescription":"做2026年国考","defaultPriority":1,"createTime":"2026-06-08 10:52:36"},{"id":4,"templateName":"模板任务1","taskType":"0","isMandatory":1,"taskDescription":"","defaultPriority":1,"createTime":"2026-06-01 00:27:11"}]}}
2026-07-05 18:36:02.996 [http-nio-8080-exec-4] INFO  [traceId=78da9bb60c534844a3003a6c21e89892 userId= role=] com.kg.interceptor.TraceIdFilter - HTTP_REQUEST_START method=GET uri=/dict/group/task_type query=null requestBody= ip=0:0:0:0:0:0:0:1 userAgent=Mozilla/5.0 (Windows NT 10.0; Win64; x64) AppleWebKit/537.36 (KHTML, like Gecko) Chrome/123.0.0.0 Safari/537.36
2026-07-05 18:36:03.004 [http-nio-8080-exec-4] DEBUG [traceId=78da9bb60c534844a3003a6c21e89892 userId= role=] c.k.i.m.SysUserMapper.selectById - ==>  Preparing: SELECT id,account,name,password,role,gender,email,phone,openid,description,teacher_remark,class_id,status,create_by,create_time,update_by,update_time FROM sys_user WHERE id=?
2026-07-05 18:36:03.005 [http-nio-8080-exec-4] DEBUG [traceId=78da9bb60c534844a3003a6c21e89892 userId= role=] c.k.i.m.SysUserMapper.selectById - ==> Parameters: 21(Long)
2026-07-05 18:36:03.007 [http-nio-8080-exec-4] DEBUG [traceId=78da9bb60c534844a3003a6c21e89892 userId= role=] c.k.i.m.SysUserMapper.selectById - <==      Total: 1
2026-07-05 18:36:03.010 [http-nio-8080-exec-4] DEBUG [traceId=78da9bb60c534844a3003a6c21e89892 userId=21 role=1] c.k.i.mapper.DictMapper.selectList - ==>  Preparing: SELECT id,dict_code,dict_name,dict_label,dict_value,display_color,sort_no,status,create_by,create_time,update_by,update_time FROM sys_dict WHERE (dict_code = ?) ORDER BY sort_no ASC
2026-07-05 18:36:03.010 [http-nio-8080-exec-4] DEBUG [traceId=78da9bb60c534844a3003a6c21e89892 userId=21 role=1] c.k.i.mapper.DictMapper.selectList - ==> Parameters: task_type(String)
2026-07-05 18:36:03.013 [http-nio-8080-exec-4] DEBUG [traceId=78da9bb60c534844a3003a6c21e89892 userId=21 role=1] c.k.i.mapper.DictMapper.selectList - <==      Total: 4
2026-07-05 18:36:03.016 [http-nio-8080-exec-4] INFO  [traceId=78da9bb60c534844a3003a6c21e89892 userId=21 role=1] com.kg.interceptor.TraceIdFilter - HTTP_REQUEST_END method=GET uri=/dict/group/task_type status=200 cost=20ms responseBody={"code":200,"message":"查询成功","data":{"dictCode":"task_type","dictName":"任务类型","items":[{"dictValue":"0","dictLabel":"刷题","sortNo":0,"status":1,"displayColor":"#ff6f00"},{"dictValue":"1","dictLabel":"学习","sortNo":1,"status":1,"displayColor":"#f7ff00"},{"dictValue":"2","dictLabel":"打卡","sortNo":2,"status":1,"displayColor":"#66ff00"},{"dictValue":"3","dictLabel":"每日复盘","sortNo":3,"status":1,"displayColor":"#00bfff"}]}}
2026-07-05 18:36:03.053 [http-nio-8080-exec-6] INFO  [traceId=8952e7cafc54416fb7768b9d2fec3cca userId= role=] com.kg.interceptor.TraceIdFilter - HTTP_REQUEST_START method=POST uri=/task/page query=null requestBody={"pageNum":1,"pageSize":10} ip=0:0:0:0:0:0:0:1 userAgent=Mozilla/5.0 (Windows NT 10.0; Win64; x64) AppleWebKit/537.36 (KHTML, like Gecko) Chrome/123.0.0.0 Safari/537.36
2026-07-05 18:36:03.053 [http-nio-8080-exec-8] INFO  [traceId=0322f609042c4ef08f38cc0a78ba9b85 userId= role=] com.kg.interceptor.TraceIdFilter - HTTP_REQUEST_START method=GET uri=/class/student-options query=null requestBody= ip=0:0:0:0:0:0:0:1 userAgent=Mozilla/5.0 (Windows NT 10.0; Win64; x64) AppleWebKit/537.36 (KHTML, like Gecko) Chrome/123.0.0.0 Safari/537.36
2026-07-05 18:36:03.053 [http-nio-8080-exec-9] INFO  [traceId=1feb4687d5ba4eb6bd3e1983b0da0216 userId= role=] com.kg.interceptor.TraceIdFilter - HTTP_REQUEST_START method=GET uri=/class/options query=null requestBody= ip=0:0:0:0:0:0:0:1 userAgent=Mozilla/5.0 (Windows NT 10.0; Win64; x64) AppleWebKit/537.36 (KHTML, like Gecko) Chrome/123.0.0.0 Safari/537.36
2026-07-05 18:36:03.064 [http-nio-8080-exec-9] DEBUG [traceId=1feb4687d5ba4eb6bd3e1983b0da0216 userId= role=] c.k.i.m.SysUserMapper.selectById - ==>  Preparing: SELECT id,account,name,password,role,gender,email,phone,openid,description,teacher_remark,class_id,status,create_by,create_time,update_by,update_time FROM sys_user WHERE id=?
2026-07-05 18:36:03.064 [http-nio-8080-exec-6] DEBUG [traceId=8952e7cafc54416fb7768b9d2fec3cca userId= role=] c.k.i.m.SysUserMapper.selectById - ==>  Preparing: SELECT id,account,name,password,role,gender,email,phone,openid,description,teacher_remark,class_id,status,create_by,create_time,update_by,update_time FROM sys_user WHERE id=?
2026-07-05 18:36:03.064 [http-nio-8080-exec-8] DEBUG [traceId=0322f609042c4ef08f38cc0a78ba9b85 userId= role=] c.k.i.m.SysUserMapper.selectById - ==>  Preparing: SELECT id,account,name,password,role,gender,email,phone,openid,description,teacher_remark,class_id,status,create_by,create_time,update_by,update_time FROM sys_user WHERE id=?
2026-07-05 18:36:03.065 [http-nio-8080-exec-9] DEBUG [traceId=1feb4687d5ba4eb6bd3e1983b0da0216 userId= role=] c.k.i.m.SysUserMapper.selectById - ==> Parameters: 21(Long)
2026-07-05 18:36:03.065 [http-nio-8080-exec-6] DEBUG [traceId=8952e7cafc54416fb7768b9d2fec3cca userId= role=] c.k.i.m.SysUserMapper.selectById - ==> Parameters: 21(Long)
2026-07-05 18:36:03.065 [http-nio-8080-exec-8] DEBUG [traceId=0322f609042c4ef08f38cc0a78ba9b85 userId= role=] c.k.i.m.SysUserMapper.selectById - ==> Parameters: 21(Long)
2026-07-05 18:36:03.068 [http-nio-8080-exec-9] DEBUG [traceId=1feb4687d5ba4eb6bd3e1983b0da0216 userId= role=] c.k.i.m.SysUserMapper.selectById - <==      Total: 1
2026-07-05 18:36:03.068 [http-nio-8080-exec-8] DEBUG [traceId=0322f609042c4ef08f38cc0a78ba9b85 userId= role=] c.k.i.m.SysUserMapper.selectById - <==      Total: 1
2026-07-05 18:36:03.068 [http-nio-8080-exec-6] DEBUG [traceId=8952e7cafc54416fb7768b9d2fec3cca userId= role=] c.k.i.m.SysUserMapper.selectById - <==      Total: 1
2026-07-05 18:36:03.073 [http-nio-8080-exec-9] DEBUG [traceId=1feb4687d5ba4eb6bd3e1983b0da0216 userId=21 role=1] c.k.i.m.ClassInfoMapper.selectList - ==>  Preparing: SELECT id,class_name,description,status,create_by,create_time,update_by,update_time FROM class_info WHERE (status = ?) ORDER BY class_name ASC
2026-07-05 18:36:03.073 [http-nio-8080-exec-9] DEBUG [traceId=1feb4687d5ba4eb6bd3e1983b0da0216 userId=21 role=1] c.k.i.m.ClassInfoMapper.selectList - ==> Parameters: 1(Integer)
2026-07-05 18:36:03.081 [http-nio-8080-exec-9] DEBUG [traceId=1feb4687d5ba4eb6bd3e1983b0da0216 userId=21 role=1] c.k.i.m.ClassInfoMapper.selectList - <==      Total: 3
2026-07-05 18:36:03.083 [http-nio-8080-exec-9] INFO  [traceId=1feb4687d5ba4eb6bd3e1983b0da0216 userId=21 role=1] com.kg.interceptor.TraceIdFilter - HTTP_REQUEST_END method=GET uri=/class/options status=200 cost=30ms responseBody={"code":200,"message":"查询成功","data":[{"id":8,"className":"1班"},{"id":9,"className":"2班"},{"id":10,"className":"线上学习1班"}]}
2026-07-05 18:36:03.091 [http-nio-8080-exec-8] DEBUG [traceId=0322f609042c4ef08f38cc0a78ba9b85 userId=21 role=1] c.k.i.m.SysUserMapper.selectList - ==>  Preparing: SELECT id,account,name,password,role,gender,email,phone,openid,description,teacher_remark,class_id,status,create_by,create_time,update_by,update_time FROM sys_user WHERE (role IN (?,?) AND status = ?)
2026-07-05 18:36:03.092 [http-nio-8080-exec-8] DEBUG [traceId=0322f609042c4ef08f38cc0a78ba9b85 userId=21 role=1] c.k.i.m.SysUserMapper.selectList - ==> Parameters: 2(String), 3(String), 1(Integer)
2026-07-05 18:36:03.097 [http-nio-8080-exec-8] DEBUG [traceId=0322f609042c4ef08f38cc0a78ba9b85 userId=21 role=1] c.k.i.m.SysUserMapper.selectList - <==      Total: 11
2026-07-05 18:36:03.102 [http-nio-8080-exec-8] INFO  [traceId=0322f609042c4ef08f38cc0a78ba9b85 userId=21 role=1] com.kg.interceptor.TraceIdFilter - HTTP_REQUEST_END method=GET uri=/class/student-options status=200 cost=49ms responseBody={"code":200,"message":"查询成功","data":[{"id":23,"name":"张三","classId":8},{"id":24,"name":"李四","classId":9},{"id":25,"name":"王五","classId":8},{"id":26,"name":"赵六","classId":9},{"id":27,"name":"赵七","classId":null},{"id":28,"name":"赵八","classId":8},{"id":29,"name":"杨少伟","classId":8},{"id":30,"name":"测试新增用户任务","classId":8},{"id":31,"name":"11","classId":8},{"id":32,"name":"11","classId":8},{"id":33,"name":"五四","classId":10}]}
2026-07-05 18:36:03.110 [http-nio-8080-exec-6] DEBUG [traceId=8952e7cafc54416fb7768b9d2fec3cca userId=21 role=1] c.k.i.mapper.TaskMapper.selectList - ==>  Preparing: SELECT id,task_name,task_type,template_id,round_no,is_mandatory,task_description,task_start_time,task_end_time,priority,class_id,target_type,target_ids,plan_id,plan_date,is_repeat_task,status,create_by,create_time,update_by,update_time FROM task WHERE ((status = ? OR status IS NULL)) ORDER BY id DESC LIMIT 0,10
2026-07-05 18:36:03.110 [http-nio-8080-exec-6] DEBUG [traceId=8952e7cafc54416fb7768b9d2fec3cca userId=21 role=1] c.k.i.mapper.TaskMapper.selectList - ==> Parameters: 1(Integer)
2026-07-05 18:36:03.116 [http-nio-8080-exec-6] DEBUG [traceId=8952e7cafc54416fb7768b9d2fec3cca userId=21 role=1] c.k.i.mapper.TaskMapper.selectList - <==      Total: 10
2026-07-05 18:36:03.123 [http-nio-8080-exec-6] DEBUG [traceId=8952e7cafc54416fb7768b9d2fec3cca userId=21 role=1] c.k.i.mapper.TaskMapper.selectCount - ==>  Preparing: SELECT COUNT( * ) AS total FROM task WHERE ((status = ? OR status IS NULL))
2026-07-05 18:36:03.124 [http-nio-8080-exec-6] DEBUG [traceId=8952e7cafc54416fb7768b9d2fec3cca userId=21 role=1] c.k.i.mapper.TaskMapper.selectCount - ==> Parameters: 1(Integer)
2026-07-05 18:36:03.125 [http-nio-8080-exec-6] DEBUG [traceId=8952e7cafc54416fb7768b9d2fec3cca userId=21 role=1] c.k.i.mapper.TaskMapper.selectCount - <==      Total: 1
2026-07-05 18:36:03.135 [http-nio-8080-exec-6] DEBUG [traceId=8952e7cafc54416fb7768b9d2fec3cca userId=21 role=1] c.k.i.m.TaskUserMapper.selectList - ==>  Preparing: SELECT id,task_id,user_id,status,start_time,finish_time,duration_minutes,remark,total_score,submit_time,create_by,create_time,update_by,update_time FROM task_user WHERE (task_id = ?)
2026-07-05 18:36:03.136 [http-nio-8080-exec-6] DEBUG [traceId=8952e7cafc54416fb7768b9d2fec3cca userId=21 role=1] c.k.i.m.TaskUserMapper.selectList - ==> Parameters: 95(Long)
2026-07-05 18:36:03.141 [http-nio-8080-exec-6] DEBUG [traceId=8952e7cafc54416fb7768b9d2fec3cca userId=21 role=1] c.k.i.m.TaskUserMapper.selectList - <==      Total: 11
2026-07-05 18:36:03.147 [http-nio-8080-exec-6] DEBUG [traceId=8952e7cafc54416fb7768b9d2fec3cca userId=21 role=1] c.k.i.m.ClassInfoMapper.selectById - ==>  Preparing: SELECT id,class_name,description,status,create_by,create_time,update_by,update_time FROM class_info WHERE id=?
2026-07-05 18:36:03.147 [http-nio-8080-exec-6] DEBUG [traceId=8952e7cafc54416fb7768b9d2fec3cca userId=21 role=1] c.k.i.m.ClassInfoMapper.selectById - ==> Parameters: 8(Long)
2026-07-05 18:36:03.149 [http-nio-8080-exec-6] DEBUG [traceId=8952e7cafc54416fb7768b9d2fec3cca userId=21 role=1] c.k.i.m.ClassInfoMapper.selectById - <==      Total: 1
2026-07-05 18:36:03.153 [http-nio-8080-exec-6] DEBUG [traceId=8952e7cafc54416fb7768b9d2fec3cca userId=21 role=1] c.k.i.m.ClassInfoMapper.selectById - ==>  Preparing: SELECT id,class_name,description,status,create_by,create_time,update_by,update_time FROM class_info WHERE id=?
2026-07-05 18:36:03.153 [http-nio-8080-exec-6] DEBUG [traceId=8952e7cafc54416fb7768b9d2fec3cca userId=21 role=1] c.k.i.m.ClassInfoMapper.selectById - ==> Parameters: 9(Long)
2026-07-05 18:36:03.154 [http-nio-8080-exec-6] DEBUG [traceId=8952e7cafc54416fb7768b9d2fec3cca userId=21 role=1] c.k.i.m.ClassInfoMapper.selectById - <==      Total: 1
2026-07-05 18:36:03.155 [http-nio-8080-exec-6] DEBUG [traceId=8952e7cafc54416fb7768b9d2fec3cca userId=21 role=1] c.k.i.m.ClassInfoMapper.selectById - ==>  Preparing: SELECT id,class_name,description,status,create_by,create_time,update_by,update_time FROM class_info WHERE id=?
2026-07-05 18:36:03.156 [http-nio-8080-exec-6] DEBUG [traceId=8952e7cafc54416fb7768b9d2fec3cca userId=21 role=1] c.k.i.m.ClassInfoMapper.selectById - ==> Parameters: 10(Long)
2026-07-05 18:36:03.157 [http-nio-8080-exec-6] DEBUG [traceId=8952e7cafc54416fb7768b9d2fec3cca userId=21 role=1] c.k.i.m.ClassInfoMapper.selectById - <==      Total: 1
2026-07-05 18:36:03.159 [http-nio-8080-exec-6] DEBUG [traceId=8952e7cafc54416fb7768b9d2fec3cca userId=21 role=1] c.k.i.m.TaskUserMapper.selectList - ==>  Preparing: SELECT id,task_id,user_id,status,start_time,finish_time,duration_minutes,remark,total_score,submit_time,create_by,create_time,update_by,update_time FROM task_user WHERE (task_id = ?)
2026-07-05 18:36:03.160 [http-nio-8080-exec-6] DEBUG [traceId=8952e7cafc54416fb7768b9d2fec3cca userId=21 role=1] c.k.i.m.TaskUserMapper.selectList - ==> Parameters: 94(Long)
2026-07-05 18:36:03.165 [http-nio-8080-exec-6] DEBUG [traceId=8952e7cafc54416fb7768b9d2fec3cca userId=21 role=1] c.k.i.m.TaskUserMapper.selectList - <==      Total: 11
2026-07-05 18:36:03.165 [http-nio-8080-exec-6] DEBUG [traceId=8952e7cafc54416fb7768b9d2fec3cca userId=21 role=1] c.k.i.m.ClassInfoMapper.selectById - ==>  Preparing: SELECT id,class_name,description,status,create_by,create_time,update_by,update_time FROM class_info WHERE id=?
2026-07-05 18:36:03.167 [http-nio-8080-exec-6] DEBUG [traceId=8952e7cafc54416fb7768b9d2fec3cca userId=21 role=1] c.k.i.m.ClassInfoMapper.selectById - ==> Parameters: 8(Long)
2026-07-05 18:36:03.170 [http-nio-8080-exec-6] DEBUG [traceId=8952e7cafc54416fb7768b9d2fec3cca userId=21 role=1] c.k.i.m.ClassInfoMapper.selectById - <==      Total: 1
2026-07-05 18:36:03.170 [http-nio-8080-exec-6] DEBUG [traceId=8952e7cafc54416fb7768b9d2fec3cca userId=21 role=1] c.k.i.m.ClassInfoMapper.selectById - ==>  Preparing: SELECT id,class_name,description,status,create_by,create_time,update_by,update_time FROM class_info WHERE id=?
2026-07-05 18:36:03.170 [http-nio-8080-exec-6] DEBUG [traceId=8952e7cafc54416fb7768b9d2fec3cca userId=21 role=1] c.k.i.m.ClassInfoMapper.selectById - ==> Parameters: 9(Long)
2026-07-05 18:36:03.172 [http-nio-8080-exec-6] DEBUG [traceId=8952e7cafc54416fb7768b9d2fec3cca userId=21 role=1] c.k.i.m.ClassInfoMapper.selectById - <==      Total: 1
2026-07-05 18:36:03.174 [http-nio-8080-exec-6] DEBUG [traceId=8952e7cafc54416fb7768b9d2fec3cca userId=21 role=1] c.k.i.m.ClassInfoMapper.selectById - ==>  Preparing: SELECT id,class_name,description,status,create_by,create_time,update_by,update_time FROM class_info WHERE id=?
2026-07-05 18:36:03.175 [http-nio-8080-exec-6] DEBUG [traceId=8952e7cafc54416fb7768b9d2fec3cca userId=21 role=1] c.k.i.m.ClassInfoMapper.selectById - ==> Parameters: 10(Long)
2026-07-05 18:36:03.176 [http-nio-8080-exec-6] DEBUG [traceId=8952e7cafc54416fb7768b9d2fec3cca userId=21 role=1] c.k.i.m.ClassInfoMapper.selectById - <==      Total: 1
2026-07-05 18:36:03.180 [http-nio-8080-exec-6] DEBUG [traceId=8952e7cafc54416fb7768b9d2fec3cca userId=21 role=1] c.k.i.m.TaskUserMapper.selectList - ==>  Preparing: SELECT id,task_id,user_id,status,start_time,finish_time,duration_minutes,remark,total_score,submit_time,create_by,create_time,update_by,update_time FROM task_user WHERE (task_id = ?)
2026-07-05 18:36:03.181 [http-nio-8080-exec-6] DEBUG [traceId=8952e7cafc54416fb7768b9d2fec3cca userId=21 role=1] c.k.i.m.TaskUserMapper.selectList - ==> Parameters: 93(Long)
2026-07-05 18:36:03.183 [http-nio-8080-exec-6] DEBUG [traceId=8952e7cafc54416fb7768b9d2fec3cca userId=21 role=1] c.k.i.m.TaskUserMapper.selectList - <==      Total: 11
2026-07-05 18:36:03.184 [http-nio-8080-exec-6] DEBUG [traceId=8952e7cafc54416fb7768b9d2fec3cca userId=21 role=1] c.k.i.m.ClassInfoMapper.selectById - ==>  Preparing: SELECT id,class_name,description,status,create_by,create_time,update_by,update_time FROM class_info WHERE id=?
2026-07-05 18:36:03.184 [http-nio-8080-exec-6] DEBUG [traceId=8952e7cafc54416fb7768b9d2fec3cca userId=21 role=1] c.k.i.m.ClassInfoMapper.selectById - ==> Parameters: 8(Long)
2026-07-05 18:36:03.185 [http-nio-8080-exec-6] DEBUG [traceId=8952e7cafc54416fb7768b9d2fec3cca userId=21 role=1] c.k.i.m.ClassInfoMapper.selectById - <==      Total: 1
2026-07-05 18:36:03.187 [http-nio-8080-exec-6] DEBUG [traceId=8952e7cafc54416fb7768b9d2fec3cca userId=21 role=1] c.k.i.m.ClassInfoMapper.selectById - ==>  Preparing: SELECT id,class_name,description,status,create_by,create_time,update_by,update_time FROM class_info WHERE id=?
2026-07-05 18:36:03.187 [http-nio-8080-exec-6] DEBUG [traceId=8952e7cafc54416fb7768b9d2fec3cca userId=21 role=1] c.k.i.m.ClassInfoMapper.selectById - ==> Parameters: 9(Long)
2026-07-05 18:36:03.188 [http-nio-8080-exec-6] DEBUG [traceId=8952e7cafc54416fb7768b9d2fec3cca userId=21 role=1] c.k.i.m.ClassInfoMapper.selectById - <==      Total: 1
2026-07-05 18:36:03.189 [http-nio-8080-exec-6] DEBUG [traceId=8952e7cafc54416fb7768b9d2fec3cca userId=21 role=1] c.k.i.m.ClassInfoMapper.selectById - ==>  Preparing: SELECT id,class_name,description,status,create_by,create_time,update_by,update_time FROM class_info WHERE id=?
2026-07-05 18:36:03.189 [http-nio-8080-exec-6] DEBUG [traceId=8952e7cafc54416fb7768b9d2fec3cca userId=21 role=1] c.k.i.m.ClassInfoMapper.selectById - ==> Parameters: 10(Long)
2026-07-05 18:36:03.190 [http-nio-8080-exec-6] DEBUG [traceId=8952e7cafc54416fb7768b9d2fec3cca userId=21 role=1] c.k.i.m.ClassInfoMapper.selectById - <==      Total: 1
2026-07-05 18:36:03.192 [http-nio-8080-exec-6] DEBUG [traceId=8952e7cafc54416fb7768b9d2fec3cca userId=21 role=1] c.k.i.m.TaskUserMapper.selectList - ==>  Preparing: SELECT id,task_id,user_id,status,start_time,finish_time,duration_minutes,remark,total_score,submit_time,create_by,create_time,update_by,update_time FROM task_user WHERE (task_id = ?)
2026-07-05 18:36:03.194 [http-nio-8080-exec-6] DEBUG [traceId=8952e7cafc54416fb7768b9d2fec3cca userId=21 role=1] c.k.i.m.TaskUserMapper.selectList - ==> Parameters: 92(Long)
2026-07-05 18:36:03.196 [http-nio-8080-exec-6] DEBUG [traceId=8952e7cafc54416fb7768b9d2fec3cca userId=21 role=1] c.k.i.m.TaskUserMapper.selectList - <==      Total: 11
2026-07-05 18:36:03.197 [http-nio-8080-exec-6] DEBUG [traceId=8952e7cafc54416fb7768b9d2fec3cca userId=21 role=1] c.k.i.m.ClassInfoMapper.selectById - ==>  Preparing: SELECT id,class_name,description,status,create_by,create_time,update_by,update_time FROM class_info WHERE id=?
2026-07-05 18:36:03.197 [http-nio-8080-exec-6] DEBUG [traceId=8952e7cafc54416fb7768b9d2fec3cca userId=21 role=1] c.k.i.m.ClassInfoMapper.selectById - ==> Parameters: 8(Long)
2026-07-05 18:36:03.198 [http-nio-8080-exec-6] DEBUG [traceId=8952e7cafc54416fb7768b9d2fec3cca userId=21 role=1] c.k.i.m.ClassInfoMapper.selectById - <==      Total: 1
2026-07-05 18:36:03.198 [http-nio-8080-exec-6] DEBUG [traceId=8952e7cafc54416fb7768b9d2fec3cca userId=21 role=1] c.k.i.m.ClassInfoMapper.selectById - ==>  Preparing: SELECT id,class_name,description,status,create_by,create_time,update_by,update_time FROM class_info WHERE id=?
2026-07-05 18:36:03.198 [http-nio-8080-exec-6] DEBUG [traceId=8952e7cafc54416fb7768b9d2fec3cca userId=21 role=1] c.k.i.m.ClassInfoMapper.selectById - ==> Parameters: 9(Long)
2026-07-05 18:36:03.201 [http-nio-8080-exec-6] DEBUG [traceId=8952e7cafc54416fb7768b9d2fec3cca userId=21 role=1] c.k.i.m.ClassInfoMapper.selectById - <==      Total: 1
2026-07-05 18:36:03.201 [http-nio-8080-exec-6] DEBUG [traceId=8952e7cafc54416fb7768b9d2fec3cca userId=21 role=1] c.k.i.m.ClassInfoMapper.selectById - ==>  Preparing: SELECT id,class_name,description,status,create_by,create_time,update_by,update_time FROM class_info WHERE id=?
2026-07-05 18:36:03.201 [http-nio-8080-exec-6] DEBUG [traceId=8952e7cafc54416fb7768b9d2fec3cca userId=21 role=1] c.k.i.m.ClassInfoMapper.selectById - ==> Parameters: 10(Long)
2026-07-05 18:36:03.202 [http-nio-8080-exec-6] DEBUG [traceId=8952e7cafc54416fb7768b9d2fec3cca userId=21 role=1] c.k.i.m.ClassInfoMapper.selectById - <==      Total: 1
2026-07-05 18:36:03.203 [http-nio-8080-exec-6] DEBUG [traceId=8952e7cafc54416fb7768b9d2fec3cca userId=21 role=1] c.k.i.m.TaskUserMapper.selectList - ==>  Preparing: SELECT id,task_id,user_id,status,start_time,finish_time,duration_minutes,remark,total_score,submit_time,create_by,create_time,update_by,update_time FROM task_user WHERE (task_id = ?)
2026-07-05 18:36:03.204 [http-nio-8080-exec-6] DEBUG [traceId=8952e7cafc54416fb7768b9d2fec3cca userId=21 role=1] c.k.i.m.TaskUserMapper.selectList - ==> Parameters: 91(Long)
2026-07-05 18:36:03.207 [http-nio-8080-exec-6] DEBUG [traceId=8952e7cafc54416fb7768b9d2fec3cca userId=21 role=1] c.k.i.m.TaskUserMapper.selectList - <==      Total: 1
2026-07-05 18:36:03.207 [http-nio-8080-exec-6] DEBUG [traceId=8952e7cafc54416fb7768b9d2fec3cca userId=21 role=1] c.k.i.m.ClassInfoMapper.selectById - ==>  Preparing: SELECT id,class_name,description,status,create_by,create_time,update_by,update_time FROM class_info WHERE id=?
2026-07-05 18:36:03.208 [http-nio-8080-exec-6] DEBUG [traceId=8952e7cafc54416fb7768b9d2fec3cca userId=21 role=1] c.k.i.m.ClassInfoMapper.selectById - ==> Parameters: 10(Long)
2026-07-05 18:36:03.209 [http-nio-8080-exec-6] DEBUG [traceId=8952e7cafc54416fb7768b9d2fec3cca userId=21 role=1] c.k.i.m.ClassInfoMapper.selectById - <==      Total: 1
2026-07-05 18:36:03.212 [http-nio-8080-exec-6] DEBUG [traceId=8952e7cafc54416fb7768b9d2fec3cca userId=21 role=1] c.k.i.m.TaskUserMapper.selectList - ==>  Preparing: SELECT id,task_id,user_id,status,start_time,finish_time,duration_minutes,remark,total_score,submit_time,create_by,create_time,update_by,update_time FROM task_user WHERE (task_id = ?)
2026-07-05 18:36:03.212 [http-nio-8080-exec-6] DEBUG [traceId=8952e7cafc54416fb7768b9d2fec3cca userId=21 role=1] c.k.i.m.TaskUserMapper.selectList - ==> Parameters: 90(Long)
2026-07-05 18:36:03.213 [http-nio-8080-exec-6] DEBUG [traceId=8952e7cafc54416fb7768b9d2fec3cca userId=21 role=1] c.k.i.m.TaskUserMapper.selectList - <==      Total: 1
2026-07-05 18:36:03.213 [http-nio-8080-exec-6] DEBUG [traceId=8952e7cafc54416fb7768b9d2fec3cca userId=21 role=1] c.k.i.m.ClassInfoMapper.selectById - ==>  Preparing: SELECT id,class_name,description,status,create_by,create_time,update_by,update_time FROM class_info WHERE id=?
2026-07-05 18:36:03.214 [http-nio-8080-exec-6] DEBUG [traceId=8952e7cafc54416fb7768b9d2fec3cca userId=21 role=1] c.k.i.m.ClassInfoMapper.selectById - ==> Parameters: 10(Long)
2026-07-05 18:36:03.215 [http-nio-8080-exec-6] DEBUG [traceId=8952e7cafc54416fb7768b9d2fec3cca userId=21 role=1] c.k.i.m.ClassInfoMapper.selectById - <==      Total: 1
2026-07-05 18:36:03.218 [http-nio-8080-exec-6] DEBUG [traceId=8952e7cafc54416fb7768b9d2fec3cca userId=21 role=1] c.k.i.m.TaskUserMapper.selectList - ==>  Preparing: SELECT id,task_id,user_id,status,start_time,finish_time,duration_minutes,remark,total_score,submit_time,create_by,create_time,update_by,update_time FROM task_user WHERE (task_id = ?)
2026-07-05 18:36:03.218 [http-nio-8080-exec-6] DEBUG [traceId=8952e7cafc54416fb7768b9d2fec3cca userId=21 role=1] c.k.i.m.TaskUserMapper.selectList - ==> Parameters: 89(Long)
2026-07-05 18:36:03.220 [http-nio-8080-exec-6] DEBUG [traceId=8952e7cafc54416fb7768b9d2fec3cca userId=21 role=1] c.k.i.m.TaskUserMapper.selectList - <==      Total: 10
2026-07-05 18:36:03.220 [http-nio-8080-exec-6] DEBUG [traceId=8952e7cafc54416fb7768b9d2fec3cca userId=21 role=1] c.k.i.m.ClassInfoMapper.selectById - ==>  Preparing: SELECT id,class_name,description,status,create_by,create_time,update_by,update_time FROM class_info WHERE id=?
2026-07-05 18:36:03.220 [http-nio-8080-exec-6] DEBUG [traceId=8952e7cafc54416fb7768b9d2fec3cca userId=21 role=1] c.k.i.m.ClassInfoMapper.selectById - ==> Parameters: 8(Long)
2026-07-05 18:36:03.222 [http-nio-8080-exec-6] DEBUG [traceId=8952e7cafc54416fb7768b9d2fec3cca userId=21 role=1] c.k.i.m.ClassInfoMapper.selectById - <==      Total: 1
2026-07-05 18:36:03.222 [http-nio-8080-exec-6] DEBUG [traceId=8952e7cafc54416fb7768b9d2fec3cca userId=21 role=1] c.k.i.m.ClassInfoMapper.selectById - ==>  Preparing: SELECT id,class_name,description,status,create_by,create_time,update_by,update_time FROM class_info WHERE id=?
2026-07-05 18:36:03.223 [http-nio-8080-exec-6] DEBUG [traceId=8952e7cafc54416fb7768b9d2fec3cca userId=21 role=1] c.k.i.m.ClassInfoMapper.selectById - ==> Parameters: 9(Long)
2026-07-05 18:36:03.226 [http-nio-8080-exec-6] DEBUG [traceId=8952e7cafc54416fb7768b9d2fec3cca userId=21 role=1] c.k.i.m.ClassInfoMapper.selectById - <==      Total: 1
2026-07-05 18:36:03.229 [http-nio-8080-exec-6] DEBUG [traceId=8952e7cafc54416fb7768b9d2fec3cca userId=21 role=1] c.k.i.m.TaskUserMapper.selectList - ==>  Preparing: SELECT id,task_id,user_id,status,start_time,finish_time,duration_minutes,remark,total_score,submit_time,create_by,create_time,update_by,update_time FROM task_user WHERE (task_id = ?)
2026-07-05 18:36:03.229 [http-nio-8080-exec-6] DEBUG [traceId=8952e7cafc54416fb7768b9d2fec3cca userId=21 role=1] c.k.i.m.TaskUserMapper.selectList - ==> Parameters: 88(Long)
2026-07-05 18:36:03.232 [http-nio-8080-exec-6] DEBUG [traceId=8952e7cafc54416fb7768b9d2fec3cca userId=21 role=1] c.k.i.m.TaskUserMapper.selectList - <==      Total: 10
2026-07-05 18:36:03.233 [http-nio-8080-exec-6] DEBUG [traceId=8952e7cafc54416fb7768b9d2fec3cca userId=21 role=1] c.k.i.m.ClassInfoMapper.selectById - ==>  Preparing: SELECT id,class_name,description,status,create_by,create_time,update_by,update_time FROM class_info WHERE id=?
2026-07-05 18:36:03.233 [http-nio-8080-exec-6] DEBUG [traceId=8952e7cafc54416fb7768b9d2fec3cca userId=21 role=1] c.k.i.m.ClassInfoMapper.selectById - ==> Parameters: 8(Long)
2026-07-05 18:36:03.235 [http-nio-8080-exec-6] DEBUG [traceId=8952e7cafc54416fb7768b9d2fec3cca userId=21 role=1] c.k.i.m.ClassInfoMapper.selectById - <==      Total: 1
2026-07-05 18:36:03.235 [http-nio-8080-exec-6] DEBUG [traceId=8952e7cafc54416fb7768b9d2fec3cca userId=21 role=1] c.k.i.m.ClassInfoMapper.selectById - ==>  Preparing: SELECT id,class_name,description,status,create_by,create_time,update_by,update_time FROM class_info WHERE id=?
2026-07-05 18:36:03.236 [http-nio-8080-exec-6] DEBUG [traceId=8952e7cafc54416fb7768b9d2fec3cca userId=21 role=1] c.k.i.m.ClassInfoMapper.selectById - ==> Parameters: 9(Long)
2026-07-05 18:36:03.237 [http-nio-8080-exec-6] DEBUG [traceId=8952e7cafc54416fb7768b9d2fec3cca userId=21 role=1] c.k.i.m.ClassInfoMapper.selectById - <==      Total: 1
2026-07-05 18:36:03.239 [http-nio-8080-exec-6] DEBUG [traceId=8952e7cafc54416fb7768b9d2fec3cca userId=21 role=1] c.k.i.m.TaskUserMapper.selectList - ==>  Preparing: SELECT id,task_id,user_id,status,start_time,finish_time,duration_minutes,remark,total_score,submit_time,create_by,create_time,update_by,update_time FROM task_user WHERE (task_id = ?)
2026-07-05 18:36:03.240 [http-nio-8080-exec-6] DEBUG [traceId=8952e7cafc54416fb7768b9d2fec3cca userId=21 role=1] c.k.i.m.TaskUserMapper.selectList - ==> Parameters: 81(Long)
2026-07-05 18:36:03.240 [http-nio-8080-exec-6] DEBUG [traceId=8952e7cafc54416fb7768b9d2fec3cca userId=21 role=1] c.k.i.m.TaskUserMapper.selectList - <==      Total: 0
2026-07-05 18:36:03.244 [http-nio-8080-exec-6] DEBUG [traceId=8952e7cafc54416fb7768b9d2fec3cca userId=21 role=1] c.k.i.m.TaskUserMapper.selectList - ==>  Preparing: SELECT id,task_id,user_id,status,start_time,finish_time,duration_minutes,remark,total_score,submit_time,create_by,create_time,update_by,update_time FROM task_user WHERE (task_id = ?)
2026-07-05 18:36:03.244 [http-nio-8080-exec-6] DEBUG [traceId=8952e7cafc54416fb7768b9d2fec3cca userId=21 role=1] c.k.i.m.TaskUserMapper.selectList - ==> Parameters: 80(Long)
2026-07-05 18:36:03.245 [http-nio-8080-exec-6] DEBUG [traceId=8952e7cafc54416fb7768b9d2fec3cca userId=21 role=1] c.k.i.m.TaskUserMapper.selectList - <==      Total: 7
2026-07-05 18:36:03.246 [http-nio-8080-exec-6] DEBUG [traceId=8952e7cafc54416fb7768b9d2fec3cca userId=21 role=1] c.k.i.m.ClassInfoMapper.selectById - ==>  Preparing: SELECT id,class_name,description,status,create_by,create_time,update_by,update_time FROM class_info WHERE id=?
2026-07-05 18:36:03.246 [http-nio-8080-exec-6] DEBUG [traceId=8952e7cafc54416fb7768b9d2fec3cca userId=21 role=1] c.k.i.m.ClassInfoMapper.selectById - ==> Parameters: 8(Long)
2026-07-05 18:36:03.248 [http-nio-8080-exec-6] DEBUG [traceId=8952e7cafc54416fb7768b9d2fec3cca userId=21 role=1] c.k.i.m.ClassInfoMapper.selectById - <==      Total: 1
2026-07-05 18:36:03.258 [http-nio-8080-exec-6] INFO  [traceId=8952e7cafc54416fb7768b9d2fec3cca userId=21 role=1] com.kg.interceptor.TraceIdFilter - HTTP_REQUEST_END method=POST uri=/task/page status=200 cost=205ms responseBody={"code":200,"message":"查询成功","data":{"total":68,"list":[{"id":95,"taskName":"每日复盘","taskType":"3","templateId":null,"roundNo":0,"isMandatory":1,"taskDescription":null,"taskStartTime":"2026-07-05 08:00:00","taskEndTime":"2026-07-05 23:59:00","priority":0,"classId":null,"targetType":1,"targetIds":"8,9,10","selectedClassList":[{"id":8,"className":"1班"},{"id":9,"className":"2班"},{"id":10,"className":"线上学习1班"}],"selectedStudentList":null,"completedCount":0,"uncompletedCount":11,"completionPercent":0,"createTime":"2026-07-05 18:12:39","planId":null,"planDate":null,"isRepeatTask":0,"status":1},{"id":94,"taskName":"每日打卡","taskType":"2","templateId":null,"roundNo":0,"isMandatory":1,"taskDescription":null,"taskStartTime":"2026-07-05 06:00:00","taskEndTime":"2026-07-05 23:59:00","priority":0,"classId":null,"targetType":1,"targetIds":"8,9,10","selectedClassList":[{"id":8,"className":"1班"},{"id":9,"className":"2班"},{"id":10,"className":"线上学习1班"}],"selectedStudentList":null,"completedCount":0,"uncompletedCount":11,"completionPercent":0,"createTime":"2026-07-05 18:12:39","planId":null,"planDate":null,"isRepeatTask":0,"status":1},{"id":93,"taskName":"每日复盘","taskType":"3","templateId":null,"roundNo":0,"isMandatory":1,"taskDescription":null,"taskStartTime":"2026-07-03 08:00:00","taskEndTime":"2026-07-03 23:59:00","priority":0,"classId":null,"targetType":1,"targetIds":"8,9,10","selectedClassList":[{"id":8,"className":"1班"},{"id":9,"className":"2班"},{"id":10,"className":"线上学习1班"}],"selectedStudentList":null,"completedCount":0,"uncompletedCount":11,"completionPercent":0,"createTime":"2026-07-03 08:46:13","planId":null,"planDate":null,"isRepeatTask":0,"status":1},{"id":92,"taskName":"每日打卡","taskType":"2","templateId":null,"roundNo":0,"isMandatory":1,"taskDescription":null,"taskStartTime":"2026-07-03 06:00:00","taskEndTime":"2026-07-03 23:59:00","priority":0,"classId":null,"targetType":1,"targetIds":"8,9,10","selectedClassList":[{"id":8,"className":"1班"},{"id":9,"className":"2班"},{"id":10,"className":"线上学习1班"}],"selectedStudentList":null,"completedCount":1,"uncompletedCount":10,"completionPercent":9,"createTime":"2026-07-03 08:46:13","planId":null,"planDate":null,"isRepeatTask":0,"status":1},{"id":91,"taskName":"26行政执法","taskType":"0","templateId":null,"roundNo":1,"isMandatory":1,"taskDescription":"全做","taskStartTime":"2026-07-02 00:00:00","taskEndTime":"2026-07-02 23:59:59","priority":0,"classId":null,"targetType":1,"targetIds":"10","selectedClassList":[{"id":10,"className":"线上学习1班"}],"selectedStudentList":null,"completedCount":0,"uncompletedCount":1,"completionPercent":0,"createTime":"2026-07-02 17:32:35","planId":null,"planDate":null,"isRepeatTask":0,"status":1},{"id":90,"taskName":"资料分析第一章，一般增长率","taskType":"1","templateId":null,"roundNo":1,"isMandatory":1,"taskDescription":"做完后再做1套资料","taskStartTime":"2026-07-02 00:00:00","taskEndTime":"2026-07-02 23:59:59","priority":0,"classId":null,"targetType":1,"targetIds":"10","selectedClassList":[{"id":10,"className":"线上学习1班"}],"selectedStudentList":null,"completedCount":1,"uncompletedCount":0,"completionPercent":100,"createTime":"2026-07-02 17:32:06","planId":null,"planDate":null,"isRepeatTask":0,"status":1},{"id":89,"taskName":"每日复盘","taskType":"3","templateId":null,"roundNo":0,"isMandatory":1,"taskDescription":null,"taskStartTime":"2026-07-02 08:00:00","taskEndTime":"2026-07-02 23:59:00","priority":0,"classId":null,"targetType":1,"targetIds":"8,9","selectedClassList":[{"id":8,"className":"1班"},{"id":9,"className":"2班"}],"selectedStudentList":null,"completedCount":0,"uncompletedCount":10,"completionPercent":0,"createTime":"2026-07-02 08:00:00","planId":null,"planDate":null,"isRepeatTask":0,"status":1},{"id":88,"taskName":"每日打卡","taskType":"2","templateId":null,"roundNo":0,"isMandatory":1,"taskDescription":null,"taskStartTime":"2026-07-02 06:00:00","taskEndTime":"2026-07-02 23:59:00","priority":0,"classId":null,"targetType":1,"targetIds":"8,9","selectedClassList":[{"id":8,"className":"1班"},{"id":9,"className":"2班"}],"selectedStudentList":null,"completedCount":1,"uncompletedCount":9,"completionPercent":10,"createTime":"2026-07-02 06:00:00","planId":null,"planDate":null,"isRepeatTask":0,"status":1},{"id":81,"taskName":"测试星期 07-01","taskType":"0","templateId":null,"roundNo":0,"isMandatory":1,"taskDescription":"","taskStartTime":"2026-07-01 00:00:00","taskEndTime":"2026-07-01 23:59:00","priority":0,"classId":null,"targetType":null,"targetIds":null,"selectedClassList":null,"selectedStudentList":null,"completedCount":0,"uncompletedCount":0,"completionPercent":0,"createTime":"2026-07-01 17:37:52","planId":2,"planDate":"2026-07-01","isRepeatTask":1,"status":1},{"id":80,"taskName":"测试重复任务 07-04","taskType":"0","templateId":null,"roundNo":0,"isMandatory":1,"taskDescription":"","taskStartTime":"2026-07-04 00:00:00","taskEndTime":"2026-07-04 23:59:00","priority":1,"classId":null,"targetType":1,"targetIds":"8","selectedClassList":[{"id":8,"className":"1班"}],"selectedStudentList":null,"completedCo...[TRUNCATED length=5151]
2026-07-05 18:40:31.868 [http-nio-8080-exec-3] INFO  [traceId=3cb7483366c845f994751c450cc6806e userId= role=] com.kg.interceptor.TraceIdFilter - HTTP_REQUEST_START method=POST uri=/my-task/list query=null requestBody={"pageNum":1,"pageSize":10,"status":"0"} ip=0:0:0:0:0:0:0:1 userAgent=Mozilla/5.0 (Windows NT 10.0; Win64; x64) AppleWebKit/537.36 (KHTML, like Gecko) Chrome/123.0.0.0 Safari/537.36
2026-07-05 18:40:31.868 [http-nio-8080-exec-10] INFO  [traceId=4745a2c6cec84f1fa43d84f43b43e266 userId= role=] com.kg.interceptor.TraceIdFilter - HTTP_REQUEST_START method=POST uri=/my-task/stats query=null requestBody={} ip=0:0:0:0:0:0:0:1 userAgent=Mozilla/5.0 (Windows NT 10.0; Win64; x64) AppleWebKit/537.36 (KHTML, like Gecko) Chrome/123.0.0.0 Safari/537.36
2026-07-05 18:40:31.868 [http-nio-8080-exec-5] INFO  [traceId=aa3d6d8bc29f439b9493a5bc11c13e6c userId= role=] com.kg.interceptor.TraceIdFilter - HTTP_REQUEST_START method=GET uri=/dict/group/task_type query=null requestBody= ip=0:0:0:0:0:0:0:1 userAgent=Mozilla/5.0 (Windows NT 10.0; Win64; x64) AppleWebKit/537.36 (KHTML, like Gecko) Chrome/123.0.0.0 Safari/537.36
2026-07-05 18:40:31.927 [http-nio-8080-exec-3] DEBUG [traceId=3cb7483366c845f994751c450cc6806e userId= role=] c.k.i.m.SysUserMapper.selectById - ==>  Preparing: SELECT id,account,name,password,role,gender,email,phone,openid,description,teacher_remark,class_id,status,create_by,create_time,update_by,update_time FROM sys_user WHERE id=?
2026-07-05 18:40:31.927 [http-nio-8080-exec-5] DEBUG [traceId=aa3d6d8bc29f439b9493a5bc11c13e6c userId= role=] c.k.i.m.SysUserMapper.selectById - ==>  Preparing: SELECT id,account,name,password,role,gender,email,phone,openid,description,teacher_remark,class_id,status,create_by,create_time,update_by,update_time FROM sys_user WHERE id=?
2026-07-05 18:40:31.927 [http-nio-8080-exec-10] DEBUG [traceId=4745a2c6cec84f1fa43d84f43b43e266 userId= role=] c.k.i.m.SysUserMapper.selectById - ==>  Preparing: SELECT id,account,name,password,role,gender,email,phone,openid,description,teacher_remark,class_id,status,create_by,create_time,update_by,update_time FROM sys_user WHERE id=?
2026-07-05 18:40:31.931 [http-nio-8080-exec-3] DEBUG [traceId=3cb7483366c845f994751c450cc6806e userId= role=] c.k.i.m.SysUserMapper.selectById - ==> Parameters: 29(Long)
2026-07-05 18:40:31.931 [http-nio-8080-exec-10] DEBUG [traceId=4745a2c6cec84f1fa43d84f43b43e266 userId= role=] c.k.i.m.SysUserMapper.selectById - ==> Parameters: 29(Long)
2026-07-05 18:40:31.931 [http-nio-8080-exec-5] DEBUG [traceId=aa3d6d8bc29f439b9493a5bc11c13e6c userId= role=] c.k.i.m.SysUserMapper.selectById - ==> Parameters: 29(Long)
2026-07-05 18:40:31.938 [http-nio-8080-exec-5] DEBUG [traceId=aa3d6d8bc29f439b9493a5bc11c13e6c userId= role=] c.k.i.m.SysUserMapper.selectById - <==      Total: 1
2026-07-05 18:40:31.938 [http-nio-8080-exec-10] DEBUG [traceId=4745a2c6cec84f1fa43d84f43b43e266 userId= role=] c.k.i.m.SysUserMapper.selectById - <==      Total: 1
2026-07-05 18:40:31.938 [http-nio-8080-exec-3] DEBUG [traceId=3cb7483366c845f994751c450cc6806e userId= role=] c.k.i.m.SysUserMapper.selectById - <==      Total: 1
2026-07-05 18:40:31.951 [http-nio-8080-exec-3] DEBUG [traceId=3cb7483366c845f994751c450cc6806e userId=29 role=2] c.k.i.mapper.MyTaskMapper.count - ==>  Preparing: SELECT COUNT(*) FROM task_user tu JOIN task t ON t.id = tu.task_id WHERE tu.user_id = ? AND tu.status = ?
2026-07-05 18:40:31.952 [http-nio-8080-exec-3] DEBUG [traceId=3cb7483366c845f994751c450cc6806e userId=29 role=2] c.k.i.mapper.MyTaskMapper.count - ==> Parameters: 29(Long), 0(String)
2026-07-05 18:40:31.952 [http-nio-8080-exec-5] DEBUG [traceId=aa3d6d8bc29f439b9493a5bc11c13e6c userId=29 role=2] c.k.i.mapper.DictMapper.selectList - ==>  Preparing: SELECT id,dict_code,dict_name,dict_label,dict_value,display_color,sort_no,status,create_by,create_time,update_by,update_time FROM sys_dict WHERE (dict_code = ?) ORDER BY sort_no ASC
2026-07-05 18:40:31.952 [http-nio-8080-exec-5] DEBUG [traceId=aa3d6d8bc29f439b9493a5bc11c13e6c userId=29 role=2] c.k.i.mapper.DictMapper.selectList - ==> Parameters: task_type(String)
2026-07-05 18:40:31.952 [http-nio-8080-exec-10] DEBUG [traceId=4745a2c6cec84f1fa43d84f43b43e266 userId=29 role=2] c.k.i.m.TaskUserMapper.selectCount - ==>  Preparing: SELECT COUNT( * ) AS total FROM task_user WHERE (user_id = ? AND status = ?)
2026-07-05 18:40:31.954 [http-nio-8080-exec-10] DEBUG [traceId=4745a2c6cec84f1fa43d84f43b43e266 userId=29 role=2] c.k.i.m.TaskUserMapper.selectCount - ==> Parameters: 29(Long), 0(String)
2026-07-05 18:40:31.955 [http-nio-8080-exec-3] DEBUG [traceId=3cb7483366c845f994751c450cc6806e userId=29 role=2] c.k.i.mapper.MyTaskMapper.count - <==      Total: 1
2026-07-05 18:40:31.955 [http-nio-8080-exec-10] DEBUG [traceId=4745a2c6cec84f1fa43d84f43b43e266 userId=29 role=2] c.k.i.m.TaskUserMapper.selectCount - <==      Total: 1
2026-07-05 18:40:31.955 [http-nio-8080-exec-5] DEBUG [traceId=aa3d6d8bc29f439b9493a5bc11c13e6c userId=29 role=2] c.k.i.mapper.DictMapper.selectList - <==      Total: 4
2026-07-05 18:40:31.955 [http-nio-8080-exec-3] DEBUG [traceId=3cb7483366c845f994751c450cc6806e userId=29 role=2] c.k.i.mapper.MyTaskMapper.page - ==>  Preparing: SELECT u.name AS task_create_name,t.round_no AS round_no,t.template_id AS template_id,t.id AS task_id, t.task_name, t.task_type, t.is_mandatory AS force_flag, t.task_description, t.priority, t.task_start_time AS start_time, t.task_end_time AS end_time, t.plan_id AS planId, t.plan_date AS planDate, t.is_repeat_task AS isRepeatTask, t.status AS taskStatus, tu.id AS task_user_id, tu.status, tu.total_score, tu.submit_time FROM task_user tu JOIN task t ON t.id = tu.task_id LEFT JOIN sys_user u ON u.id = t.create_by WHERE tu.user_id = ? AND tu.status = ? ORDER BY t.create_time DESC LIMIT ?, ?
2026-07-05 18:40:31.956 [http-nio-8080-exec-3] DEBUG [traceId=3cb7483366c845f994751c450cc6806e userId=29 role=2] c.k.i.mapper.MyTaskMapper.page - ==> Parameters: 29(Long), 0(String), 0(Integer), 10(Integer)
2026-07-05 18:40:31.958 [http-nio-8080-exec-10] DEBUG [traceId=4745a2c6cec84f1fa43d84f43b43e266 userId=29 role=2] c.k.i.m.TaskUserMapper.selectCount - ==>  Preparing: SELECT COUNT( * ) AS total FROM task_user WHERE (user_id = ? AND status = ?)
2026-07-05 18:40:31.958 [http-nio-8080-exec-10] DEBUG [traceId=4745a2c6cec84f1fa43d84f43b43e266 userId=29 role=2] c.k.i.m.TaskUserMapper.selectCount - ==> Parameters: 29(Long), 1(String)
2026-07-05 18:40:31.959 [http-nio-8080-exec-10] DEBUG [traceId=4745a2c6cec84f1fa43d84f43b43e266 userId=29 role=2] c.k.i.m.TaskUserMapper.selectCount - <==      Total: 1
2026-07-05 18:40:31.961 [http-nio-8080-exec-10] INFO  [traceId=4745a2c6cec84f1fa43d84f43b43e266 userId=29 role=2] com.kg.interceptor.TraceIdFilter - HTTP_REQUEST_END method=POST uri=/my-task/stats status=200 cost=94ms responseBody={"code":200,"message":"查询成功","data":{"unfinished":31,"finished":21}}
2026-07-05 18:40:31.961 [http-nio-8080-exec-5] INFO  [traceId=aa3d6d8bc29f439b9493a5bc11c13e6c userId=29 role=2] com.kg.interceptor.TraceIdFilter - HTTP_REQUEST_END method=GET uri=/dict/group/task_type status=200 cost=94ms responseBody={"code":200,"message":"查询成功","data":{"dictCode":"task_type","dictName":"任务类型","items":[{"dictValue":"0","dictLabel":"刷题","sortNo":0,"status":1,"displayColor":"#ff6f00"},{"dictValue":"1","dictLabel":"学习","sortNo":1,"status":1,"displayColor":"#f7ff00"},{"dictValue":"2","dictLabel":"打卡","sortNo":2,"status":1,"displayColor":"#66ff00"},{"dictValue":"3","dictLabel":"每日复盘","sortNo":3,"status":1,"displayColor":"#00bfff"}]}}
2026-07-05 18:40:31.962 [http-nio-8080-exec-3] DEBUG [traceId=3cb7483366c845f994751c450cc6806e userId=29 role=2] c.k.i.mapper.MyTaskMapper.page - <==      Total: 10
2026-07-05 18:40:31.967 [http-nio-8080-exec-3] INFO  [traceId=3cb7483366c845f994751c450cc6806e userId=29 role=2] com.kg.interceptor.TraceIdFilter - HTTP_REQUEST_END method=POST uri=/my-task/list status=200 cost=99ms responseBody={"code":200,"message":"查询成功","data":{"total":31,"list":[{"taskId":94,"taskName":"每日打卡","taskType":"2","forceFlag":1,"taskDescription":null,"priority":0,"startTime":"2026-07-05 06:00:00","endTime":"2026-07-05 23:59:00","status":"0","totalScore":null,"submitTime":null,"roundNo":0,"templateId":null,"planId":null,"planDate":null,"isRepeatTask":0,"taskStatus":1,"taskUserId":492,"taskCreateName":null},{"taskId":95,"taskName":"每日复盘","taskType":"3","forceFlag":1,"taskDescription":null,"priority":0,"startTime":"2026-07-05 08:00:00","endTime":"2026-07-05 23:59:00","status":"0","totalScore":null,"submitTime":null,"roundNo":0,"templateId":null,"planId":null,"planDate":null,"isRepeatTask":0,"taskStatus":1,"taskUserId":503,"taskCreateName":null},{"taskId":93,"taskName":"每日复盘","taskType":"3","forceFlag":1,"taskDescription":null,"priority":0,"startTime":"2026-07-03 08:00:00","endTime":"2026-07-03 23:59:00","status":"0","totalScore":null,"submitTime":null,"roundNo":0,"templateId":null,"planId":null,"planDate":null,"isRepeatTask":0,"taskStatus":1,"taskUserId":481,"taskCreateName":null},{"taskId":89,"taskName":"每日复盘","taskType":"3","forceFlag":1,"taskDescription":null,"priority":0,"startTime":"2026-07-02 08:00:00","endTime":"2026-07-02 23:59:00","status":"0","totalScore":null,"submitTime":null,"roundNo":0,"templateId":null,"planId":null,"planDate":null,"isRepeatTask":0,"taskStatus":1,"taskUserId":458,"taskCreateName":null},{"taskId":79,"taskName":"测试重复任务 07-03","taskType":"0","forceFlag":1,"taskDescription":"","priority":1,"startTime":"2026-07-03 00:00:00","endTime":"2026-07-03 23:59:00","status":"0","totalScore":null,"submitTime":null,"roundNo":0,"templateId":null,"planId":1,"planDate":"2026-07-03","isRepeatTask":1,"taskStatus":1,"taskUserId":431,"taskCreateName":"管理员"},{"taskId":80,"taskName":"测试重复任务 07-04","taskType":"0","forceFlag":1,"taskDescription":"","priority":1,"startTime":"2026-07-04 00:00:00","endTime":"2026-07-04 23:59:00","status":"0","totalScore":null,"submitTime":null,"roundNo":0,"templateId":null,"planId":1,"planDate":"2026-07-04","isRepeatTask":1,"taskStatus":1,"taskUserId":438,"taskCreateName":"管理员"},{"taskId":76,"taskName":"普通刷题任务测试","taskType":"0","forceFlag":1,"taskDescription":"","priority":1,"startTime":"2026-07-01 00:00:00","endTime":"2026-07-03 23:59:59","status":"0","totalScore":null,"submitTime":null,"roundNo":1,"templateId":null,"planId":null,"planDate":null,"isRepeatTask":0,"taskStatus":1,"taskUserId":410,"taskCreateName":"管理员"},{"taskId":75,"taskName":"每日复盘","taskType":"3","forceFlag":1,"taskDescription":null,"priority":0,"startTime":"2026-07-01 08:00:00","endTime":"2026-07-01 23:59:00","status":"0","totalScore":null,"submitTime":null,"roundNo":0,"templateId":null,"planId":null,"planDate":null,"isRepeatTask":0,"taskStatus":1,"taskUserId":403,"taskCreateName":null},{"taskId":73,"taskName":"测试班级任务","taskType":"0","forceFlag":1,"taskDescription":"","priority":1,"startTime":"2026-06-29 00:00:00","endTime":"2026-06-30 23:59:59","status":"0","totalScore":null,"submitTime":null,"roundNo":1,"templateId":null,"planId":null,"planDate":null,"isRepeatTask":0,"taskStatus":1,"taskUserId":383,"taskCreateName":"杨少伟"},{"taskId":72,"taskName":"每日复盘","taskType":"3","forceFlag":1,"taskDescription":null,"priority":0,"startTime":"2026-06-29 08:00:00","endTime":"2026-06-29 23:59:00","status":"0","totalScore":null,"submitTime":null,"roundNo":0,"templateId":null,"planId":null,"planDate":null,"isRepeatTask":0,"taskStatus":1,"taskUserId":376,"taskCreateName":null}]}}
2026-07-05 18:40:39.621 [http-nio-8080-exec-1] INFO  [traceId=65c0b81ff91044008cf0f3a5057838b7 userId= role=] com.kg.interceptor.TraceIdFilter - HTTP_REQUEST_START method=POST uri=/my-task/list query=null requestBody={"pageNum":1,"pageSize":10,"status":"0"} ip=0:0:0:0:0:0:0:1 userAgent=Mozilla/5.0 (Windows NT 10.0; Win64; x64) AppleWebKit/537.36 (KHTML, like Gecko) Chrome/123.0.0.0 Safari/537.36
2026-07-05 18:40:39.621 [http-nio-8080-exec-2] INFO  [traceId=f308e21da1a543e0bdb3e288b3e65972 userId= role=] com.kg.interceptor.TraceIdFilter - HTTP_REQUEST_START method=POST uri=/my-task/stats query=null requestBody={} ip=0:0:0:0:0:0:0:1 userAgent=Mozilla/5.0 (Windows NT 10.0; Win64; x64) AppleWebKit/537.36 (KHTML, like Gecko) Chrome/123.0.0.0 Safari/537.36
2026-07-05 18:40:39.621 [http-nio-8080-exec-7] INFO  [traceId=63cc885b43194528b46aeb83a36cbf5d userId= role=] com.kg.interceptor.TraceIdFilter - HTTP_REQUEST_START method=GET uri=/dict/group/task_type query=null requestBody= ip=0:0:0:0:0:0:0:1 userAgent=Mozilla/5.0 (Windows NT 10.0; Win64; x64) AppleWebKit/537.36 (KHTML, like Gecko) Chrome/123.0.0.0 Safari/537.36
2026-07-05 18:40:39.630 [http-nio-8080-exec-7] DEBUG [traceId=63cc885b43194528b46aeb83a36cbf5d userId= role=] c.k.i.m.SysUserMapper.selectById - ==>  Preparing: SELECT id,account,name,password,role,gender,email,phone,openid,description,teacher_remark,class_id,status,create_by,create_time,update_by,update_time FROM sys_user WHERE id=?
2026-07-05 18:40:39.630 [http-nio-8080-exec-1] DEBUG [traceId=65c0b81ff91044008cf0f3a5057838b7 userId= role=] c.k.i.m.SysUserMapper.selectById - ==>  Preparing: SELECT id,account,name,password,role,gender,email,phone,openid,description,teacher_remark,class_id,status,create_by,create_time,update_by,update_time FROM sys_user WHERE id=?
2026-07-05 18:40:39.630 [http-nio-8080-exec-2] DEBUG [traceId=f308e21da1a543e0bdb3e288b3e65972 userId= role=] c.k.i.m.SysUserMapper.selectById - ==>  Preparing: SELECT id,account,name,password,role,gender,email,phone,openid,description,teacher_remark,class_id,status,create_by,create_time,update_by,update_time FROM sys_user WHERE id=?
2026-07-05 18:40:39.631 [http-nio-8080-exec-1] DEBUG [traceId=65c0b81ff91044008cf0f3a5057838b7 userId= role=] c.k.i.m.SysUserMapper.selectById - ==> Parameters: 29(Long)
2026-07-05 18:40:39.631 [http-nio-8080-exec-2] DEBUG [traceId=f308e21da1a543e0bdb3e288b3e65972 userId= role=] c.k.i.m.SysUserMapper.selectById - ==> Parameters: 29(Long)
2026-07-05 18:40:39.631 [http-nio-8080-exec-7] DEBUG [traceId=63cc885b43194528b46aeb83a36cbf5d userId= role=] c.k.i.m.SysUserMapper.selectById - ==> Parameters: 29(Long)
2026-07-05 18:40:39.632 [http-nio-8080-exec-7] DEBUG [traceId=63cc885b43194528b46aeb83a36cbf5d userId= role=] c.k.i.m.SysUserMapper.selectById - <==      Total: 1
2026-07-05 18:40:39.632 [http-nio-8080-exec-2] DEBUG [traceId=f308e21da1a543e0bdb3e288b3e65972 userId= role=] c.k.i.m.SysUserMapper.selectById - <==      Total: 1
2026-07-05 18:40:39.633 [http-nio-8080-exec-1] DEBUG [traceId=65c0b81ff91044008cf0f3a5057838b7 userId= role=] c.k.i.m.SysUserMapper.selectById - <==      Total: 1
2026-07-05 18:40:39.635 [http-nio-8080-exec-1] DEBUG [traceId=65c0b81ff91044008cf0f3a5057838b7 userId=29 role=2] c.k.i.mapper.MyTaskMapper.count - ==>  Preparing: SELECT COUNT(*) FROM task_user tu JOIN task t ON t.id = tu.task_id WHERE tu.user_id = ? AND tu.status = ?
2026-07-05 18:40:39.635 [http-nio-8080-exec-1] DEBUG [traceId=65c0b81ff91044008cf0f3a5057838b7 userId=29 role=2] c.k.i.mapper.MyTaskMapper.count - ==> Parameters: 29(Long), 0(String)
2026-07-05 18:40:39.635 [http-nio-8080-exec-2] DEBUG [traceId=f308e21da1a543e0bdb3e288b3e65972 userId=29 role=2] c.k.i.m.TaskUserMapper.selectCount - ==>  Preparing: SELECT COUNT( * ) AS total FROM task_user WHERE (user_id = ? AND status = ?)
2026-07-05 18:40:39.636 [http-nio-8080-exec-2] DEBUG [traceId=f308e21da1a543e0bdb3e288b3e65972 userId=29 role=2] c.k.i.m.TaskUserMapper.selectCount - ==> Parameters: 29(Long), 0(String)
2026-07-05 18:40:39.637 [http-nio-8080-exec-7] DEBUG [traceId=63cc885b43194528b46aeb83a36cbf5d userId=29 role=2] c.k.i.mapper.DictMapper.selectList - ==>  Preparing: SELECT id,dict_code,dict_name,dict_label,dict_value,display_color,sort_no,status,create_by,create_time,update_by,update_time FROM sys_dict WHERE (dict_code = ?) ORDER BY sort_no ASC
2026-07-05 18:40:39.637 [http-nio-8080-exec-2] DEBUG [traceId=f308e21da1a543e0bdb3e288b3e65972 userId=29 role=2] c.k.i.m.TaskUserMapper.selectCount - <==      Total: 1
2026-07-05 18:40:39.637 [http-nio-8080-exec-1] DEBUG [traceId=65c0b81ff91044008cf0f3a5057838b7 userId=29 role=2] c.k.i.mapper.MyTaskMapper.count - <==      Total: 1
2026-07-05 18:40:39.637 [http-nio-8080-exec-7] DEBUG [traceId=63cc885b43194528b46aeb83a36cbf5d userId=29 role=2] c.k.i.mapper.DictMapper.selectList - ==> Parameters: task_type(String)
2026-07-05 18:40:39.637 [http-nio-8080-exec-1] DEBUG [traceId=65c0b81ff91044008cf0f3a5057838b7 userId=29 role=2] c.k.i.mapper.MyTaskMapper.page - ==>  Preparing: SELECT u.name AS task_create_name,t.round_no AS round_no,t.template_id AS template_id,t.id AS task_id, t.task_name, t.task_type, t.is_mandatory AS force_flag, t.task_description, t.priority, t.task_start_time AS start_time, t.task_end_time AS end_time, t.plan_id AS planId, t.plan_date AS planDate, t.is_repeat_task AS isRepeatTask, t.status AS taskStatus, tu.id AS task_user_id, tu.status, tu.total_score, tu.submit_time FROM task_user tu JOIN task t ON t.id = tu.task_id LEFT JOIN sys_user u ON u.id = t.create_by WHERE tu.user_id = ? AND tu.status = ? ORDER BY t.create_time DESC LIMIT ?, ?
2026-07-05 18:40:39.638 [http-nio-8080-exec-1] DEBUG [traceId=65c0b81ff91044008cf0f3a5057838b7 userId=29 role=2] c.k.i.mapper.MyTaskMapper.page - ==> Parameters: 29(Long), 0(String), 0(Integer), 10(Integer)
2026-07-05 18:40:39.639 [http-nio-8080-exec-7] DEBUG [traceId=63cc885b43194528b46aeb83a36cbf5d userId=29 role=2] c.k.i.mapper.DictMapper.selectList - <==      Total: 4
2026-07-05 18:40:39.639 [http-nio-8080-exec-2] DEBUG [traceId=f308e21da1a543e0bdb3e288b3e65972 userId=29 role=2] c.k.i.m.TaskUserMapper.selectCount - ==>  Preparing: SELECT COUNT( * ) AS total FROM task_user WHERE (user_id = ? AND status = ?)
2026-07-05 18:40:39.641 [http-nio-8080-exec-2] DEBUG [traceId=f308e21da1a543e0bdb3e288b3e65972 userId=29 role=2] c.k.i.m.TaskUserMapper.selectCount - ==> Parameters: 29(Long), 1(String)
2026-07-05 18:40:39.642 [http-nio-8080-exec-7] INFO  [traceId=63cc885b43194528b46aeb83a36cbf5d userId=29 role=2] com.kg.interceptor.TraceIdFilter - HTTP_REQUEST_END method=GET uri=/dict/group/task_type status=200 cost=22ms responseBody={"code":200,"message":"查询成功","data":{"dictCode":"task_type","dictName":"任务类型","items":[{"dictValue":"0","dictLabel":"刷题","sortNo":0,"status":1,"displayColor":"#ff6f00"},{"dictValue":"1","dictLabel":"学习","sortNo":1,"status":1,"displayColor":"#f7ff00"},{"dictValue":"2","dictLabel":"打卡","sortNo":2,"status":1,"displayColor":"#66ff00"},{"dictValue":"3","dictLabel":"每日复盘","sortNo":3,"status":1,"displayColor":"#00bfff"}]}}
2026-07-05 18:40:39.642 [http-nio-8080-exec-2] DEBUG [traceId=f308e21da1a543e0bdb3e288b3e65972 userId=29 role=2] c.k.i.m.TaskUserMapper.selectCount - <==      Total: 1
2026-07-05 18:40:39.643 [http-nio-8080-exec-1] DEBUG [traceId=65c0b81ff91044008cf0f3a5057838b7 userId=29 role=2] c.k.i.mapper.MyTaskMapper.page - <==      Total: 10
2026-07-05 18:40:39.644 [http-nio-8080-exec-2] INFO  [traceId=f308e21da1a543e0bdb3e288b3e65972 userId=29 role=2] com.kg.interceptor.TraceIdFilter - HTTP_REQUEST_END method=POST uri=/my-task/stats status=200 cost=23ms responseBody={"code":200,"message":"查询成功","data":{"unfinished":31,"finished":21}}
2026-07-05 18:40:39.646 [http-nio-8080-exec-1] INFO  [traceId=65c0b81ff91044008cf0f3a5057838b7 userId=29 role=2] com.kg.interceptor.TraceIdFilter - HTTP_REQUEST_END method=POST uri=/my-task/list status=200 cost=25ms responseBody={"code":200,"message":"查询成功","data":{"total":31,"list":[{"taskId":94,"taskName":"每日打卡","taskType":"2","forceFlag":1,"taskDescription":null,"priority":0,"startTime":"2026-07-05 06:00:00","endTime":"2026-07-05 23:59:00","status":"0","totalScore":null,"submitTime":null,"roundNo":0,"templateId":null,"planId":null,"planDate":null,"isRepeatTask":0,"taskStatus":1,"taskUserId":492,"taskCreateName":null},{"taskId":95,"taskName":"每日复盘","taskType":"3","forceFlag":1,"taskDescription":null,"priority":0,"startTime":"2026-07-05 08:00:00","endTime":"2026-07-05 23:59:00","status":"0","totalScore":null,"submitTime":null,"roundNo":0,"templateId":null,"planId":null,"planDate":null,"isRepeatTask":0,"taskStatus":1,"taskUserId":503,"taskCreateName":null},{"taskId":93,"taskName":"每日复盘","taskType":"3","forceFlag":1,"taskDescription":null,"priority":0,"startTime":"2026-07-03 08:00:00","endTime":"2026-07-03 23:59:00","status":"0","totalScore":null,"submitTime":null,"roundNo":0,"templateId":null,"planId":null,"planDate":null,"isRepeatTask":0,"taskStatus":1,"taskUserId":481,"taskCreateName":null},{"taskId":89,"taskName":"每日复盘","taskType":"3","forceFlag":1,"taskDescription":null,"priority":0,"startTime":"2026-07-02 08:00:00","endTime":"2026-07-02 23:59:00","status":"0","totalScore":null,"submitTime":null,"roundNo":0,"templateId":null,"planId":null,"planDate":null,"isRepeatTask":0,"taskStatus":1,"taskUserId":458,"taskCreateName":null},{"taskId":79,"taskName":"测试重复任务 07-03","taskType":"0","forceFlag":1,"taskDescription":"","priority":1,"startTime":"2026-07-03 00:00:00","endTime":"2026-07-03 23:59:00","status":"0","totalScore":null,"submitTime":null,"roundNo":0,"templateId":null,"planId":1,"planDate":"2026-07-03","isRepeatTask":1,"taskStatus":1,"taskUserId":431,"taskCreateName":"管理员"},{"taskId":80,"taskName":"测试重复任务 07-04","taskType":"0","forceFlag":1,"taskDescription":"","priority":1,"startTime":"2026-07-04 00:00:00","endTime":"2026-07-04 23:59:00","status":"0","totalScore":null,"submitTime":null,"roundNo":0,"templateId":null,"planId":1,"planDate":"2026-07-04","isRepeatTask":1,"taskStatus":1,"taskUserId":438,"taskCreateName":"管理员"},{"taskId":76,"taskName":"普通刷题任务测试","taskType":"0","forceFlag":1,"taskDescription":"","priority":1,"startTime":"2026-07-01 00:00:00","endTime":"2026-07-03 23:59:59","status":"0","totalScore":null,"submitTime":null,"roundNo":1,"templateId":null,"planId":null,"planDate":null,"isRepeatTask":0,"taskStatus":1,"taskUserId":410,"taskCreateName":"管理员"},{"taskId":75,"taskName":"每日复盘","taskType":"3","forceFlag":1,"taskDescription":null,"priority":0,"startTime":"2026-07-01 08:00:00","endTime":"2026-07-01 23:59:00","status":"0","totalScore":null,"submitTime":null,"roundNo":0,"templateId":null,"planId":null,"planDate":null,"isRepeatTask":0,"taskStatus":1,"taskUserId":403,"taskCreateName":null},{"taskId":73,"taskName":"测试班级任务","taskType":"0","forceFlag":1,"taskDescription":"","priority":1,"startTime":"2026-06-29 00:00:00","endTime":"2026-06-30 23:59:59","status":"0","totalScore":null,"submitTime":null,"roundNo":1,"templateId":null,"planId":null,"planDate":null,"isRepeatTask":0,"taskStatus":1,"taskUserId":383,"taskCreateName":"杨少伟"},{"taskId":72,"taskName":"每日复盘","taskType":"3","forceFlag":1,"taskDescription":null,"priority":0,"startTime":"2026-06-29 08:00:00","endTime":"2026-06-29 23:59:00","status":"0","totalScore":null,"submitTime":null,"roundNo":0,"templateId":null,"planId":null,"planDate":null,"isRepeatTask":0,"taskStatus":1,"taskUserId":376,"taskCreateName":null}]}}
2026-07-05 18:40:48.576 [http-nio-8080-exec-4] INFO  [traceId=4479db92d5614729a4b2f65533b2c5a8 userId= role=] com.kg.interceptor.TraceIdFilter - HTTP_REQUEST_START method=GET uri=/dict/group/task_type query=null requestBody= ip=0:0:0:0:0:0:0:1 userAgent=Mozilla/5.0 (Windows NT 10.0; Win64; x64) AppleWebKit/537.36 (KHTML, like Gecko) Chrome/123.0.0.0 Safari/537.36
2026-07-05 18:40:48.576 [http-nio-8080-exec-8] INFO  [traceId=b9c9a9c0e7814c7fb1c442c39403019e userId= role=] com.kg.interceptor.TraceIdFilter - HTTP_REQUEST_START method=POST uri=/my-task/stats query=null requestBody={} ip=0:0:0:0:0:0:0:1 userAgent=Mozilla/5.0 (Windows NT 10.0; Win64; x64) AppleWebKit/537.36 (KHTML, like Gecko) Chrome/123.0.0.0 Safari/537.36
2026-07-05 18:40:48.576 [http-nio-8080-exec-9] INFO  [traceId=5edf9adcec3f48e4a650f17e0ba5dd3b userId= role=] com.kg.interceptor.TraceIdFilter - HTTP_REQUEST_START method=POST uri=/my-task/list query=null requestBody={"pageNum":1,"pageSize":10,"status":"0"} ip=0:0:0:0:0:0:0:1 userAgent=Mozilla/5.0 (Windows NT 10.0; Win64; x64) AppleWebKit/537.36 (KHTML, like Gecko) Chrome/123.0.0.0 Safari/537.36
2026-07-05 18:40:48.584 [http-nio-8080-exec-4] DEBUG [traceId=4479db92d5614729a4b2f65533b2c5a8 userId= role=] c.k.i.m.SysUserMapper.selectById - ==>  Preparing: SELECT id,account,name,password,role,gender,email,phone,openid,description,teacher_remark,class_id,status,create_by,create_time,update_by,update_time FROM sys_user WHERE id=?
2026-07-05 18:40:48.584 [http-nio-8080-exec-4] DEBUG [traceId=4479db92d5614729a4b2f65533b2c5a8 userId= role=] c.k.i.m.SysUserMapper.selectById - ==> Parameters: 29(Long)
2026-07-05 18:40:48.586 [http-nio-8080-exec-4] DEBUG [traceId=4479db92d5614729a4b2f65533b2c5a8 userId= role=] c.k.i.m.SysUserMapper.selectById - <==      Total: 1
2026-07-05 18:40:48.586 [http-nio-8080-exec-8] DEBUG [traceId=b9c9a9c0e7814c7fb1c442c39403019e userId= role=] c.k.i.m.SysUserMapper.selectById - ==>  Preparing: SELECT id,account,name,password,role,gender,email,phone,openid,description,teacher_remark,class_id,status,create_by,create_time,update_by,update_time FROM sys_user WHERE id=?
2026-07-05 18:40:48.587 [http-nio-8080-exec-8] DEBUG [traceId=b9c9a9c0e7814c7fb1c442c39403019e userId= role=] c.k.i.m.SysUserMapper.selectById - ==> Parameters: 29(Long)
2026-07-05 18:40:48.589 [http-nio-8080-exec-9] DEBUG [traceId=5edf9adcec3f48e4a650f17e0ba5dd3b userId= role=] c.k.i.m.SysUserMapper.selectById - ==>  Preparing: SELECT id,account,name,password,role,gender,email,phone,openid,description,teacher_remark,class_id,status,create_by,create_time,update_by,update_time FROM sys_user WHERE id=?
2026-07-05 18:40:48.589 [http-nio-8080-exec-9] DEBUG [traceId=5edf9adcec3f48e4a650f17e0ba5dd3b userId= role=] c.k.i.m.SysUserMapper.selectById - ==> Parameters: 29(Long)
2026-07-05 18:40:48.590 [http-nio-8080-exec-8] DEBUG [traceId=b9c9a9c0e7814c7fb1c442c39403019e userId= role=] c.k.i.m.SysUserMapper.selectById - <==      Total: 1
2026-07-05 18:40:48.590 [http-nio-8080-exec-4] DEBUG [traceId=4479db92d5614729a4b2f65533b2c5a8 userId=29 role=2] c.k.i.mapper.DictMapper.selectList - ==>  Preparing: SELECT id,dict_code,dict_name,dict_label,dict_value,display_color,sort_no,status,create_by,create_time,update_by,update_time FROM sys_dict WHERE (dict_code = ?) ORDER BY sort_no ASC
2026-07-05 18:40:48.592 [http-nio-8080-exec-9] DEBUG [traceId=5edf9adcec3f48e4a650f17e0ba5dd3b userId= role=] c.k.i.m.SysUserMapper.selectById - <==      Total: 1
2026-07-05 18:40:48.592 [http-nio-8080-exec-4] DEBUG [traceId=4479db92d5614729a4b2f65533b2c5a8 userId=29 role=2] c.k.i.mapper.DictMapper.selectList - ==> Parameters: task_type(String)
2026-07-05 18:40:48.594 [http-nio-8080-exec-9] DEBUG [traceId=5edf9adcec3f48e4a650f17e0ba5dd3b userId=29 role=2] c.k.i.mapper.MyTaskMapper.count - ==>  Preparing: SELECT COUNT(*) FROM task_user tu JOIN task t ON t.id = tu.task_id WHERE tu.user_id = ? AND tu.status = ?
2026-07-05 18:40:48.595 [http-nio-8080-exec-8] DEBUG [traceId=b9c9a9c0e7814c7fb1c442c39403019e userId=29 role=2] c.k.i.m.TaskUserMapper.selectCount - ==>  Preparing: SELECT COUNT( * ) AS total FROM task_user WHERE (user_id = ? AND status = ?)
2026-07-05 18:40:48.595 [http-nio-8080-exec-4] DEBUG [traceId=4479db92d5614729a4b2f65533b2c5a8 userId=29 role=2] c.k.i.mapper.DictMapper.selectList - <==      Total: 4
2026-07-05 18:40:48.595 [http-nio-8080-exec-9] DEBUG [traceId=5edf9adcec3f48e4a650f17e0ba5dd3b userId=29 role=2] c.k.i.mapper.MyTaskMapper.count - ==> Parameters: 29(Long), 0(String)
2026-07-05 18:40:48.596 [http-nio-8080-exec-8] DEBUG [traceId=b9c9a9c0e7814c7fb1c442c39403019e userId=29 role=2] c.k.i.m.TaskUserMapper.selectCount - ==> Parameters: 29(Long), 0(String)
2026-07-05 18:40:48.596 [http-nio-8080-exec-4] INFO  [traceId=4479db92d5614729a4b2f65533b2c5a8 userId=29 role=2] com.kg.interceptor.TraceIdFilter - HTTP_REQUEST_END method=GET uri=/dict/group/task_type status=200 cost=20ms responseBody={"code":200,"message":"查询成功","data":{"dictCode":"task_type","dictName":"任务类型","items":[{"dictValue":"0","dictLabel":"刷题","sortNo":0,"status":1,"displayColor":"#ff6f00"},{"dictValue":"1","dictLabel":"学习","sortNo":1,"status":1,"displayColor":"#f7ff00"},{"dictValue":"2","dictLabel":"打卡","sortNo":2,"status":1,"displayColor":"#66ff00"},{"dictValue":"3","dictLabel":"每日复盘","sortNo":3,"status":1,"displayColor":"#00bfff"}]}}
2026-07-05 18:40:48.597 [http-nio-8080-exec-9] DEBUG [traceId=5edf9adcec3f48e4a650f17e0ba5dd3b userId=29 role=2] c.k.i.mapper.MyTaskMapper.count - <==      Total: 1
2026-07-05 18:40:48.597 [http-nio-8080-exec-8] DEBUG [traceId=b9c9a9c0e7814c7fb1c442c39403019e userId=29 role=2] c.k.i.m.TaskUserMapper.selectCount - <==      Total: 1
2026-07-05 18:40:48.597 [http-nio-8080-exec-9] DEBUG [traceId=5edf9adcec3f48e4a650f17e0ba5dd3b userId=29 role=2] c.k.i.mapper.MyTaskMapper.page - ==>  Preparing: SELECT u.name AS task_create_name,t.round_no AS round_no,t.template_id AS template_id,t.id AS task_id, t.task_name, t.task_type, t.is_mandatory AS force_flag, t.task_description, t.priority, t.task_start_time AS start_time, t.task_end_time AS end_time, t.plan_id AS planId, t.plan_date AS planDate, t.is_repeat_task AS isRepeatTask, t.status AS taskStatus, tu.id AS task_user_id, tu.status, tu.total_score, tu.submit_time FROM task_user tu JOIN task t ON t.id = tu.task_id LEFT JOIN sys_user u ON u.id = t.create_by WHERE tu.user_id = ? AND tu.status = ? ORDER BY t.create_time DESC LIMIT ?, ?
2026-07-05 18:40:48.598 [http-nio-8080-exec-9] DEBUG [traceId=5edf9adcec3f48e4a650f17e0ba5dd3b userId=29 role=2] c.k.i.mapper.MyTaskMapper.page - ==> Parameters: 29(Long), 0(String), 0(Integer), 10(Integer)
2026-07-05 18:40:48.601 [http-nio-8080-exec-8] DEBUG [traceId=b9c9a9c0e7814c7fb1c442c39403019e userId=29 role=2] c.k.i.m.TaskUserMapper.selectCount - ==>  Preparing: SELECT COUNT( * ) AS total FROM task_user WHERE (user_id = ? AND status = ?)
2026-07-05 18:40:48.601 [http-nio-8080-exec-8] DEBUG [traceId=b9c9a9c0e7814c7fb1c442c39403019e userId=29 role=2] c.k.i.m.TaskUserMapper.selectCount - ==> Parameters: 29(Long), 1(String)
2026-07-05 18:40:48.603 [http-nio-8080-exec-8] DEBUG [traceId=b9c9a9c0e7814c7fb1c442c39403019e userId=29 role=2] c.k.i.m.TaskUserMapper.selectCount - <==      Total: 1
2026-07-05 18:40:48.603 [http-nio-8080-exec-9] DEBUG [traceId=5edf9adcec3f48e4a650f17e0ba5dd3b userId=29 role=2] c.k.i.mapper.MyTaskMapper.page - <==      Total: 10
2026-07-05 18:40:48.604 [http-nio-8080-exec-8] INFO  [traceId=b9c9a9c0e7814c7fb1c442c39403019e userId=29 role=2] com.kg.interceptor.TraceIdFilter - HTTP_REQUEST_END method=POST uri=/my-task/stats status=200 cost=28ms responseBody={"code":200,"message":"查询成功","data":{"unfinished":31,"finished":21}}
2026-07-05 18:40:48.606 [http-nio-8080-exec-9] INFO  [traceId=5edf9adcec3f48e4a650f17e0ba5dd3b userId=29 role=2] com.kg.interceptor.TraceIdFilter - HTTP_REQUEST_END method=POST uri=/my-task/list status=200 cost=29ms responseBody={"code":200,"message":"查询成功","data":{"total":31,"list":[{"taskId":94,"taskName":"每日打卡","taskType":"2","forceFlag":1,"taskDescription":null,"priority":0,"startTime":"2026-07-05 06:00:00","endTime":"2026-07-05 23:59:00","status":"0","totalScore":null,"submitTime":null,"roundNo":0,"templateId":null,"planId":null,"planDate":null,"isRepeatTask":0,"taskStatus":1,"taskUserId":492,"taskCreateName":null},{"taskId":95,"taskName":"每日复盘","taskType":"3","forceFlag":1,"taskDescription":null,"priority":0,"startTime":"2026-07-05 08:00:00","endTime":"2026-07-05 23:59:00","status":"0","totalScore":null,"submitTime":null,"roundNo":0,"templateId":null,"planId":null,"planDate":null,"isRepeatTask":0,"taskStatus":1,"taskUserId":503,"taskCreateName":null},{"taskId":93,"taskName":"每日复盘","taskType":"3","forceFlag":1,"taskDescription":null,"priority":0,"startTime":"2026-07-03 08:00:00","endTime":"2026-07-03 23:59:00","status":"0","totalScore":null,"submitTime":null,"roundNo":0,"templateId":null,"planId":null,"planDate":null,"isRepeatTask":0,"taskStatus":1,"taskUserId":481,"taskCreateName":null},{"taskId":89,"taskName":"每日复盘","taskType":"3","forceFlag":1,"taskDescription":null,"priority":0,"startTime":"2026-07-02 08:00:00","endTime":"2026-07-02 23:59:00","status":"0","totalScore":null,"submitTime":null,"roundNo":0,"templateId":null,"planId":null,"planDate":null,"isRepeatTask":0,"taskStatus":1,"taskUserId":458,"taskCreateName":null},{"taskId":79,"taskName":"测试重复任务 07-03","taskType":"0","forceFlag":1,"taskDescription":"","priority":1,"startTime":"2026-07-03 00:00:00","endTime":"2026-07-03 23:59:00","status":"0","totalScore":null,"submitTime":null,"roundNo":0,"templateId":null,"planId":1,"planDate":"2026-07-03","isRepeatTask":1,"taskStatus":1,"taskUserId":431,"taskCreateName":"管理员"},{"taskId":80,"taskName":"测试重复任务 07-04","taskType":"0","forceFlag":1,"taskDescription":"","priority":1,"startTime":"2026-07-04 00:00:00","endTime":"2026-07-04 23:59:00","status":"0","totalScore":null,"submitTime":null,"roundNo":0,"templateId":null,"planId":1,"planDate":"2026-07-04","isRepeatTask":1,"taskStatus":1,"taskUserId":438,"taskCreateName":"管理员"},{"taskId":76,"taskName":"普通刷题任务测试","taskType":"0","forceFlag":1,"taskDescription":"","priority":1,"startTime":"2026-07-01 00:00:00","endTime":"2026-07-03 23:59:59","status":"0","totalScore":null,"submitTime":null,"roundNo":1,"templateId":null,"planId":null,"planDate":null,"isRepeatTask":0,"taskStatus":1,"taskUserId":410,"taskCreateName":"管理员"},{"taskId":75,"taskName":"每日复盘","taskType":"3","forceFlag":1,"taskDescription":null,"priority":0,"startTime":"2026-07-01 08:00:00","endTime":"2026-07-01 23:59:00","status":"0","totalScore":null,"submitTime":null,"roundNo":0,"templateId":null,"planId":null,"planDate":null,"isRepeatTask":0,"taskStatus":1,"taskUserId":403,"taskCreateName":null},{"taskId":73,"taskName":"测试班级任务","taskType":"0","forceFlag":1,"taskDescription":"","priority":1,"startTime":"2026-06-29 00:00:00","endTime":"2026-06-30 23:59:59","status":"0","totalScore":null,"submitTime":null,"roundNo":1,"templateId":null,"planId":null,"planDate":null,"isRepeatTask":0,"taskStatus":1,"taskUserId":383,"taskCreateName":"杨少伟"},{"taskId":72,"taskName":"每日复盘","taskType":"3","forceFlag":1,"taskDescription":null,"priority":0,"startTime":"2026-06-29 08:00:00","endTime":"2026-06-29 23:59:00","status":"0","totalScore":null,"submitTime":null,"roundNo":0,"templateId":null,"planId":null,"planDate":null,"isRepeatTask":0,"taskStatus":1,"taskUserId":376,"taskCreateName":null}]}}
2026-07-05 18:41:24.953 [http-nio-8080-exec-6] INFO  [traceId=b9db4baa390942ab8efb7daa923a9fcc userId= role=] com.kg.interceptor.TraceIdFilter - HTTP_REQUEST_START method=GET uri=/dict/group/task_type query=null requestBody= ip=0:0:0:0:0:0:0:1 userAgent=Mozilla/5.0 (Windows NT 10.0; Win64; x64) AppleWebKit/537.36 (KHTML, like Gecko) Chrome/123.0.0.0 Safari/537.36
2026-07-05 18:41:24.965 [http-nio-8080-exec-6] DEBUG [traceId=b9db4baa390942ab8efb7daa923a9fcc userId= role=] c.k.i.m.SysUserMapper.selectById - ==>  Preparing: SELECT id,account,name,password,role,gender,email,phone,openid,description,teacher_remark,class_id,status,create_by,create_time,update_by,update_time FROM sys_user WHERE id=?
2026-07-05 18:41:24.966 [http-nio-8080-exec-6] DEBUG [traceId=b9db4baa390942ab8efb7daa923a9fcc userId= role=] c.k.i.m.SysUserMapper.selectById - ==> Parameters: 21(Long)
2026-07-05 18:41:24.967 [http-nio-8080-exec-6] DEBUG [traceId=b9db4baa390942ab8efb7daa923a9fcc userId= role=] c.k.i.m.SysUserMapper.selectById - <==      Total: 1
2026-07-05 18:41:24.969 [http-nio-8080-exec-6] DEBUG [traceId=b9db4baa390942ab8efb7daa923a9fcc userId=21 role=1] c.k.i.mapper.DictMapper.selectList - ==>  Preparing: SELECT id,dict_code,dict_name,dict_label,dict_value,display_color,sort_no,status,create_by,create_time,update_by,update_time FROM sys_dict WHERE (dict_code = ?) ORDER BY sort_no ASC
2026-07-05 18:41:24.969 [http-nio-8080-exec-6] DEBUG [traceId=b9db4baa390942ab8efb7daa923a9fcc userId=21 role=1] c.k.i.mapper.DictMapper.selectList - ==> Parameters: task_type(String)
2026-07-05 18:41:24.971 [http-nio-8080-exec-6] DEBUG [traceId=b9db4baa390942ab8efb7daa923a9fcc userId=21 role=1] c.k.i.mapper.DictMapper.selectList - <==      Total: 4
2026-07-05 18:41:24.972 [http-nio-8080-exec-6] INFO  [traceId=b9db4baa390942ab8efb7daa923a9fcc userId=21 role=1] com.kg.interceptor.TraceIdFilter - HTTP_REQUEST_END method=GET uri=/dict/group/task_type status=200 cost=19ms responseBody={"code":200,"message":"查询成功","data":{"dictCode":"task_type","dictName":"任务类型","items":[{"dictValue":"0","dictLabel":"刷题","sortNo":0,"status":1,"displayColor":"#ff6f00"},{"dictValue":"1","dictLabel":"学习","sortNo":1,"status":1,"displayColor":"#f7ff00"},{"dictValue":"2","dictLabel":"打卡","sortNo":2,"status":1,"displayColor":"#66ff00"},{"dictValue":"3","dictLabel":"每日复盘","sortNo":3,"status":1,"displayColor":"#00bfff"}]}}
2026-07-05 18:41:25.019 [http-nio-8080-exec-10] INFO  [traceId=a1330a851285459e98ecf1e4add3d185 userId= role=] com.kg.interceptor.TraceIdFilter - HTTP_REQUEST_START method=POST uri=/task/page query=null requestBody={"pageNum":1,"pageSize":10} ip=0:0:0:0:0:0:0:1 userAgent=Mozilla/5.0 (Windows NT 10.0; Win64; x64) AppleWebKit/537.36 (KHTML, like Gecko) Chrome/123.0.0.0 Safari/537.36
2026-07-05 18:41:25.021 [http-nio-8080-exec-3] INFO  [traceId=adaa0f5da679429c96a7b0a1e0cc616d userId= role=] com.kg.interceptor.TraceIdFilter - HTTP_REQUEST_START method=GET uri=/class/student-options query=null requestBody= ip=0:0:0:0:0:0:0:1 userAgent=Mozilla/5.0 (Windows NT 10.0; Win64; x64) AppleWebKit/537.36 (KHTML, like Gecko) Chrome/123.0.0.0 Safari/537.36
2026-07-05 18:41:25.021 [http-nio-8080-exec-5] INFO  [traceId=9b52efc002734b7db8cb0e40f85a7a21 userId= role=] com.kg.interceptor.TraceIdFilter - HTTP_REQUEST_START method=GET uri=/class/options query=null requestBody= ip=0:0:0:0:0:0:0:1 userAgent=Mozilla/5.0 (Windows NT 10.0; Win64; x64) AppleWebKit/537.36 (KHTML, like Gecko) Chrome/123.0.0.0 Safari/537.36
2026-07-05 18:41:25.026 [http-nio-8080-exec-10] DEBUG [traceId=a1330a851285459e98ecf1e4add3d185 userId= role=] c.k.i.m.SysUserMapper.selectById - ==>  Preparing: SELECT id,account,name,password,role,gender,email,phone,openid,description,teacher_remark,class_id,status,create_by,create_time,update_by,update_time FROM sys_user WHERE id=?
2026-07-05 18:41:25.026 [http-nio-8080-exec-10] DEBUG [traceId=a1330a851285459e98ecf1e4add3d185 userId= role=] c.k.i.m.SysUserMapper.selectById - ==> Parameters: 21(Long)
2026-07-05 18:41:25.029 [http-nio-8080-exec-5] DEBUG [traceId=9b52efc002734b7db8cb0e40f85a7a21 userId= role=] c.k.i.m.SysUserMapper.selectById - ==>  Preparing: SELECT id,account,name,password,role,gender,email,phone,openid,description,teacher_remark,class_id,status,create_by,create_time,update_by,update_time FROM sys_user WHERE id=?
2026-07-05 18:41:25.030 [http-nio-8080-exec-10] DEBUG [traceId=a1330a851285459e98ecf1e4add3d185 userId= role=] c.k.i.m.SysUserMapper.selectById - <==      Total: 1
2026-07-05 18:41:25.030 [http-nio-8080-exec-3] DEBUG [traceId=adaa0f5da679429c96a7b0a1e0cc616d userId= role=] c.k.i.m.SysUserMapper.selectById - ==>  Preparing: SELECT id,account,name,password,role,gender,email,phone,openid,description,teacher_remark,class_id,status,create_by,create_time,update_by,update_time FROM sys_user WHERE id=?
2026-07-05 18:41:25.030 [http-nio-8080-exec-5] DEBUG [traceId=9b52efc002734b7db8cb0e40f85a7a21 userId= role=] c.k.i.m.SysUserMapper.selectById - ==> Parameters: 21(Long)
2026-07-05 18:41:25.030 [http-nio-8080-exec-3] DEBUG [traceId=adaa0f5da679429c96a7b0a1e0cc616d userId= role=] c.k.i.m.SysUserMapper.selectById - ==> Parameters: 21(Long)
2026-07-05 18:41:25.032 [http-nio-8080-exec-5] DEBUG [traceId=9b52efc002734b7db8cb0e40f85a7a21 userId= role=] c.k.i.m.SysUserMapper.selectById - <==      Total: 1
2026-07-05 18:41:25.032 [http-nio-8080-exec-3] DEBUG [traceId=adaa0f5da679429c96a7b0a1e0cc616d userId= role=] c.k.i.m.SysUserMapper.selectById - <==      Total: 1
2026-07-05 18:41:25.035 [http-nio-8080-exec-5] DEBUG [traceId=9b52efc002734b7db8cb0e40f85a7a21 userId=21 role=1] c.k.i.m.ClassInfoMapper.selectList - ==>  Preparing: SELECT id,class_name,description,status,create_by,create_time,update_by,update_time FROM class_info WHERE (status = ?) ORDER BY class_name ASC
2026-07-05 18:41:25.035 [http-nio-8080-exec-3] DEBUG [traceId=adaa0f5da679429c96a7b0a1e0cc616d userId=21 role=1] c.k.i.m.SysUserMapper.selectList - ==>  Preparing: SELECT id,account,name,password,role,gender,email,phone,openid,description,teacher_remark,class_id,status,create_by,create_time,update_by,update_time FROM sys_user WHERE (role IN (?,?) AND status = ?)
2026-07-05 18:41:25.035 [http-nio-8080-exec-5] DEBUG [traceId=9b52efc002734b7db8cb0e40f85a7a21 userId=21 role=1] c.k.i.m.ClassInfoMapper.selectList - ==> Parameters: 1(Integer)
2026-07-05 18:41:25.035 [http-nio-8080-exec-3] DEBUG [traceId=adaa0f5da679429c96a7b0a1e0cc616d userId=21 role=1] c.k.i.m.SysUserMapper.selectList - ==> Parameters: 2(String), 3(String), 1(Integer)
2026-07-05 18:41:25.036 [http-nio-8080-exec-10] DEBUG [traceId=a1330a851285459e98ecf1e4add3d185 userId=21 role=1] c.k.i.mapper.TaskMapper.selectList - ==>  Preparing: SELECT id,task_name,task_type,template_id,round_no,is_mandatory,task_description,task_start_time,task_end_time,priority,class_id,target_type,target_ids,plan_id,plan_date,is_repeat_task,status,create_by,create_time,update_by,update_time FROM task WHERE ((status = ? OR status IS NULL)) ORDER BY id DESC LIMIT 0,10
2026-07-05 18:41:25.036 [http-nio-8080-exec-10] DEBUG [traceId=a1330a851285459e98ecf1e4add3d185 userId=21 role=1] c.k.i.mapper.TaskMapper.selectList - ==> Parameters: 1(Integer)
2026-07-05 18:41:25.038 [http-nio-8080-exec-5] DEBUG [traceId=9b52efc002734b7db8cb0e40f85a7a21 userId=21 role=1] c.k.i.m.ClassInfoMapper.selectList - <==      Total: 3
2026-07-05 18:41:25.040 [http-nio-8080-exec-5] INFO  [traceId=9b52efc002734b7db8cb0e40f85a7a21 userId=21 role=1] com.kg.interceptor.TraceIdFilter - HTTP_REQUEST_END method=GET uri=/class/options status=200 cost=19ms responseBody={"code":200,"message":"查询成功","data":[{"id":8,"className":"1班"},{"id":9,"className":"2班"},{"id":10,"className":"线上学习1班"}]}
2026-07-05 18:41:25.040 [http-nio-8080-exec-3] DEBUG [traceId=adaa0f5da679429c96a7b0a1e0cc616d userId=21 role=1] c.k.i.m.SysUserMapper.selectList - <==      Total: 11
2026-07-05 18:41:25.040 [http-nio-8080-exec-10] DEBUG [traceId=a1330a851285459e98ecf1e4add3d185 userId=21 role=1] c.k.i.mapper.TaskMapper.selectList - <==      Total: 10
2026-07-05 18:41:25.043 [http-nio-8080-exec-10] DEBUG [traceId=a1330a851285459e98ecf1e4add3d185 userId=21 role=1] c.k.i.mapper.TaskMapper.selectCount - ==>  Preparing: SELECT COUNT( * ) AS total FROM task WHERE ((status = ? OR status IS NULL))
2026-07-05 18:41:25.044 [http-nio-8080-exec-10] DEBUG [traceId=a1330a851285459e98ecf1e4add3d185 userId=21 role=1] c.k.i.mapper.TaskMapper.selectCount - ==> Parameters: 1(Integer)
2026-07-05 18:41:25.045 [http-nio-8080-exec-10] DEBUG [traceId=a1330a851285459e98ecf1e4add3d185 userId=21 role=1] c.k.i.mapper.TaskMapper.selectCount - <==      Total: 1
2026-07-05 18:41:25.049 [http-nio-8080-exec-10] DEBUG [traceId=a1330a851285459e98ecf1e4add3d185 userId=21 role=1] c.k.i.m.TaskUserMapper.selectList - ==>  Preparing: SELECT id,task_id,user_id,status,start_time,finish_time,duration_minutes,remark,total_score,submit_time,create_by,create_time,update_by,update_time FROM task_user WHERE (task_id = ?)
2026-07-05 18:41:25.049 [http-nio-8080-exec-3] INFO  [traceId=adaa0f5da679429c96a7b0a1e0cc616d userId=21 role=1] com.kg.interceptor.TraceIdFilter - HTTP_REQUEST_END method=GET uri=/class/student-options status=200 cost=28ms responseBody={"code":200,"message":"查询成功","data":[{"id":23,"name":"张三","classId":8},{"id":24,"name":"李四","classId":9},{"id":25,"name":"王五","classId":8},{"id":26,"name":"赵六","classId":9},{"id":27,"name":"赵七","classId":null},{"id":28,"name":"赵八","classId":8},{"id":29,"name":"杨少伟","classId":8},{"id":30,"name":"测试新增用户任务","classId":8},{"id":31,"name":"11","classId":8},{"id":32,"name":"11","classId":8},{"id":33,"name":"五四","classId":10}]}
2026-07-05 18:41:25.049 [http-nio-8080-exec-10] DEBUG [traceId=a1330a851285459e98ecf1e4add3d185 userId=21 role=1] c.k.i.m.TaskUserMapper.selectList - ==> Parameters: 95(Long)
2026-07-05 18:41:25.053 [http-nio-8080-exec-10] DEBUG [traceId=a1330a851285459e98ecf1e4add3d185 userId=21 role=1] c.k.i.m.TaskUserMapper.selectList - <==      Total: 11
2026-07-05 18:41:25.055 [http-nio-8080-exec-10] DEBUG [traceId=a1330a851285459e98ecf1e4add3d185 userId=21 role=1] c.k.i.m.ClassInfoMapper.selectById - ==>  Preparing: SELECT id,class_name,description,status,create_by,create_time,update_by,update_time FROM class_info WHERE id=?
2026-07-05 18:41:25.055 [http-nio-8080-exec-10] DEBUG [traceId=a1330a851285459e98ecf1e4add3d185 userId=21 role=1] c.k.i.m.ClassInfoMapper.selectById - ==> Parameters: 8(Long)
2026-07-05 18:41:25.056 [http-nio-8080-exec-10] DEBUG [traceId=a1330a851285459e98ecf1e4add3d185 userId=21 role=1] c.k.i.m.ClassInfoMapper.selectById - <==      Total: 1
2026-07-05 18:41:25.058 [http-nio-8080-exec-10] DEBUG [traceId=a1330a851285459e98ecf1e4add3d185 userId=21 role=1] c.k.i.m.ClassInfoMapper.selectById - ==>  Preparing: SELECT id,class_name,description,status,create_by,create_time,update_by,update_time FROM class_info WHERE id=?
2026-07-05 18:41:25.058 [http-nio-8080-exec-10] DEBUG [traceId=a1330a851285459e98ecf1e4add3d185 userId=21 role=1] c.k.i.m.ClassInfoMapper.selectById - ==> Parameters: 9(Long)
2026-07-05 18:41:25.059 [http-nio-8080-exec-10] DEBUG [traceId=a1330a851285459e98ecf1e4add3d185 userId=21 role=1] c.k.i.m.ClassInfoMapper.selectById - <==      Total: 1
2026-07-05 18:41:25.059 [http-nio-8080-exec-10] DEBUG [traceId=a1330a851285459e98ecf1e4add3d185 userId=21 role=1] c.k.i.m.ClassInfoMapper.selectById - ==>  Preparing: SELECT id,class_name,description,status,create_by,create_time,update_by,update_time FROM class_info WHERE id=?
2026-07-05 18:41:25.060 [http-nio-8080-exec-10] DEBUG [traceId=a1330a851285459e98ecf1e4add3d185 userId=21 role=1] c.k.i.m.ClassInfoMapper.selectById - ==> Parameters: 10(Long)
2026-07-05 18:41:25.061 [http-nio-8080-exec-10] DEBUG [traceId=a1330a851285459e98ecf1e4add3d185 userId=21 role=1] c.k.i.m.ClassInfoMapper.selectById - <==      Total: 1
2026-07-05 18:41:25.063 [http-nio-8080-exec-10] DEBUG [traceId=a1330a851285459e98ecf1e4add3d185 userId=21 role=1] c.k.i.m.TaskUserMapper.selectList - ==>  Preparing: SELECT id,task_id,user_id,status,start_time,finish_time,duration_minutes,remark,total_score,submit_time,create_by,create_time,update_by,update_time FROM task_user WHERE (task_id = ?)
2026-07-05 18:41:25.063 [http-nio-8080-exec-10] DEBUG [traceId=a1330a851285459e98ecf1e4add3d185 userId=21 role=1] c.k.i.m.TaskUserMapper.selectList - ==> Parameters: 94(Long)
2026-07-05 18:41:25.066 [http-nio-8080-exec-10] DEBUG [traceId=a1330a851285459e98ecf1e4add3d185 userId=21 role=1] c.k.i.m.TaskUserMapper.selectList - <==      Total: 11
2026-07-05 18:41:25.066 [http-nio-8080-exec-10] DEBUG [traceId=a1330a851285459e98ecf1e4add3d185 userId=21 role=1] c.k.i.m.ClassInfoMapper.selectById - ==>  Preparing: SELECT id,class_name,description,status,create_by,create_time,update_by,update_time FROM class_info WHERE id=?
2026-07-05 18:41:25.066 [http-nio-8080-exec-10] DEBUG [traceId=a1330a851285459e98ecf1e4add3d185 userId=21 role=1] c.k.i.m.ClassInfoMapper.selectById - ==> Parameters: 8(Long)
2026-07-05 18:41:25.067 [http-nio-8080-exec-10] DEBUG [traceId=a1330a851285459e98ecf1e4add3d185 userId=21 role=1] c.k.i.m.ClassInfoMapper.selectById - <==      Total: 1
2026-07-05 18:41:25.068 [http-nio-8080-exec-10] DEBUG [traceId=a1330a851285459e98ecf1e4add3d185 userId=21 role=1] c.k.i.m.ClassInfoMapper.selectById - ==>  Preparing: SELECT id,class_name,description,status,create_by,create_time,update_by,update_time FROM class_info WHERE id=?
2026-07-05 18:41:25.068 [http-nio-8080-exec-10] DEBUG [traceId=a1330a851285459e98ecf1e4add3d185 userId=21 role=1] c.k.i.m.ClassInfoMapper.selectById - ==> Parameters: 9(Long)
2026-07-05 18:41:25.070 [http-nio-8080-exec-10] DEBUG [traceId=a1330a851285459e98ecf1e4add3d185 userId=21 role=1] c.k.i.m.ClassInfoMapper.selectById - <==      Total: 1
2026-07-05 18:41:25.070 [http-nio-8080-exec-10] DEBUG [traceId=a1330a851285459e98ecf1e4add3d185 userId=21 role=1] c.k.i.m.ClassInfoMapper.selectById - ==>  Preparing: SELECT id,class_name,description,status,create_by,create_time,update_by,update_time FROM class_info WHERE id=?
2026-07-05 18:41:25.070 [http-nio-8080-exec-10] DEBUG [traceId=a1330a851285459e98ecf1e4add3d185 userId=21 role=1] c.k.i.m.ClassInfoMapper.selectById - ==> Parameters: 10(Long)
2026-07-05 18:41:25.071 [http-nio-8080-exec-10] DEBUG [traceId=a1330a851285459e98ecf1e4add3d185 userId=21 role=1] c.k.i.m.ClassInfoMapper.selectById - <==      Total: 1
2026-07-05 18:41:25.074 [http-nio-8080-exec-10] DEBUG [traceId=a1330a851285459e98ecf1e4add3d185 userId=21 role=1] c.k.i.m.TaskUserMapper.selectList - ==>  Preparing: SELECT id,task_id,user_id,status,start_time,finish_time,duration_minutes,remark,total_score,submit_time,create_by,create_time,update_by,update_time FROM task_user WHERE (task_id = ?)
2026-07-05 18:41:25.075 [http-nio-8080-exec-10] DEBUG [traceId=a1330a851285459e98ecf1e4add3d185 userId=21 role=1] c.k.i.m.TaskUserMapper.selectList - ==> Parameters: 93(Long)
2026-07-05 18:41:25.076 [http-nio-8080-exec-10] DEBUG [traceId=a1330a851285459e98ecf1e4add3d185 userId=21 role=1] c.k.i.m.TaskUserMapper.selectList - <==      Total: 11
2026-07-05 18:41:25.077 [http-nio-8080-exec-10] DEBUG [traceId=a1330a851285459e98ecf1e4add3d185 userId=21 role=1] c.k.i.m.ClassInfoMapper.selectById - ==>  Preparing: SELECT id,class_name,description,status,create_by,create_time,update_by,update_time FROM class_info WHERE id=?
2026-07-05 18:41:25.077 [http-nio-8080-exec-10] DEBUG [traceId=a1330a851285459e98ecf1e4add3d185 userId=21 role=1] c.k.i.m.ClassInfoMapper.selectById - ==> Parameters: 8(Long)
2026-07-05 18:41:25.078 [http-nio-8080-exec-10] DEBUG [traceId=a1330a851285459e98ecf1e4add3d185 userId=21 role=1] c.k.i.m.ClassInfoMapper.selectById - <==      Total: 1
2026-07-05 18:41:25.079 [http-nio-8080-exec-10] DEBUG [traceId=a1330a851285459e98ecf1e4add3d185 userId=21 role=1] c.k.i.m.ClassInfoMapper.selectById - ==>  Preparing: SELECT id,class_name,description,status,create_by,create_time,update_by,update_time FROM class_info WHERE id=?
2026-07-05 18:41:25.079 [http-nio-8080-exec-10] DEBUG [traceId=a1330a851285459e98ecf1e4add3d185 userId=21 role=1] c.k.i.m.ClassInfoMapper.selectById - ==> Parameters: 9(Long)
2026-07-05 18:41:25.081 [http-nio-8080-exec-10] DEBUG [traceId=a1330a851285459e98ecf1e4add3d185 userId=21 role=1] c.k.i.m.ClassInfoMapper.selectById - <==      Total: 1
2026-07-05 18:41:25.082 [http-nio-8080-exec-10] DEBUG [traceId=a1330a851285459e98ecf1e4add3d185 userId=21 role=1] c.k.i.m.ClassInfoMapper.selectById - ==>  Preparing: SELECT id,class_name,description,status,create_by,create_time,update_by,update_time FROM class_info WHERE id=?
2026-07-05 18:41:25.082 [http-nio-8080-exec-10] DEBUG [traceId=a1330a851285459e98ecf1e4add3d185 userId=21 role=1] c.k.i.m.ClassInfoMapper.selectById - ==> Parameters: 10(Long)
2026-07-05 18:41:25.083 [http-nio-8080-exec-10] DEBUG [traceId=a1330a851285459e98ecf1e4add3d185 userId=21 role=1] c.k.i.m.ClassInfoMapper.selectById - <==      Total: 1
2026-07-05 18:41:25.086 [http-nio-8080-exec-10] DEBUG [traceId=a1330a851285459e98ecf1e4add3d185 userId=21 role=1] c.k.i.m.TaskUserMapper.selectList - ==>  Preparing: SELECT id,task_id,user_id,status,start_time,finish_time,duration_minutes,remark,total_score,submit_time,create_by,create_time,update_by,update_time FROM task_user WHERE (task_id = ?)
2026-07-05 18:41:25.086 [http-nio-8080-exec-10] DEBUG [traceId=a1330a851285459e98ecf1e4add3d185 userId=21 role=1] c.k.i.m.TaskUserMapper.selectList - ==> Parameters: 92(Long)
2026-07-05 18:41:25.089 [http-nio-8080-exec-10] DEBUG [traceId=a1330a851285459e98ecf1e4add3d185 userId=21 role=1] c.k.i.m.TaskUserMapper.selectList - <==      Total: 11
2026-07-05 18:41:25.089 [http-nio-8080-exec-10] DEBUG [traceId=a1330a851285459e98ecf1e4add3d185 userId=21 role=1] c.k.i.m.ClassInfoMapper.selectById - ==>  Preparing: SELECT id,class_name,description,status,create_by,create_time,update_by,update_time FROM class_info WHERE id=?
2026-07-05 18:41:25.090 [http-nio-8080-exec-10] DEBUG [traceId=a1330a851285459e98ecf1e4add3d185 userId=21 role=1] c.k.i.m.ClassInfoMapper.selectById - ==> Parameters: 8(Long)
2026-07-05 18:41:25.091 [http-nio-8080-exec-10] DEBUG [traceId=a1330a851285459e98ecf1e4add3d185 userId=21 role=1] c.k.i.m.ClassInfoMapper.selectById - <==      Total: 1
2026-07-05 18:41:25.091 [http-nio-8080-exec-10] DEBUG [traceId=a1330a851285459e98ecf1e4add3d185 userId=21 role=1] c.k.i.m.ClassInfoMapper.selectById - ==>  Preparing: SELECT id,class_name,description,status,create_by,create_time,update_by,update_time FROM class_info WHERE id=?
2026-07-05 18:41:25.092 [http-nio-8080-exec-10] DEBUG [traceId=a1330a851285459e98ecf1e4add3d185 userId=21 role=1] c.k.i.m.ClassInfoMapper.selectById - ==> Parameters: 9(Long)
2026-07-05 18:41:25.094 [http-nio-8080-exec-10] DEBUG [traceId=a1330a851285459e98ecf1e4add3d185 userId=21 role=1] c.k.i.m.ClassInfoMapper.selectById - <==      Total: 1
2026-07-05 18:41:25.095 [http-nio-8080-exec-10] DEBUG [traceId=a1330a851285459e98ecf1e4add3d185 userId=21 role=1] c.k.i.m.ClassInfoMapper.selectById - ==>  Preparing: SELECT id,class_name,description,status,create_by,create_time,update_by,update_time FROM class_info WHERE id=?
2026-07-05 18:41:25.095 [http-nio-8080-exec-10] DEBUG [traceId=a1330a851285459e98ecf1e4add3d185 userId=21 role=1] c.k.i.m.ClassInfoMapper.selectById - ==> Parameters: 10(Long)
2026-07-05 18:41:25.096 [http-nio-8080-exec-10] DEBUG [traceId=a1330a851285459e98ecf1e4add3d185 userId=21 role=1] c.k.i.m.ClassInfoMapper.selectById - <==      Total: 1
2026-07-05 18:41:25.099 [http-nio-8080-exec-10] DEBUG [traceId=a1330a851285459e98ecf1e4add3d185 userId=21 role=1] c.k.i.m.TaskUserMapper.selectList - ==>  Preparing: SELECT id,task_id,user_id,status,start_time,finish_time,duration_minutes,remark,total_score,submit_time,create_by,create_time,update_by,update_time FROM task_user WHERE (task_id = ?)
2026-07-05 18:41:25.100 [http-nio-8080-exec-10] DEBUG [traceId=a1330a851285459e98ecf1e4add3d185 userId=21 role=1] c.k.i.m.TaskUserMapper.selectList - ==> Parameters: 91(Long)
2026-07-05 18:41:25.101 [http-nio-8080-exec-10] DEBUG [traceId=a1330a851285459e98ecf1e4add3d185 userId=21 role=1] c.k.i.m.TaskUserMapper.selectList - <==      Total: 1
2026-07-05 18:41:25.102 [http-nio-8080-exec-10] DEBUG [traceId=a1330a851285459e98ecf1e4add3d185 userId=21 role=1] c.k.i.m.ClassInfoMapper.selectById - ==>  Preparing: SELECT id,class_name,description,status,create_by,create_time,update_by,update_time FROM class_info WHERE id=?
2026-07-05 18:41:25.102 [http-nio-8080-exec-10] DEBUG [traceId=a1330a851285459e98ecf1e4add3d185 userId=21 role=1] c.k.i.m.ClassInfoMapper.selectById - ==> Parameters: 10(Long)
2026-07-05 18:41:25.104 [http-nio-8080-exec-10] DEBUG [traceId=a1330a851285459e98ecf1e4add3d185 userId=21 role=1] c.k.i.m.ClassInfoMapper.selectById - <==      Total: 1
2026-07-05 18:41:25.105 [http-nio-8080-exec-10] DEBUG [traceId=a1330a851285459e98ecf1e4add3d185 userId=21 role=1] c.k.i.m.TaskUserMapper.selectList - ==>  Preparing: SELECT id,task_id,user_id,status,start_time,finish_time,duration_minutes,remark,total_score,submit_time,create_by,create_time,update_by,update_time FROM task_user WHERE (task_id = ?)
2026-07-05 18:41:25.105 [http-nio-8080-exec-10] DEBUG [traceId=a1330a851285459e98ecf1e4add3d185 userId=21 role=1] c.k.i.m.TaskUserMapper.selectList - ==> Parameters: 90(Long)
2026-07-05 18:41:25.107 [http-nio-8080-exec-10] DEBUG [traceId=a1330a851285459e98ecf1e4add3d185 userId=21 role=1] c.k.i.m.TaskUserMapper.selectList - <==      Total: 1
2026-07-05 18:41:25.107 [http-nio-8080-exec-10] DEBUG [traceId=a1330a851285459e98ecf1e4add3d185 userId=21 role=1] c.k.i.m.ClassInfoMapper.selectById - ==>  Preparing: SELECT id,class_name,description,status,create_by,create_time,update_by,update_time FROM class_info WHERE id=?
2026-07-05 18:41:25.107 [http-nio-8080-exec-10] DEBUG [traceId=a1330a851285459e98ecf1e4add3d185 userId=21 role=1] c.k.i.m.ClassInfoMapper.selectById - ==> Parameters: 10(Long)
2026-07-05 18:41:25.108 [http-nio-8080-exec-10] DEBUG [traceId=a1330a851285459e98ecf1e4add3d185 userId=21 role=1] c.k.i.m.ClassInfoMapper.selectById - <==      Total: 1
2026-07-05 18:41:25.112 [http-nio-8080-exec-10] DEBUG [traceId=a1330a851285459e98ecf1e4add3d185 userId=21 role=1] c.k.i.m.TaskUserMapper.selectList - ==>  Preparing: SELECT id,task_id,user_id,status,start_time,finish_time,duration_minutes,remark,total_score,submit_time,create_by,create_time,update_by,update_time FROM task_user WHERE (task_id = ?)
2026-07-05 18:41:25.112 [http-nio-8080-exec-10] DEBUG [traceId=a1330a851285459e98ecf1e4add3d185 userId=21 role=1] c.k.i.m.TaskUserMapper.selectList - ==> Parameters: 89(Long)
2026-07-05 18:41:25.113 [http-nio-8080-exec-10] DEBUG [traceId=a1330a851285459e98ecf1e4add3d185 userId=21 role=1] c.k.i.m.TaskUserMapper.selectList - <==      Total: 10
2026-07-05 18:41:25.113 [http-nio-8080-exec-10] DEBUG [traceId=a1330a851285459e98ecf1e4add3d185 userId=21 role=1] c.k.i.m.ClassInfoMapper.selectById - ==>  Preparing: SELECT id,class_name,description,status,create_by,create_time,update_by,update_time FROM class_info WHERE id=?
2026-07-05 18:41:25.114 [http-nio-8080-exec-10] DEBUG [traceId=a1330a851285459e98ecf1e4add3d185 userId=21 role=1] c.k.i.m.ClassInfoMapper.selectById - ==> Parameters: 8(Long)
2026-07-05 18:41:25.115 [http-nio-8080-exec-10] DEBUG [traceId=a1330a851285459e98ecf1e4add3d185 userId=21 role=1] c.k.i.m.ClassInfoMapper.selectById - <==      Total: 1
2026-07-05 18:41:25.115 [http-nio-8080-exec-10] DEBUG [traceId=a1330a851285459e98ecf1e4add3d185 userId=21 role=1] c.k.i.m.ClassInfoMapper.selectById - ==>  Preparing: SELECT id,class_name,description,status,create_by,create_time,update_by,update_time FROM class_info WHERE id=?
2026-07-05 18:41:25.115 [http-nio-8080-exec-10] DEBUG [traceId=a1330a851285459e98ecf1e4add3d185 userId=21 role=1] c.k.i.m.ClassInfoMapper.selectById - ==> Parameters: 9(Long)
2026-07-05 18:41:25.116 [http-nio-8080-exec-10] DEBUG [traceId=a1330a851285459e98ecf1e4add3d185 userId=21 role=1] c.k.i.m.ClassInfoMapper.selectById - <==      Total: 1
2026-07-05 18:41:25.120 [http-nio-8080-exec-10] DEBUG [traceId=a1330a851285459e98ecf1e4add3d185 userId=21 role=1] c.k.i.m.TaskUserMapper.selectList - ==>  Preparing: SELECT id,task_id,user_id,status,start_time,finish_time,duration_minutes,remark,total_score,submit_time,create_by,create_time,update_by,update_time FROM task_user WHERE (task_id = ?)
2026-07-05 18:41:25.120 [http-nio-8080-exec-10] DEBUG [traceId=a1330a851285459e98ecf1e4add3d185 userId=21 role=1] c.k.i.m.TaskUserMapper.selectList - ==> Parameters: 88(Long)
2026-07-05 18:41:25.122 [http-nio-8080-exec-10] DEBUG [traceId=a1330a851285459e98ecf1e4add3d185 userId=21 role=1] c.k.i.m.TaskUserMapper.selectList - <==      Total: 10
2026-07-05 18:41:25.123 [http-nio-8080-exec-10] DEBUG [traceId=a1330a851285459e98ecf1e4add3d185 userId=21 role=1] c.k.i.m.ClassInfoMapper.selectById - ==>  Preparing: SELECT id,class_name,description,status,create_by,create_time,update_by,update_time FROM class_info WHERE id=?
2026-07-05 18:41:25.123 [http-nio-8080-exec-10] DEBUG [traceId=a1330a851285459e98ecf1e4add3d185 userId=21 role=1] c.k.i.m.ClassInfoMapper.selectById - ==> Parameters: 8(Long)
2026-07-05 18:41:25.125 [http-nio-8080-exec-10] DEBUG [traceId=a1330a851285459e98ecf1e4add3d185 userId=21 role=1] c.k.i.m.ClassInfoMapper.selectById - <==      Total: 1
2026-07-05 18:41:25.126 [http-nio-8080-exec-10] DEBUG [traceId=a1330a851285459e98ecf1e4add3d185 userId=21 role=1] c.k.i.m.ClassInfoMapper.selectById - ==>  Preparing: SELECT id,class_name,description,status,create_by,create_time,update_by,update_time FROM class_info WHERE id=?
2026-07-05 18:41:25.126 [http-nio-8080-exec-10] DEBUG [traceId=a1330a851285459e98ecf1e4add3d185 userId=21 role=1] c.k.i.m.ClassInfoMapper.selectById - ==> Parameters: 9(Long)
2026-07-05 18:41:25.127 [http-nio-8080-exec-10] DEBUG [traceId=a1330a851285459e98ecf1e4add3d185 userId=21 role=1] c.k.i.m.ClassInfoMapper.selectById - <==      Total: 1
2026-07-05 18:41:25.129 [http-nio-8080-exec-10] DEBUG [traceId=a1330a851285459e98ecf1e4add3d185 userId=21 role=1] c.k.i.m.TaskUserMapper.selectList - ==>  Preparing: SELECT id,task_id,user_id,status,start_time,finish_time,duration_minutes,remark,total_score,submit_time,create_by,create_time,update_by,update_time FROM task_user WHERE (task_id = ?)
2026-07-05 18:41:25.129 [http-nio-8080-exec-10] DEBUG [traceId=a1330a851285459e98ecf1e4add3d185 userId=21 role=1] c.k.i.m.TaskUserMapper.selectList - ==> Parameters: 81(Long)
2026-07-05 18:41:25.130 [http-nio-8080-exec-10] DEBUG [traceId=a1330a851285459e98ecf1e4add3d185 userId=21 role=1] c.k.i.m.TaskUserMapper.selectList - <==      Total: 0
2026-07-05 18:41:25.131 [http-nio-8080-exec-10] DEBUG [traceId=a1330a851285459e98ecf1e4add3d185 userId=21 role=1] c.k.i.m.TaskUserMapper.selectList - ==>  Preparing: SELECT id,task_id,user_id,status,start_time,finish_time,duration_minutes,remark,total_score,submit_time,create_by,create_time,update_by,update_time FROM task_user WHERE (task_id = ?)
2026-07-05 18:41:25.132 [http-nio-8080-exec-10] DEBUG [traceId=a1330a851285459e98ecf1e4add3d185 userId=21 role=1] c.k.i.m.TaskUserMapper.selectList - ==> Parameters: 80(Long)
2026-07-05 18:41:25.135 [http-nio-8080-exec-10] DEBUG [traceId=a1330a851285459e98ecf1e4add3d185 userId=21 role=1] c.k.i.m.TaskUserMapper.selectList - <==      Total: 7
2026-07-05 18:41:25.136 [http-nio-8080-exec-10] DEBUG [traceId=a1330a851285459e98ecf1e4add3d185 userId=21 role=1] c.k.i.m.ClassInfoMapper.selectById - ==>  Preparing: SELECT id,class_name,description,status,create_by,create_time,update_by,update_time FROM class_info WHERE id=?
2026-07-05 18:41:25.136 [http-nio-8080-exec-10] DEBUG [traceId=a1330a851285459e98ecf1e4add3d185 userId=21 role=1] c.k.i.m.ClassInfoMapper.selectById - ==> Parameters: 8(Long)
2026-07-05 18:41:25.138 [http-nio-8080-exec-10] DEBUG [traceId=a1330a851285459e98ecf1e4add3d185 userId=21 role=1] c.k.i.m.ClassInfoMapper.selectById - <==      Total: 1
2026-07-05 18:41:25.148 [http-nio-8080-exec-10] INFO  [traceId=a1330a851285459e98ecf1e4add3d185 userId=21 role=1] com.kg.interceptor.TraceIdFilter - HTTP_REQUEST_END method=POST uri=/task/page status=200 cost=129ms responseBody={"code":200,"message":"查询成功","data":{"total":68,"list":[{"id":95,"taskName":"每日复盘","taskType":"3","templateId":null,"roundNo":0,"isMandatory":1,"taskDescription":null,"taskStartTime":"2026-07-05 08:00:00","taskEndTime":"2026-07-05 23:59:00","priority":0,"classId":null,"targetType":1,"targetIds":"8,9,10","selectedClassList":[{"id":8,"className":"1班"},{"id":9,"className":"2班"},{"id":10,"className":"线上学习1班"}],"selectedStudentList":null,"completedCount":0,"uncompletedCount":11,"completionPercent":0,"createTime":"2026-07-05 18:12:39","planId":null,"planDate":null,"isRepeatTask":0,"status":1},{"id":94,"taskName":"每日打卡","taskType":"2","templateId":null,"roundNo":0,"isMandatory":1,"taskDescription":null,"taskStartTime":"2026-07-05 06:00:00","taskEndTime":"2026-07-05 23:59:00","priority":0,"classId":null,"targetType":1,"targetIds":"8,9,10","selectedClassList":[{"id":8,"className":"1班"},{"id":9,"className":"2班"},{"id":10,"className":"线上学习1班"}],"selectedStudentList":null,"completedCount":0,"uncompletedCount":11,"completionPercent":0,"createTime":"2026-07-05 18:12:39","planId":null,"planDate":null,"isRepeatTask":0,"status":1},{"id":93,"taskName":"每日复盘","taskType":"3","templateId":null,"roundNo":0,"isMandatory":1,"taskDescription":null,"taskStartTime":"2026-07-03 08:00:00","taskEndTime":"2026-07-03 23:59:00","priority":0,"classId":null,"targetType":1,"targetIds":"8,9,10","selectedClassList":[{"id":8,"className":"1班"},{"id":9,"className":"2班"},{"id":10,"className":"线上学习1班"}],"selectedStudentList":null,"completedCount":0,"uncompletedCount":11,"completionPercent":0,"createTime":"2026-07-03 08:46:13","planId":null,"planDate":null,"isRepeatTask":0,"status":1},{"id":92,"taskName":"每日打卡","taskType":"2","templateId":null,"roundNo":0,"isMandatory":1,"taskDescription":null,"taskStartTime":"2026-07-03 06:00:00","taskEndTime":"2026-07-03 23:59:00","priority":0,"classId":null,"targetType":1,"targetIds":"8,9,10","selectedClassList":[{"id":8,"className":"1班"},{"id":9,"className":"2班"},{"id":10,"className":"线上学习1班"}],"selectedStudentList":null,"completedCount":1,"uncompletedCount":10,"completionPercent":9,"createTime":"2026-07-03 08:46:13","planId":null,"planDate":null,"isRepeatTask":0,"status":1},{"id":91,"taskName":"26行政执法","taskType":"0","templateId":null,"roundNo":1,"isMandatory":1,"taskDescription":"全做","taskStartTime":"2026-07-02 00:00:00","taskEndTime":"2026-07-02 23:59:59","priority":0,"classId":null,"targetType":1,"targetIds":"10","selectedClassList":[{"id":10,"className":"线上学习1班"}],"selectedStudentList":null,"completedCount":0,"uncompletedCount":1,"completionPercent":0,"createTime":"2026-07-02 17:32:35","planId":null,"planDate":null,"isRepeatTask":0,"status":1},{"id":90,"taskName":"资料分析第一章，一般增长率","taskType":"1","templateId":null,"roundNo":1,"isMandatory":1,"taskDescription":"做完后再做1套资料","taskStartTime":"2026-07-02 00:00:00","taskEndTime":"2026-07-02 23:59:59","priority":0,"classId":null,"targetType":1,"targetIds":"10","selectedClassList":[{"id":10,"className":"线上学习1班"}],"selectedStudentList":null,"completedCount":1,"uncompletedCount":0,"completionPercent":100,"createTime":"2026-07-02 17:32:06","planId":null,"planDate":null,"isRepeatTask":0,"status":1},{"id":89,"taskName":"每日复盘","taskType":"3","templateId":null,"roundNo":0,"isMandatory":1,"taskDescription":null,"taskStartTime":"2026-07-02 08:00:00","taskEndTime":"2026-07-02 23:59:00","priority":0,"classId":null,"targetType":1,"targetIds":"8,9","selectedClassList":[{"id":8,"className":"1班"},{"id":9,"className":"2班"}],"selectedStudentList":null,"completedCount":0,"uncompletedCount":10,"completionPercent":0,"createTime":"2026-07-02 08:00:00","planId":null,"planDate":null,"isRepeatTask":0,"status":1},{"id":88,"taskName":"每日打卡","taskType":"2","templateId":null,"roundNo":0,"isMandatory":1,"taskDescription":null,"taskStartTime":"2026-07-02 06:00:00","taskEndTime":"2026-07-02 23:59:00","priority":0,"classId":null,"targetType":1,"targetIds":"8,9","selectedClassList":[{"id":8,"className":"1班"},{"id":9,"className":"2班"}],"selectedStudentList":null,"completedCount":1,"uncompletedCount":9,"completionPercent":10,"createTime":"2026-07-02 06:00:00","planId":null,"planDate":null,"isRepeatTask":0,"status":1},{"id":81,"taskName":"测试星期 07-01","taskType":"0","templateId":null,"roundNo":0,"isMandatory":1,"taskDescription":"","taskStartTime":"2026-07-01 00:00:00","taskEndTime":"2026-07-01 23:59:00","priority":0,"classId":null,"targetType":null,"targetIds":null,"selectedClassList":null,"selectedStudentList":null,"completedCount":0,"uncompletedCount":0,"completionPercent":0,"createTime":"2026-07-01 17:37:52","planId":2,"planDate":"2026-07-01","isRepeatTask":1,"status":1},{"id":80,"taskName":"测试重复任务 07-04","taskType":"0","templateId":null,"roundNo":0,"isMandatory":1,"taskDescription":"","taskStartTime":"2026-07-04 00:00:00","taskEndTime":"2026-07-04 23:59:00","priority":1,"classId":null,"targetType":1,"targetIds":"8","selectedClassList":[{"id":8,"className":"1班"}],"selectedStudentList":null,"completedCo...[TRUNCATED length=5151]
2026-07-05 18:41:31.996 [http-nio-8080-exec-7] INFO  [traceId=e8af2e76e6d54256bcd4972097fb4a0b userId= role=] com.kg.interceptor.TraceIdFilter - HTTP_REQUEST_START method=GET uri=/dict/group/task_type query=null requestBody= ip=0:0:0:0:0:0:0:1 userAgent=Mozilla/5.0 (Windows NT 10.0; Win64; x64) AppleWebKit/537.36 (KHTML, like Gecko) Chrome/123.0.0.0 Safari/537.36
2026-07-05 18:41:32.006 [http-nio-8080-exec-7] DEBUG [traceId=e8af2e76e6d54256bcd4972097fb4a0b userId= role=] c.k.i.m.SysUserMapper.selectById - ==>  Preparing: SELECT id,account,name,password,role,gender,email,phone,openid,description,teacher_remark,class_id,status,create_by,create_time,update_by,update_time FROM sys_user WHERE id=?
2026-07-05 18:41:32.006 [http-nio-8080-exec-7] DEBUG [traceId=e8af2e76e6d54256bcd4972097fb4a0b userId= role=] c.k.i.m.SysUserMapper.selectById - ==> Parameters: 21(Long)
2026-07-05 18:41:32.009 [http-nio-8080-exec-7] DEBUG [traceId=e8af2e76e6d54256bcd4972097fb4a0b userId= role=] c.k.i.m.SysUserMapper.selectById - <==      Total: 1
2026-07-05 18:41:32.012 [http-nio-8080-exec-7] DEBUG [traceId=e8af2e76e6d54256bcd4972097fb4a0b userId=21 role=1] c.k.i.mapper.DictMapper.selectList - ==>  Preparing: SELECT id,dict_code,dict_name,dict_label,dict_value,display_color,sort_no,status,create_by,create_time,update_by,update_time FROM sys_dict WHERE (dict_code = ?) ORDER BY sort_no ASC
2026-07-05 18:41:32.012 [http-nio-8080-exec-7] DEBUG [traceId=e8af2e76e6d54256bcd4972097fb4a0b userId=21 role=1] c.k.i.mapper.DictMapper.selectList - ==> Parameters: task_type(String)
2026-07-05 18:41:32.014 [http-nio-8080-exec-7] DEBUG [traceId=e8af2e76e6d54256bcd4972097fb4a0b userId=21 role=1] c.k.i.mapper.DictMapper.selectList - <==      Total: 4
2026-07-05 18:41:32.015 [http-nio-8080-exec-7] INFO  [traceId=e8af2e76e6d54256bcd4972097fb4a0b userId=21 role=1] com.kg.interceptor.TraceIdFilter - HTTP_REQUEST_END method=GET uri=/dict/group/task_type status=200 cost=19ms responseBody={"code":200,"message":"查询成功","data":{"dictCode":"task_type","dictName":"任务类型","items":[{"dictValue":"0","dictLabel":"刷题","sortNo":0,"status":1,"displayColor":"#ff6f00"},{"dictValue":"1","dictLabel":"学习","sortNo":1,"status":1,"displayColor":"#f7ff00"},{"dictValue":"2","dictLabel":"打卡","sortNo":2,"status":1,"displayColor":"#66ff00"},{"dictValue":"3","dictLabel":"每日复盘","sortNo":3,"status":1,"displayColor":"#00bfff"}]}}
2026-07-05 18:41:32.040 [http-nio-8080-exec-1] INFO  [traceId=e3a006e69d40486b943fae37af2d2688 userId= role=] com.kg.interceptor.TraceIdFilter - HTTP_REQUEST_START method=GET uri=/class/options query=null requestBody= ip=0:0:0:0:0:0:0:1 userAgent=Mozilla/5.0 (Windows NT 10.0; Win64; x64) AppleWebKit/537.36 (KHTML, like Gecko) Chrome/123.0.0.0 Safari/537.36
2026-07-05 18:41:32.040 [http-nio-8080-exec-2] INFO  [traceId=11bdf058001943f29e842d76c89c2406 userId= role=] com.kg.interceptor.TraceIdFilter - HTTP_REQUEST_START method=POST uri=/task/page query=null requestBody={"pageNum":1,"pageSize":10} ip=0:0:0:0:0:0:0:1 userAgent=Mozilla/5.0 (Windows NT 10.0; Win64; x64) AppleWebKit/537.36 (KHTML, like Gecko) Chrome/123.0.0.0 Safari/537.36
2026-07-05 18:41:32.047 [http-nio-8080-exec-2] DEBUG [traceId=11bdf058001943f29e842d76c89c2406 userId= role=] c.k.i.m.SysUserMapper.selectById - ==>  Preparing: SELECT id,account,name,password,role,gender,email,phone,openid,description,teacher_remark,class_id,status,create_by,create_time,update_by,update_time FROM sys_user WHERE id=?
2026-07-05 18:41:32.047 [http-nio-8080-exec-1] DEBUG [traceId=e3a006e69d40486b943fae37af2d2688 userId= role=] c.k.i.m.SysUserMapper.selectById - ==>  Preparing: SELECT id,account,name,password,role,gender,email,phone,openid,description,teacher_remark,class_id,status,create_by,create_time,update_by,update_time FROM sys_user WHERE id=?
2026-07-05 18:41:32.047 [http-nio-8080-exec-2] DEBUG [traceId=11bdf058001943f29e842d76c89c2406 userId= role=] c.k.i.m.SysUserMapper.selectById - ==> Parameters: 21(Long)
2026-07-05 18:41:32.047 [http-nio-8080-exec-1] DEBUG [traceId=e3a006e69d40486b943fae37af2d2688 userId= role=] c.k.i.m.SysUserMapper.selectById - ==> Parameters: 21(Long)
2026-07-05 18:41:32.050 [http-nio-8080-exec-1] DEBUG [traceId=e3a006e69d40486b943fae37af2d2688 userId= role=] c.k.i.m.SysUserMapper.selectById - <==      Total: 1
2026-07-05 18:41:32.050 [http-nio-8080-exec-2] DEBUG [traceId=11bdf058001943f29e842d76c89c2406 userId= role=] c.k.i.m.SysUserMapper.selectById - <==      Total: 1
2026-07-05 18:41:32.052 [http-nio-8080-exec-1] DEBUG [traceId=e3a006e69d40486b943fae37af2d2688 userId=21 role=1] c.k.i.m.ClassInfoMapper.selectList - ==>  Preparing: SELECT id,class_name,description,status,create_by,create_time,update_by,update_time FROM class_info WHERE (status = ?) ORDER BY class_name ASC
2026-07-05 18:41:32.053 [http-nio-8080-exec-1] DEBUG [traceId=e3a006e69d40486b943fae37af2d2688 userId=21 role=1] c.k.i.m.ClassInfoMapper.selectList - ==> Parameters: 1(Integer)
2026-07-05 18:41:32.054 [http-nio-8080-exec-1] DEBUG [traceId=e3a006e69d40486b943fae37af2d2688 userId=21 role=1] c.k.i.m.ClassInfoMapper.selectList - <==      Total: 3
2026-07-05 18:41:32.054 [http-nio-8080-exec-2] DEBUG [traceId=11bdf058001943f29e842d76c89c2406 userId=21 role=1] c.k.i.mapper.TaskMapper.selectList - ==>  Preparing: SELECT id,task_name,task_type,template_id,round_no,is_mandatory,task_description,task_start_time,task_end_time,priority,class_id,target_type,target_ids,plan_id,plan_date,is_repeat_task,status,create_by,create_time,update_by,update_time FROM task WHERE ((status = ? OR status IS NULL)) ORDER BY id DESC LIMIT 0,10
2026-07-05 18:41:32.055 [http-nio-8080-exec-2] DEBUG [traceId=11bdf058001943f29e842d76c89c2406 userId=21 role=1] c.k.i.mapper.TaskMapper.selectList - ==> Parameters: 1(Integer)
2026-07-05 18:41:32.055 [http-nio-8080-exec-1] INFO  [traceId=e3a006e69d40486b943fae37af2d2688 userId=21 role=1] com.kg.interceptor.TraceIdFilter - HTTP_REQUEST_END method=GET uri=/class/options status=200 cost=16ms responseBody={"code":200,"message":"查询成功","data":[{"id":8,"className":"1班"},{"id":9,"className":"2班"},{"id":10,"className":"线上学习1班"}]}
2026-07-05 18:41:32.057 [http-nio-8080-exec-2] DEBUG [traceId=11bdf058001943f29e842d76c89c2406 userId=21 role=1] c.k.i.mapper.TaskMapper.selectList - <==      Total: 10
2026-07-05 18:41:32.060 [http-nio-8080-exec-2] DEBUG [traceId=11bdf058001943f29e842d76c89c2406 userId=21 role=1] c.k.i.mapper.TaskMapper.selectCount - ==>  Preparing: SELECT COUNT( * ) AS total FROM task WHERE ((status = ? OR status IS NULL))
2026-07-05 18:41:32.060 [http-nio-8080-exec-2] DEBUG [traceId=11bdf058001943f29e842d76c89c2406 userId=21 role=1] c.k.i.mapper.TaskMapper.selectCount - ==> Parameters: 1(Integer)
2026-07-05 18:41:32.063 [http-nio-8080-exec-2] DEBUG [traceId=11bdf058001943f29e842d76c89c2406 userId=21 role=1] c.k.i.mapper.TaskMapper.selectCount - <==      Total: 1
2026-07-05 18:41:32.066 [http-nio-8080-exec-2] DEBUG [traceId=11bdf058001943f29e842d76c89c2406 userId=21 role=1] c.k.i.m.TaskUserMapper.selectList - ==>  Preparing: SELECT id,task_id,user_id,status,start_time,finish_time,duration_minutes,remark,total_score,submit_time,create_by,create_time,update_by,update_time FROM task_user WHERE (task_id = ?)
2026-07-05 18:41:32.066 [http-nio-8080-exec-2] DEBUG [traceId=11bdf058001943f29e842d76c89c2406 userId=21 role=1] c.k.i.m.TaskUserMapper.selectList - ==> Parameters: 95(Long)
2026-07-05 18:41:32.070 [http-nio-8080-exec-2] DEBUG [traceId=11bdf058001943f29e842d76c89c2406 userId=21 role=1] c.k.i.m.TaskUserMapper.selectList - <==      Total: 11
2026-07-05 18:41:32.070 [http-nio-8080-exec-4] INFO  [traceId=16c8f6ffa59547a5aed811e8606d8b94 userId= role=] com.kg.interceptor.TraceIdFilter - HTTP_REQUEST_START method=GET uri=/class/student-options query=null requestBody= ip=0:0:0:0:0:0:0:1 userAgent=Mozilla/5.0 (Windows NT 10.0; Win64; x64) AppleWebKit/537.36 (KHTML, like Gecko) Chrome/123.0.0.0 Safari/537.36
2026-07-05 18:41:32.070 [http-nio-8080-exec-2] DEBUG [traceId=11bdf058001943f29e842d76c89c2406 userId=21 role=1] c.k.i.m.ClassInfoMapper.selectById - ==>  Preparing: SELECT id,class_name,description,status,create_by,create_time,update_by,update_time FROM class_info WHERE id=?
2026-07-05 18:41:32.070 [http-nio-8080-exec-2] DEBUG [traceId=11bdf058001943f29e842d76c89c2406 userId=21 role=1] c.k.i.m.ClassInfoMapper.selectById - ==> Parameters: 8(Long)
2026-07-05 18:41:32.072 [http-nio-8080-exec-2] DEBUG [traceId=11bdf058001943f29e842d76c89c2406 userId=21 role=1] c.k.i.m.ClassInfoMapper.selectById - <==      Total: 1
2026-07-05 18:41:32.072 [http-nio-8080-exec-2] DEBUG [traceId=11bdf058001943f29e842d76c89c2406 userId=21 role=1] c.k.i.m.ClassInfoMapper.selectById - ==>  Preparing: SELECT id,class_name,description,status,create_by,create_time,update_by,update_time FROM class_info WHERE id=?
2026-07-05 18:41:32.073 [http-nio-8080-exec-2] DEBUG [traceId=11bdf058001943f29e842d76c89c2406 userId=21 role=1] c.k.i.m.ClassInfoMapper.selectById - ==> Parameters: 9(Long)
2026-07-05 18:41:32.074 [http-nio-8080-exec-2] DEBUG [traceId=11bdf058001943f29e842d76c89c2406 userId=21 role=1] c.k.i.m.ClassInfoMapper.selectById - <==      Total: 1
2026-07-05 18:41:32.075 [http-nio-8080-exec-2] DEBUG [traceId=11bdf058001943f29e842d76c89c2406 userId=21 role=1] c.k.i.m.ClassInfoMapper.selectById - ==>  Preparing: SELECT id,class_name,description,status,create_by,create_time,update_by,update_time FROM class_info WHERE id=?
2026-07-05 18:41:32.075 [http-nio-8080-exec-2] DEBUG [traceId=11bdf058001943f29e842d76c89c2406 userId=21 role=1] c.k.i.m.ClassInfoMapper.selectById - ==> Parameters: 10(Long)
2026-07-05 18:41:32.077 [http-nio-8080-exec-2] DEBUG [traceId=11bdf058001943f29e842d76c89c2406 userId=21 role=1] c.k.i.m.ClassInfoMapper.selectById - <==      Total: 1
2026-07-05 18:41:32.080 [http-nio-8080-exec-2] DEBUG [traceId=11bdf058001943f29e842d76c89c2406 userId=21 role=1] c.k.i.m.TaskUserMapper.selectList - ==>  Preparing: SELECT id,task_id,user_id,status,start_time,finish_time,duration_minutes,remark,total_score,submit_time,create_by,create_time,update_by,update_time FROM task_user WHERE (task_id = ?)
2026-07-05 18:41:32.080 [http-nio-8080-exec-2] DEBUG [traceId=11bdf058001943f29e842d76c89c2406 userId=21 role=1] c.k.i.m.TaskUserMapper.selectList - ==> Parameters: 94(Long)
2026-07-05 18:41:32.081 [http-nio-8080-exec-4] DEBUG [traceId=16c8f6ffa59547a5aed811e8606d8b94 userId= role=] c.k.i.m.SysUserMapper.selectById - ==>  Preparing: SELECT id,account,name,password,role,gender,email,phone,openid,description,teacher_remark,class_id,status,create_by,create_time,update_by,update_time FROM sys_user WHERE id=?
2026-07-05 18:41:32.081 [http-nio-8080-exec-4] DEBUG [traceId=16c8f6ffa59547a5aed811e8606d8b94 userId= role=] c.k.i.m.SysUserMapper.selectById - ==> Parameters: 21(Long)
2026-07-05 18:41:32.082 [http-nio-8080-exec-4] DEBUG [traceId=16c8f6ffa59547a5aed811e8606d8b94 userId= role=] c.k.i.m.SysUserMapper.selectById - <==      Total: 1
2026-07-05 18:41:32.082 [http-nio-8080-exec-2] DEBUG [traceId=11bdf058001943f29e842d76c89c2406 userId=21 role=1] c.k.i.m.TaskUserMapper.selectList - <==      Total: 11
2026-07-05 18:41:32.083 [http-nio-8080-exec-2] DEBUG [traceId=11bdf058001943f29e842d76c89c2406 userId=21 role=1] c.k.i.m.ClassInfoMapper.selectById - ==>  Preparing: SELECT id,class_name,description,status,create_by,create_time,update_by,update_time FROM class_info WHERE id=?
2026-07-05 18:41:32.083 [http-nio-8080-exec-2] DEBUG [traceId=11bdf058001943f29e842d76c89c2406 userId=21 role=1] c.k.i.m.ClassInfoMapper.selectById - ==> Parameters: 8(Long)
2026-07-05 18:41:32.085 [http-nio-8080-exec-2] DEBUG [traceId=11bdf058001943f29e842d76c89c2406 userId=21 role=1] c.k.i.m.ClassInfoMapper.selectById - <==      Total: 1
2026-07-05 18:41:32.086 [http-nio-8080-exec-4] DEBUG [traceId=16c8f6ffa59547a5aed811e8606d8b94 userId=21 role=1] c.k.i.m.SysUserMapper.selectList - ==>  Preparing: SELECT id,account,name,password,role,gender,email,phone,openid,description,teacher_remark,class_id,status,create_by,create_time,update_by,update_time FROM sys_user WHERE (role IN (?,?) AND status = ?)
2026-07-05 18:41:32.086 [http-nio-8080-exec-2] DEBUG [traceId=11bdf058001943f29e842d76c89c2406 userId=21 role=1] c.k.i.m.ClassInfoMapper.selectById - ==>  Preparing: SELECT id,class_name,description,status,create_by,create_time,update_by,update_time FROM class_info WHERE id=?
2026-07-05 18:41:32.086 [http-nio-8080-exec-2] DEBUG [traceId=11bdf058001943f29e842d76c89c2406 userId=21 role=1] c.k.i.m.ClassInfoMapper.selectById - ==> Parameters: 9(Long)
2026-07-05 18:41:32.087 [http-nio-8080-exec-4] DEBUG [traceId=16c8f6ffa59547a5aed811e8606d8b94 userId=21 role=1] c.k.i.m.SysUserMapper.selectList - ==> Parameters: 2(String), 3(String), 1(Integer)
2026-07-05 18:41:32.088 [http-nio-8080-exec-2] DEBUG [traceId=11bdf058001943f29e842d76c89c2406 userId=21 role=1] c.k.i.m.ClassInfoMapper.selectById - <==      Total: 1
2026-07-05 18:41:32.088 [http-nio-8080-exec-2] DEBUG [traceId=11bdf058001943f29e842d76c89c2406 userId=21 role=1] c.k.i.m.ClassInfoMapper.selectById - ==>  Preparing: SELECT id,class_name,description,status,create_by,create_time,update_by,update_time FROM class_info WHERE id=?
2026-07-05 18:41:32.088 [http-nio-8080-exec-4] DEBUG [traceId=16c8f6ffa59547a5aed811e8606d8b94 userId=21 role=1] c.k.i.m.SysUserMapper.selectList - <==      Total: 11
2026-07-05 18:41:32.089 [http-nio-8080-exec-2] DEBUG [traceId=11bdf058001943f29e842d76c89c2406 userId=21 role=1] c.k.i.m.ClassInfoMapper.selectById - ==> Parameters: 10(Long)
2026-07-05 18:41:32.090 [http-nio-8080-exec-4] INFO  [traceId=16c8f6ffa59547a5aed811e8606d8b94 userId=21 role=1] com.kg.interceptor.TraceIdFilter - HTTP_REQUEST_END method=GET uri=/class/student-options status=200 cost=20ms responseBody={"code":200,"message":"查询成功","data":[{"id":23,"name":"张三","classId":8},{"id":24,"name":"李四","classId":9},{"id":25,"name":"王五","classId":8},{"id":26,"name":"赵六","classId":9},{"id":27,"name":"赵七","classId":null},{"id":28,"name":"赵八","classId":8},{"id":29,"name":"杨少伟","classId":8},{"id":30,"name":"测试新增用户任务","classId":8},{"id":31,"name":"11","classId":8},{"id":32,"name":"11","classId":8},{"id":33,"name":"五四","classId":10}]}
2026-07-05 18:41:32.090 [http-nio-8080-exec-2] DEBUG [traceId=11bdf058001943f29e842d76c89c2406 userId=21 role=1] c.k.i.m.ClassInfoMapper.selectById - <==      Total: 1
2026-07-05 18:41:32.093 [http-nio-8080-exec-2] DEBUG [traceId=11bdf058001943f29e842d76c89c2406 userId=21 role=1] c.k.i.m.TaskUserMapper.selectList - ==>  Preparing: SELECT id,task_id,user_id,status,start_time,finish_time,duration_minutes,remark,total_score,submit_time,create_by,create_time,update_by,update_time FROM task_user WHERE (task_id = ?)
2026-07-05 18:41:32.093 [http-nio-8080-exec-2] DEBUG [traceId=11bdf058001943f29e842d76c89c2406 userId=21 role=1] c.k.i.m.TaskUserMapper.selectList - ==> Parameters: 93(Long)
2026-07-05 18:41:32.096 [http-nio-8080-exec-2] DEBUG [traceId=11bdf058001943f29e842d76c89c2406 userId=21 role=1] c.k.i.m.TaskUserMapper.selectList - <==      Total: 11
2026-07-05 18:41:32.096 [http-nio-8080-exec-2] DEBUG [traceId=11bdf058001943f29e842d76c89c2406 userId=21 role=1] c.k.i.m.ClassInfoMapper.selectById - ==>  Preparing: SELECT id,class_name,description,status,create_by,create_time,update_by,update_time FROM class_info WHERE id=?
2026-07-05 18:41:32.098 [http-nio-8080-exec-2] DEBUG [traceId=11bdf058001943f29e842d76c89c2406 userId=21 role=1] c.k.i.m.ClassInfoMapper.selectById - ==> Parameters: 8(Long)
2026-07-05 18:41:32.099 [http-nio-8080-exec-2] DEBUG [traceId=11bdf058001943f29e842d76c89c2406 userId=21 role=1] c.k.i.m.ClassInfoMapper.selectById - <==      Total: 1
2026-07-05 18:41:32.099 [http-nio-8080-exec-2] DEBUG [traceId=11bdf058001943f29e842d76c89c2406 userId=21 role=1] c.k.i.m.ClassInfoMapper.selectById - ==>  Preparing: SELECT id,class_name,description,status,create_by,create_time,update_by,update_time FROM class_info WHERE id=?
2026-07-05 18:41:32.100 [http-nio-8080-exec-2] DEBUG [traceId=11bdf058001943f29e842d76c89c2406 userId=21 role=1] c.k.i.m.ClassInfoMapper.selectById - ==> Parameters: 9(Long)
2026-07-05 18:41:32.101 [http-nio-8080-exec-2] DEBUG [traceId=11bdf058001943f29e842d76c89c2406 userId=21 role=1] c.k.i.m.ClassInfoMapper.selectById - <==      Total: 1
2026-07-05 18:41:32.102 [http-nio-8080-exec-2] DEBUG [traceId=11bdf058001943f29e842d76c89c2406 userId=21 role=1] c.k.i.m.ClassInfoMapper.selectById - ==>  Preparing: SELECT id,class_name,description,status,create_by,create_time,update_by,update_time FROM class_info WHERE id=?
2026-07-05 18:41:32.103 [http-nio-8080-exec-2] DEBUG [traceId=11bdf058001943f29e842d76c89c2406 userId=21 role=1] c.k.i.m.ClassInfoMapper.selectById - ==> Parameters: 10(Long)
2026-07-05 18:41:32.103 [http-nio-8080-exec-2] DEBUG [traceId=11bdf058001943f29e842d76c89c2406 userId=21 role=1] c.k.i.m.ClassInfoMapper.selectById - <==      Total: 1
2026-07-05 18:41:32.105 [http-nio-8080-exec-2] DEBUG [traceId=11bdf058001943f29e842d76c89c2406 userId=21 role=1] c.k.i.m.TaskUserMapper.selectList - ==>  Preparing: SELECT id,task_id,user_id,status,start_time,finish_time,duration_minutes,remark,total_score,submit_time,create_by,create_time,update_by,update_time FROM task_user WHERE (task_id = ?)
2026-07-05 18:41:32.106 [http-nio-8080-exec-2] DEBUG [traceId=11bdf058001943f29e842d76c89c2406 userId=21 role=1] c.k.i.m.TaskUserMapper.selectList - ==> Parameters: 92(Long)
2026-07-05 18:41:32.110 [http-nio-8080-exec-2] DEBUG [traceId=11bdf058001943f29e842d76c89c2406 userId=21 role=1] c.k.i.m.TaskUserMapper.selectList - <==      Total: 11
2026-07-05 18:41:32.110 [http-nio-8080-exec-2] DEBUG [traceId=11bdf058001943f29e842d76c89c2406 userId=21 role=1] c.k.i.m.ClassInfoMapper.selectById - ==>  Preparing: SELECT id,class_name,description,status,create_by,create_time,update_by,update_time FROM class_info WHERE id=?
2026-07-05 18:41:32.111 [http-nio-8080-exec-2] DEBUG [traceId=11bdf058001943f29e842d76c89c2406 userId=21 role=1] c.k.i.m.ClassInfoMapper.selectById - ==> Parameters: 8(Long)
2026-07-05 18:41:32.113 [http-nio-8080-exec-2] DEBUG [traceId=11bdf058001943f29e842d76c89c2406 userId=21 role=1] c.k.i.m.ClassInfoMapper.selectById - <==      Total: 1
2026-07-05 18:41:32.114 [http-nio-8080-exec-2] DEBUG [traceId=11bdf058001943f29e842d76c89c2406 userId=21 role=1] c.k.i.m.ClassInfoMapper.selectById - ==>  Preparing: SELECT id,class_name,description,status,create_by,create_time,update_by,update_time FROM class_info WHERE id=?
2026-07-05 18:41:32.114 [http-nio-8080-exec-2] DEBUG [traceId=11bdf058001943f29e842d76c89c2406 userId=21 role=1] c.k.i.m.ClassInfoMapper.selectById - ==> Parameters: 9(Long)
2026-07-05 18:41:32.115 [http-nio-8080-exec-2] DEBUG [traceId=11bdf058001943f29e842d76c89c2406 userId=21 role=1] c.k.i.m.ClassInfoMapper.selectById - <==      Total: 1
2026-07-05 18:41:32.116 [http-nio-8080-exec-2] DEBUG [traceId=11bdf058001943f29e842d76c89c2406 userId=21 role=1] c.k.i.m.ClassInfoMapper.selectById - ==>  Preparing: SELECT id,class_name,description,status,create_by,create_time,update_by,update_time FROM class_info WHERE id=?
2026-07-05 18:41:32.117 [http-nio-8080-exec-2] DEBUG [traceId=11bdf058001943f29e842d76c89c2406 userId=21 role=1] c.k.i.m.ClassInfoMapper.selectById - ==> Parameters: 10(Long)
2026-07-05 18:41:32.119 [http-nio-8080-exec-2] DEBUG [traceId=11bdf058001943f29e842d76c89c2406 userId=21 role=1] c.k.i.m.ClassInfoMapper.selectById - <==      Total: 1
2026-07-05 18:41:32.123 [http-nio-8080-exec-2] DEBUG [traceId=11bdf058001943f29e842d76c89c2406 userId=21 role=1] c.k.i.m.TaskUserMapper.selectList - ==>  Preparing: SELECT id,task_id,user_id,status,start_time,finish_time,duration_minutes,remark,total_score,submit_time,create_by,create_time,update_by,update_time FROM task_user WHERE (task_id = ?)
2026-07-05 18:41:32.124 [http-nio-8080-exec-2] DEBUG [traceId=11bdf058001943f29e842d76c89c2406 userId=21 role=1] c.k.i.m.TaskUserMapper.selectList - ==> Parameters: 91(Long)
2026-07-05 18:41:32.127 [http-nio-8080-exec-2] DEBUG [traceId=11bdf058001943f29e842d76c89c2406 userId=21 role=1] c.k.i.m.TaskUserMapper.selectList - <==      Total: 1
2026-07-05 18:41:32.128 [http-nio-8080-exec-2] DEBUG [traceId=11bdf058001943f29e842d76c89c2406 userId=21 role=1] c.k.i.m.ClassInfoMapper.selectById - ==>  Preparing: SELECT id,class_name,description,status,create_by,create_time,update_by,update_time FROM class_info WHERE id=?
2026-07-05 18:41:32.128 [http-nio-8080-exec-2] DEBUG [traceId=11bdf058001943f29e842d76c89c2406 userId=21 role=1] c.k.i.m.ClassInfoMapper.selectById - ==> Parameters: 10(Long)
2026-07-05 18:41:32.130 [http-nio-8080-exec-2] DEBUG [traceId=11bdf058001943f29e842d76c89c2406 userId=21 role=1] c.k.i.m.ClassInfoMapper.selectById - <==      Total: 1
2026-07-05 18:41:32.134 [http-nio-8080-exec-2] DEBUG [traceId=11bdf058001943f29e842d76c89c2406 userId=21 role=1] c.k.i.m.TaskUserMapper.selectList - ==>  Preparing: SELECT id,task_id,user_id,status,start_time,finish_time,duration_minutes,remark,total_score,submit_time,create_by,create_time,update_by,update_time FROM task_user WHERE (task_id = ?)
2026-07-05 18:41:32.135 [http-nio-8080-exec-2] DEBUG [traceId=11bdf058001943f29e842d76c89c2406 userId=21 role=1] c.k.i.m.TaskUserMapper.selectList - ==> Parameters: 90(Long)
2026-07-05 18:41:32.137 [http-nio-8080-exec-2] DEBUG [traceId=11bdf058001943f29e842d76c89c2406 userId=21 role=1] c.k.i.m.TaskUserMapper.selectList - <==      Total: 1
2026-07-05 18:41:32.138 [http-nio-8080-exec-2] DEBUG [traceId=11bdf058001943f29e842d76c89c2406 userId=21 role=1] c.k.i.m.ClassInfoMapper.selectById - ==>  Preparing: SELECT id,class_name,description,status,create_by,create_time,update_by,update_time FROM class_info WHERE id=?
2026-07-05 18:41:32.138 [http-nio-8080-exec-2] DEBUG [traceId=11bdf058001943f29e842d76c89c2406 userId=21 role=1] c.k.i.m.ClassInfoMapper.selectById - ==> Parameters: 10(Long)
2026-07-05 18:41:32.141 [http-nio-8080-exec-2] DEBUG [traceId=11bdf058001943f29e842d76c89c2406 userId=21 role=1] c.k.i.m.ClassInfoMapper.selectById - <==      Total: 1
2026-07-05 18:41:32.143 [http-nio-8080-exec-2] DEBUG [traceId=11bdf058001943f29e842d76c89c2406 userId=21 role=1] c.k.i.m.TaskUserMapper.selectList - ==>  Preparing: SELECT id,task_id,user_id,status,start_time,finish_time,duration_minutes,remark,total_score,submit_time,create_by,create_time,update_by,update_time FROM task_user WHERE (task_id = ?)
2026-07-05 18:41:32.144 [http-nio-8080-exec-2] DEBUG [traceId=11bdf058001943f29e842d76c89c2406 userId=21 role=1] c.k.i.m.TaskUserMapper.selectList - ==> Parameters: 89(Long)
2026-07-05 18:41:32.145 [http-nio-8080-exec-2] DEBUG [traceId=11bdf058001943f29e842d76c89c2406 userId=21 role=1] c.k.i.m.TaskUserMapper.selectList - <==      Total: 10
2026-07-05 18:41:32.146 [http-nio-8080-exec-2] DEBUG [traceId=11bdf058001943f29e842d76c89c2406 userId=21 role=1] c.k.i.m.ClassInfoMapper.selectById - ==>  Preparing: SELECT id,class_name,description,status,create_by,create_time,update_by,update_time FROM class_info WHERE id=?
2026-07-05 18:41:32.146 [http-nio-8080-exec-2] DEBUG [traceId=11bdf058001943f29e842d76c89c2406 userId=21 role=1] c.k.i.m.ClassInfoMapper.selectById - ==> Parameters: 8(Long)
2026-07-05 18:41:32.147 [http-nio-8080-exec-2] DEBUG [traceId=11bdf058001943f29e842d76c89c2406 userId=21 role=1] c.k.i.m.ClassInfoMapper.selectById - <==      Total: 1
2026-07-05 18:41:32.148 [http-nio-8080-exec-2] DEBUG [traceId=11bdf058001943f29e842d76c89c2406 userId=21 role=1] c.k.i.m.ClassInfoMapper.selectById - ==>  Preparing: SELECT id,class_name,description,status,create_by,create_time,update_by,update_time FROM class_info WHERE id=?
2026-07-05 18:41:32.148 [http-nio-8080-exec-2] DEBUG [traceId=11bdf058001943f29e842d76c89c2406 userId=21 role=1] c.k.i.m.ClassInfoMapper.selectById - ==> Parameters: 9(Long)
2026-07-05 18:41:32.150 [http-nio-8080-exec-2] DEBUG [traceId=11bdf058001943f29e842d76c89c2406 userId=21 role=1] c.k.i.m.ClassInfoMapper.selectById - <==      Total: 1
2026-07-05 18:41:32.152 [http-nio-8080-exec-2] DEBUG [traceId=11bdf058001943f29e842d76c89c2406 userId=21 role=1] c.k.i.m.TaskUserMapper.selectList - ==>  Preparing: SELECT id,task_id,user_id,status,start_time,finish_time,duration_minutes,remark,total_score,submit_time,create_by,create_time,update_by,update_time FROM task_user WHERE (task_id = ?)
2026-07-05 18:41:32.152 [http-nio-8080-exec-2] DEBUG [traceId=11bdf058001943f29e842d76c89c2406 userId=21 role=1] c.k.i.m.TaskUserMapper.selectList - ==> Parameters: 88(Long)
2026-07-05 18:41:32.153 [http-nio-8080-exec-2] DEBUG [traceId=11bdf058001943f29e842d76c89c2406 userId=21 role=1] c.k.i.m.TaskUserMapper.selectList - <==      Total: 10
2026-07-05 18:41:32.154 [http-nio-8080-exec-2] DEBUG [traceId=11bdf058001943f29e842d76c89c2406 userId=21 role=1] c.k.i.m.ClassInfoMapper.selectById - ==>  Preparing: SELECT id,class_name,description,status,create_by,create_time,update_by,update_time FROM class_info WHERE id=?
2026-07-05 18:41:32.154 [http-nio-8080-exec-2] DEBUG [traceId=11bdf058001943f29e842d76c89c2406 userId=21 role=1] c.k.i.m.ClassInfoMapper.selectById - ==> Parameters: 8(Long)
2026-07-05 18:41:32.155 [http-nio-8080-exec-2] DEBUG [traceId=11bdf058001943f29e842d76c89c2406 userId=21 role=1] c.k.i.m.ClassInfoMapper.selectById - <==      Total: 1
2026-07-05 18:41:32.157 [http-nio-8080-exec-2] DEBUG [traceId=11bdf058001943f29e842d76c89c2406 userId=21 role=1] c.k.i.m.ClassInfoMapper.selectById - ==>  Preparing: SELECT id,class_name,description,status,create_by,create_time,update_by,update_time FROM class_info WHERE id=?
2026-07-05 18:41:32.157 [http-nio-8080-exec-2] DEBUG [traceId=11bdf058001943f29e842d76c89c2406 userId=21 role=1] c.k.i.m.ClassInfoMapper.selectById - ==> Parameters: 9(Long)
2026-07-05 18:41:32.158 [http-nio-8080-exec-2] DEBUG [traceId=11bdf058001943f29e842d76c89c2406 userId=21 role=1] c.k.i.m.ClassInfoMapper.selectById - <==      Total: 1
2026-07-05 18:41:32.160 [http-nio-8080-exec-2] DEBUG [traceId=11bdf058001943f29e842d76c89c2406 userId=21 role=1] c.k.i.m.TaskUserMapper.selectList - ==>  Preparing: SELECT id,task_id,user_id,status,start_time,finish_time,duration_minutes,remark,total_score,submit_time,create_by,create_time,update_by,update_time FROM task_user WHERE (task_id = ?)
2026-07-05 18:41:32.160 [http-nio-8080-exec-2] DEBUG [traceId=11bdf058001943f29e842d76c89c2406 userId=21 role=1] c.k.i.m.TaskUserMapper.selectList - ==> Parameters: 81(Long)
2026-07-05 18:41:32.161 [http-nio-8080-exec-2] DEBUG [traceId=11bdf058001943f29e842d76c89c2406 userId=21 role=1] c.k.i.m.TaskUserMapper.selectList - <==      Total: 0
2026-07-05 18:41:32.162 [http-nio-8080-exec-2] DEBUG [traceId=11bdf058001943f29e842d76c89c2406 userId=21 role=1] c.k.i.m.TaskUserMapper.selectList - ==>  Preparing: SELECT id,task_id,user_id,status,start_time,finish_time,duration_minutes,remark,total_score,submit_time,create_by,create_time,update_by,update_time FROM task_user WHERE (task_id = ?)
2026-07-05 18:41:32.162 [http-nio-8080-exec-2] DEBUG [traceId=11bdf058001943f29e842d76c89c2406 userId=21 role=1] c.k.i.m.TaskUserMapper.selectList - ==> Parameters: 80(Long)
2026-07-05 18:41:32.163 [http-nio-8080-exec-2] DEBUG [traceId=11bdf058001943f29e842d76c89c2406 userId=21 role=1] c.k.i.m.TaskUserMapper.selectList - <==      Total: 7
2026-07-05 18:41:32.164 [http-nio-8080-exec-2] DEBUG [traceId=11bdf058001943f29e842d76c89c2406 userId=21 role=1] c.k.i.m.ClassInfoMapper.selectById - ==>  Preparing: SELECT id,class_name,description,status,create_by,create_time,update_by,update_time FROM class_info WHERE id=?
2026-07-05 18:41:32.164 [http-nio-8080-exec-2] DEBUG [traceId=11bdf058001943f29e842d76c89c2406 userId=21 role=1] c.k.i.m.ClassInfoMapper.selectById - ==> Parameters: 8(Long)
2026-07-05 18:41:32.165 [http-nio-8080-exec-2] DEBUG [traceId=11bdf058001943f29e842d76c89c2406 userId=21 role=1] c.k.i.m.ClassInfoMapper.selectById - <==      Total: 1
2026-07-05 18:41:32.166 [http-nio-8080-exec-2] INFO  [traceId=11bdf058001943f29e842d76c89c2406 userId=21 role=1] com.kg.interceptor.TraceIdFilter - HTTP_REQUEST_END method=POST uri=/task/page status=200 cost=127ms responseBody={"code":200,"message":"查询成功","data":{"total":68,"list":[{"id":95,"taskName":"每日复盘","taskType":"3","templateId":null,"roundNo":0,"isMandatory":1,"taskDescription":null,"taskStartTime":"2026-07-05 08:00:00","taskEndTime":"2026-07-05 23:59:00","priority":0,"classId":null,"targetType":1,"targetIds":"8,9,10","selectedClassList":[{"id":8,"className":"1班"},{"id":9,"className":"2班"},{"id":10,"className":"线上学习1班"}],"selectedStudentList":null,"completedCount":0,"uncompletedCount":11,"completionPercent":0,"createTime":"2026-07-05 18:12:39","planId":null,"planDate":null,"isRepeatTask":0,"status":1},{"id":94,"taskName":"每日打卡","taskType":"2","templateId":null,"roundNo":0,"isMandatory":1,"taskDescription":null,"taskStartTime":"2026-07-05 06:00:00","taskEndTime":"2026-07-05 23:59:00","priority":0,"classId":null,"targetType":1,"targetIds":"8,9,10","selectedClassList":[{"id":8,"className":"1班"},{"id":9,"className":"2班"},{"id":10,"className":"线上学习1班"}],"selectedStudentList":null,"completedCount":0,"uncompletedCount":11,"completionPercent":0,"createTime":"2026-07-05 18:12:39","planId":null,"planDate":null,"isRepeatTask":0,"status":1},{"id":93,"taskName":"每日复盘","taskType":"3","templateId":null,"roundNo":0,"isMandatory":1,"taskDescription":null,"taskStartTime":"2026-07-03 08:00:00","taskEndTime":"2026-07-03 23:59:00","priority":0,"classId":null,"targetType":1,"targetIds":"8,9,10","selectedClassList":[{"id":8,"className":"1班"},{"id":9,"className":"2班"},{"id":10,"className":"线上学习1班"}],"selectedStudentList":null,"completedCount":0,"uncompletedCount":11,"completionPercent":0,"createTime":"2026-07-03 08:46:13","planId":null,"planDate":null,"isRepeatTask":0,"status":1},{"id":92,"taskName":"每日打卡","taskType":"2","templateId":null,"roundNo":0,"isMandatory":1,"taskDescription":null,"taskStartTime":"2026-07-03 06:00:00","taskEndTime":"2026-07-03 23:59:00","priority":0,"classId":null,"targetType":1,"targetIds":"8,9,10","selectedClassList":[{"id":8,"className":"1班"},{"id":9,"className":"2班"},{"id":10,"className":"线上学习1班"}],"selectedStudentList":null,"completedCount":1,"uncompletedCount":10,"completionPercent":9,"createTime":"2026-07-03 08:46:13","planId":null,"planDate":null,"isRepeatTask":0,"status":1},{"id":91,"taskName":"26行政执法","taskType":"0","templateId":null,"roundNo":1,"isMandatory":1,"taskDescription":"全做","taskStartTime":"2026-07-02 00:00:00","taskEndTime":"2026-07-02 23:59:59","priority":0,"classId":null,"targetType":1,"targetIds":"10","selectedClassList":[{"id":10,"className":"线上学习1班"}],"selectedStudentList":null,"completedCount":0,"uncompletedCount":1,"completionPercent":0,"createTime":"2026-07-02 17:32:35","planId":null,"planDate":null,"isRepeatTask":0,"status":1},{"id":90,"taskName":"资料分析第一章，一般增长率","taskType":"1","templateId":null,"roundNo":1,"isMandatory":1,"taskDescription":"做完后再做1套资料","taskStartTime":"2026-07-02 00:00:00","taskEndTime":"2026-07-02 23:59:59","priority":0,"classId":null,"targetType":1,"targetIds":"10","selectedClassList":[{"id":10,"className":"线上学习1班"}],"selectedStudentList":null,"completedCount":1,"uncompletedCount":0,"completionPercent":100,"createTime":"2026-07-02 17:32:06","planId":null,"planDate":null,"isRepeatTask":0,"status":1},{"id":89,"taskName":"每日复盘","taskType":"3","templateId":null,"roundNo":0,"isMandatory":1,"taskDescription":null,"taskStartTime":"2026-07-02 08:00:00","taskEndTime":"2026-07-02 23:59:00","priority":0,"classId":null,"targetType":1,"targetIds":"8,9","selectedClassList":[{"id":8,"className":"1班"},{"id":9,"className":"2班"}],"selectedStudentList":null,"completedCount":0,"uncompletedCount":10,"completionPercent":0,"createTime":"2026-07-02 08:00:00","planId":null,"planDate":null,"isRepeatTask":0,"status":1},{"id":88,"taskName":"每日打卡","taskType":"2","templateId":null,"roundNo":0,"isMandatory":1,"taskDescription":null,"taskStartTime":"2026-07-02 06:00:00","taskEndTime":"2026-07-02 23:59:00","priority":0,"classId":null,"targetType":1,"targetIds":"8,9","selectedClassList":[{"id":8,"className":"1班"},{"id":9,"className":"2班"}],"selectedStudentList":null,"completedCount":1,"uncompletedCount":9,"completionPercent":10,"createTime":"2026-07-02 06:00:00","planId":null,"planDate":null,"isRepeatTask":0,"status":1},{"id":81,"taskName":"测试星期 07-01","taskType":"0","templateId":null,"roundNo":0,"isMandatory":1,"taskDescription":"","taskStartTime":"2026-07-01 00:00:00","taskEndTime":"2026-07-01 23:59:00","priority":0,"classId":null,"targetType":null,"targetIds":null,"selectedClassList":null,"selectedStudentList":null,"completedCount":0,"uncompletedCount":0,"completionPercent":0,"createTime":"2026-07-01 17:37:52","planId":2,"planDate":"2026-07-01","isRepeatTask":1,"status":1},{"id":80,"taskName":"测试重复任务 07-04","taskType":"0","templateId":null,"roundNo":0,"isMandatory":1,"taskDescription":"","taskStartTime":"2026-07-04 00:00:00","taskEndTime":"2026-07-04 23:59:00","priority":1,"classId":null,"targetType":1,"targetIds":"8","selectedClassList":[{"id":8,"className":"1班"}],"selectedStudentList":null,"completedCo...[TRUNCATED length=5151]
2026-07-05 18:41:38.983 [http-nio-8080-exec-8] INFO  [traceId=7a8298de94174edc91a7590f44994c2e userId= role=] com.kg.interceptor.TraceIdFilter - HTTP_REQUEST_START method=GET uri=/dict/group/task_type query=null requestBody= ip=0:0:0:0:0:0:0:1 userAgent=Mozilla/5.0 (Windows NT 10.0; Win64; x64) AppleWebKit/537.36 (KHTML, like Gecko) Chrome/123.0.0.0 Safari/537.36
2026-07-05 18:41:38.994 [http-nio-8080-exec-8] DEBUG [traceId=7a8298de94174edc91a7590f44994c2e userId= role=] c.k.i.m.SysUserMapper.selectById - ==>  Preparing: SELECT id,account,name,password,role,gender,email,phone,openid,description,teacher_remark,class_id,status,create_by,create_time,update_by,update_time FROM sys_user WHERE id=?
2026-07-05 18:41:38.994 [http-nio-8080-exec-8] DEBUG [traceId=7a8298de94174edc91a7590f44994c2e userId= role=] c.k.i.m.SysUserMapper.selectById - ==> Parameters: 21(Long)
2026-07-05 18:41:38.995 [http-nio-8080-exec-8] DEBUG [traceId=7a8298de94174edc91a7590f44994c2e userId= role=] c.k.i.m.SysUserMapper.selectById - <==      Total: 1
2026-07-05 18:41:38.999 [http-nio-8080-exec-8] DEBUG [traceId=7a8298de94174edc91a7590f44994c2e userId=21 role=1] c.k.i.mapper.DictMapper.selectList - ==>  Preparing: SELECT id,dict_code,dict_name,dict_label,dict_value,display_color,sort_no,status,create_by,create_time,update_by,update_time FROM sys_dict WHERE (dict_code = ?) ORDER BY sort_no ASC
2026-07-05 18:41:39.000 [http-nio-8080-exec-8] DEBUG [traceId=7a8298de94174edc91a7590f44994c2e userId=21 role=1] c.k.i.mapper.DictMapper.selectList - ==> Parameters: task_type(String)
2026-07-05 18:41:39.010 [http-nio-8080-exec-8] DEBUG [traceId=7a8298de94174edc91a7590f44994c2e userId=21 role=1] c.k.i.mapper.DictMapper.selectList - <==      Total: 4
2026-07-05 18:41:39.013 [http-nio-8080-exec-8] INFO  [traceId=7a8298de94174edc91a7590f44994c2e userId=21 role=1] com.kg.interceptor.TraceIdFilter - HTTP_REQUEST_END method=GET uri=/dict/group/task_type status=200 cost=30ms responseBody={"code":200,"message":"查询成功","data":{"dictCode":"task_type","dictName":"任务类型","items":[{"dictValue":"0","dictLabel":"刷题","sortNo":0,"status":1,"displayColor":"#ff6f00"},{"dictValue":"1","dictLabel":"学习","sortNo":1,"status":1,"displayColor":"#f7ff00"},{"dictValue":"2","dictLabel":"打卡","sortNo":2,"status":1,"displayColor":"#66ff00"},{"dictValue":"3","dictLabel":"每日复盘","sortNo":3,"status":1,"displayColor":"#00bfff"}]}}
2026-07-05 18:41:39.073 [http-nio-8080-exec-9] INFO  [traceId=7aa8147e4c964081829680f6d1e3e64a userId= role=] com.kg.interceptor.TraceIdFilter - HTTP_REQUEST_START method=POST uri=/task/page query=null requestBody={"pageNum":1,"pageSize":10} ip=0:0:0:0:0:0:0:1 userAgent=Mozilla/5.0 (Windows NT 10.0; Win64; x64) AppleWebKit/537.36 (KHTML, like Gecko) Chrome/123.0.0.0 Safari/537.36
2026-07-05 18:41:39.075 [http-nio-8080-exec-5] INFO  [traceId=494b151ff8334c128aacffd46f58ef21 userId= role=] com.kg.interceptor.TraceIdFilter - HTTP_REQUEST_START method=GET uri=/class/student-options query=null requestBody= ip=0:0:0:0:0:0:0:1 userAgent=Mozilla/5.0 (Windows NT 10.0; Win64; x64) AppleWebKit/537.36 (KHTML, like Gecko) Chrome/123.0.0.0 Safari/537.36
2026-07-05 18:41:39.075 [http-nio-8080-exec-6] INFO  [traceId=9f5e166c6e794903ad5687428a62cb73 userId= role=] com.kg.interceptor.TraceIdFilter - HTTP_REQUEST_START method=GET uri=/class/options query=null requestBody= ip=0:0:0:0:0:0:0:1 userAgent=Mozilla/5.0 (Windows NT 10.0; Win64; x64) AppleWebKit/537.36 (KHTML, like Gecko) Chrome/123.0.0.0 Safari/537.36
2026-07-05 18:41:39.082 [http-nio-8080-exec-9] DEBUG [traceId=7aa8147e4c964081829680f6d1e3e64a userId= role=] c.k.i.m.SysUserMapper.selectById - ==>  Preparing: SELECT id,account,name,password,role,gender,email,phone,openid,description,teacher_remark,class_id,status,create_by,create_time,update_by,update_time FROM sys_user WHERE id=?
2026-07-05 18:41:39.083 [http-nio-8080-exec-9] DEBUG [traceId=7aa8147e4c964081829680f6d1e3e64a userId= role=] c.k.i.m.SysUserMapper.selectById - ==> Parameters: 21(Long)
2026-07-05 18:41:39.084 [http-nio-8080-exec-5] DEBUG [traceId=494b151ff8334c128aacffd46f58ef21 userId= role=] c.k.i.m.SysUserMapper.selectById - ==>  Preparing: SELECT id,account,name,password,role,gender,email,phone,openid,description,teacher_remark,class_id,status,create_by,create_time,update_by,update_time FROM sys_user WHERE id=?
2026-07-05 18:41:39.084 [http-nio-8080-exec-6] DEBUG [traceId=9f5e166c6e794903ad5687428a62cb73 userId= role=] c.k.i.m.SysUserMapper.selectById - ==>  Preparing: SELECT id,account,name,password,role,gender,email,phone,openid,description,teacher_remark,class_id,status,create_by,create_time,update_by,update_time FROM sys_user WHERE id=?
2026-07-05 18:41:39.084 [http-nio-8080-exec-5] DEBUG [traceId=494b151ff8334c128aacffd46f58ef21 userId= role=] c.k.i.m.SysUserMapper.selectById - ==> Parameters: 21(Long)
2026-07-05 18:41:39.084 [http-nio-8080-exec-6] DEBUG [traceId=9f5e166c6e794903ad5687428a62cb73 userId= role=] c.k.i.m.SysUserMapper.selectById - ==> Parameters: 21(Long)
2026-07-05 18:41:39.084 [http-nio-8080-exec-9] DEBUG [traceId=7aa8147e4c964081829680f6d1e3e64a userId= role=] c.k.i.m.SysUserMapper.selectById - <==      Total: 1
2026-07-05 18:41:39.085 [http-nio-8080-exec-6] DEBUG [traceId=9f5e166c6e794903ad5687428a62cb73 userId= role=] c.k.i.m.SysUserMapper.selectById - <==      Total: 1
2026-07-05 18:41:39.085 [http-nio-8080-exec-5] DEBUG [traceId=494b151ff8334c128aacffd46f58ef21 userId= role=] c.k.i.m.SysUserMapper.selectById - <==      Total: 1
2026-07-05 18:41:39.088 [http-nio-8080-exec-6] DEBUG [traceId=9f5e166c6e794903ad5687428a62cb73 userId=21 role=1] c.k.i.m.ClassInfoMapper.selectList - ==>  Preparing: SELECT id,class_name,description,status,create_by,create_time,update_by,update_time FROM class_info WHERE (status = ?) ORDER BY class_name ASC
2026-07-05 18:41:39.088 [http-nio-8080-exec-5] DEBUG [traceId=494b151ff8334c128aacffd46f58ef21 userId=21 role=1] c.k.i.m.SysUserMapper.selectList - ==>  Preparing: SELECT id,account,name,password,role,gender,email,phone,openid,description,teacher_remark,class_id,status,create_by,create_time,update_by,update_time FROM sys_user WHERE (role IN (?,?) AND status = ?)
2026-07-05 18:41:39.088 [http-nio-8080-exec-6] DEBUG [traceId=9f5e166c6e794903ad5687428a62cb73 userId=21 role=1] c.k.i.m.ClassInfoMapper.selectList - ==> Parameters: 1(Integer)
2026-07-05 18:41:39.088 [http-nio-8080-exec-5] DEBUG [traceId=494b151ff8334c128aacffd46f58ef21 userId=21 role=1] c.k.i.m.SysUserMapper.selectList - ==> Parameters: 2(String), 3(String), 1(Integer)
2026-07-05 18:41:39.089 [http-nio-8080-exec-9] DEBUG [traceId=7aa8147e4c964081829680f6d1e3e64a userId=21 role=1] c.k.i.mapper.TaskMapper.selectList - ==>  Preparing: SELECT id,task_name,task_type,template_id,round_no,is_mandatory,task_description,task_start_time,task_end_time,priority,class_id,target_type,target_ids,plan_id,plan_date,is_repeat_task,status,create_by,create_time,update_by,update_time FROM task WHERE ((status = ? OR status IS NULL)) ORDER BY id DESC LIMIT 0,10
2026-07-05 18:41:39.089 [http-nio-8080-exec-9] DEBUG [traceId=7aa8147e4c964081829680f6d1e3e64a userId=21 role=1] c.k.i.mapper.TaskMapper.selectList - ==> Parameters: 1(Integer)
2026-07-05 18:41:39.090 [http-nio-8080-exec-6] DEBUG [traceId=9f5e166c6e794903ad5687428a62cb73 userId=21 role=1] c.k.i.m.ClassInfoMapper.selectList - <==      Total: 3
2026-07-05 18:41:39.091 [http-nio-8080-exec-5] DEBUG [traceId=494b151ff8334c128aacffd46f58ef21 userId=21 role=1] c.k.i.m.SysUserMapper.selectList - <==      Total: 11
2026-07-05 18:41:39.092 [http-nio-8080-exec-9] DEBUG [traceId=7aa8147e4c964081829680f6d1e3e64a userId=21 role=1] c.k.i.mapper.TaskMapper.selectList - <==      Total: 10
2026-07-05 18:41:39.092 [http-nio-8080-exec-6] INFO  [traceId=9f5e166c6e794903ad5687428a62cb73 userId=21 role=1] com.kg.interceptor.TraceIdFilter - HTTP_REQUEST_END method=GET uri=/class/options status=200 cost=17ms responseBody={"code":200,"message":"查询成功","data":[{"id":8,"className":"1班"},{"id":9,"className":"2班"},{"id":10,"className":"线上学习1班"}]}
2026-07-05 18:41:39.094 [http-nio-8080-exec-5] INFO  [traceId=494b151ff8334c128aacffd46f58ef21 userId=21 role=1] com.kg.interceptor.TraceIdFilter - HTTP_REQUEST_END method=GET uri=/class/student-options status=200 cost=19ms responseBody={"code":200,"message":"查询成功","data":[{"id":23,"name":"张三","classId":8},{"id":24,"name":"李四","classId":9},{"id":25,"name":"王五","classId":8},{"id":26,"name":"赵六","classId":9},{"id":27,"name":"赵七","classId":null},{"id":28,"name":"赵八","classId":8},{"id":29,"name":"杨少伟","classId":8},{"id":30,"name":"测试新增用户任务","classId":8},{"id":31,"name":"11","classId":8},{"id":32,"name":"11","classId":8},{"id":33,"name":"五四","classId":10}]}
2026-07-05 18:41:39.095 [http-nio-8080-exec-9] DEBUG [traceId=7aa8147e4c964081829680f6d1e3e64a userId=21 role=1] c.k.i.mapper.TaskMapper.selectCount - ==>  Preparing: SELECT COUNT( * ) AS total FROM task WHERE ((status = ? OR status IS NULL))
2026-07-05 18:41:39.098 [http-nio-8080-exec-9] DEBUG [traceId=7aa8147e4c964081829680f6d1e3e64a userId=21 role=1] c.k.i.mapper.TaskMapper.selectCount - ==> Parameters: 1(Integer)
2026-07-05 18:41:39.100 [http-nio-8080-exec-9] DEBUG [traceId=7aa8147e4c964081829680f6d1e3e64a userId=21 role=1] c.k.i.mapper.TaskMapper.selectCount - <==      Total: 1
2026-07-05 18:41:39.102 [http-nio-8080-exec-9] DEBUG [traceId=7aa8147e4c964081829680f6d1e3e64a userId=21 role=1] c.k.i.m.TaskUserMapper.selectList - ==>  Preparing: SELECT id,task_id,user_id,status,start_time,finish_time,duration_minutes,remark,total_score,submit_time,create_by,create_time,update_by,update_time FROM task_user WHERE (task_id = ?)
2026-07-05 18:41:39.102 [http-nio-8080-exec-9] DEBUG [traceId=7aa8147e4c964081829680f6d1e3e64a userId=21 role=1] c.k.i.m.TaskUserMapper.selectList - ==> Parameters: 95(Long)
2026-07-05 18:41:39.105 [http-nio-8080-exec-9] DEBUG [traceId=7aa8147e4c964081829680f6d1e3e64a userId=21 role=1] c.k.i.m.TaskUserMapper.selectList - <==      Total: 11
2026-07-05 18:41:39.107 [http-nio-8080-exec-9] DEBUG [traceId=7aa8147e4c964081829680f6d1e3e64a userId=21 role=1] c.k.i.m.ClassInfoMapper.selectById - ==>  Preparing: SELECT id,class_name,description,status,create_by,create_time,update_by,update_time FROM class_info WHERE id=?
2026-07-05 18:41:39.107 [http-nio-8080-exec-9] DEBUG [traceId=7aa8147e4c964081829680f6d1e3e64a userId=21 role=1] c.k.i.m.ClassInfoMapper.selectById - ==> Parameters: 8(Long)
2026-07-05 18:41:39.109 [http-nio-8080-exec-9] DEBUG [traceId=7aa8147e4c964081829680f6d1e3e64a userId=21 role=1] c.k.i.m.ClassInfoMapper.selectById - <==      Total: 1
2026-07-05 18:41:39.111 [http-nio-8080-exec-9] DEBUG [traceId=7aa8147e4c964081829680f6d1e3e64a userId=21 role=1] c.k.i.m.ClassInfoMapper.selectById - ==>  Preparing: SELECT id,class_name,description,status,create_by,create_time,update_by,update_time FROM class_info WHERE id=?
2026-07-05 18:41:39.111 [http-nio-8080-exec-9] DEBUG [traceId=7aa8147e4c964081829680f6d1e3e64a userId=21 role=1] c.k.i.m.ClassInfoMapper.selectById - ==> Parameters: 9(Long)
2026-07-05 18:41:39.113 [http-nio-8080-exec-9] DEBUG [traceId=7aa8147e4c964081829680f6d1e3e64a userId=21 role=1] c.k.i.m.ClassInfoMapper.selectById - <==      Total: 1
2026-07-05 18:41:39.114 [http-nio-8080-exec-9] DEBUG [traceId=7aa8147e4c964081829680f6d1e3e64a userId=21 role=1] c.k.i.m.ClassInfoMapper.selectById - ==>  Preparing: SELECT id,class_name,description,status,create_by,create_time,update_by,update_time FROM class_info WHERE id=?
2026-07-05 18:41:39.114 [http-nio-8080-exec-9] DEBUG [traceId=7aa8147e4c964081829680f6d1e3e64a userId=21 role=1] c.k.i.m.ClassInfoMapper.selectById - ==> Parameters: 10(Long)
2026-07-05 18:41:39.116 [http-nio-8080-exec-9] DEBUG [traceId=7aa8147e4c964081829680f6d1e3e64a userId=21 role=1] c.k.i.m.ClassInfoMapper.selectById - <==      Total: 1
2026-07-05 18:41:39.119 [http-nio-8080-exec-9] DEBUG [traceId=7aa8147e4c964081829680f6d1e3e64a userId=21 role=1] c.k.i.m.TaskUserMapper.selectList - ==>  Preparing: SELECT id,task_id,user_id,status,start_time,finish_time,duration_minutes,remark,total_score,submit_time,create_by,create_time,update_by,update_time FROM task_user WHERE (task_id = ?)
2026-07-05 18:41:39.120 [http-nio-8080-exec-9] DEBUG [traceId=7aa8147e4c964081829680f6d1e3e64a userId=21 role=1] c.k.i.m.TaskUserMapper.selectList - ==> Parameters: 94(Long)
2026-07-05 18:41:39.121 [http-nio-8080-exec-9] DEBUG [traceId=7aa8147e4c964081829680f6d1e3e64a userId=21 role=1] c.k.i.m.TaskUserMapper.selectList - <==      Total: 11
2026-07-05 18:41:39.124 [http-nio-8080-exec-9] DEBUG [traceId=7aa8147e4c964081829680f6d1e3e64a userId=21 role=1] c.k.i.m.ClassInfoMapper.selectById - ==>  Preparing: SELECT id,class_name,description,status,create_by,create_time,update_by,update_time FROM class_info WHERE id=?
2026-07-05 18:41:39.124 [http-nio-8080-exec-9] DEBUG [traceId=7aa8147e4c964081829680f6d1e3e64a userId=21 role=1] c.k.i.m.ClassInfoMapper.selectById - ==> Parameters: 8(Long)
2026-07-05 18:41:39.126 [http-nio-8080-exec-9] DEBUG [traceId=7aa8147e4c964081829680f6d1e3e64a userId=21 role=1] c.k.i.m.ClassInfoMapper.selectById - <==      Total: 1
2026-07-05 18:41:39.126 [http-nio-8080-exec-9] DEBUG [traceId=7aa8147e4c964081829680f6d1e3e64a userId=21 role=1] c.k.i.m.ClassInfoMapper.selectById - ==>  Preparing: SELECT id,class_name,description,status,create_by,create_time,update_by,update_time FROM class_info WHERE id=?
2026-07-05 18:41:39.127 [http-nio-8080-exec-9] DEBUG [traceId=7aa8147e4c964081829680f6d1e3e64a userId=21 role=1] c.k.i.m.ClassInfoMapper.selectById - ==> Parameters: 9(Long)
2026-07-05 18:41:39.128 [http-nio-8080-exec-9] DEBUG [traceId=7aa8147e4c964081829680f6d1e3e64a userId=21 role=1] c.k.i.m.ClassInfoMapper.selectById - <==      Total: 1
2026-07-05 18:41:39.130 [http-nio-8080-exec-9] DEBUG [traceId=7aa8147e4c964081829680f6d1e3e64a userId=21 role=1] c.k.i.m.ClassInfoMapper.selectById - ==>  Preparing: SELECT id,class_name,description,status,create_by,create_time,update_by,update_time FROM class_info WHERE id=?
2026-07-05 18:41:39.130 [http-nio-8080-exec-9] DEBUG [traceId=7aa8147e4c964081829680f6d1e3e64a userId=21 role=1] c.k.i.m.ClassInfoMapper.selectById - ==> Parameters: 10(Long)
2026-07-05 18:41:39.131 [http-nio-8080-exec-9] DEBUG [traceId=7aa8147e4c964081829680f6d1e3e64a userId=21 role=1] c.k.i.m.ClassInfoMapper.selectById - <==      Total: 1
2026-07-05 18:41:39.134 [http-nio-8080-exec-9] DEBUG [traceId=7aa8147e4c964081829680f6d1e3e64a userId=21 role=1] c.k.i.m.TaskUserMapper.selectList - ==>  Preparing: SELECT id,task_id,user_id,status,start_time,finish_time,duration_minutes,remark,total_score,submit_time,create_by,create_time,update_by,update_time FROM task_user WHERE (task_id = ?)
2026-07-05 18:41:39.135 [http-nio-8080-exec-9] DEBUG [traceId=7aa8147e4c964081829680f6d1e3e64a userId=21 role=1] c.k.i.m.TaskUserMapper.selectList - ==> Parameters: 93(Long)
2026-07-05 18:41:39.136 [http-nio-8080-exec-9] DEBUG [traceId=7aa8147e4c964081829680f6d1e3e64a userId=21 role=1] c.k.i.m.TaskUserMapper.selectList - <==      Total: 11
2026-07-05 18:41:39.137 [http-nio-8080-exec-9] DEBUG [traceId=7aa8147e4c964081829680f6d1e3e64a userId=21 role=1] c.k.i.m.ClassInfoMapper.selectById - ==>  Preparing: SELECT id,class_name,description,status,create_by,create_time,update_by,update_time FROM class_info WHERE id=?
2026-07-05 18:41:39.137 [http-nio-8080-exec-9] DEBUG [traceId=7aa8147e4c964081829680f6d1e3e64a userId=21 role=1] c.k.i.m.ClassInfoMapper.selectById - ==> Parameters: 8(Long)
2026-07-05 18:41:39.139 [http-nio-8080-exec-9] DEBUG [traceId=7aa8147e4c964081829680f6d1e3e64a userId=21 role=1] c.k.i.m.ClassInfoMapper.selectById - <==      Total: 1
2026-07-05 18:41:39.140 [http-nio-8080-exec-9] DEBUG [traceId=7aa8147e4c964081829680f6d1e3e64a userId=21 role=1] c.k.i.m.ClassInfoMapper.selectById - ==>  Preparing: SELECT id,class_name,description,status,create_by,create_time,update_by,update_time FROM class_info WHERE id=?
2026-07-05 18:41:39.140 [http-nio-8080-exec-9] DEBUG [traceId=7aa8147e4c964081829680f6d1e3e64a userId=21 role=1] c.k.i.m.ClassInfoMapper.selectById - ==> Parameters: 9(Long)
2026-07-05 18:41:39.141 [http-nio-8080-exec-9] DEBUG [traceId=7aa8147e4c964081829680f6d1e3e64a userId=21 role=1] c.k.i.m.ClassInfoMapper.selectById - <==      Total: 1
2026-07-05 18:41:39.142 [http-nio-8080-exec-9] DEBUG [traceId=7aa8147e4c964081829680f6d1e3e64a userId=21 role=1] c.k.i.m.ClassInfoMapper.selectById - ==>  Preparing: SELECT id,class_name,description,status,create_by,create_time,update_by,update_time FROM class_info WHERE id=?
2026-07-05 18:41:39.142 [http-nio-8080-exec-9] DEBUG [traceId=7aa8147e4c964081829680f6d1e3e64a userId=21 role=1] c.k.i.m.ClassInfoMapper.selectById - ==> Parameters: 10(Long)
2026-07-05 18:41:39.145 [http-nio-8080-exec-9] DEBUG [traceId=7aa8147e4c964081829680f6d1e3e64a userId=21 role=1] c.k.i.m.ClassInfoMapper.selectById - <==      Total: 1
2026-07-05 18:41:39.147 [http-nio-8080-exec-9] DEBUG [traceId=7aa8147e4c964081829680f6d1e3e64a userId=21 role=1] c.k.i.m.TaskUserMapper.selectList - ==>  Preparing: SELECT id,task_id,user_id,status,start_time,finish_time,duration_minutes,remark,total_score,submit_time,create_by,create_time,update_by,update_time FROM task_user WHERE (task_id = ?)
2026-07-05 18:41:39.148 [http-nio-8080-exec-9] DEBUG [traceId=7aa8147e4c964081829680f6d1e3e64a userId=21 role=1] c.k.i.m.TaskUserMapper.selectList - ==> Parameters: 92(Long)
2026-07-05 18:41:39.150 [http-nio-8080-exec-9] DEBUG [traceId=7aa8147e4c964081829680f6d1e3e64a userId=21 role=1] c.k.i.m.TaskUserMapper.selectList - <==      Total: 11
2026-07-05 18:41:39.151 [http-nio-8080-exec-9] DEBUG [traceId=7aa8147e4c964081829680f6d1e3e64a userId=21 role=1] c.k.i.m.ClassInfoMapper.selectById - ==>  Preparing: SELECT id,class_name,description,status,create_by,create_time,update_by,update_time FROM class_info WHERE id=?
2026-07-05 18:41:39.152 [http-nio-8080-exec-9] DEBUG [traceId=7aa8147e4c964081829680f6d1e3e64a userId=21 role=1] c.k.i.m.ClassInfoMapper.selectById - ==> Parameters: 8(Long)
2026-07-05 18:41:39.153 [http-nio-8080-exec-9] DEBUG [traceId=7aa8147e4c964081829680f6d1e3e64a userId=21 role=1] c.k.i.m.ClassInfoMapper.selectById - <==      Total: 1
2026-07-05 18:41:39.153 [http-nio-8080-exec-9] DEBUG [traceId=7aa8147e4c964081829680f6d1e3e64a userId=21 role=1] c.k.i.m.ClassInfoMapper.selectById - ==>  Preparing: SELECT id,class_name,description,status,create_by,create_time,update_by,update_time FROM class_info WHERE id=?
2026-07-05 18:41:39.154 [http-nio-8080-exec-9] DEBUG [traceId=7aa8147e4c964081829680f6d1e3e64a userId=21 role=1] c.k.i.m.ClassInfoMapper.selectById - ==> Parameters: 9(Long)
2026-07-05 18:41:39.155 [http-nio-8080-exec-9] DEBUG [traceId=7aa8147e4c964081829680f6d1e3e64a userId=21 role=1] c.k.i.m.ClassInfoMapper.selectById - <==      Total: 1
2026-07-05 18:41:39.156 [http-nio-8080-exec-9] DEBUG [traceId=7aa8147e4c964081829680f6d1e3e64a userId=21 role=1] c.k.i.m.ClassInfoMapper.selectById - ==>  Preparing: SELECT id,class_name,description,status,create_by,create_time,update_by,update_time FROM class_info WHERE id=?
2026-07-05 18:41:39.156 [http-nio-8080-exec-9] DEBUG [traceId=7aa8147e4c964081829680f6d1e3e64a userId=21 role=1] c.k.i.m.ClassInfoMapper.selectById - ==> Parameters: 10(Long)
2026-07-05 18:41:39.158 [http-nio-8080-exec-9] DEBUG [traceId=7aa8147e4c964081829680f6d1e3e64a userId=21 role=1] c.k.i.m.ClassInfoMapper.selectById - <==      Total: 1
2026-07-05 18:41:39.162 [http-nio-8080-exec-9] DEBUG [traceId=7aa8147e4c964081829680f6d1e3e64a userId=21 role=1] c.k.i.m.TaskUserMapper.selectList - ==>  Preparing: SELECT id,task_id,user_id,status,start_time,finish_time,duration_minutes,remark,total_score,submit_time,create_by,create_time,update_by,update_time FROM task_user WHERE (task_id = ?)
2026-07-05 18:41:39.163 [http-nio-8080-exec-9] DEBUG [traceId=7aa8147e4c964081829680f6d1e3e64a userId=21 role=1] c.k.i.m.TaskUserMapper.selectList - ==> Parameters: 91(Long)
2026-07-05 18:41:39.166 [http-nio-8080-exec-9] DEBUG [traceId=7aa8147e4c964081829680f6d1e3e64a userId=21 role=1] c.k.i.m.TaskUserMapper.selectList - <==      Total: 1
2026-07-05 18:41:39.167 [http-nio-8080-exec-9] DEBUG [traceId=7aa8147e4c964081829680f6d1e3e64a userId=21 role=1] c.k.i.m.ClassInfoMapper.selectById - ==>  Preparing: SELECT id,class_name,description,status,create_by,create_time,update_by,update_time FROM class_info WHERE id=?
2026-07-05 18:41:39.167 [http-nio-8080-exec-9] DEBUG [traceId=7aa8147e4c964081829680f6d1e3e64a userId=21 role=1] c.k.i.m.ClassInfoMapper.selectById - ==> Parameters: 10(Long)
2026-07-05 18:41:39.172 [http-nio-8080-exec-9] DEBUG [traceId=7aa8147e4c964081829680f6d1e3e64a userId=21 role=1] c.k.i.m.ClassInfoMapper.selectById - <==      Total: 1
2026-07-05 18:41:39.175 [http-nio-8080-exec-9] DEBUG [traceId=7aa8147e4c964081829680f6d1e3e64a userId=21 role=1] c.k.i.m.TaskUserMapper.selectList - ==>  Preparing: SELECT id,task_id,user_id,status,start_time,finish_time,duration_minutes,remark,total_score,submit_time,create_by,create_time,update_by,update_time FROM task_user WHERE (task_id = ?)
2026-07-05 18:41:39.175 [http-nio-8080-exec-9] DEBUG [traceId=7aa8147e4c964081829680f6d1e3e64a userId=21 role=1] c.k.i.m.TaskUserMapper.selectList - ==> Parameters: 90(Long)
2026-07-05 18:41:39.177 [http-nio-8080-exec-9] DEBUG [traceId=7aa8147e4c964081829680f6d1e3e64a userId=21 role=1] c.k.i.m.TaskUserMapper.selectList - <==      Total: 1
2026-07-05 18:41:39.178 [http-nio-8080-exec-9] DEBUG [traceId=7aa8147e4c964081829680f6d1e3e64a userId=21 role=1] c.k.i.m.ClassInfoMapper.selectById - ==>  Preparing: SELECT id,class_name,description,status,create_by,create_time,update_by,update_time FROM class_info WHERE id=?
2026-07-05 18:41:39.179 [http-nio-8080-exec-9] DEBUG [traceId=7aa8147e4c964081829680f6d1e3e64a userId=21 role=1] c.k.i.m.ClassInfoMapper.selectById - ==> Parameters: 10(Long)
2026-07-05 18:41:39.180 [http-nio-8080-exec-9] DEBUG [traceId=7aa8147e4c964081829680f6d1e3e64a userId=21 role=1] c.k.i.m.ClassInfoMapper.selectById - <==      Total: 1
2026-07-05 18:41:39.182 [http-nio-8080-exec-9] DEBUG [traceId=7aa8147e4c964081829680f6d1e3e64a userId=21 role=1] c.k.i.m.TaskUserMapper.selectList - ==>  Preparing: SELECT id,task_id,user_id,status,start_time,finish_time,duration_minutes,remark,total_score,submit_time,create_by,create_time,update_by,update_time FROM task_user WHERE (task_id = ?)
2026-07-05 18:41:39.182 [http-nio-8080-exec-9] DEBUG [traceId=7aa8147e4c964081829680f6d1e3e64a userId=21 role=1] c.k.i.m.TaskUserMapper.selectList - ==> Parameters: 89(Long)
2026-07-05 18:41:39.184 [http-nio-8080-exec-9] DEBUG [traceId=7aa8147e4c964081829680f6d1e3e64a userId=21 role=1] c.k.i.m.TaskUserMapper.selectList - <==      Total: 10
2026-07-05 18:41:39.185 [http-nio-8080-exec-9] DEBUG [traceId=7aa8147e4c964081829680f6d1e3e64a userId=21 role=1] c.k.i.m.ClassInfoMapper.selectById - ==>  Preparing: SELECT id,class_name,description,status,create_by,create_time,update_by,update_time FROM class_info WHERE id=?
2026-07-05 18:41:39.186 [http-nio-8080-exec-9] DEBUG [traceId=7aa8147e4c964081829680f6d1e3e64a userId=21 role=1] c.k.i.m.ClassInfoMapper.selectById - ==> Parameters: 8(Long)
2026-07-05 18:41:39.190 [http-nio-8080-exec-9] DEBUG [traceId=7aa8147e4c964081829680f6d1e3e64a userId=21 role=1] c.k.i.m.ClassInfoMapper.selectById - <==      Total: 1
2026-07-05 18:41:39.190 [http-nio-8080-exec-9] DEBUG [traceId=7aa8147e4c964081829680f6d1e3e64a userId=21 role=1] c.k.i.m.ClassInfoMapper.selectById - ==>  Preparing: SELECT id,class_name,description,status,create_by,create_time,update_by,update_time FROM class_info WHERE id=?
2026-07-05 18:41:39.191 [http-nio-8080-exec-9] DEBUG [traceId=7aa8147e4c964081829680f6d1e3e64a userId=21 role=1] c.k.i.m.ClassInfoMapper.selectById - ==> Parameters: 9(Long)
2026-07-05 18:41:39.193 [http-nio-8080-exec-9] DEBUG [traceId=7aa8147e4c964081829680f6d1e3e64a userId=21 role=1] c.k.i.m.ClassInfoMapper.selectById - <==      Total: 1
2026-07-05 18:41:39.197 [http-nio-8080-exec-9] DEBUG [traceId=7aa8147e4c964081829680f6d1e3e64a userId=21 role=1] c.k.i.m.TaskUserMapper.selectList - ==>  Preparing: SELECT id,task_id,user_id,status,start_time,finish_time,duration_minutes,remark,total_score,submit_time,create_by,create_time,update_by,update_time FROM task_user WHERE (task_id = ?)
2026-07-05 18:41:39.197 [http-nio-8080-exec-9] DEBUG [traceId=7aa8147e4c964081829680f6d1e3e64a userId=21 role=1] c.k.i.m.TaskUserMapper.selectList - ==> Parameters: 88(Long)
2026-07-05 18:41:39.200 [http-nio-8080-exec-9] DEBUG [traceId=7aa8147e4c964081829680f6d1e3e64a userId=21 role=1] c.k.i.m.TaskUserMapper.selectList - <==      Total: 10
2026-07-05 18:41:39.201 [http-nio-8080-exec-9] DEBUG [traceId=7aa8147e4c964081829680f6d1e3e64a userId=21 role=1] c.k.i.m.ClassInfoMapper.selectById - ==>  Preparing: SELECT id,class_name,description,status,create_by,create_time,update_by,update_time FROM class_info WHERE id=?
2026-07-05 18:41:39.201 [http-nio-8080-exec-9] DEBUG [traceId=7aa8147e4c964081829680f6d1e3e64a userId=21 role=1] c.k.i.m.ClassInfoMapper.selectById - ==> Parameters: 8(Long)
2026-07-05 18:41:39.203 [http-nio-8080-exec-9] DEBUG [traceId=7aa8147e4c964081829680f6d1e3e64a userId=21 role=1] c.k.i.m.ClassInfoMapper.selectById - <==      Total: 1
2026-07-05 18:41:39.204 [http-nio-8080-exec-9] DEBUG [traceId=7aa8147e4c964081829680f6d1e3e64a userId=21 role=1] c.k.i.m.ClassInfoMapper.selectById - ==>  Preparing: SELECT id,class_name,description,status,create_by,create_time,update_by,update_time FROM class_info WHERE id=?
2026-07-05 18:41:39.204 [http-nio-8080-exec-9] DEBUG [traceId=7aa8147e4c964081829680f6d1e3e64a userId=21 role=1] c.k.i.m.ClassInfoMapper.selectById - ==> Parameters: 9(Long)
2026-07-05 18:41:39.207 [http-nio-8080-exec-9] DEBUG [traceId=7aa8147e4c964081829680f6d1e3e64a userId=21 role=1] c.k.i.m.ClassInfoMapper.selectById - <==      Total: 1
2026-07-05 18:41:39.209 [http-nio-8080-exec-9] DEBUG [traceId=7aa8147e4c964081829680f6d1e3e64a userId=21 role=1] c.k.i.m.TaskUserMapper.selectList - ==>  Preparing: SELECT id,task_id,user_id,status,start_time,finish_time,duration_minutes,remark,total_score,submit_time,create_by,create_time,update_by,update_time FROM task_user WHERE (task_id = ?)
2026-07-05 18:41:39.210 [http-nio-8080-exec-9] DEBUG [traceId=7aa8147e4c964081829680f6d1e3e64a userId=21 role=1] c.k.i.m.TaskUserMapper.selectList - ==> Parameters: 81(Long)
2026-07-05 18:41:39.211 [http-nio-8080-exec-9] DEBUG [traceId=7aa8147e4c964081829680f6d1e3e64a userId=21 role=1] c.k.i.m.TaskUserMapper.selectList - <==      Total: 0
2026-07-05 18:41:39.214 [http-nio-8080-exec-9] DEBUG [traceId=7aa8147e4c964081829680f6d1e3e64a userId=21 role=1] c.k.i.m.TaskUserMapper.selectList - ==>  Preparing: SELECT id,task_id,user_id,status,start_time,finish_time,duration_minutes,remark,total_score,submit_time,create_by,create_time,update_by,update_time FROM task_user WHERE (task_id = ?)
2026-07-05 18:41:39.215 [http-nio-8080-exec-9] DEBUG [traceId=7aa8147e4c964081829680f6d1e3e64a userId=21 role=1] c.k.i.m.TaskUserMapper.selectList - ==> Parameters: 80(Long)
2026-07-05 18:41:39.218 [http-nio-8080-exec-9] DEBUG [traceId=7aa8147e4c964081829680f6d1e3e64a userId=21 role=1] c.k.i.m.TaskUserMapper.selectList - <==      Total: 7
2026-07-05 18:41:39.218 [http-nio-8080-exec-9] DEBUG [traceId=7aa8147e4c964081829680f6d1e3e64a userId=21 role=1] c.k.i.m.ClassInfoMapper.selectById - ==>  Preparing: SELECT id,class_name,description,status,create_by,create_time,update_by,update_time FROM class_info WHERE id=?
2026-07-05 18:41:39.219 [http-nio-8080-exec-9] DEBUG [traceId=7aa8147e4c964081829680f6d1e3e64a userId=21 role=1] c.k.i.m.ClassInfoMapper.selectById - ==> Parameters: 8(Long)
2026-07-05 18:41:39.220 [http-nio-8080-exec-9] DEBUG [traceId=7aa8147e4c964081829680f6d1e3e64a userId=21 role=1] c.k.i.m.ClassInfoMapper.selectById - <==      Total: 1
2026-07-05 18:41:39.222 [http-nio-8080-exec-9] INFO  [traceId=7aa8147e4c964081829680f6d1e3e64a userId=21 role=1] com.kg.interceptor.TraceIdFilter - HTTP_REQUEST_END method=POST uri=/task/page status=200 cost=149ms responseBody={"code":200,"message":"查询成功","data":{"total":68,"list":[{"id":95,"taskName":"每日复盘","taskType":"3","templateId":null,"roundNo":0,"isMandatory":1,"taskDescription":null,"taskStartTime":"2026-07-05 08:00:00","taskEndTime":"2026-07-05 23:59:00","priority":0,"classId":null,"targetType":1,"targetIds":"8,9,10","selectedClassList":[{"id":8,"className":"1班"},{"id":9,"className":"2班"},{"id":10,"className":"线上学习1班"}],"selectedStudentList":null,"completedCount":0,"uncompletedCount":11,"completionPercent":0,"createTime":"2026-07-05 18:12:39","planId":null,"planDate":null,"isRepeatTask":0,"status":1},{"id":94,"taskName":"每日打卡","taskType":"2","templateId":null,"roundNo":0,"isMandatory":1,"taskDescription":null,"taskStartTime":"2026-07-05 06:00:00","taskEndTime":"2026-07-05 23:59:00","priority":0,"classId":null,"targetType":1,"targetIds":"8,9,10","selectedClassList":[{"id":8,"className":"1班"},{"id":9,"className":"2班"},{"id":10,"className":"线上学习1班"}],"selectedStudentList":null,"completedCount":0,"uncompletedCount":11,"completionPercent":0,"createTime":"2026-07-05 18:12:39","planId":null,"planDate":null,"isRepeatTask":0,"status":1},{"id":93,"taskName":"每日复盘","taskType":"3","templateId":null,"roundNo":0,"isMandatory":1,"taskDescription":null,"taskStartTime":"2026-07-03 08:00:00","taskEndTime":"2026-07-03 23:59:00","priority":0,"classId":null,"targetType":1,"targetIds":"8,9,10","selectedClassList":[{"id":8,"className":"1班"},{"id":9,"className":"2班"},{"id":10,"className":"线上学习1班"}],"selectedStudentList":null,"completedCount":0,"uncompletedCount":11,"completionPercent":0,"createTime":"2026-07-03 08:46:13","planId":null,"planDate":null,"isRepeatTask":0,"status":1},{"id":92,"taskName":"每日打卡","taskType":"2","templateId":null,"roundNo":0,"isMandatory":1,"taskDescription":null,"taskStartTime":"2026-07-03 06:00:00","taskEndTime":"2026-07-03 23:59:00","priority":0,"classId":null,"targetType":1,"targetIds":"8,9,10","selectedClassList":[{"id":8,"className":"1班"},{"id":9,"className":"2班"},{"id":10,"className":"线上学习1班"}],"selectedStudentList":null,"completedCount":1,"uncompletedCount":10,"completionPercent":9,"createTime":"2026-07-03 08:46:13","planId":null,"planDate":null,"isRepeatTask":0,"status":1},{"id":91,"taskName":"26行政执法","taskType":"0","templateId":null,"roundNo":1,"isMandatory":1,"taskDescription":"全做","taskStartTime":"2026-07-02 00:00:00","taskEndTime":"2026-07-02 23:59:59","priority":0,"classId":null,"targetType":1,"targetIds":"10","selectedClassList":[{"id":10,"className":"线上学习1班"}],"selectedStudentList":null,"completedCount":0,"uncompletedCount":1,"completionPercent":0,"createTime":"2026-07-02 17:32:35","planId":null,"planDate":null,"isRepeatTask":0,"status":1},{"id":90,"taskName":"资料分析第一章，一般增长率","taskType":"1","templateId":null,"roundNo":1,"isMandatory":1,"taskDescription":"做完后再做1套资料","taskStartTime":"2026-07-02 00:00:00","taskEndTime":"2026-07-02 23:59:59","priority":0,"classId":null,"targetType":1,"targetIds":"10","selectedClassList":[{"id":10,"className":"线上学习1班"}],"selectedStudentList":null,"completedCount":1,"uncompletedCount":0,"completionPercent":100,"createTime":"2026-07-02 17:32:06","planId":null,"planDate":null,"isRepeatTask":0,"status":1},{"id":89,"taskName":"每日复盘","taskType":"3","templateId":null,"roundNo":0,"isMandatory":1,"taskDescription":null,"taskStartTime":"2026-07-02 08:00:00","taskEndTime":"2026-07-02 23:59:00","priority":0,"classId":null,"targetType":1,"targetIds":"8,9","selectedClassList":[{"id":8,"className":"1班"},{"id":9,"className":"2班"}],"selectedStudentList":null,"completedCount":0,"uncompletedCount":10,"completionPercent":0,"createTime":"2026-07-02 08:00:00","planId":null,"planDate":null,"isRepeatTask":0,"status":1},{"id":88,"taskName":"每日打卡","taskType":"2","templateId":null,"roundNo":0,"isMandatory":1,"taskDescription":null,"taskStartTime":"2026-07-02 06:00:00","taskEndTime":"2026-07-02 23:59:00","priority":0,"classId":null,"targetType":1,"targetIds":"8,9","selectedClassList":[{"id":8,"className":"1班"},{"id":9,"className":"2班"}],"selectedStudentList":null,"completedCount":1,"uncompletedCount":9,"completionPercent":10,"createTime":"2026-07-02 06:00:00","planId":null,"planDate":null,"isRepeatTask":0,"status":1},{"id":81,"taskName":"测试星期 07-01","taskType":"0","templateId":null,"roundNo":0,"isMandatory":1,"taskDescription":"","taskStartTime":"2026-07-01 00:00:00","taskEndTime":"2026-07-01 23:59:00","priority":0,"classId":null,"targetType":null,"targetIds":null,"selectedClassList":null,"selectedStudentList":null,"completedCount":0,"uncompletedCount":0,"completionPercent":0,"createTime":"2026-07-01 17:37:52","planId":2,"planDate":"2026-07-01","isRepeatTask":1,"status":1},{"id":80,"taskName":"测试重复任务 07-04","taskType":"0","templateId":null,"roundNo":0,"isMandatory":1,"taskDescription":"","taskStartTime":"2026-07-04 00:00:00","taskEndTime":"2026-07-04 23:59:00","priority":1,"classId":null,"targetType":1,"targetIds":"8","selectedClassList":[{"id":8,"className":"1班"}],"selectedStudentList":null,"completedCo...[TRUNCATED length=5151]
2026-07-05 18:43:48.675 [http-nio-8080-exec-3] INFO  [traceId=68836ebfa0064de5a48ad15a2a389109 userId= role=] com.kg.interceptor.TraceIdFilter - HTTP_REQUEST_START method=POST uri=/my-task/list query=null requestBody={"pageNum":1,"pageSize":10,"status":"0","startTimeBegin":"2026-07-01"} ip=0:0:0:0:0:0:0:1 userAgent=Mozilla/5.0 (Windows NT 10.0; Win64; x64) AppleWebKit/537.36 (KHTML, like Gecko) Chrome/123.0.0.0 Safari/537.36
2026-07-05 18:43:48.688 [http-nio-8080-exec-3] DEBUG [traceId=68836ebfa0064de5a48ad15a2a389109 userId= role=] c.k.i.m.SysUserMapper.selectById - ==>  Preparing: SELECT id,account,name,password,role,gender,email,phone,openid,description,teacher_remark,class_id,status,create_by,create_time,update_by,update_time FROM sys_user WHERE id=?
2026-07-05 18:43:48.689 [http-nio-8080-exec-3] DEBUG [traceId=68836ebfa0064de5a48ad15a2a389109 userId= role=] c.k.i.m.SysUserMapper.selectById - ==> Parameters: 29(Long)
2026-07-05 18:43:48.695 [http-nio-8080-exec-3] DEBUG [traceId=68836ebfa0064de5a48ad15a2a389109 userId= role=] c.k.i.m.SysUserMapper.selectById - <==      Total: 1
2026-07-05 18:43:48.697 [http-nio-8080-exec-3] DEBUG [traceId=68836ebfa0064de5a48ad15a2a389109 userId=29 role=2] c.k.i.mapper.MyTaskMapper.count - ==>  Preparing: SELECT COUNT(*) FROM task_user tu JOIN task t ON t.id = tu.task_id WHERE tu.user_id = ? AND tu.status = ? AND t.task_start_time >= ?
2026-07-05 18:43:48.697 [http-nio-8080-exec-3] DEBUG [traceId=68836ebfa0064de5a48ad15a2a389109 userId=29 role=2] c.k.i.mapper.MyTaskMapper.count - ==> Parameters: 29(Long), 0(String), 2026-07-01(String)
2026-07-05 18:43:48.707 [http-nio-8080-exec-3] DEBUG [traceId=68836ebfa0064de5a48ad15a2a389109 userId=29 role=2] c.k.i.mapper.MyTaskMapper.count - <==      Total: 1
2026-07-05 18:43:48.708 [http-nio-8080-exec-3] DEBUG [traceId=68836ebfa0064de5a48ad15a2a389109 userId=29 role=2] c.k.i.mapper.MyTaskMapper.page - ==>  Preparing: SELECT u.name AS task_create_name,t.round_no AS round_no,t.template_id AS template_id,t.id AS task_id, t.task_name, t.task_type, t.is_mandatory AS force_flag, t.task_description, t.priority, t.task_start_time AS start_time, t.task_end_time AS end_time, t.plan_id AS planId, t.plan_date AS planDate, t.is_repeat_task AS isRepeatTask, t.status AS taskStatus, tu.id AS task_user_id, tu.status, tu.total_score, tu.submit_time FROM task_user tu JOIN task t ON t.id = tu.task_id LEFT JOIN sys_user u ON u.id = t.create_by WHERE tu.user_id = ? AND tu.status = ? AND t.task_start_time >= ? ORDER BY t.create_time DESC LIMIT ?, ?
2026-07-05 18:43:48.709 [http-nio-8080-exec-3] DEBUG [traceId=68836ebfa0064de5a48ad15a2a389109 userId=29 role=2] c.k.i.mapper.MyTaskMapper.page - ==> Parameters: 29(Long), 0(String), 2026-07-01(String), 0(Integer), 10(Integer)
2026-07-05 18:43:48.713 [http-nio-8080-exec-3] DEBUG [traceId=68836ebfa0064de5a48ad15a2a389109 userId=29 role=2] c.k.i.mapper.MyTaskMapper.page - <==      Total: 8
2026-07-05 18:43:48.715 [http-nio-8080-exec-3] INFO  [traceId=68836ebfa0064de5a48ad15a2a389109 userId=29 role=2] com.kg.interceptor.TraceIdFilter - HTTP_REQUEST_END method=POST uri=/my-task/list status=200 cost=40ms responseBody={"code":200,"message":"查询成功","data":{"total":8,"list":[{"taskId":94,"taskName":"每日打卡","taskType":"2","forceFlag":1,"taskDescription":null,"priority":0,"startTime":"2026-07-05 06:00:00","endTime":"2026-07-05 23:59:00","status":"0","totalScore":null,"submitTime":null,"roundNo":0,"templateId":null,"planId":null,"planDate":null,"isRepeatTask":0,"taskStatus":1,"taskUserId":492,"taskCreateName":null},{"taskId":95,"taskName":"每日复盘","taskType":"3","forceFlag":1,"taskDescription":null,"priority":0,"startTime":"2026-07-05 08:00:00","endTime":"2026-07-05 23:59:00","status":"0","totalScore":null,"submitTime":null,"roundNo":0,"templateId":null,"planId":null,"planDate":null,"isRepeatTask":0,"taskStatus":1,"taskUserId":503,"taskCreateName":null},{"taskId":93,"taskName":"每日复盘","taskType":"3","forceFlag":1,"taskDescription":null,"priority":0,"startTime":"2026-07-03 08:00:00","endTime":"2026-07-03 23:59:00","status":"0","totalScore":null,"submitTime":null,"roundNo":0,"templateId":null,"planId":null,"planDate":null,"isRepeatTask":0,"taskStatus":1,"taskUserId":481,"taskCreateName":null},{"taskId":89,"taskName":"每日复盘","taskType":"3","forceFlag":1,"taskDescription":null,"priority":0,"startTime":"2026-07-02 08:00:00","endTime":"2026-07-02 23:59:00","status":"0","totalScore":null,"submitTime":null,"roundNo":0,"templateId":null,"planId":null,"planDate":null,"isRepeatTask":0,"taskStatus":1,"taskUserId":458,"taskCreateName":null},{"taskId":79,"taskName":"测试重复任务 07-03","taskType":"0","forceFlag":1,"taskDescription":"","priority":1,"startTime":"2026-07-03 00:00:00","endTime":"2026-07-03 23:59:00","status":"0","totalScore":null,"submitTime":null,"roundNo":0,"templateId":null,"planId":1,"planDate":"2026-07-03","isRepeatTask":1,"taskStatus":1,"taskUserId":431,"taskCreateName":"管理员"},{"taskId":80,"taskName":"测试重复任务 07-04","taskType":"0","forceFlag":1,"taskDescription":"","priority":1,"startTime":"2026-07-04 00:00:00","endTime":"2026-07-04 23:59:00","status":"0","totalScore":null,"submitTime":null,"roundNo":0,"templateId":null,"planId":1,"planDate":"2026-07-04","isRepeatTask":1,"taskStatus":1,"taskUserId":438,"taskCreateName":"管理员"},{"taskId":76,"taskName":"普通刷题任务测试","taskType":"0","forceFlag":1,"taskDescription":"","priority":1,"startTime":"2026-07-01 00:00:00","endTime":"2026-07-03 23:59:59","status":"0","totalScore":null,"submitTime":null,"roundNo":1,"templateId":null,"planId":null,"planDate":null,"isRepeatTask":0,"taskStatus":1,"taskUserId":410,"taskCreateName":"管理员"},{"taskId":75,"taskName":"每日复盘","taskType":"3","forceFlag":1,"taskDescription":null,"priority":0,"startTime":"2026-07-01 08:00:00","endTime":"2026-07-01 23:59:00","status":"0","totalScore":null,"submitTime":null,"roundNo":0,"templateId":null,"planId":null,"planDate":null,"isRepeatTask":0,"taskStatus":1,"taskUserId":403,"taskCreateName":null}]}}
2026-07-05 18:43:52.724 [http-nio-8080-exec-10] INFO  [traceId=6de9264e11204b9b8c3c542cfdb4b24f userId= role=] com.kg.interceptor.TraceIdFilter - HTTP_REQUEST_START method=POST uri=/my-task/list query=null requestBody={"pageNum":1,"pageSize":10,"status":"0"} ip=0:0:0:0:0:0:0:1 userAgent=Mozilla/5.0 (Windows NT 10.0; Win64; x64) AppleWebKit/537.36 (KHTML, like Gecko) Chrome/123.0.0.0 Safari/537.36
2026-07-05 18:43:52.734 [http-nio-8080-exec-10] DEBUG [traceId=6de9264e11204b9b8c3c542cfdb4b24f userId= role=] c.k.i.m.SysUserMapper.selectById - ==>  Preparing: SELECT id,account,name,password,role,gender,email,phone,openid,description,teacher_remark,class_id,status,create_by,create_time,update_by,update_time FROM sys_user WHERE id=?
2026-07-05 18:43:52.734 [http-nio-8080-exec-10] DEBUG [traceId=6de9264e11204b9b8c3c542cfdb4b24f userId= role=] c.k.i.m.SysUserMapper.selectById - ==> Parameters: 29(Long)
2026-07-05 18:43:52.735 [http-nio-8080-exec-10] DEBUG [traceId=6de9264e11204b9b8c3c542cfdb4b24f userId= role=] c.k.i.m.SysUserMapper.selectById - <==      Total: 1
2026-07-05 18:43:52.737 [http-nio-8080-exec-10] DEBUG [traceId=6de9264e11204b9b8c3c542cfdb4b24f userId=29 role=2] c.k.i.mapper.MyTaskMapper.count - ==>  Preparing: SELECT COUNT(*) FROM task_user tu JOIN task t ON t.id = tu.task_id WHERE tu.user_id = ? AND tu.status = ?
2026-07-05 18:43:52.739 [http-nio-8080-exec-10] DEBUG [traceId=6de9264e11204b9b8c3c542cfdb4b24f userId=29 role=2] c.k.i.mapper.MyTaskMapper.count - ==> Parameters: 29(Long), 0(String)
2026-07-05 18:43:52.740 [http-nio-8080-exec-10] DEBUG [traceId=6de9264e11204b9b8c3c542cfdb4b24f userId=29 role=2] c.k.i.mapper.MyTaskMapper.count - <==      Total: 1
2026-07-05 18:43:52.741 [http-nio-8080-exec-10] DEBUG [traceId=6de9264e11204b9b8c3c542cfdb4b24f userId=29 role=2] c.k.i.mapper.MyTaskMapper.page - ==>  Preparing: SELECT u.name AS task_create_name,t.round_no AS round_no,t.template_id AS template_id,t.id AS task_id, t.task_name, t.task_type, t.is_mandatory AS force_flag, t.task_description, t.priority, t.task_start_time AS start_time, t.task_end_time AS end_time, t.plan_id AS planId, t.plan_date AS planDate, t.is_repeat_task AS isRepeatTask, t.status AS taskStatus, tu.id AS task_user_id, tu.status, tu.total_score, tu.submit_time FROM task_user tu JOIN task t ON t.id = tu.task_id LEFT JOIN sys_user u ON u.id = t.create_by WHERE tu.user_id = ? AND tu.status = ? ORDER BY t.create_time DESC LIMIT ?, ?
2026-07-05 18:43:52.742 [http-nio-8080-exec-10] DEBUG [traceId=6de9264e11204b9b8c3c542cfdb4b24f userId=29 role=2] c.k.i.mapper.MyTaskMapper.page - ==> Parameters: 29(Long), 0(String), 0(Integer), 10(Integer)
2026-07-05 18:43:52.746 [http-nio-8080-exec-10] DEBUG [traceId=6de9264e11204b9b8c3c542cfdb4b24f userId=29 role=2] c.k.i.mapper.MyTaskMapper.page - <==      Total: 10
2026-07-05 18:43:52.747 [http-nio-8080-exec-10] INFO  [traceId=6de9264e11204b9b8c3c542cfdb4b24f userId=29 role=2] com.kg.interceptor.TraceIdFilter - HTTP_REQUEST_END method=POST uri=/my-task/list status=200 cost=23ms responseBody={"code":200,"message":"查询成功","data":{"total":31,"list":[{"taskId":94,"taskName":"每日打卡","taskType":"2","forceFlag":1,"taskDescription":null,"priority":0,"startTime":"2026-07-05 06:00:00","endTime":"2026-07-05 23:59:00","status":"0","totalScore":null,"submitTime":null,"roundNo":0,"templateId":null,"planId":null,"planDate":null,"isRepeatTask":0,"taskStatus":1,"taskUserId":492,"taskCreateName":null},{"taskId":95,"taskName":"每日复盘","taskType":"3","forceFlag":1,"taskDescription":null,"priority":0,"startTime":"2026-07-05 08:00:00","endTime":"2026-07-05 23:59:00","status":"0","totalScore":null,"submitTime":null,"roundNo":0,"templateId":null,"planId":null,"planDate":null,"isRepeatTask":0,"taskStatus":1,"taskUserId":503,"taskCreateName":null},{"taskId":93,"taskName":"每日复盘","taskType":"3","forceFlag":1,"taskDescription":null,"priority":0,"startTime":"2026-07-03 08:00:00","endTime":"2026-07-03 23:59:00","status":"0","totalScore":null,"submitTime":null,"roundNo":0,"templateId":null,"planId":null,"planDate":null,"isRepeatTask":0,"taskStatus":1,"taskUserId":481,"taskCreateName":null},{"taskId":89,"taskName":"每日复盘","taskType":"3","forceFlag":1,"taskDescription":null,"priority":0,"startTime":"2026-07-02 08:00:00","endTime":"2026-07-02 23:59:00","status":"0","totalScore":null,"submitTime":null,"roundNo":0,"templateId":null,"planId":null,"planDate":null,"isRepeatTask":0,"taskStatus":1,"taskUserId":458,"taskCreateName":null},{"taskId":79,"taskName":"测试重复任务 07-03","taskType":"0","forceFlag":1,"taskDescription":"","priority":1,"startTime":"2026-07-03 00:00:00","endTime":"2026-07-03 23:59:00","status":"0","totalScore":null,"submitTime":null,"roundNo":0,"templateId":null,"planId":1,"planDate":"2026-07-03","isRepeatTask":1,"taskStatus":1,"taskUserId":431,"taskCreateName":"管理员"},{"taskId":80,"taskName":"测试重复任务 07-04","taskType":"0","forceFlag":1,"taskDescription":"","priority":1,"startTime":"2026-07-04 00:00:00","endTime":"2026-07-04 23:59:00","status":"0","totalScore":null,"submitTime":null,"roundNo":0,"templateId":null,"planId":1,"planDate":"2026-07-04","isRepeatTask":1,"taskStatus":1,"taskUserId":438,"taskCreateName":"管理员"},{"taskId":76,"taskName":"普通刷题任务测试","taskType":"0","forceFlag":1,"taskDescription":"","priority":1,"startTime":"2026-07-01 00:00:00","endTime":"2026-07-03 23:59:59","status":"0","totalScore":null,"submitTime":null,"roundNo":1,"templateId":null,"planId":null,"planDate":null,"isRepeatTask":0,"taskStatus":1,"taskUserId":410,"taskCreateName":"管理员"},{"taskId":75,"taskName":"每日复盘","taskType":"3","forceFlag":1,"taskDescription":null,"priority":0,"startTime":"2026-07-01 08:00:00","endTime":"2026-07-01 23:59:00","status":"0","totalScore":null,"submitTime":null,"roundNo":0,"templateId":null,"planId":null,"planDate":null,"isRepeatTask":0,"taskStatus":1,"taskUserId":403,"taskCreateName":null},{"taskId":73,"taskName":"测试班级任务","taskType":"0","forceFlag":1,"taskDescription":"","priority":1,"startTime":"2026-06-29 00:00:00","endTime":"2026-06-30 23:59:59","status":"0","totalScore":null,"submitTime":null,"roundNo":1,"templateId":null,"planId":null,"planDate":null,"isRepeatTask":0,"taskStatus":1,"taskUserId":383,"taskCreateName":"杨少伟"},{"taskId":72,"taskName":"每日复盘","taskType":"3","forceFlag":1,"taskDescription":null,"priority":0,"startTime":"2026-06-29 08:00:00","endTime":"2026-06-29 23:59:00","status":"0","totalScore":null,"submitTime":null,"roundNo":0,"templateId":null,"planId":null,"planDate":null,"isRepeatTask":0,"taskStatus":1,"taskUserId":376,"taskCreateName":null}]}}
2026-07-05 18:43:58.971 [http-nio-8080-exec-7] INFO  [traceId=e20c01852df5444a82b780f0a42b5d17 userId= role=] com.kg.interceptor.TraceIdFilter - HTTP_REQUEST_START method=GET uri=/dict/group/task_type query=null requestBody= ip=0:0:0:0:0:0:0:1 userAgent=Mozilla/5.0 (Windows NT 10.0; Win64; x64) AppleWebKit/537.36 (KHTML, like Gecko) Chrome/123.0.0.0 Safari/537.36
2026-07-05 18:43:58.981 [http-nio-8080-exec-7] DEBUG [traceId=e20c01852df5444a82b780f0a42b5d17 userId= role=] c.k.i.m.SysUserMapper.selectById - ==>  Preparing: SELECT id,account,name,password,role,gender,email,phone,openid,description,teacher_remark,class_id,status,create_by,create_time,update_by,update_time FROM sys_user WHERE id=?
2026-07-05 18:43:58.981 [http-nio-8080-exec-7] DEBUG [traceId=e20c01852df5444a82b780f0a42b5d17 userId= role=] c.k.i.m.SysUserMapper.selectById - ==> Parameters: 29(Long)
2026-07-05 18:43:58.983 [http-nio-8080-exec-7] DEBUG [traceId=e20c01852df5444a82b780f0a42b5d17 userId= role=] c.k.i.m.SysUserMapper.selectById - <==      Total: 1
2026-07-05 18:43:58.987 [http-nio-8080-exec-7] DEBUG [traceId=e20c01852df5444a82b780f0a42b5d17 userId=29 role=2] c.k.i.mapper.DictMapper.selectList - ==>  Preparing: SELECT id,dict_code,dict_name,dict_label,dict_value,display_color,sort_no,status,create_by,create_time,update_by,update_time FROM sys_dict WHERE (dict_code = ?) ORDER BY sort_no ASC
2026-07-05 18:43:58.988 [http-nio-8080-exec-7] DEBUG [traceId=e20c01852df5444a82b780f0a42b5d17 userId=29 role=2] c.k.i.mapper.DictMapper.selectList - ==> Parameters: task_type(String)
2026-07-05 18:43:58.994 [http-nio-8080-exec-7] DEBUG [traceId=e20c01852df5444a82b780f0a42b5d17 userId=29 role=2] c.k.i.mapper.DictMapper.selectList - <==      Total: 4
2026-07-05 18:43:58.997 [http-nio-8080-exec-7] INFO  [traceId=e20c01852df5444a82b780f0a42b5d17 userId=29 role=2] com.kg.interceptor.TraceIdFilter - HTTP_REQUEST_END method=GET uri=/dict/group/task_type status=200 cost=26ms responseBody={"code":200,"message":"查询成功","data":{"dictCode":"task_type","dictName":"任务类型","items":[{"dictValue":"0","dictLabel":"刷题","sortNo":0,"status":1,"displayColor":"#ff6f00"},{"dictValue":"1","dictLabel":"学习","sortNo":1,"status":1,"displayColor":"#f7ff00"},{"dictValue":"2","dictLabel":"打卡","sortNo":2,"status":1,"displayColor":"#66ff00"},{"dictValue":"3","dictLabel":"每日复盘","sortNo":3,"status":1,"displayColor":"#00bfff"}]}}
2026-07-05 18:43:59.057 [http-nio-8080-exec-1] INFO  [traceId=7d22f97d1dff4f4fa7c588a6700a6a30 userId= role=] com.kg.interceptor.TraceIdFilter - HTTP_REQUEST_START method=GET uri=/class/options query=null requestBody= ip=0:0:0:0:0:0:0:1 userAgent=Mozilla/5.0 (Windows NT 10.0; Win64; x64) AppleWebKit/537.36 (KHTML, like Gecko) Chrome/123.0.0.0 Safari/537.36
2026-07-05 18:43:59.057 [http-nio-8080-exec-4] INFO  [traceId=a0d3b75bbeab4beeb43fa299eef7c437 userId= role=] com.kg.interceptor.TraceIdFilter - HTTP_REQUEST_START method=POST uri=/task/page query=null requestBody={"pageNum":1,"pageSize":10} ip=0:0:0:0:0:0:0:1 userAgent=Mozilla/5.0 (Windows NT 10.0; Win64; x64) AppleWebKit/537.36 (KHTML, like Gecko) Chrome/123.0.0.0 Safari/537.36
2026-07-05 18:43:59.058 [http-nio-8080-exec-2] INFO  [traceId=a2ad0d2bb2fe4446b26f9863973f3ac9 userId= role=] com.kg.interceptor.TraceIdFilter - HTTP_REQUEST_START method=GET uri=/class/student-options query=null requestBody= ip=0:0:0:0:0:0:0:1 userAgent=Mozilla/5.0 (Windows NT 10.0; Win64; x64) AppleWebKit/537.36 (KHTML, like Gecko) Chrome/123.0.0.0 Safari/537.36
2026-07-05 18:43:59.072 [http-nio-8080-exec-4] DEBUG [traceId=a0d3b75bbeab4beeb43fa299eef7c437 userId= role=] c.k.i.m.SysUserMapper.selectById - ==>  Preparing: SELECT id,account,name,password,role,gender,email,phone,openid,description,teacher_remark,class_id,status,create_by,create_time,update_by,update_time FROM sys_user WHERE id=?
2026-07-05 18:43:59.072 [http-nio-8080-exec-1] DEBUG [traceId=7d22f97d1dff4f4fa7c588a6700a6a30 userId= role=] c.k.i.m.SysUserMapper.selectById - ==>  Preparing: SELECT id,account,name,password,role,gender,email,phone,openid,description,teacher_remark,class_id,status,create_by,create_time,update_by,update_time FROM sys_user WHERE id=?
2026-07-05 18:43:59.074 [http-nio-8080-exec-4] DEBUG [traceId=a0d3b75bbeab4beeb43fa299eef7c437 userId= role=] c.k.i.m.SysUserMapper.selectById - ==> Parameters: 29(Long)
2026-07-05 18:43:59.074 [http-nio-8080-exec-1] DEBUG [traceId=7d22f97d1dff4f4fa7c588a6700a6a30 userId= role=] c.k.i.m.SysUserMapper.selectById - ==> Parameters: 29(Long)
2026-07-05 18:43:59.074 [http-nio-8080-exec-2] DEBUG [traceId=a2ad0d2bb2fe4446b26f9863973f3ac9 userId= role=] c.k.i.m.SysUserMapper.selectById - ==>  Preparing: SELECT id,account,name,password,role,gender,email,phone,openid,description,teacher_remark,class_id,status,create_by,create_time,update_by,update_time FROM sys_user WHERE id=?
2026-07-05 18:43:59.075 [http-nio-8080-exec-2] DEBUG [traceId=a2ad0d2bb2fe4446b26f9863973f3ac9 userId= role=] c.k.i.m.SysUserMapper.selectById - ==> Parameters: 29(Long)
2026-07-05 18:43:59.078 [http-nio-8080-exec-1] DEBUG [traceId=7d22f97d1dff4f4fa7c588a6700a6a30 userId= role=] c.k.i.m.SysUserMapper.selectById - <==      Total: 1
2026-07-05 18:43:59.083 [http-nio-8080-exec-4] DEBUG [traceId=a0d3b75bbeab4beeb43fa299eef7c437 userId= role=] c.k.i.m.SysUserMapper.selectById - <==      Total: 1
2026-07-05 18:43:59.083 [http-nio-8080-exec-2] DEBUG [traceId=a2ad0d2bb2fe4446b26f9863973f3ac9 userId= role=] c.k.i.m.SysUserMapper.selectById - <==      Total: 1
2026-07-05 18:43:59.084 [http-nio-8080-exec-1] DEBUG [traceId=7d22f97d1dff4f4fa7c588a6700a6a30 userId=29 role=2] c.k.i.m.ClassInfoMapper.selectList - ==>  Preparing: SELECT id,class_name,description,status,create_by,create_time,update_by,update_time FROM class_info WHERE (status = ?) ORDER BY class_name ASC
2026-07-05 18:43:59.086 [http-nio-8080-exec-1] DEBUG [traceId=7d22f97d1dff4f4fa7c588a6700a6a30 userId=29 role=2] c.k.i.m.ClassInfoMapper.selectList - ==> Parameters: 1(Integer)
2026-07-05 18:43:59.094 [http-nio-8080-exec-1] DEBUG [traceId=7d22f97d1dff4f4fa7c588a6700a6a30 userId=29 role=2] c.k.i.m.ClassInfoMapper.selectList - <==      Total: 3
2026-07-05 18:43:59.096 [http-nio-8080-exec-1] INFO  [traceId=7d22f97d1dff4f4fa7c588a6700a6a30 userId=29 role=2] com.kg.interceptor.TraceIdFilter - HTTP_REQUEST_END method=GET uri=/class/options status=200 cost=39ms responseBody={"code":200,"message":"查询成功","data":[{"id":8,"className":"1班"},{"id":9,"className":"2班"},{"id":10,"className":"线上学习1班"}]}
2026-07-05 18:43:59.099 [http-nio-8080-exec-2] DEBUG [traceId=a2ad0d2bb2fe4446b26f9863973f3ac9 userId=29 role=2] c.k.i.m.SysUserMapper.selectList - ==>  Preparing: SELECT id,account,name,password,role,gender,email,phone,openid,description,teacher_remark,class_id,status,create_by,create_time,update_by,update_time FROM sys_user WHERE (class_id = ?)
2026-07-05 18:43:59.101 [http-nio-8080-exec-2] DEBUG [traceId=a2ad0d2bb2fe4446b26f9863973f3ac9 userId=29 role=2] c.k.i.m.SysUserMapper.selectList - ==> Parameters: 8(Long)
2026-07-05 18:43:59.105 [http-nio-8080-exec-2] DEBUG [traceId=a2ad0d2bb2fe4446b26f9863973f3ac9 userId=29 role=2] c.k.i.m.SysUserMapper.selectList - <==      Total: 7
2026-07-05 18:43:59.111 [http-nio-8080-exec-2] INFO  [traceId=a2ad0d2bb2fe4446b26f9863973f3ac9 userId=29 role=2] com.kg.interceptor.TraceIdFilter - HTTP_REQUEST_END method=GET uri=/class/student-options status=200 cost=53ms responseBody={"code":200,"message":"查询成功","data":[{"id":23,"name":"张三","classId":8},{"id":25,"name":"王五","classId":8},{"id":28,"name":"赵八","classId":8},{"id":29,"name":"杨少伟","classId":8},{"id":30,"name":"测试新增用户任务","classId":8},{"id":31,"name":"11","classId":8},{"id":32,"name":"11","classId":8}]}
2026-07-05 18:43:59.117 [http-nio-8080-exec-4] DEBUG [traceId=a0d3b75bbeab4beeb43fa299eef7c437 userId=29 role=2] c.k.i.mapper.TaskMapper.selectList - ==>  Preparing: SELECT id,task_name,task_type,template_id,round_no,is_mandatory,task_description,task_start_time,task_end_time,priority,class_id,target_type,target_ids,plan_id,plan_date,is_repeat_task,status,create_by,create_time,update_by,update_time FROM task WHERE ((status = ? OR status IS NULL) AND ((target_type = ? AND FIND_IN_SET(?, target_ids)) OR create_by = ?)) ORDER BY id DESC LIMIT 0,10000
2026-07-05 18:43:59.118 [http-nio-8080-exec-4] DEBUG [traceId=a0d3b75bbeab4beeb43fa299eef7c437 userId=29 role=2] c.k.i.mapper.TaskMapper.selectList - ==> Parameters: 1(Integer), 1(Integer), 8(Long), 29(Long)
2026-07-05 18:43:59.128 [http-nio-8080-exec-4] DEBUG [traceId=a0d3b75bbeab4beeb43fa299eef7c437 userId=29 role=2] c.k.i.mapper.TaskMapper.selectList - <==      Total: 51
2026-07-05 18:43:59.133 [http-nio-8080-exec-4] DEBUG [traceId=a0d3b75bbeab4beeb43fa299eef7c437 userId=29 role=2] c.k.i.m.TaskUserMapper.selectList - ==>  Preparing: SELECT id,task_id,user_id,status,start_time,finish_time,duration_minutes,remark,total_score,submit_time,create_by,create_time,update_by,update_time FROM task_user WHERE (task_id = ?)
2026-07-05 18:43:59.133 [http-nio-8080-exec-4] DEBUG [traceId=a0d3b75bbeab4beeb43fa299eef7c437 userId=29 role=2] c.k.i.m.TaskUserMapper.selectList - ==> Parameters: 95(Long)
2026-07-05 18:43:59.139 [http-nio-8080-exec-4] DEBUG [traceId=a0d3b75bbeab4beeb43fa299eef7c437 userId=29 role=2] c.k.i.m.TaskUserMapper.selectList - <==      Total: 11
2026-07-05 18:43:59.139 [http-nio-8080-exec-4] DEBUG [traceId=a0d3b75bbeab4beeb43fa299eef7c437 userId=29 role=2] c.k.i.m.ClassInfoMapper.selectById - ==>  Preparing: SELECT id,class_name,description,status,create_by,create_time,update_by,update_time FROM class_info WHERE id=?
2026-07-05 18:43:59.140 [http-nio-8080-exec-4] DEBUG [traceId=a0d3b75bbeab4beeb43fa299eef7c437 userId=29 role=2] c.k.i.m.ClassInfoMapper.selectById - ==> Parameters: 8(Long)
2026-07-05 18:43:59.144 [http-nio-8080-exec-4] DEBUG [traceId=a0d3b75bbeab4beeb43fa299eef7c437 userId=29 role=2] c.k.i.m.ClassInfoMapper.selectById - <==      Total: 1
2026-07-05 18:43:59.146 [http-nio-8080-exec-4] DEBUG [traceId=a0d3b75bbeab4beeb43fa299eef7c437 userId=29 role=2] c.k.i.m.ClassInfoMapper.selectById - ==>  Preparing: SELECT id,class_name,description,status,create_by,create_time,update_by,update_time FROM class_info WHERE id=?
2026-07-05 18:43:59.146 [http-nio-8080-exec-4] DEBUG [traceId=a0d3b75bbeab4beeb43fa299eef7c437 userId=29 role=2] c.k.i.m.ClassInfoMapper.selectById - ==> Parameters: 9(Long)
2026-07-05 18:43:59.148 [http-nio-8080-exec-4] DEBUG [traceId=a0d3b75bbeab4beeb43fa299eef7c437 userId=29 role=2] c.k.i.m.ClassInfoMapper.selectById - <==      Total: 1
2026-07-05 18:43:59.148 [http-nio-8080-exec-4] DEBUG [traceId=a0d3b75bbeab4beeb43fa299eef7c437 userId=29 role=2] c.k.i.m.ClassInfoMapper.selectById - ==>  Preparing: SELECT id,class_name,description,status,create_by,create_time,update_by,update_time FROM class_info WHERE id=?
2026-07-05 18:43:59.148 [http-nio-8080-exec-4] DEBUG [traceId=a0d3b75bbeab4beeb43fa299eef7c437 userId=29 role=2] c.k.i.m.ClassInfoMapper.selectById - ==> Parameters: 10(Long)
2026-07-05 18:43:59.149 [http-nio-8080-exec-4] DEBUG [traceId=a0d3b75bbeab4beeb43fa299eef7c437 userId=29 role=2] c.k.i.m.ClassInfoMapper.selectById - <==      Total: 1
2026-07-05 18:43:59.154 [http-nio-8080-exec-4] DEBUG [traceId=a0d3b75bbeab4beeb43fa299eef7c437 userId=29 role=2] c.k.i.m.TaskUserMapper.selectList - ==>  Preparing: SELECT id,task_id,user_id,status,start_time,finish_time,duration_minutes,remark,total_score,submit_time,create_by,create_time,update_by,update_time FROM task_user WHERE (task_id = ?)
2026-07-05 18:43:59.154 [http-nio-8080-exec-4] DEBUG [traceId=a0d3b75bbeab4beeb43fa299eef7c437 userId=29 role=2] c.k.i.m.TaskUserMapper.selectList - ==> Parameters: 94(Long)
2026-07-05 18:43:59.156 [http-nio-8080-exec-4] DEBUG [traceId=a0d3b75bbeab4beeb43fa299eef7c437 userId=29 role=2] c.k.i.m.TaskUserMapper.selectList - <==      Total: 11
2026-07-05 18:43:59.157 [http-nio-8080-exec-4] DEBUG [traceId=a0d3b75bbeab4beeb43fa299eef7c437 userId=29 role=2] c.k.i.m.ClassInfoMapper.selectById - ==>  Preparing: SELECT id,class_name,description,status,create_by,create_time,update_by,update_time FROM class_info WHERE id=?
2026-07-05 18:43:59.157 [http-nio-8080-exec-4] DEBUG [traceId=a0d3b75bbeab4beeb43fa299eef7c437 userId=29 role=2] c.k.i.m.ClassInfoMapper.selectById - ==> Parameters: 8(Long)
2026-07-05 18:43:59.158 [http-nio-8080-exec-4] DEBUG [traceId=a0d3b75bbeab4beeb43fa299eef7c437 userId=29 role=2] c.k.i.m.ClassInfoMapper.selectById - <==      Total: 1
2026-07-05 18:43:59.159 [http-nio-8080-exec-4] DEBUG [traceId=a0d3b75bbeab4beeb43fa299eef7c437 userId=29 role=2] c.k.i.m.ClassInfoMapper.selectById - ==>  Preparing: SELECT id,class_name,description,status,create_by,create_time,update_by,update_time FROM class_info WHERE id=?
2026-07-05 18:43:59.159 [http-nio-8080-exec-4] DEBUG [traceId=a0d3b75bbeab4beeb43fa299eef7c437 userId=29 role=2] c.k.i.m.ClassInfoMapper.selectById - ==> Parameters: 9(Long)
2026-07-05 18:43:59.162 [http-nio-8080-exec-4] DEBUG [traceId=a0d3b75bbeab4beeb43fa299eef7c437 userId=29 role=2] c.k.i.m.ClassInfoMapper.selectById - <==      Total: 1
2026-07-05 18:43:59.162 [http-nio-8080-exec-4] DEBUG [traceId=a0d3b75bbeab4beeb43fa299eef7c437 userId=29 role=2] c.k.i.m.ClassInfoMapper.selectById - ==>  Preparing: SELECT id,class_name,description,status,create_by,create_time,update_by,update_time FROM class_info WHERE id=?
2026-07-05 18:43:59.162 [http-nio-8080-exec-4] DEBUG [traceId=a0d3b75bbeab4beeb43fa299eef7c437 userId=29 role=2] c.k.i.m.ClassInfoMapper.selectById - ==> Parameters: 10(Long)
2026-07-05 18:43:59.165 [http-nio-8080-exec-4] DEBUG [traceId=a0d3b75bbeab4beeb43fa299eef7c437 userId=29 role=2] c.k.i.m.ClassInfoMapper.selectById - <==      Total: 1
2026-07-05 18:43:59.168 [http-nio-8080-exec-4] DEBUG [traceId=a0d3b75bbeab4beeb43fa299eef7c437 userId=29 role=2] c.k.i.m.TaskUserMapper.selectList - ==>  Preparing: SELECT id,task_id,user_id,status,start_time,finish_time,duration_minutes,remark,total_score,submit_time,create_by,create_time,update_by,update_time FROM task_user WHERE (task_id = ?)
2026-07-05 18:43:59.168 [http-nio-8080-exec-4] DEBUG [traceId=a0d3b75bbeab4beeb43fa299eef7c437 userId=29 role=2] c.k.i.m.TaskUserMapper.selectList - ==> Parameters: 93(Long)
2026-07-05 18:43:59.170 [http-nio-8080-exec-4] DEBUG [traceId=a0d3b75bbeab4beeb43fa299eef7c437 userId=29 role=2] c.k.i.m.TaskUserMapper.selectList - <==      Total: 11
2026-07-05 18:43:59.171 [http-nio-8080-exec-4] DEBUG [traceId=a0d3b75bbeab4beeb43fa299eef7c437 userId=29 role=2] c.k.i.m.ClassInfoMapper.selectById - ==>  Preparing: SELECT id,class_name,description,status,create_by,create_time,update_by,update_time FROM class_info WHERE id=?
2026-07-05 18:43:59.171 [http-nio-8080-exec-4] DEBUG [traceId=a0d3b75bbeab4beeb43fa299eef7c437 userId=29 role=2] c.k.i.m.ClassInfoMapper.selectById - ==> Parameters: 8(Long)
2026-07-05 18:43:59.171 [http-nio-8080-exec-4] DEBUG [traceId=a0d3b75bbeab4beeb43fa299eef7c437 userId=29 role=2] c.k.i.m.ClassInfoMapper.selectById - <==      Total: 1
2026-07-05 18:43:59.173 [http-nio-8080-exec-4] DEBUG [traceId=a0d3b75bbeab4beeb43fa299eef7c437 userId=29 role=2] c.k.i.m.ClassInfoMapper.selectById - ==>  Preparing: SELECT id,class_name,description,status,create_by,create_time,update_by,update_time FROM class_info WHERE id=?
2026-07-05 18:43:59.173 [http-nio-8080-exec-4] DEBUG [traceId=a0d3b75bbeab4beeb43fa299eef7c437 userId=29 role=2] c.k.i.m.ClassInfoMapper.selectById - ==> Parameters: 9(Long)
2026-07-05 18:43:59.174 [http-nio-8080-exec-4] DEBUG [traceId=a0d3b75bbeab4beeb43fa299eef7c437 userId=29 role=2] c.k.i.m.ClassInfoMapper.selectById - <==      Total: 1
2026-07-05 18:43:59.175 [http-nio-8080-exec-4] DEBUG [traceId=a0d3b75bbeab4beeb43fa299eef7c437 userId=29 role=2] c.k.i.m.ClassInfoMapper.selectById - ==>  Preparing: SELECT id,class_name,description,status,create_by,create_time,update_by,update_time FROM class_info WHERE id=?
2026-07-05 18:43:59.175 [http-nio-8080-exec-4] DEBUG [traceId=a0d3b75bbeab4beeb43fa299eef7c437 userId=29 role=2] c.k.i.m.ClassInfoMapper.selectById - ==> Parameters: 10(Long)
2026-07-05 18:43:59.176 [http-nio-8080-exec-4] DEBUG [traceId=a0d3b75bbeab4beeb43fa299eef7c437 userId=29 role=2] c.k.i.m.ClassInfoMapper.selectById - <==      Total: 1
2026-07-05 18:43:59.177 [http-nio-8080-exec-4] DEBUG [traceId=a0d3b75bbeab4beeb43fa299eef7c437 userId=29 role=2] c.k.i.m.TaskUserMapper.selectList - ==>  Preparing: SELECT id,task_id,user_id,status,start_time,finish_time,duration_minutes,remark,total_score,submit_time,create_by,create_time,update_by,update_time FROM task_user WHERE (task_id = ?)
2026-07-05 18:43:59.177 [http-nio-8080-exec-4] DEBUG [traceId=a0d3b75bbeab4beeb43fa299eef7c437 userId=29 role=2] c.k.i.m.TaskUserMapper.selectList - ==> Parameters: 92(Long)
2026-07-05 18:43:59.180 [http-nio-8080-exec-4] DEBUG [traceId=a0d3b75bbeab4beeb43fa299eef7c437 userId=29 role=2] c.k.i.m.TaskUserMapper.selectList - <==      Total: 11
2026-07-05 18:43:59.180 [http-nio-8080-exec-4] DEBUG [traceId=a0d3b75bbeab4beeb43fa299eef7c437 userId=29 role=2] c.k.i.m.ClassInfoMapper.selectById - ==>  Preparing: SELECT id,class_name,description,status,create_by,create_time,update_by,update_time FROM class_info WHERE id=?
2026-07-05 18:43:59.180 [http-nio-8080-exec-4] DEBUG [traceId=a0d3b75bbeab4beeb43fa299eef7c437 userId=29 role=2] c.k.i.m.ClassInfoMapper.selectById - ==> Parameters: 8(Long)
2026-07-05 18:43:59.182 [http-nio-8080-exec-4] DEBUG [traceId=a0d3b75bbeab4beeb43fa299eef7c437 userId=29 role=2] c.k.i.m.ClassInfoMapper.selectById - <==      Total: 1
2026-07-05 18:43:59.182 [http-nio-8080-exec-4] DEBUG [traceId=a0d3b75bbeab4beeb43fa299eef7c437 userId=29 role=2] c.k.i.m.ClassInfoMapper.selectById - ==>  Preparing: SELECT id,class_name,description,status,create_by,create_time,update_by,update_time FROM class_info WHERE id=?
2026-07-05 18:43:59.183 [http-nio-8080-exec-4] DEBUG [traceId=a0d3b75bbeab4beeb43fa299eef7c437 userId=29 role=2] c.k.i.m.ClassInfoMapper.selectById - ==> Parameters: 9(Long)
2026-07-05 18:43:59.184 [http-nio-8080-exec-4] DEBUG [traceId=a0d3b75bbeab4beeb43fa299eef7c437 userId=29 role=2] c.k.i.m.ClassInfoMapper.selectById - <==      Total: 1
2026-07-05 18:43:59.184 [http-nio-8080-exec-4] DEBUG [traceId=a0d3b75bbeab4beeb43fa299eef7c437 userId=29 role=2] c.k.i.m.ClassInfoMapper.selectById - ==>  Preparing: SELECT id,class_name,description,status,create_by,create_time,update_by,update_time FROM class_info WHERE id=?
2026-07-05 18:43:59.184 [http-nio-8080-exec-4] DEBUG [traceId=a0d3b75bbeab4beeb43fa299eef7c437 userId=29 role=2] c.k.i.m.ClassInfoMapper.selectById - ==> Parameters: 10(Long)
2026-07-05 18:43:59.186 [http-nio-8080-exec-4] DEBUG [traceId=a0d3b75bbeab4beeb43fa299eef7c437 userId=29 role=2] c.k.i.m.ClassInfoMapper.selectById - <==      Total: 1
2026-07-05 18:43:59.188 [http-nio-8080-exec-4] DEBUG [traceId=a0d3b75bbeab4beeb43fa299eef7c437 userId=29 role=2] c.k.i.m.TaskUserMapper.selectList - ==>  Preparing: SELECT id,task_id,user_id,status,start_time,finish_time,duration_minutes,remark,total_score,submit_time,create_by,create_time,update_by,update_time FROM task_user WHERE (task_id = ?)
2026-07-05 18:43:59.188 [http-nio-8080-exec-4] DEBUG [traceId=a0d3b75bbeab4beeb43fa299eef7c437 userId=29 role=2] c.k.i.m.TaskUserMapper.selectList - ==> Parameters: 89(Long)
2026-07-05 18:43:59.189 [http-nio-8080-exec-4] DEBUG [traceId=a0d3b75bbeab4beeb43fa299eef7c437 userId=29 role=2] c.k.i.m.TaskUserMapper.selectList - <==      Total: 10
2026-07-05 18:43:59.190 [http-nio-8080-exec-4] DEBUG [traceId=a0d3b75bbeab4beeb43fa299eef7c437 userId=29 role=2] c.k.i.m.ClassInfoMapper.selectById - ==>  Preparing: SELECT id,class_name,description,status,create_by,create_time,update_by,update_time FROM class_info WHERE id=?
2026-07-05 18:43:59.191 [http-nio-8080-exec-4] DEBUG [traceId=a0d3b75bbeab4beeb43fa299eef7c437 userId=29 role=2] c.k.i.m.ClassInfoMapper.selectById - ==> Parameters: 8(Long)
2026-07-05 18:43:59.191 [http-nio-8080-exec-4] DEBUG [traceId=a0d3b75bbeab4beeb43fa299eef7c437 userId=29 role=2] c.k.i.m.ClassInfoMapper.selectById - <==      Total: 1
2026-07-05 18:43:59.192 [http-nio-8080-exec-4] DEBUG [traceId=a0d3b75bbeab4beeb43fa299eef7c437 userId=29 role=2] c.k.i.m.ClassInfoMapper.selectById - ==>  Preparing: SELECT id,class_name,description,status,create_by,create_time,update_by,update_time FROM class_info WHERE id=?
2026-07-05 18:43:59.192 [http-nio-8080-exec-4] DEBUG [traceId=a0d3b75bbeab4beeb43fa299eef7c437 userId=29 role=2] c.k.i.m.ClassInfoMapper.selectById - ==> Parameters: 9(Long)
2026-07-05 18:43:59.193 [http-nio-8080-exec-4] DEBUG [traceId=a0d3b75bbeab4beeb43fa299eef7c437 userId=29 role=2] c.k.i.m.ClassInfoMapper.selectById - <==      Total: 1
2026-07-05 18:43:59.196 [http-nio-8080-exec-4] DEBUG [traceId=a0d3b75bbeab4beeb43fa299eef7c437 userId=29 role=2] c.k.i.m.TaskUserMapper.selectList - ==>  Preparing: SELECT id,task_id,user_id,status,start_time,finish_time,duration_minutes,remark,total_score,submit_time,create_by,create_time,update_by,update_time FROM task_user WHERE (task_id = ?)
2026-07-05 18:43:59.196 [http-nio-8080-exec-4] DEBUG [traceId=a0d3b75bbeab4beeb43fa299eef7c437 userId=29 role=2] c.k.i.m.TaskUserMapper.selectList - ==> Parameters: 88(Long)
2026-07-05 18:43:59.198 [http-nio-8080-exec-4] DEBUG [traceId=a0d3b75bbeab4beeb43fa299eef7c437 userId=29 role=2] c.k.i.m.TaskUserMapper.selectList - <==      Total: 10
2026-07-05 18:43:59.199 [http-nio-8080-exec-4] DEBUG [traceId=a0d3b75bbeab4beeb43fa299eef7c437 userId=29 role=2] c.k.i.m.ClassInfoMapper.selectById - ==>  Preparing: SELECT id,class_name,description,status,create_by,create_time,update_by,update_time FROM class_info WHERE id=?
2026-07-05 18:43:59.199 [http-nio-8080-exec-4] DEBUG [traceId=a0d3b75bbeab4beeb43fa299eef7c437 userId=29 role=2] c.k.i.m.ClassInfoMapper.selectById - ==> Parameters: 8(Long)
2026-07-05 18:43:59.200 [http-nio-8080-exec-4] DEBUG [traceId=a0d3b75bbeab4beeb43fa299eef7c437 userId=29 role=2] c.k.i.m.ClassInfoMapper.selectById - <==      Total: 1
2026-07-05 18:43:59.201 [http-nio-8080-exec-4] DEBUG [traceId=a0d3b75bbeab4beeb43fa299eef7c437 userId=29 role=2] c.k.i.m.ClassInfoMapper.selectById - ==>  Preparing: SELECT id,class_name,description,status,create_by,create_time,update_by,update_time FROM class_info WHERE id=?
2026-07-05 18:43:59.201 [http-nio-8080-exec-4] DEBUG [traceId=a0d3b75bbeab4beeb43fa299eef7c437 userId=29 role=2] c.k.i.m.ClassInfoMapper.selectById - ==> Parameters: 9(Long)
2026-07-05 18:43:59.202 [http-nio-8080-exec-4] DEBUG [traceId=a0d3b75bbeab4beeb43fa299eef7c437 userId=29 role=2] c.k.i.m.ClassInfoMapper.selectById - <==      Total: 1
2026-07-05 18:43:59.203 [http-nio-8080-exec-4] DEBUG [traceId=a0d3b75bbeab4beeb43fa299eef7c437 userId=29 role=2] c.k.i.m.TaskUserMapper.selectList - ==>  Preparing: SELECT id,task_id,user_id,status,start_time,finish_time,duration_minutes,remark,total_score,submit_time,create_by,create_time,update_by,update_time FROM task_user WHERE (task_id = ?)
2026-07-05 18:43:59.204 [http-nio-8080-exec-4] DEBUG [traceId=a0d3b75bbeab4beeb43fa299eef7c437 userId=29 role=2] c.k.i.m.TaskUserMapper.selectList - ==> Parameters: 80(Long)
2026-07-05 18:43:59.205 [http-nio-8080-exec-4] DEBUG [traceId=a0d3b75bbeab4beeb43fa299eef7c437 userId=29 role=2] c.k.i.m.TaskUserMapper.selectList - <==      Total: 7
2026-07-05 18:43:59.205 [http-nio-8080-exec-4] DEBUG [traceId=a0d3b75bbeab4beeb43fa299eef7c437 userId=29 role=2] c.k.i.m.ClassInfoMapper.selectById - ==>  Preparing: SELECT id,class_name,description,status,create_by,create_time,update_by,update_time FROM class_info WHERE id=?
2026-07-05 18:43:59.205 [http-nio-8080-exec-4] DEBUG [traceId=a0d3b75bbeab4beeb43fa299eef7c437 userId=29 role=2] c.k.i.m.ClassInfoMapper.selectById - ==> Parameters: 8(Long)
2026-07-05 18:43:59.206 [http-nio-8080-exec-4] DEBUG [traceId=a0d3b75bbeab4beeb43fa299eef7c437 userId=29 role=2] c.k.i.m.ClassInfoMapper.selectById - <==      Total: 1
2026-07-05 18:43:59.207 [http-nio-8080-exec-4] DEBUG [traceId=a0d3b75bbeab4beeb43fa299eef7c437 userId=29 role=2] c.k.i.m.TaskUserMapper.selectList - ==>  Preparing: SELECT id,task_id,user_id,status,start_time,finish_time,duration_minutes,remark,total_score,submit_time,create_by,create_time,update_by,update_time FROM task_user WHERE (task_id = ?)
2026-07-05 18:43:59.207 [http-nio-8080-exec-4] DEBUG [traceId=a0d3b75bbeab4beeb43fa299eef7c437 userId=29 role=2] c.k.i.m.TaskUserMapper.selectList - ==> Parameters: 79(Long)
2026-07-05 18:43:59.209 [http-nio-8080-exec-4] DEBUG [traceId=a0d3b75bbeab4beeb43fa299eef7c437 userId=29 role=2] c.k.i.m.TaskUserMapper.selectList - <==      Total: 7
2026-07-05 18:43:59.209 [http-nio-8080-exec-4] DEBUG [traceId=a0d3b75bbeab4beeb43fa299eef7c437 userId=29 role=2] c.k.i.m.ClassInfoMapper.selectById - ==>  Preparing: SELECT id,class_name,description,status,create_by,create_time,update_by,update_time FROM class_info WHERE id=?
2026-07-05 18:43:59.209 [http-nio-8080-exec-4] DEBUG [traceId=a0d3b75bbeab4beeb43fa299eef7c437 userId=29 role=2] c.k.i.m.ClassInfoMapper.selectById - ==> Parameters: 8(Long)
2026-07-05 18:43:59.211 [http-nio-8080-exec-4] DEBUG [traceId=a0d3b75bbeab4beeb43fa299eef7c437 userId=29 role=2] c.k.i.m.ClassInfoMapper.selectById - <==      Total: 1
2026-07-05 18:43:59.215 [http-nio-8080-exec-4] DEBUG [traceId=a0d3b75bbeab4beeb43fa299eef7c437 userId=29 role=2] c.k.i.m.TaskUserMapper.selectList - ==>  Preparing: SELECT id,task_id,user_id,status,start_time,finish_time,duration_minutes,remark,total_score,submit_time,create_by,create_time,update_by,update_time FROM task_user WHERE (task_id = ?)
2026-07-05 18:43:59.215 [http-nio-8080-exec-4] DEBUG [traceId=a0d3b75bbeab4beeb43fa299eef7c437 userId=29 role=2] c.k.i.m.TaskUserMapper.selectList - ==> Parameters: 78(Long)
2026-07-05 18:43:59.216 [http-nio-8080-exec-4] DEBUG [traceId=a0d3b75bbeab4beeb43fa299eef7c437 userId=29 role=2] c.k.i.m.TaskUserMapper.selectList - <==      Total: 7
2026-07-05 18:43:59.217 [http-nio-8080-exec-4] DEBUG [traceId=a0d3b75bbeab4beeb43fa299eef7c437 userId=29 role=2] c.k.i.m.ClassInfoMapper.selectById - ==>  Preparing: SELECT id,class_name,description,status,create_by,create_time,update_by,update_time FROM class_info WHERE id=?
2026-07-05 18:43:59.217 [http-nio-8080-exec-4] DEBUG [traceId=a0d3b75bbeab4beeb43fa299eef7c437 userId=29 role=2] c.k.i.m.ClassInfoMapper.selectById - ==> Parameters: 8(Long)
2026-07-05 18:43:59.218 [http-nio-8080-exec-4] DEBUG [traceId=a0d3b75bbeab4beeb43fa299eef7c437 userId=29 role=2] c.k.i.m.ClassInfoMapper.selectById - <==      Total: 1
2026-07-05 18:43:59.219 [http-nio-8080-exec-4] DEBUG [traceId=a0d3b75bbeab4beeb43fa299eef7c437 userId=29 role=2] c.k.i.m.TaskUserMapper.selectList - ==>  Preparing: SELECT id,task_id,user_id,status,start_time,finish_time,duration_minutes,remark,total_score,submit_time,create_by,create_time,update_by,update_time FROM task_user WHERE (task_id = ?)
2026-07-05 18:43:59.220 [http-nio-8080-exec-4] DEBUG [traceId=a0d3b75bbeab4beeb43fa299eef7c437 userId=29 role=2] c.k.i.m.TaskUserMapper.selectList - ==> Parameters: 77(Long)
2026-07-05 18:43:59.222 [http-nio-8080-exec-4] DEBUG [traceId=a0d3b75bbeab4beeb43fa299eef7c437 userId=29 role=2] c.k.i.m.TaskUserMapper.selectList - <==      Total: 7
2026-07-05 18:43:59.223 [http-nio-8080-exec-4] DEBUG [traceId=a0d3b75bbeab4beeb43fa299eef7c437 userId=29 role=2] c.k.i.m.ClassInfoMapper.selectById - ==>  Preparing: SELECT id,class_name,description,status,create_by,create_time,update_by,update_time FROM class_info WHERE id=?
2026-07-05 18:43:59.223 [http-nio-8080-exec-4] DEBUG [traceId=a0d3b75bbeab4beeb43fa299eef7c437 userId=29 role=2] c.k.i.m.ClassInfoMapper.selectById - ==> Parameters: 8(Long)
2026-07-05 18:43:59.225 [http-nio-8080-exec-4] DEBUG [traceId=a0d3b75bbeab4beeb43fa299eef7c437 userId=29 role=2] c.k.i.m.ClassInfoMapper.selectById - <==      Total: 1
2026-07-05 18:43:59.226 [http-nio-8080-exec-4] INFO  [traceId=a0d3b75bbeab4beeb43fa299eef7c437 userId=29 role=2] com.kg.interceptor.TraceIdFilter - HTTP_REQUEST_END method=POST uri=/task/page status=200 cost=169ms responseBody={"code":200,"message":"查询成功","data":{"total":51,"list":[{"id":95,"taskName":"每日复盘","taskType":"3","templateId":null,"roundNo":0,"isMandatory":1,"taskDescription":null,"taskStartTime":"2026-07-05 08:00:00","taskEndTime":"2026-07-05 23:59:00","priority":0,"classId":null,"targetType":1,"targetIds":"8,9,10","selectedClassList":[{"id":8,"className":"1班"},{"id":9,"className":"2班"},{"id":10,"className":"线上学习1班"}],"selectedStudentList":null,"completedCount":0,"uncompletedCount":11,"completionPercent":0,"createTime":"2026-07-05 18:12:39","planId":null,"planDate":null,"isRepeatTask":0,"status":1},{"id":94,"taskName":"每日打卡","taskType":"2","templateId":null,"roundNo":0,"isMandatory":1,"taskDescription":null,"taskStartTime":"2026-07-05 06:00:00","taskEndTime":"2026-07-05 23:59:00","priority":0,"classId":null,"targetType":1,"targetIds":"8,9,10","selectedClassList":[{"id":8,"className":"1班"},{"id":9,"className":"2班"},{"id":10,"className":"线上学习1班"}],"selectedStudentList":null,"completedCount":0,"uncompletedCount":11,"completionPercent":0,"createTime":"2026-07-05 18:12:39","planId":null,"planDate":null,"isRepeatTask":0,"status":1},{"id":93,"taskName":"每日复盘","taskType":"3","templateId":null,"roundNo":0,"isMandatory":1,"taskDescription":null,"taskStartTime":"2026-07-03 08:00:00","taskEndTime":"2026-07-03 23:59:00","priority":0,"classId":null,"targetType":1,"targetIds":"8,9,10","selectedClassList":[{"id":8,"className":"1班"},{"id":9,"className":"2班"},{"id":10,"className":"线上学习1班"}],"selectedStudentList":null,"completedCount":0,"uncompletedCount":11,"completionPercent":0,"createTime":"2026-07-03 08:46:13","planId":null,"planDate":null,"isRepeatTask":0,"status":1},{"id":92,"taskName":"每日打卡","taskType":"2","templateId":null,"roundNo":0,"isMandatory":1,"taskDescription":null,"taskStartTime":"2026-07-03 06:00:00","taskEndTime":"2026-07-03 23:59:00","priority":0,"classId":null,"targetType":1,"targetIds":"8,9,10","selectedClassList":[{"id":8,"className":"1班"},{"id":9,"className":"2班"},{"id":10,"className":"线上学习1班"}],"selectedStudentList":null,"completedCount":1,"uncompletedCount":10,"completionPercent":9,"createTime":"2026-07-03 08:46:13","planId":null,"planDate":null,"isRepeatTask":0,"status":1},{"id":89,"taskName":"每日复盘","taskType":"3","templateId":null,"roundNo":0,"isMandatory":1,"taskDescription":null,"taskStartTime":"2026-07-02 08:00:00","taskEndTime":"2026-07-02 23:59:00","priority":0,"classId":null,"targetType":1,"targetIds":"8,9","selectedClassList":[{"id":8,"className":"1班"},{"id":9,"className":"2班"}],"selectedStudentList":null,"completedCount":0,"uncompletedCount":10,"completionPercent":0,"createTime":"2026-07-02 08:00:00","planId":null,"planDate":null,"isRepeatTask":0,"status":1},{"id":88,"taskName":"每日打卡","taskType":"2","templateId":null,"roundNo":0,"isMandatory":1,"taskDescription":null,"taskStartTime":"2026-07-02 06:00:00","taskEndTime":"2026-07-02 23:59:00","priority":0,"classId":null,"targetType":1,"targetIds":"8,9","selectedClassList":[{"id":8,"className":"1班"},{"id":9,"className":"2班"}],"selectedStudentList":null,"completedCount":1,"uncompletedCount":9,"completionPercent":10,"createTime":"2026-07-02 06:00:00","planId":null,"planDate":null,"isRepeatTask":0,"status":1},{"id":80,"taskName":"测试重复任务 07-04","taskType":"0","templateId":null,"roundNo":0,"isMandatory":1,"taskDescription":"","taskStartTime":"2026-07-04 00:00:00","taskEndTime":"2026-07-04 23:59:00","priority":1,"classId":null,"targetType":1,"targetIds":"8","selectedClassList":[{"id":8,"className":"1班"}],"selectedStudentList":null,"completedCount":0,"uncompletedCount":7,"completionPercent":0,"createTime":"2026-07-01 15:03:05","planId":1,"planDate":"2026-07-04","isRepeatTask":1,"status":1},{"id":79,"taskName":"测试重复任务 07-03","taskType":"0","templateId":null,"roundNo":0,"isMandatory":1,"taskDescription":"","taskStartTime":"2026-07-03 00:00:00","taskEndTime":"2026-07-03 23:59:00","priority":1,"classId":null,"targetType":1,"targetIds":"8","selectedClassList":[{"id":8,"className":"1班"}],"selectedStudentList":null,"completedCount":0,"uncompletedCount":7,"completionPercent":0,"createTime":"2026-07-01 15:03:05","planId":1,"planDate":"2026-07-03","isRepeatTask":1,"status":1},{"id":78,"taskName":"测试重复任务 07-02","taskType":"0","templateId":null,"roundNo":0,"isMandatory":1,"taskDescription":"","taskStartTime":"2026-07-02 00:00:00","taskEndTime":"2026-07-02 23:59:00","priority":1,"classId":null,"targetType":1,"targetIds":"8","selectedClassList":[{"id":8,"className":"1班"}],"selectedStudentList":null,"completedCount":1,"uncompletedCount":6,"completionPercent":14,"createTime":"2026-07-01 15:03:05","planId":1,"planDate":"2026-07-02","isRepeatTask":1,"status":1},{"id":77,"taskName":"测试重复任务 07-01","taskType":"0","templateId":null,"roundNo":0,"isMandatory":1,"taskDescription":"","taskStartTime":"2026-07-01 00:00:00","taskEndTime":"2026-07-01 23:59:00","priority":1,"classId":null,"targetType":1,"targetIds":"8","selectedClassList":[{"id":8,"className":"1班"}],"selectedStudentList":null,...[TRUNCATED length=5164]
2026-07-05 18:44:05.204 [http-nio-8080-exec-6] INFO  [traceId=9f065a54f09f4beb828bca6b37df2609 userId= role=] com.kg.interceptor.TraceIdFilter - HTTP_REQUEST_START method=GET uri=/dict/group/task_type query=null requestBody= ip=0:0:0:0:0:0:0:1 userAgent=Mozilla/5.0 (Windows NT 10.0; Win64; x64) AppleWebKit/537.36 (KHTML, like Gecko) Chrome/123.0.0.0 Safari/537.36
2026-07-05 18:44:05.204 [http-nio-8080-exec-8] INFO  [traceId=d595693f59cf4d7bbfcbdd7e20500052 userId= role=] com.kg.interceptor.TraceIdFilter - HTTP_REQUEST_START method=POST uri=/my-task/list query=null requestBody={"pageNum":1,"pageSize":10,"status":"0"} ip=0:0:0:0:0:0:0:1 userAgent=Mozilla/5.0 (Windows NT 10.0; Win64; x64) AppleWebKit/537.36 (KHTML, like Gecko) Chrome/123.0.0.0 Safari/537.36
2026-07-05 18:44:05.204 [http-nio-8080-exec-5] INFO  [traceId=008d4e104423459eba97558f00a3aea8 userId= role=] com.kg.interceptor.TraceIdFilter - HTTP_REQUEST_START method=POST uri=/my-task/stats query=null requestBody={} ip=0:0:0:0:0:0:0:1 userAgent=Mozilla/5.0 (Windows NT 10.0; Win64; x64) AppleWebKit/537.36 (KHTML, like Gecko) Chrome/123.0.0.0 Safari/537.36
2026-07-05 18:44:05.211 [http-nio-8080-exec-8] DEBUG [traceId=d595693f59cf4d7bbfcbdd7e20500052 userId= role=] c.k.i.m.SysUserMapper.selectById - ==>  Preparing: SELECT id,account,name,password,role,gender,email,phone,openid,description,teacher_remark,class_id,status,create_by,create_time,update_by,update_time FROM sys_user WHERE id=?
2026-07-05 18:44:05.211 [http-nio-8080-exec-5] DEBUG [traceId=008d4e104423459eba97558f00a3aea8 userId= role=] c.k.i.m.SysUserMapper.selectById - ==>  Preparing: SELECT id,account,name,password,role,gender,email,phone,openid,description,teacher_remark,class_id,status,create_by,create_time,update_by,update_time FROM sys_user WHERE id=?
2026-07-05 18:44:05.211 [http-nio-8080-exec-6] DEBUG [traceId=9f065a54f09f4beb828bca6b37df2609 userId= role=] c.k.i.m.SysUserMapper.selectById - ==>  Preparing: SELECT id,account,name,password,role,gender,email,phone,openid,description,teacher_remark,class_id,status,create_by,create_time,update_by,update_time FROM sys_user WHERE id=?
2026-07-05 18:44:05.212 [http-nio-8080-exec-5] DEBUG [traceId=008d4e104423459eba97558f00a3aea8 userId= role=] c.k.i.m.SysUserMapper.selectById - ==> Parameters: 29(Long)
2026-07-05 18:44:05.212 [http-nio-8080-exec-8] DEBUG [traceId=d595693f59cf4d7bbfcbdd7e20500052 userId= role=] c.k.i.m.SysUserMapper.selectById - ==> Parameters: 29(Long)
2026-07-05 18:44:05.212 [http-nio-8080-exec-6] DEBUG [traceId=9f065a54f09f4beb828bca6b37df2609 userId= role=] c.k.i.m.SysUserMapper.selectById - ==> Parameters: 29(Long)
2026-07-05 18:44:05.213 [http-nio-8080-exec-6] DEBUG [traceId=9f065a54f09f4beb828bca6b37df2609 userId= role=] c.k.i.m.SysUserMapper.selectById - <==      Total: 1
2026-07-05 18:44:05.213 [http-nio-8080-exec-8] DEBUG [traceId=d595693f59cf4d7bbfcbdd7e20500052 userId= role=] c.k.i.m.SysUserMapper.selectById - <==      Total: 1
2026-07-05 18:44:05.213 [http-nio-8080-exec-5] DEBUG [traceId=008d4e104423459eba97558f00a3aea8 userId= role=] c.k.i.m.SysUserMapper.selectById - <==      Total: 1
2026-07-05 18:44:05.215 [http-nio-8080-exec-8] DEBUG [traceId=d595693f59cf4d7bbfcbdd7e20500052 userId=29 role=2] c.k.i.mapper.MyTaskMapper.count - ==>  Preparing: SELECT COUNT(*) FROM task_user tu JOIN task t ON t.id = tu.task_id WHERE tu.user_id = ? AND tu.status = ?
2026-07-05 18:44:05.215 [http-nio-8080-exec-6] DEBUG [traceId=9f065a54f09f4beb828bca6b37df2609 userId=29 role=2] c.k.i.mapper.DictMapper.selectList - ==>  Preparing: SELECT id,dict_code,dict_name,dict_label,dict_value,display_color,sort_no,status,create_by,create_time,update_by,update_time FROM sys_dict WHERE (dict_code = ?) ORDER BY sort_no ASC
2026-07-05 18:44:05.216 [http-nio-8080-exec-5] DEBUG [traceId=008d4e104423459eba97558f00a3aea8 userId=29 role=2] c.k.i.m.TaskUserMapper.selectCount - ==>  Preparing: SELECT COUNT( * ) AS total FROM task_user WHERE (user_id = ? AND status = ?)
2026-07-05 18:44:05.216 [http-nio-8080-exec-8] DEBUG [traceId=d595693f59cf4d7bbfcbdd7e20500052 userId=29 role=2] c.k.i.mapper.MyTaskMapper.count - ==> Parameters: 29(Long), 0(String)
2026-07-05 18:44:05.216 [http-nio-8080-exec-5] DEBUG [traceId=008d4e104423459eba97558f00a3aea8 userId=29 role=2] c.k.i.m.TaskUserMapper.selectCount - ==> Parameters: 29(Long), 0(String)
2026-07-05 18:44:05.216 [http-nio-8080-exec-6] DEBUG [traceId=9f065a54f09f4beb828bca6b37df2609 userId=29 role=2] c.k.i.mapper.DictMapper.selectList - ==> Parameters: task_type(String)
2026-07-05 18:44:05.217 [http-nio-8080-exec-5] DEBUG [traceId=008d4e104423459eba97558f00a3aea8 userId=29 role=2] c.k.i.m.TaskUserMapper.selectCount - <==      Total: 1
2026-07-05 18:44:05.217 [http-nio-8080-exec-8] DEBUG [traceId=d595693f59cf4d7bbfcbdd7e20500052 userId=29 role=2] c.k.i.mapper.MyTaskMapper.count - <==      Total: 1
2026-07-05 18:44:05.217 [http-nio-8080-exec-8] DEBUG [traceId=d595693f59cf4d7bbfcbdd7e20500052 userId=29 role=2] c.k.i.mapper.MyTaskMapper.page - ==>  Preparing: SELECT u.name AS task_create_name,t.round_no AS round_no,t.template_id AS template_id,t.id AS task_id, t.task_name, t.task_type, t.is_mandatory AS force_flag, t.task_description, t.priority, t.task_start_time AS start_time, t.task_end_time AS end_time, t.plan_id AS planId, t.plan_date AS planDate, t.is_repeat_task AS isRepeatTask, t.status AS taskStatus, tu.id AS task_user_id, tu.status, tu.total_score, tu.submit_time FROM task_user tu JOIN task t ON t.id = tu.task_id LEFT JOIN sys_user u ON u.id = t.create_by WHERE tu.user_id = ? AND tu.status = ? ORDER BY t.create_time DESC LIMIT ?, ?
2026-07-05 18:44:05.217 [http-nio-8080-exec-8] DEBUG [traceId=d595693f59cf4d7bbfcbdd7e20500052 userId=29 role=2] c.k.i.mapper.MyTaskMapper.page - ==> Parameters: 29(Long), 0(String), 0(Integer), 10(Integer)
2026-07-05 18:44:05.219 [http-nio-8080-exec-5] DEBUG [traceId=008d4e104423459eba97558f00a3aea8 userId=29 role=2] c.k.i.m.TaskUserMapper.selectCount - ==>  Preparing: SELECT COUNT( * ) AS total FROM task_user WHERE (user_id = ? AND status = ?)
2026-07-05 18:44:05.219 [http-nio-8080-exec-5] DEBUG [traceId=008d4e104423459eba97558f00a3aea8 userId=29 role=2] c.k.i.m.TaskUserMapper.selectCount - ==> Parameters: 29(Long), 1(String)
2026-07-05 18:44:05.220 [http-nio-8080-exec-5] DEBUG [traceId=008d4e104423459eba97558f00a3aea8 userId=29 role=2] c.k.i.m.TaskUserMapper.selectCount - <==      Total: 1
2026-07-05 18:44:05.221 [http-nio-8080-exec-8] DEBUG [traceId=d595693f59cf4d7bbfcbdd7e20500052 userId=29 role=2] c.k.i.mapper.MyTaskMapper.page - <==      Total: 10
2026-07-05 18:44:05.221 [http-nio-8080-exec-5] INFO  [traceId=008d4e104423459eba97558f00a3aea8 userId=29 role=2] com.kg.interceptor.TraceIdFilter - HTTP_REQUEST_END method=POST uri=/my-task/stats status=200 cost=17ms responseBody={"code":200,"message":"查询成功","data":{"unfinished":31,"finished":21}}
2026-07-05 18:44:05.221 [http-nio-8080-exec-6] DEBUG [traceId=9f065a54f09f4beb828bca6b37df2609 userId=29 role=2] c.k.i.mapper.DictMapper.selectList - <==      Total: 4
2026-07-05 18:44:05.223 [http-nio-8080-exec-6] INFO  [traceId=9f065a54f09f4beb828bca6b37df2609 userId=29 role=2] com.kg.interceptor.TraceIdFilter - HTTP_REQUEST_END method=GET uri=/dict/group/task_type status=200 cost=19ms responseBody={"code":200,"message":"查询成功","data":{"dictCode":"task_type","dictName":"任务类型","items":[{"dictValue":"0","dictLabel":"刷题","sortNo":0,"status":1,"displayColor":"#ff6f00"},{"dictValue":"1","dictLabel":"学习","sortNo":1,"status":1,"displayColor":"#f7ff00"},{"dictValue":"2","dictLabel":"打卡","sortNo":2,"status":1,"displayColor":"#66ff00"},{"dictValue":"3","dictLabel":"每日复盘","sortNo":3,"status":1,"displayColor":"#00bfff"}]}}
2026-07-05 18:44:05.223 [http-nio-8080-exec-8] INFO  [traceId=d595693f59cf4d7bbfcbdd7e20500052 userId=29 role=2] com.kg.interceptor.TraceIdFilter - HTTP_REQUEST_END method=POST uri=/my-task/list status=200 cost=19ms responseBody={"code":200,"message":"查询成功","data":{"total":31,"list":[{"taskId":94,"taskName":"每日打卡","taskType":"2","forceFlag":1,"taskDescription":null,"priority":0,"startTime":"2026-07-05 06:00:00","endTime":"2026-07-05 23:59:00","status":"0","totalScore":null,"submitTime":null,"roundNo":0,"templateId":null,"planId":null,"planDate":null,"isRepeatTask":0,"taskStatus":1,"taskUserId":492,"taskCreateName":null},{"taskId":95,"taskName":"每日复盘","taskType":"3","forceFlag":1,"taskDescription":null,"priority":0,"startTime":"2026-07-05 08:00:00","endTime":"2026-07-05 23:59:00","status":"0","totalScore":null,"submitTime":null,"roundNo":0,"templateId":null,"planId":null,"planDate":null,"isRepeatTask":0,"taskStatus":1,"taskUserId":503,"taskCreateName":null},{"taskId":93,"taskName":"每日复盘","taskType":"3","forceFlag":1,"taskDescription":null,"priority":0,"startTime":"2026-07-03 08:00:00","endTime":"2026-07-03 23:59:00","status":"0","totalScore":null,"submitTime":null,"roundNo":0,"templateId":null,"planId":null,"planDate":null,"isRepeatTask":0,"taskStatus":1,"taskUserId":481,"taskCreateName":null},{"taskId":89,"taskName":"每日复盘","taskType":"3","forceFlag":1,"taskDescription":null,"priority":0,"startTime":"2026-07-02 08:00:00","endTime":"2026-07-02 23:59:00","status":"0","totalScore":null,"submitTime":null,"roundNo":0,"templateId":null,"planId":null,"planDate":null,"isRepeatTask":0,"taskStatus":1,"taskUserId":458,"taskCreateName":null},{"taskId":79,"taskName":"测试重复任务 07-03","taskType":"0","forceFlag":1,"taskDescription":"","priority":1,"startTime":"2026-07-03 00:00:00","endTime":"2026-07-03 23:59:00","status":"0","totalScore":null,"submitTime":null,"roundNo":0,"templateId":null,"planId":1,"planDate":"2026-07-03","isRepeatTask":1,"taskStatus":1,"taskUserId":431,"taskCreateName":"管理员"},{"taskId":80,"taskName":"测试重复任务 07-04","taskType":"0","forceFlag":1,"taskDescription":"","priority":1,"startTime":"2026-07-04 00:00:00","endTime":"2026-07-04 23:59:00","status":"0","totalScore":null,"submitTime":null,"roundNo":0,"templateId":null,"planId":1,"planDate":"2026-07-04","isRepeatTask":1,"taskStatus":1,"taskUserId":438,"taskCreateName":"管理员"},{"taskId":76,"taskName":"普通刷题任务测试","taskType":"0","forceFlag":1,"taskDescription":"","priority":1,"startTime":"2026-07-01 00:00:00","endTime":"2026-07-03 23:59:59","status":"0","totalScore":null,"submitTime":null,"roundNo":1,"templateId":null,"planId":null,"planDate":null,"isRepeatTask":0,"taskStatus":1,"taskUserId":410,"taskCreateName":"管理员"},{"taskId":75,"taskName":"每日复盘","taskType":"3","forceFlag":1,"taskDescription":null,"priority":0,"startTime":"2026-07-01 08:00:00","endTime":"2026-07-01 23:59:00","status":"0","totalScore":null,"submitTime":null,"roundNo":0,"templateId":null,"planId":null,"planDate":null,"isRepeatTask":0,"taskStatus":1,"taskUserId":403,"taskCreateName":null},{"taskId":73,"taskName":"测试班级任务","taskType":"0","forceFlag":1,"taskDescription":"","priority":1,"startTime":"2026-06-29 00:00:00","endTime":"2026-06-30 23:59:59","status":"0","totalScore":null,"submitTime":null,"roundNo":1,"templateId":null,"planId":null,"planDate":null,"isRepeatTask":0,"taskStatus":1,"taskUserId":383,"taskCreateName":"杨少伟"},{"taskId":72,"taskName":"每日复盘","taskType":"3","forceFlag":1,"taskDescription":null,"priority":0,"startTime":"2026-06-29 08:00:00","endTime":"2026-06-29 23:59:00","status":"0","totalScore":null,"submitTime":null,"roundNo":0,"templateId":null,"planId":null,"planDate":null,"isRepeatTask":0,"taskStatus":1,"taskUserId":376,"taskCreateName":null}]}}
2026-07-05 18:45:24.563 [http-nio-8080-exec-3] INFO  [traceId=f868c30567404834ae162d17e2a01334 userId= role=] com.kg.interceptor.TraceIdFilter - HTTP_REQUEST_START method=POST uri=/my-task/list query=null requestBody={"pageNum":1,"pageSize":10,"status":"0"} ip=0:0:0:0:0:0:0:1 userAgent=Mozilla/5.0 (Windows NT 10.0; Win64; x64) AppleWebKit/537.36 (KHTML, like Gecko) Chrome/123.0.0.0 Safari/537.36
2026-07-05 18:45:24.563 [http-nio-8080-exec-10] INFO  [traceId=7850613143b74857bd919c27ed4c5114 userId= role=] com.kg.interceptor.TraceIdFilter - HTTP_REQUEST_START method=POST uri=/my-task/stats query=null requestBody={} ip=0:0:0:0:0:0:0:1 userAgent=Mozilla/5.0 (Windows NT 10.0; Win64; x64) AppleWebKit/537.36 (KHTML, like Gecko) Chrome/123.0.0.0 Safari/537.36
2026-07-05 18:45:24.563 [http-nio-8080-exec-9] INFO  [traceId=9ebfc4218b66447dac472ae2a9568c4a userId= role=] com.kg.interceptor.TraceIdFilter - HTTP_REQUEST_START method=GET uri=/dict/group/task_type query=null requestBody= ip=0:0:0:0:0:0:0:1 userAgent=Mozilla/5.0 (Windows NT 10.0; Win64; x64) AppleWebKit/537.36 (KHTML, like Gecko) Chrome/123.0.0.0 Safari/537.36
2026-07-05 18:45:24.568 [http-nio-8080-exec-7] INFO  [traceId=76ad151bf62943a0be76b77b1df4cfc9 userId= role=] com.kg.interceptor.TraceIdFilter - HTTP_REQUEST_START method=GET uri=/dict/group/task_type query=null requestBody= ip=0:0:0:0:0:0:0:1 userAgent=Mozilla/5.0 (Windows NT 10.0; Win64; x64) AppleWebKit/537.36 (KHTML, like Gecko) Chrome/123.0.0.0 Safari/537.36
2026-07-05 18:45:24.570 [http-nio-8080-exec-2] INFO  [traceId=7d7e68d8c47d4eaca7766fe94c87b284 userId= role=] com.kg.interceptor.TraceIdFilter - HTTP_REQUEST_START method=GET uri=/notification/unread-count query=null requestBody= ip=0:0:0:0:0:0:0:1 userAgent=Mozilla/5.0 (Windows NT 10.0; Win64; x64) AppleWebKit/537.36 (KHTML, like Gecko) Chrome/123.0.0.0 Safari/537.36
2026-07-05 18:45:24.571 [http-nio-8080-exec-1] INFO  [traceId=8cae2dec56e244ee87b6f55705f4b86c userId= role=] com.kg.interceptor.TraceIdFilter - HTTP_REQUEST_START method=GET uri=/notification/unread-count query=null requestBody= ip=0:0:0:0:0:0:0:1 userAgent=Mozilla/5.0 (Windows NT 10.0; Win64; x64) AppleWebKit/537.36 (KHTML, like Gecko) Chrome/123.0.0.0 Safari/537.36
2026-07-05 18:45:24.574 [http-nio-8080-exec-10] DEBUG [traceId=7850613143b74857bd919c27ed4c5114 userId= role=] c.k.i.m.SysUserMapper.selectById - ==>  Preparing: SELECT id,account,name,password,role,gender,email,phone,openid,description,teacher_remark,class_id,status,create_by,create_time,update_by,update_time FROM sys_user WHERE id=?
2026-07-05 18:45:24.575 [http-nio-8080-exec-3] DEBUG [traceId=f868c30567404834ae162d17e2a01334 userId= role=] c.k.i.m.SysUserMapper.selectById - ==>  Preparing: SELECT id,account,name,password,role,gender,email,phone,openid,description,teacher_remark,class_id,status,create_by,create_time,update_by,update_time FROM sys_user WHERE id=?
2026-07-05 18:45:24.575 [http-nio-8080-exec-9] DEBUG [traceId=9ebfc4218b66447dac472ae2a9568c4a userId= role=] c.k.i.m.SysUserMapper.selectById - ==>  Preparing: SELECT id,account,name,password,role,gender,email,phone,openid,description,teacher_remark,class_id,status,create_by,create_time,update_by,update_time FROM sys_user WHERE id=?
2026-07-05 18:45:24.575 [http-nio-8080-exec-7] DEBUG [traceId=76ad151bf62943a0be76b77b1df4cfc9 userId= role=] c.k.i.m.SysUserMapper.selectById - ==>  Preparing: SELECT id,account,name,password,role,gender,email,phone,openid,description,teacher_remark,class_id,status,create_by,create_time,update_by,update_time FROM sys_user WHERE id=?
2026-07-05 18:45:24.575 [http-nio-8080-exec-10] DEBUG [traceId=7850613143b74857bd919c27ed4c5114 userId= role=] c.k.i.m.SysUserMapper.selectById - ==> Parameters: 29(Long)
2026-07-05 18:45:24.575 [http-nio-8080-exec-9] DEBUG [traceId=9ebfc4218b66447dac472ae2a9568c4a userId= role=] c.k.i.m.SysUserMapper.selectById - ==> Parameters: 29(Long)
2026-07-05 18:45:24.575 [http-nio-8080-exec-3] DEBUG [traceId=f868c30567404834ae162d17e2a01334 userId= role=] c.k.i.m.SysUserMapper.selectById - ==> Parameters: 29(Long)
2026-07-05 18:45:24.575 [http-nio-8080-exec-7] DEBUG [traceId=76ad151bf62943a0be76b77b1df4cfc9 userId= role=] c.k.i.m.SysUserMapper.selectById - ==> Parameters: 21(Long)
2026-07-05 18:45:24.577 [http-nio-8080-exec-3] DEBUG [traceId=f868c30567404834ae162d17e2a01334 userId= role=] c.k.i.m.SysUserMapper.selectById - <==      Total: 1
2026-07-05 18:45:24.577 [http-nio-8080-exec-10] DEBUG [traceId=7850613143b74857bd919c27ed4c5114 userId= role=] c.k.i.m.SysUserMapper.selectById - <==      Total: 1
2026-07-05 18:45:24.577 [http-nio-8080-exec-9] DEBUG [traceId=9ebfc4218b66447dac472ae2a9568c4a userId= role=] c.k.i.m.SysUserMapper.selectById - <==      Total: 1
2026-07-05 18:45:24.578 [http-nio-8080-exec-2] DEBUG [traceId=7d7e68d8c47d4eaca7766fe94c87b284 userId= role=] c.k.i.m.SysUserMapper.selectById - ==>  Preparing: SELECT id,account,name,password,role,gender,email,phone,openid,description,teacher_remark,class_id,status,create_by,create_time,update_by,update_time FROM sys_user WHERE id=?
2026-07-05 18:45:24.578 [http-nio-8080-exec-1] DEBUG [traceId=8cae2dec56e244ee87b6f55705f4b86c userId= role=] c.k.i.m.SysUserMapper.selectById - ==>  Preparing: SELECT id,account,name,password,role,gender,email,phone,openid,description,teacher_remark,class_id,status,create_by,create_time,update_by,update_time FROM sys_user WHERE id=?
2026-07-05 18:45:24.578 [http-nio-8080-exec-1] DEBUG [traceId=8cae2dec56e244ee87b6f55705f4b86c userId= role=] c.k.i.m.SysUserMapper.selectById - ==> Parameters: 29(Long)
2026-07-05 18:45:24.578 [http-nio-8080-exec-2] DEBUG [traceId=7d7e68d8c47d4eaca7766fe94c87b284 userId= role=] c.k.i.m.SysUserMapper.selectById - ==> Parameters: 21(Long)
2026-07-05 18:45:24.578 [http-nio-8080-exec-3] DEBUG [traceId=f868c30567404834ae162d17e2a01334 userId=29 role=2] c.k.i.mapper.MyTaskMapper.count - ==>  Preparing: SELECT COUNT(*) FROM task_user tu JOIN task t ON t.id = tu.task_id WHERE tu.user_id = ? AND tu.status = ?
2026-07-05 18:45:24.581 [http-nio-8080-exec-3] DEBUG [traceId=f868c30567404834ae162d17e2a01334 userId=29 role=2] c.k.i.mapper.MyTaskMapper.count - ==> Parameters: 29(Long), 0(String)
2026-07-05 18:45:24.582 [http-nio-8080-exec-2] DEBUG [traceId=7d7e68d8c47d4eaca7766fe94c87b284 userId= role=] c.k.i.m.SysUserMapper.selectById - <==      Total: 1
2026-07-05 18:45:24.583 [http-nio-8080-exec-3] DEBUG [traceId=f868c30567404834ae162d17e2a01334 userId=29 role=2] c.k.i.mapper.MyTaskMapper.count - <==      Total: 1
2026-07-05 18:45:24.582 [http-nio-8080-exec-7] DEBUG [traceId=76ad151bf62943a0be76b77b1df4cfc9 userId= role=] c.k.i.m.SysUserMapper.selectById - <==      Total: 1
2026-07-05 18:45:24.583 [http-nio-8080-exec-9] DEBUG [traceId=9ebfc4218b66447dac472ae2a9568c4a userId=29 role=2] c.k.i.mapper.DictMapper.selectList - ==>  Preparing: SELECT id,dict_code,dict_name,dict_label,dict_value,display_color,sort_no,status,create_by,create_time,update_by,update_time FROM sys_dict WHERE (dict_code = ?) ORDER BY sort_no ASC
2026-07-05 18:45:24.583 [http-nio-8080-exec-1] DEBUG [traceId=8cae2dec56e244ee87b6f55705f4b86c userId= role=] c.k.i.m.SysUserMapper.selectById - <==      Total: 1
2026-07-05 18:45:24.583 [http-nio-8080-exec-10] DEBUG [traceId=7850613143b74857bd919c27ed4c5114 userId=29 role=2] c.k.i.m.TaskUserMapper.selectCount - ==>  Preparing: SELECT COUNT( * ) AS total FROM task_user WHERE (user_id = ? AND status = ?)
2026-07-05 18:45:24.583 [http-nio-8080-exec-9] DEBUG [traceId=9ebfc4218b66447dac472ae2a9568c4a userId=29 role=2] c.k.i.mapper.DictMapper.selectList - ==> Parameters: task_type(String)
2026-07-05 18:45:24.583 [http-nio-8080-exec-3] DEBUG [traceId=f868c30567404834ae162d17e2a01334 userId=29 role=2] c.k.i.mapper.MyTaskMapper.page - ==>  Preparing: SELECT u.name AS task_create_name,t.round_no AS round_no,t.template_id AS template_id,t.id AS task_id, t.task_name, t.task_type, t.is_mandatory AS force_flag, t.task_description, t.priority, t.task_start_time AS start_time, t.task_end_time AS end_time, t.plan_id AS planId, t.plan_date AS planDate, t.is_repeat_task AS isRepeatTask, t.status AS taskStatus, tu.id AS task_user_id, tu.status, tu.total_score, tu.submit_time FROM task_user tu JOIN task t ON t.id = tu.task_id LEFT JOIN sys_user u ON u.id = t.create_by WHERE tu.user_id = ? AND tu.status = ? ORDER BY t.create_time DESC LIMIT ?, ?
2026-07-05 18:45:24.583 [http-nio-8080-exec-10] DEBUG [traceId=7850613143b74857bd919c27ed4c5114 userId=29 role=2] c.k.i.m.TaskUserMapper.selectCount - ==> Parameters: 29(Long), 0(String)
2026-07-05 18:45:24.584 [http-nio-8080-exec-3] DEBUG [traceId=f868c30567404834ae162d17e2a01334 userId=29 role=2] c.k.i.mapper.MyTaskMapper.page - ==> Parameters: 29(Long), 0(String), 0(Integer), 10(Integer)
2026-07-05 18:45:24.584 [http-nio-8080-exec-10] DEBUG [traceId=7850613143b74857bd919c27ed4c5114 userId=29 role=2] c.k.i.m.TaskUserMapper.selectCount - <==      Total: 1
2026-07-05 18:45:24.585 [http-nio-8080-exec-7] DEBUG [traceId=76ad151bf62943a0be76b77b1df4cfc9 userId=21 role=1] c.k.i.mapper.DictMapper.selectList - ==>  Preparing: SELECT id,dict_code,dict_name,dict_label,dict_value,display_color,sort_no,status,create_by,create_time,update_by,update_time FROM sys_dict WHERE (dict_code = ?) ORDER BY sort_no ASC
2026-07-05 18:45:24.585 [http-nio-8080-exec-7] DEBUG [traceId=76ad151bf62943a0be76b77b1df4cfc9 userId=21 role=1] c.k.i.mapper.DictMapper.selectList - ==> Parameters: task_type(String)
2026-07-05 18:45:24.585 [http-nio-8080-exec-10] DEBUG [traceId=7850613143b74857bd919c27ed4c5114 userId=29 role=2] c.k.i.m.TaskUserMapper.selectCount - ==>  Preparing: SELECT COUNT( * ) AS total FROM task_user WHERE (user_id = ? AND status = ?)
2026-07-05 18:45:24.585 [http-nio-8080-exec-10] DEBUG [traceId=7850613143b74857bd919c27ed4c5114 userId=29 role=2] c.k.i.m.TaskUserMapper.selectCount - ==> Parameters: 29(Long), 1(String)
2026-07-05 18:45:24.586 [http-nio-8080-exec-2] DEBUG [traceId=7d7e68d8c47d4eaca7766fe94c87b284 userId=21 role=1] c.k.i.m.N.selectCount - ==>  Preparing: SELECT COUNT( * ) AS total FROM notification_message WHERE (user_id = ? AND is_read = ? AND status = ? AND notify_time <= ?)
2026-07-05 18:45:24.587 [http-nio-8080-exec-1] DEBUG [traceId=8cae2dec56e244ee87b6f55705f4b86c userId=29 role=2] c.k.i.m.N.selectCount - ==>  Preparing: SELECT COUNT( * ) AS total FROM notification_message WHERE (user_id = ? AND is_read = ? AND status = ? AND notify_time <= ?)
2026-07-05 18:45:24.588 [http-nio-8080-exec-2] DEBUG [traceId=7d7e68d8c47d4eaca7766fe94c87b284 userId=21 role=1] c.k.i.m.N.selectCount - ==> Parameters: 21(Long), 0(Integer), 0(String), 2026-07-05T18:45:24.584(LocalDateTime)
2026-07-05 18:45:24.588 [http-nio-8080-exec-1] DEBUG [traceId=8cae2dec56e244ee87b6f55705f4b86c userId=29 role=2] c.k.i.m.N.selectCount - ==> Parameters: 29(Long), 0(Integer), 0(String), 2026-07-05T18:45:24.584(LocalDateTime)
2026-07-05 18:45:24.588 [http-nio-8080-exec-10] DEBUG [traceId=7850613143b74857bd919c27ed4c5114 userId=29 role=2] c.k.i.m.TaskUserMapper.selectCount - <==      Total: 1
2026-07-05 18:45:24.588 [http-nio-8080-exec-3] DEBUG [traceId=f868c30567404834ae162d17e2a01334 userId=29 role=2] c.k.i.mapper.MyTaskMapper.page - <==      Total: 10
2026-07-05 18:45:24.589 [http-nio-8080-exec-10] INFO  [traceId=7850613143b74857bd919c27ed4c5114 userId=29 role=2] com.kg.interceptor.TraceIdFilter - HTTP_REQUEST_END method=POST uri=/my-task/stats status=200 cost=26ms responseBody={"code":200,"message":"查询成功","data":{"unfinished":31,"finished":21}}
2026-07-05 18:45:24.590 [http-nio-8080-exec-3] INFO  [traceId=f868c30567404834ae162d17e2a01334 userId=29 role=2] com.kg.interceptor.TraceIdFilter - HTTP_REQUEST_END method=POST uri=/my-task/list status=200 cost=27ms responseBody={"code":200,"message":"查询成功","data":{"total":31,"list":[{"taskId":94,"taskName":"每日打卡","taskType":"2","forceFlag":1,"taskDescription":null,"priority":0,"startTime":"2026-07-05 06:00:00","endTime":"2026-07-05 23:59:00","status":"0","totalScore":null,"submitTime":null,"roundNo":0,"templateId":null,"planId":null,"planDate":null,"isRepeatTask":0,"taskStatus":1,"taskUserId":492,"taskCreateName":null},{"taskId":95,"taskName":"每日复盘","taskType":"3","forceFlag":1,"taskDescription":null,"priority":0,"startTime":"2026-07-05 08:00:00","endTime":"2026-07-05 23:59:00","status":"0","totalScore":null,"submitTime":null,"roundNo":0,"templateId":null,"planId":null,"planDate":null,"isRepeatTask":0,"taskStatus":1,"taskUserId":503,"taskCreateName":null},{"taskId":93,"taskName":"每日复盘","taskType":"3","forceFlag":1,"taskDescription":null,"priority":0,"startTime":"2026-07-03 08:00:00","endTime":"2026-07-03 23:59:00","status":"0","totalScore":null,"submitTime":null,"roundNo":0,"templateId":null,"planId":null,"planDate":null,"isRepeatTask":0,"taskStatus":1,"taskUserId":481,"taskCreateName":null},{"taskId":89,"taskName":"每日复盘","taskType":"3","forceFlag":1,"taskDescription":null,"priority":0,"startTime":"2026-07-02 08:00:00","endTime":"2026-07-02 23:59:00","status":"0","totalScore":null,"submitTime":null,"roundNo":0,"templateId":null,"planId":null,"planDate":null,"isRepeatTask":0,"taskStatus":1,"taskUserId":458,"taskCreateName":null},{"taskId":79,"taskName":"测试重复任务 07-03","taskType":"0","forceFlag":1,"taskDescription":"","priority":1,"startTime":"2026-07-03 00:00:00","endTime":"2026-07-03 23:59:00","status":"0","totalScore":null,"submitTime":null,"roundNo":0,"templateId":null,"planId":1,"planDate":"2026-07-03","isRepeatTask":1,"taskStatus":1,"taskUserId":431,"taskCreateName":"管理员"},{"taskId":80,"taskName":"测试重复任务 07-04","taskType":"0","forceFlag":1,"taskDescription":"","priority":1,"startTime":"2026-07-04 00:00:00","endTime":"2026-07-04 23:59:00","status":"0","totalScore":null,"submitTime":null,"roundNo":0,"templateId":null,"planId":1,"planDate":"2026-07-04","isRepeatTask":1,"taskStatus":1,"taskUserId":438,"taskCreateName":"管理员"},{"taskId":76,"taskName":"普通刷题任务测试","taskType":"0","forceFlag":1,"taskDescription":"","priority":1,"startTime":"2026-07-01 00:00:00","endTime":"2026-07-03 23:59:59","status":"0","totalScore":null,"submitTime":null,"roundNo":1,"templateId":null,"planId":null,"planDate":null,"isRepeatTask":0,"taskStatus":1,"taskUserId":410,"taskCreateName":"管理员"},{"taskId":75,"taskName":"每日复盘","taskType":"3","forceFlag":1,"taskDescription":null,"priority":0,"startTime":"2026-07-01 08:00:00","endTime":"2026-07-01 23:59:00","status":"0","totalScore":null,"submitTime":null,"roundNo":0,"templateId":null,"planId":null,"planDate":null,"isRepeatTask":0,"taskStatus":1,"taskUserId":403,"taskCreateName":null},{"taskId":73,"taskName":"测试班级任务","taskType":"0","forceFlag":1,"taskDescription":"","priority":1,"startTime":"2026-06-29 00:00:00","endTime":"2026-06-30 23:59:59","status":"0","totalScore":null,"submitTime":null,"roundNo":1,"templateId":null,"planId":null,"planDate":null,"isRepeatTask":0,"taskStatus":1,"taskUserId":383,"taskCreateName":"杨少伟"},{"taskId":72,"taskName":"每日复盘","taskType":"3","forceFlag":1,"taskDescription":null,"priority":0,"startTime":"2026-06-29 08:00:00","endTime":"2026-06-29 23:59:00","status":"0","totalScore":null,"submitTime":null,"roundNo":0,"templateId":null,"planId":null,"planDate":null,"isRepeatTask":0,"taskStatus":1,"taskUserId":376,"taskCreateName":null}]}}
2026-07-05 18:45:24.591 [http-nio-8080-exec-9] DEBUG [traceId=9ebfc4218b66447dac472ae2a9568c4a userId=29 role=2] c.k.i.mapper.DictMapper.selectList - <==      Total: 4
2026-07-05 18:45:24.591 [http-nio-8080-exec-7] DEBUG [traceId=76ad151bf62943a0be76b77b1df4cfc9 userId=21 role=1] c.k.i.mapper.DictMapper.selectList - <==      Total: 4
2026-07-05 18:45:24.593 [http-nio-8080-exec-9] INFO  [traceId=9ebfc4218b66447dac472ae2a9568c4a userId=29 role=2] com.kg.interceptor.TraceIdFilter - HTTP_REQUEST_END method=GET uri=/dict/group/task_type status=200 cost=30ms responseBody={"code":200,"message":"查询成功","data":{"dictCode":"task_type","dictName":"任务类型","items":[{"dictValue":"0","dictLabel":"刷题","sortNo":0,"status":1,"displayColor":"#ff6f00"},{"dictValue":"1","dictLabel":"学习","sortNo":1,"status":1,"displayColor":"#f7ff00"},{"dictValue":"2","dictLabel":"打卡","sortNo":2,"status":1,"displayColor":"#66ff00"},{"dictValue":"3","dictLabel":"每日复盘","sortNo":3,"status":1,"displayColor":"#00bfff"}]}}
2026-07-05 18:45:24.593 [http-nio-8080-exec-7] INFO  [traceId=76ad151bf62943a0be76b77b1df4cfc9 userId=21 role=1] com.kg.interceptor.TraceIdFilter - HTTP_REQUEST_END method=GET uri=/dict/group/task_type status=200 cost=25ms responseBody={"code":200,"message":"查询成功","data":{"dictCode":"task_type","dictName":"任务类型","items":[{"dictValue":"0","dictLabel":"刷题","sortNo":0,"status":1,"displayColor":"#ff6f00"},{"dictValue":"1","dictLabel":"学习","sortNo":1,"status":1,"displayColor":"#f7ff00"},{"dictValue":"2","dictLabel":"打卡","sortNo":2,"status":1,"displayColor":"#66ff00"},{"dictValue":"3","dictLabel":"每日复盘","sortNo":3,"status":1,"displayColor":"#00bfff"}]}}
2026-07-05 18:45:24.596 [http-nio-8080-exec-2] DEBUG [traceId=7d7e68d8c47d4eaca7766fe94c87b284 userId=21 role=1] c.k.i.m.N.selectCount - <==      Total: 1
2026-07-05 18:45:24.596 [http-nio-8080-exec-1] DEBUG [traceId=8cae2dec56e244ee87b6f55705f4b86c userId=29 role=2] c.k.i.m.N.selectCount - <==      Total: 1
2026-07-05 18:45:24.598 [http-nio-8080-exec-2] INFO  [traceId=7d7e68d8c47d4eaca7766fe94c87b284 userId=21 role=1] com.kg.interceptor.TraceIdFilter - HTTP_REQUEST_END method=GET uri=/notification/unread-count status=200 cost=28ms responseBody={"code":200,"message":"查询成功","data":0}
2026-07-05 18:45:24.598 [http-nio-8080-exec-1] INFO  [traceId=8cae2dec56e244ee87b6f55705f4b86c userId=29 role=2] com.kg.interceptor.TraceIdFilter - HTTP_REQUEST_END method=GET uri=/notification/unread-count status=200 cost=27ms responseBody={"code":200,"message":"查询成功","data":9}
2026-07-05 18:45:24.664 [http-nio-8080-exec-4] INFO  [traceId=370c85c99f07493fa4bd15413446ca51 userId= role=] com.kg.interceptor.TraceIdFilter - HTTP_REQUEST_START method=POST uri=/task/page query=null requestBody={"pageNum":1,"pageSize":10} ip=0:0:0:0:0:0:0:1 userAgent=Mozilla/5.0 (Windows NT 10.0; Win64; x64) AppleWebKit/537.36 (KHTML, like Gecko) Chrome/123.0.0.0 Safari/537.36
2026-07-05 18:45:24.664 [http-nio-8080-exec-6] INFO  [traceId=4af4acca641945a1b3cabfa244a32728 userId= role=] com.kg.interceptor.TraceIdFilter - HTTP_REQUEST_START method=GET uri=/class/student-options query=null requestBody= ip=0:0:0:0:0:0:0:1 userAgent=Mozilla/5.0 (Windows NT 10.0; Win64; x64) AppleWebKit/537.36 (KHTML, like Gecko) Chrome/123.0.0.0 Safari/537.36
2026-07-05 18:45:24.664 [http-nio-8080-exec-5] INFO  [traceId=bb097da487b6443da2b6386960def6aa userId= role=] com.kg.interceptor.TraceIdFilter - HTTP_REQUEST_START method=GET uri=/class/options query=null requestBody= ip=0:0:0:0:0:0:0:1 userAgent=Mozilla/5.0 (Windows NT 10.0; Win64; x64) AppleWebKit/537.36 (KHTML, like Gecko) Chrome/123.0.0.0 Safari/537.36
2026-07-05 18:45:24.669 [http-nio-8080-exec-6] DEBUG [traceId=4af4acca641945a1b3cabfa244a32728 userId= role=] c.k.i.m.SysUserMapper.selectById - ==>  Preparing: SELECT id,account,name,password,role,gender,email,phone,openid,description,teacher_remark,class_id,status,create_by,create_time,update_by,update_time FROM sys_user WHERE id=?
2026-07-05 18:45:24.669 [http-nio-8080-exec-4] DEBUG [traceId=370c85c99f07493fa4bd15413446ca51 userId= role=] c.k.i.m.SysUserMapper.selectById - ==>  Preparing: SELECT id,account,name,password,role,gender,email,phone,openid,description,teacher_remark,class_id,status,create_by,create_time,update_by,update_time FROM sys_user WHERE id=?
2026-07-05 18:45:24.669 [http-nio-8080-exec-4] DEBUG [traceId=370c85c99f07493fa4bd15413446ca51 userId= role=] c.k.i.m.SysUserMapper.selectById - ==> Parameters: 21(Long)
2026-07-05 18:45:24.669 [http-nio-8080-exec-6] DEBUG [traceId=4af4acca641945a1b3cabfa244a32728 userId= role=] c.k.i.m.SysUserMapper.selectById - ==> Parameters: 21(Long)
2026-07-05 18:45:24.669 [http-nio-8080-exec-5] DEBUG [traceId=bb097da487b6443da2b6386960def6aa userId= role=] c.k.i.m.SysUserMapper.selectById - ==>  Preparing: SELECT id,account,name,password,role,gender,email,phone,openid,description,teacher_remark,class_id,status,create_by,create_time,update_by,update_time FROM sys_user WHERE id=?
2026-07-05 18:45:24.669 [http-nio-8080-exec-5] DEBUG [traceId=bb097da487b6443da2b6386960def6aa userId= role=] c.k.i.m.SysUserMapper.selectById - ==> Parameters: 21(Long)
2026-07-05 18:45:24.670 [http-nio-8080-exec-4] DEBUG [traceId=370c85c99f07493fa4bd15413446ca51 userId= role=] c.k.i.m.SysUserMapper.selectById - <==      Total: 1
2026-07-05 18:45:24.670 [http-nio-8080-exec-5] DEBUG [traceId=bb097da487b6443da2b6386960def6aa userId= role=] c.k.i.m.SysUserMapper.selectById - <==      Total: 1
2026-07-05 18:45:24.670 [http-nio-8080-exec-6] DEBUG [traceId=4af4acca641945a1b3cabfa244a32728 userId= role=] c.k.i.m.SysUserMapper.selectById - <==      Total: 1
2026-07-05 18:45:24.672 [http-nio-8080-exec-6] DEBUG [traceId=4af4acca641945a1b3cabfa244a32728 userId=21 role=1] c.k.i.m.SysUserMapper.selectList - ==>  Preparing: SELECT id,account,name,password,role,gender,email,phone,openid,description,teacher_remark,class_id,status,create_by,create_time,update_by,update_time FROM sys_user WHERE (role IN (?,?) AND status = ?)
2026-07-05 18:45:24.672 [http-nio-8080-exec-5] DEBUG [traceId=bb097da487b6443da2b6386960def6aa userId=21 role=1] c.k.i.m.ClassInfoMapper.selectList - ==>  Preparing: SELECT id,class_name,description,status,create_by,create_time,update_by,update_time FROM class_info WHERE (status = ?) ORDER BY class_name ASC
2026-07-05 18:45:24.672 [http-nio-8080-exec-5] DEBUG [traceId=bb097da487b6443da2b6386960def6aa userId=21 role=1] c.k.i.m.ClassInfoMapper.selectList - ==> Parameters: 1(Integer)
2026-07-05 18:45:24.672 [http-nio-8080-exec-4] DEBUG [traceId=370c85c99f07493fa4bd15413446ca51 userId=21 role=1] c.k.i.mapper.TaskMapper.selectList - ==>  Preparing: SELECT id,task_name,task_type,template_id,round_no,is_mandatory,task_description,task_start_time,task_end_time,priority,class_id,target_type,target_ids,plan_id,plan_date,is_repeat_task,status,create_by,create_time,update_by,update_time FROM task WHERE ((status = ? OR status IS NULL)) ORDER BY id DESC LIMIT 0,10
2026-07-05 18:45:24.672 [http-nio-8080-exec-6] DEBUG [traceId=4af4acca641945a1b3cabfa244a32728 userId=21 role=1] c.k.i.m.SysUserMapper.selectList - ==> Parameters: 2(String), 3(String), 1(Integer)
2026-07-05 18:45:24.672 [http-nio-8080-exec-4] DEBUG [traceId=370c85c99f07493fa4bd15413446ca51 userId=21 role=1] c.k.i.mapper.TaskMapper.selectList - ==> Parameters: 1(Integer)
2026-07-05 18:45:24.673 [http-nio-8080-exec-4] DEBUG [traceId=370c85c99f07493fa4bd15413446ca51 userId=21 role=1] c.k.i.mapper.TaskMapper.selectList - <==      Total: 10
2026-07-05 18:45:24.673 [http-nio-8080-exec-5] DEBUG [traceId=bb097da487b6443da2b6386960def6aa userId=21 role=1] c.k.i.m.ClassInfoMapper.selectList - <==      Total: 3
2026-07-05 18:45:24.673 [http-nio-8080-exec-6] DEBUG [traceId=4af4acca641945a1b3cabfa244a32728 userId=21 role=1] c.k.i.m.SysUserMapper.selectList - <==      Total: 11
2026-07-05 18:45:24.674 [http-nio-8080-exec-5] INFO  [traceId=bb097da487b6443da2b6386960def6aa userId=21 role=1] com.kg.interceptor.TraceIdFilter - HTTP_REQUEST_END method=GET uri=/class/options status=200 cost=10ms responseBody={"code":200,"message":"查询成功","data":[{"id":8,"className":"1班"},{"id":9,"className":"2班"},{"id":10,"className":"线上学习1班"}]}
2026-07-05 18:45:24.674 [http-nio-8080-exec-6] INFO  [traceId=4af4acca641945a1b3cabfa244a32728 userId=21 role=1] com.kg.interceptor.TraceIdFilter - HTTP_REQUEST_END method=GET uri=/class/student-options status=200 cost=10ms responseBody={"code":200,"message":"查询成功","data":[{"id":23,"name":"张三","classId":8},{"id":24,"name":"李四","classId":9},{"id":25,"name":"王五","classId":8},{"id":26,"name":"赵六","classId":9},{"id":27,"name":"赵七","classId":null},{"id":28,"name":"赵八","classId":8},{"id":29,"name":"杨少伟","classId":8},{"id":30,"name":"测试新增用户任务","classId":8},{"id":31,"name":"11","classId":8},{"id":32,"name":"11","classId":8},{"id":33,"name":"五四","classId":10}]}
2026-07-05 18:45:24.675 [http-nio-8080-exec-4] DEBUG [traceId=370c85c99f07493fa4bd15413446ca51 userId=21 role=1] c.k.i.mapper.TaskMapper.selectCount - ==>  Preparing: SELECT COUNT( * ) AS total FROM task WHERE ((status = ? OR status IS NULL))
2026-07-05 18:45:24.675 [http-nio-8080-exec-4] DEBUG [traceId=370c85c99f07493fa4bd15413446ca51 userId=21 role=1] c.k.i.mapper.TaskMapper.selectCount - ==> Parameters: 1(Integer)
2026-07-05 18:45:24.677 [http-nio-8080-exec-4] DEBUG [traceId=370c85c99f07493fa4bd15413446ca51 userId=21 role=1] c.k.i.mapper.TaskMapper.selectCount - <==      Total: 1
2026-07-05 18:45:24.678 [http-nio-8080-exec-4] DEBUG [traceId=370c85c99f07493fa4bd15413446ca51 userId=21 role=1] c.k.i.m.TaskUserMapper.selectList - ==>  Preparing: SELECT id,task_id,user_id,status,start_time,finish_time,duration_minutes,remark,total_score,submit_time,create_by,create_time,update_by,update_time FROM task_user WHERE (task_id = ?)
2026-07-05 18:45:24.678 [http-nio-8080-exec-4] DEBUG [traceId=370c85c99f07493fa4bd15413446ca51 userId=21 role=1] c.k.i.m.TaskUserMapper.selectList - ==> Parameters: 95(Long)
2026-07-05 18:45:24.679 [http-nio-8080-exec-4] DEBUG [traceId=370c85c99f07493fa4bd15413446ca51 userId=21 role=1] c.k.i.m.TaskUserMapper.selectList - <==      Total: 11
2026-07-05 18:45:24.679 [http-nio-8080-exec-4] DEBUG [traceId=370c85c99f07493fa4bd15413446ca51 userId=21 role=1] c.k.i.m.ClassInfoMapper.selectById - ==>  Preparing: SELECT id,class_name,description,status,create_by,create_time,update_by,update_time FROM class_info WHERE id=?
2026-07-05 18:45:24.679 [http-nio-8080-exec-4] DEBUG [traceId=370c85c99f07493fa4bd15413446ca51 userId=21 role=1] c.k.i.m.ClassInfoMapper.selectById - ==> Parameters: 8(Long)
2026-07-05 18:45:24.680 [http-nio-8080-exec-4] DEBUG [traceId=370c85c99f07493fa4bd15413446ca51 userId=21 role=1] c.k.i.m.ClassInfoMapper.selectById - <==      Total: 1
2026-07-05 18:45:24.680 [http-nio-8080-exec-4] DEBUG [traceId=370c85c99f07493fa4bd15413446ca51 userId=21 role=1] c.k.i.m.ClassInfoMapper.selectById - ==>  Preparing: SELECT id,class_name,description,status,create_by,create_time,update_by,update_time FROM class_info WHERE id=?
2026-07-05 18:45:24.680 [http-nio-8080-exec-4] DEBUG [traceId=370c85c99f07493fa4bd15413446ca51 userId=21 role=1] c.k.i.m.ClassInfoMapper.selectById - ==> Parameters: 9(Long)
2026-07-05 18:45:24.682 [http-nio-8080-exec-4] DEBUG [traceId=370c85c99f07493fa4bd15413446ca51 userId=21 role=1] c.k.i.m.ClassInfoMapper.selectById - <==      Total: 1
2026-07-05 18:45:24.682 [http-nio-8080-exec-4] DEBUG [traceId=370c85c99f07493fa4bd15413446ca51 userId=21 role=1] c.k.i.m.ClassInfoMapper.selectById - ==>  Preparing: SELECT id,class_name,description,status,create_by,create_time,update_by,update_time FROM class_info WHERE id=?
2026-07-05 18:45:24.683 [http-nio-8080-exec-4] DEBUG [traceId=370c85c99f07493fa4bd15413446ca51 userId=21 role=1] c.k.i.m.ClassInfoMapper.selectById - ==> Parameters: 10(Long)
2026-07-05 18:45:24.684 [http-nio-8080-exec-4] DEBUG [traceId=370c85c99f07493fa4bd15413446ca51 userId=21 role=1] c.k.i.m.ClassInfoMapper.selectById - <==      Total: 1
2026-07-05 18:45:24.685 [http-nio-8080-exec-4] DEBUG [traceId=370c85c99f07493fa4bd15413446ca51 userId=21 role=1] c.k.i.m.TaskUserMapper.selectList - ==>  Preparing: SELECT id,task_id,user_id,status,start_time,finish_time,duration_minutes,remark,total_score,submit_time,create_by,create_time,update_by,update_time FROM task_user WHERE (task_id = ?)
2026-07-05 18:45:24.686 [http-nio-8080-exec-4] DEBUG [traceId=370c85c99f07493fa4bd15413446ca51 userId=21 role=1] c.k.i.m.TaskUserMapper.selectList - ==> Parameters: 94(Long)
2026-07-05 18:45:24.688 [http-nio-8080-exec-4] DEBUG [traceId=370c85c99f07493fa4bd15413446ca51 userId=21 role=1] c.k.i.m.TaskUserMapper.selectList - <==      Total: 11
2026-07-05 18:45:24.689 [http-nio-8080-exec-4] DEBUG [traceId=370c85c99f07493fa4bd15413446ca51 userId=21 role=1] c.k.i.m.ClassInfoMapper.selectById - ==>  Preparing: SELECT id,class_name,description,status,create_by,create_time,update_by,update_time FROM class_info WHERE id=?
2026-07-05 18:45:24.689 [http-nio-8080-exec-4] DEBUG [traceId=370c85c99f07493fa4bd15413446ca51 userId=21 role=1] c.k.i.m.ClassInfoMapper.selectById - ==> Parameters: 8(Long)
2026-07-05 18:45:24.690 [http-nio-8080-exec-4] DEBUG [traceId=370c85c99f07493fa4bd15413446ca51 userId=21 role=1] c.k.i.m.ClassInfoMapper.selectById - <==      Total: 1
2026-07-05 18:45:24.690 [http-nio-8080-exec-4] DEBUG [traceId=370c85c99f07493fa4bd15413446ca51 userId=21 role=1] c.k.i.m.ClassInfoMapper.selectById - ==>  Preparing: SELECT id,class_name,description,status,create_by,create_time,update_by,update_time FROM class_info WHERE id=?
2026-07-05 18:45:24.690 [http-nio-8080-exec-4] DEBUG [traceId=370c85c99f07493fa4bd15413446ca51 userId=21 role=1] c.k.i.m.ClassInfoMapper.selectById - ==> Parameters: 9(Long)
2026-07-05 18:45:24.692 [http-nio-8080-exec-4] DEBUG [traceId=370c85c99f07493fa4bd15413446ca51 userId=21 role=1] c.k.i.m.ClassInfoMapper.selectById - <==      Total: 1
2026-07-05 18:45:24.692 [http-nio-8080-exec-4] DEBUG [traceId=370c85c99f07493fa4bd15413446ca51 userId=21 role=1] c.k.i.m.ClassInfoMapper.selectById - ==>  Preparing: SELECT id,class_name,description,status,create_by,create_time,update_by,update_time FROM class_info WHERE id=?
2026-07-05 18:45:24.693 [http-nio-8080-exec-4] DEBUG [traceId=370c85c99f07493fa4bd15413446ca51 userId=21 role=1] c.k.i.m.ClassInfoMapper.selectById - ==> Parameters: 10(Long)
2026-07-05 18:45:24.694 [http-nio-8080-exec-4] DEBUG [traceId=370c85c99f07493fa4bd15413446ca51 userId=21 role=1] c.k.i.m.ClassInfoMapper.selectById - <==      Total: 1
2026-07-05 18:45:24.696 [http-nio-8080-exec-4] DEBUG [traceId=370c85c99f07493fa4bd15413446ca51 userId=21 role=1] c.k.i.m.TaskUserMapper.selectList - ==>  Preparing: SELECT id,task_id,user_id,status,start_time,finish_time,duration_minutes,remark,total_score,submit_time,create_by,create_time,update_by,update_time FROM task_user WHERE (task_id = ?)
2026-07-05 18:45:24.696 [http-nio-8080-exec-4] DEBUG [traceId=370c85c99f07493fa4bd15413446ca51 userId=21 role=1] c.k.i.m.TaskUserMapper.selectList - ==> Parameters: 93(Long)
2026-07-05 18:45:24.697 [http-nio-8080-exec-4] DEBUG [traceId=370c85c99f07493fa4bd15413446ca51 userId=21 role=1] c.k.i.m.TaskUserMapper.selectList - <==      Total: 11
2026-07-05 18:45:24.697 [http-nio-8080-exec-4] DEBUG [traceId=370c85c99f07493fa4bd15413446ca51 userId=21 role=1] c.k.i.m.ClassInfoMapper.selectById - ==>  Preparing: SELECT id,class_name,description,status,create_by,create_time,update_by,update_time FROM class_info WHERE id=?
2026-07-05 18:45:24.698 [http-nio-8080-exec-4] DEBUG [traceId=370c85c99f07493fa4bd15413446ca51 userId=21 role=1] c.k.i.m.ClassInfoMapper.selectById - ==> Parameters: 8(Long)
2026-07-05 18:45:24.699 [http-nio-8080-exec-4] DEBUG [traceId=370c85c99f07493fa4bd15413446ca51 userId=21 role=1] c.k.i.m.ClassInfoMapper.selectById - <==      Total: 1
2026-07-05 18:45:24.699 [http-nio-8080-exec-4] DEBUG [traceId=370c85c99f07493fa4bd15413446ca51 userId=21 role=1] c.k.i.m.ClassInfoMapper.selectById - ==>  Preparing: SELECT id,class_name,description,status,create_by,create_time,update_by,update_time FROM class_info WHERE id=?
2026-07-05 18:45:24.699 [http-nio-8080-exec-4] DEBUG [traceId=370c85c99f07493fa4bd15413446ca51 userId=21 role=1] c.k.i.m.ClassInfoMapper.selectById - ==> Parameters: 9(Long)
2026-07-05 18:45:24.700 [http-nio-8080-exec-4] DEBUG [traceId=370c85c99f07493fa4bd15413446ca51 userId=21 role=1] c.k.i.m.ClassInfoMapper.selectById - <==      Total: 1
2026-07-05 18:45:24.701 [http-nio-8080-exec-4] DEBUG [traceId=370c85c99f07493fa4bd15413446ca51 userId=21 role=1] c.k.i.m.ClassInfoMapper.selectById - ==>  Preparing: SELECT id,class_name,description,status,create_by,create_time,update_by,update_time FROM class_info WHERE id=?
2026-07-05 18:45:24.701 [http-nio-8080-exec-4] DEBUG [traceId=370c85c99f07493fa4bd15413446ca51 userId=21 role=1] c.k.i.m.ClassInfoMapper.selectById - ==> Parameters: 10(Long)
2026-07-05 18:45:24.702 [http-nio-8080-exec-4] DEBUG [traceId=370c85c99f07493fa4bd15413446ca51 userId=21 role=1] c.k.i.m.ClassInfoMapper.selectById - <==      Total: 1
2026-07-05 18:45:24.702 [http-nio-8080-exec-4] DEBUG [traceId=370c85c99f07493fa4bd15413446ca51 userId=21 role=1] c.k.i.m.TaskUserMapper.selectList - ==>  Preparing: SELECT id,task_id,user_id,status,start_time,finish_time,duration_minutes,remark,total_score,submit_time,create_by,create_time,update_by,update_time FROM task_user WHERE (task_id = ?)
2026-07-05 18:45:24.703 [http-nio-8080-exec-4] DEBUG [traceId=370c85c99f07493fa4bd15413446ca51 userId=21 role=1] c.k.i.m.TaskUserMapper.selectList - ==> Parameters: 92(Long)
2026-07-05 18:45:24.704 [http-nio-8080-exec-4] DEBUG [traceId=370c85c99f07493fa4bd15413446ca51 userId=21 role=1] c.k.i.m.TaskUserMapper.selectList - <==      Total: 11
2026-07-05 18:45:24.704 [http-nio-8080-exec-4] DEBUG [traceId=370c85c99f07493fa4bd15413446ca51 userId=21 role=1] c.k.i.m.ClassInfoMapper.selectById - ==>  Preparing: SELECT id,class_name,description,status,create_by,create_time,update_by,update_time FROM class_info WHERE id=?
2026-07-05 18:45:24.704 [http-nio-8080-exec-4] DEBUG [traceId=370c85c99f07493fa4bd15413446ca51 userId=21 role=1] c.k.i.m.ClassInfoMapper.selectById - ==> Parameters: 8(Long)
2026-07-05 18:45:24.705 [http-nio-8080-exec-4] DEBUG [traceId=370c85c99f07493fa4bd15413446ca51 userId=21 role=1] c.k.i.m.ClassInfoMapper.selectById - <==      Total: 1
2026-07-05 18:45:24.705 [http-nio-8080-exec-4] DEBUG [traceId=370c85c99f07493fa4bd15413446ca51 userId=21 role=1] c.k.i.m.ClassInfoMapper.selectById - ==>  Preparing: SELECT id,class_name,description,status,create_by,create_time,update_by,update_time FROM class_info WHERE id=?
2026-07-05 18:45:24.706 [http-nio-8080-exec-4] DEBUG [traceId=370c85c99f07493fa4bd15413446ca51 userId=21 role=1] c.k.i.m.ClassInfoMapper.selectById - ==> Parameters: 9(Long)
2026-07-05 18:45:24.707 [http-nio-8080-exec-4] DEBUG [traceId=370c85c99f07493fa4bd15413446ca51 userId=21 role=1] c.k.i.m.ClassInfoMapper.selectById - <==      Total: 1
2026-07-05 18:45:24.707 [http-nio-8080-exec-4] DEBUG [traceId=370c85c99f07493fa4bd15413446ca51 userId=21 role=1] c.k.i.m.ClassInfoMapper.selectById - ==>  Preparing: SELECT id,class_name,description,status,create_by,create_time,update_by,update_time FROM class_info WHERE id=?
2026-07-05 18:45:24.707 [http-nio-8080-exec-4] DEBUG [traceId=370c85c99f07493fa4bd15413446ca51 userId=21 role=1] c.k.i.m.ClassInfoMapper.selectById - ==> Parameters: 10(Long)
2026-07-05 18:45:24.708 [http-nio-8080-exec-4] DEBUG [traceId=370c85c99f07493fa4bd15413446ca51 userId=21 role=1] c.k.i.m.ClassInfoMapper.selectById - <==      Total: 1
2026-07-05 18:45:24.709 [http-nio-8080-exec-4] DEBUG [traceId=370c85c99f07493fa4bd15413446ca51 userId=21 role=1] c.k.i.m.TaskUserMapper.selectList - ==>  Preparing: SELECT id,task_id,user_id,status,start_time,finish_time,duration_minutes,remark,total_score,submit_time,create_by,create_time,update_by,update_time FROM task_user WHERE (task_id = ?)
2026-07-05 18:45:24.710 [http-nio-8080-exec-4] DEBUG [traceId=370c85c99f07493fa4bd15413446ca51 userId=21 role=1] c.k.i.m.TaskUserMapper.selectList - ==> Parameters: 91(Long)
2026-07-05 18:45:24.711 [http-nio-8080-exec-4] DEBUG [traceId=370c85c99f07493fa4bd15413446ca51 userId=21 role=1] c.k.i.m.TaskUserMapper.selectList - <==      Total: 1
2026-07-05 18:45:24.711 [http-nio-8080-exec-4] DEBUG [traceId=370c85c99f07493fa4bd15413446ca51 userId=21 role=1] c.k.i.m.ClassInfoMapper.selectById - ==>  Preparing: SELECT id,class_name,description,status,create_by,create_time,update_by,update_time FROM class_info WHERE id=?
2026-07-05 18:45:24.711 [http-nio-8080-exec-4] DEBUG [traceId=370c85c99f07493fa4bd15413446ca51 userId=21 role=1] c.k.i.m.ClassInfoMapper.selectById - ==> Parameters: 10(Long)
2026-07-05 18:45:24.711 [http-nio-8080-exec-4] DEBUG [traceId=370c85c99f07493fa4bd15413446ca51 userId=21 role=1] c.k.i.m.ClassInfoMapper.selectById - <==      Total: 1
2026-07-05 18:45:24.713 [http-nio-8080-exec-4] DEBUG [traceId=370c85c99f07493fa4bd15413446ca51 userId=21 role=1] c.k.i.m.TaskUserMapper.selectList - ==>  Preparing: SELECT id,task_id,user_id,status,start_time,finish_time,duration_minutes,remark,total_score,submit_time,create_by,create_time,update_by,update_time FROM task_user WHERE (task_id = ?)
2026-07-05 18:45:24.713 [http-nio-8080-exec-4] DEBUG [traceId=370c85c99f07493fa4bd15413446ca51 userId=21 role=1] c.k.i.m.TaskUserMapper.selectList - ==> Parameters: 90(Long)
2026-07-05 18:45:24.714 [http-nio-8080-exec-4] DEBUG [traceId=370c85c99f07493fa4bd15413446ca51 userId=21 role=1] c.k.i.m.TaskUserMapper.selectList - <==      Total: 1
2026-07-05 18:45:24.715 [http-nio-8080-exec-4] DEBUG [traceId=370c85c99f07493fa4bd15413446ca51 userId=21 role=1] c.k.i.m.ClassInfoMapper.selectById - ==>  Preparing: SELECT id,class_name,description,status,create_by,create_time,update_by,update_time FROM class_info WHERE id=?
2026-07-05 18:45:24.715 [http-nio-8080-exec-4] DEBUG [traceId=370c85c99f07493fa4bd15413446ca51 userId=21 role=1] c.k.i.m.ClassInfoMapper.selectById - ==> Parameters: 10(Long)
2026-07-05 18:45:24.716 [http-nio-8080-exec-4] DEBUG [traceId=370c85c99f07493fa4bd15413446ca51 userId=21 role=1] c.k.i.m.ClassInfoMapper.selectById - <==      Total: 1
2026-07-05 18:45:24.718 [http-nio-8080-exec-4] DEBUG [traceId=370c85c99f07493fa4bd15413446ca51 userId=21 role=1] c.k.i.m.TaskUserMapper.selectList - ==>  Preparing: SELECT id,task_id,user_id,status,start_time,finish_time,duration_minutes,remark,total_score,submit_time,create_by,create_time,update_by,update_time FROM task_user WHERE (task_id = ?)
2026-07-05 18:45:24.718 [http-nio-8080-exec-4] DEBUG [traceId=370c85c99f07493fa4bd15413446ca51 userId=21 role=1] c.k.i.m.TaskUserMapper.selectList - ==> Parameters: 89(Long)
2026-07-05 18:45:24.720 [http-nio-8080-exec-4] DEBUG [traceId=370c85c99f07493fa4bd15413446ca51 userId=21 role=1] c.k.i.m.TaskUserMapper.selectList - <==      Total: 10
2026-07-05 18:45:24.720 [http-nio-8080-exec-4] DEBUG [traceId=370c85c99f07493fa4bd15413446ca51 userId=21 role=1] c.k.i.m.ClassInfoMapper.selectById - ==>  Preparing: SELECT id,class_name,description,status,create_by,create_time,update_by,update_time FROM class_info WHERE id=?
2026-07-05 18:45:24.721 [http-nio-8080-exec-4] DEBUG [traceId=370c85c99f07493fa4bd15413446ca51 userId=21 role=1] c.k.i.m.ClassInfoMapper.selectById - ==> Parameters: 8(Long)
2026-07-05 18:45:24.722 [http-nio-8080-exec-4] DEBUG [traceId=370c85c99f07493fa4bd15413446ca51 userId=21 role=1] c.k.i.m.ClassInfoMapper.selectById - <==      Total: 1
2026-07-05 18:45:24.722 [http-nio-8080-exec-4] DEBUG [traceId=370c85c99f07493fa4bd15413446ca51 userId=21 role=1] c.k.i.m.ClassInfoMapper.selectById - ==>  Preparing: SELECT id,class_name,description,status,create_by,create_time,update_by,update_time FROM class_info WHERE id=?
2026-07-05 18:45:24.722 [http-nio-8080-exec-4] DEBUG [traceId=370c85c99f07493fa4bd15413446ca51 userId=21 role=1] c.k.i.m.ClassInfoMapper.selectById - ==> Parameters: 9(Long)
2026-07-05 18:45:24.723 [http-nio-8080-exec-4] DEBUG [traceId=370c85c99f07493fa4bd15413446ca51 userId=21 role=1] c.k.i.m.ClassInfoMapper.selectById - <==      Total: 1
2026-07-05 18:45:24.724 [http-nio-8080-exec-4] DEBUG [traceId=370c85c99f07493fa4bd15413446ca51 userId=21 role=1] c.k.i.m.TaskUserMapper.selectList - ==>  Preparing: SELECT id,task_id,user_id,status,start_time,finish_time,duration_minutes,remark,total_score,submit_time,create_by,create_time,update_by,update_time FROM task_user WHERE (task_id = ?)
2026-07-05 18:45:24.725 [http-nio-8080-exec-4] DEBUG [traceId=370c85c99f07493fa4bd15413446ca51 userId=21 role=1] c.k.i.m.TaskUserMapper.selectList - ==> Parameters: 88(Long)
2026-07-05 18:45:24.727 [http-nio-8080-exec-4] DEBUG [traceId=370c85c99f07493fa4bd15413446ca51 userId=21 role=1] c.k.i.m.TaskUserMapper.selectList - <==      Total: 10
2026-07-05 18:45:24.727 [http-nio-8080-exec-4] DEBUG [traceId=370c85c99f07493fa4bd15413446ca51 userId=21 role=1] c.k.i.m.ClassInfoMapper.selectById - ==>  Preparing: SELECT id,class_name,description,status,create_by,create_time,update_by,update_time FROM class_info WHERE id=?
2026-07-05 18:45:24.727 [http-nio-8080-exec-4] DEBUG [traceId=370c85c99f07493fa4bd15413446ca51 userId=21 role=1] c.k.i.m.ClassInfoMapper.selectById - ==> Parameters: 8(Long)
2026-07-05 18:45:24.728 [http-nio-8080-exec-4] DEBUG [traceId=370c85c99f07493fa4bd15413446ca51 userId=21 role=1] c.k.i.m.ClassInfoMapper.selectById - <==      Total: 1
2026-07-05 18:45:24.728 [http-nio-8080-exec-4] DEBUG [traceId=370c85c99f07493fa4bd15413446ca51 userId=21 role=1] c.k.i.m.ClassInfoMapper.selectById - ==>  Preparing: SELECT id,class_name,description,status,create_by,create_time,update_by,update_time FROM class_info WHERE id=?
2026-07-05 18:45:24.728 [http-nio-8080-exec-4] DEBUG [traceId=370c85c99f07493fa4bd15413446ca51 userId=21 role=1] c.k.i.m.ClassInfoMapper.selectById - ==> Parameters: 9(Long)
2026-07-05 18:45:24.729 [http-nio-8080-exec-4] DEBUG [traceId=370c85c99f07493fa4bd15413446ca51 userId=21 role=1] c.k.i.m.ClassInfoMapper.selectById - <==      Total: 1
2026-07-05 18:45:24.730 [http-nio-8080-exec-4] DEBUG [traceId=370c85c99f07493fa4bd15413446ca51 userId=21 role=1] c.k.i.m.TaskUserMapper.selectList - ==>  Preparing: SELECT id,task_id,user_id,status,start_time,finish_time,duration_minutes,remark,total_score,submit_time,create_by,create_time,update_by,update_time FROM task_user WHERE (task_id = ?)
2026-07-05 18:45:24.731 [http-nio-8080-exec-4] DEBUG [traceId=370c85c99f07493fa4bd15413446ca51 userId=21 role=1] c.k.i.m.TaskUserMapper.selectList - ==> Parameters: 81(Long)
2026-07-05 18:45:24.732 [http-nio-8080-exec-4] DEBUG [traceId=370c85c99f07493fa4bd15413446ca51 userId=21 role=1] c.k.i.m.TaskUserMapper.selectList - <==      Total: 0
2026-07-05 18:45:24.733 [http-nio-8080-exec-4] DEBUG [traceId=370c85c99f07493fa4bd15413446ca51 userId=21 role=1] c.k.i.m.TaskUserMapper.selectList - ==>  Preparing: SELECT id,task_id,user_id,status,start_time,finish_time,duration_minutes,remark,total_score,submit_time,create_by,create_time,update_by,update_time FROM task_user WHERE (task_id = ?)
2026-07-05 18:45:24.733 [http-nio-8080-exec-4] DEBUG [traceId=370c85c99f07493fa4bd15413446ca51 userId=21 role=1] c.k.i.m.TaskUserMapper.selectList - ==> Parameters: 80(Long)
2026-07-05 18:45:24.734 [http-nio-8080-exec-4] DEBUG [traceId=370c85c99f07493fa4bd15413446ca51 userId=21 role=1] c.k.i.m.TaskUserMapper.selectList - <==      Total: 7
2026-07-05 18:45:24.734 [http-nio-8080-exec-4] DEBUG [traceId=370c85c99f07493fa4bd15413446ca51 userId=21 role=1] c.k.i.m.ClassInfoMapper.selectById - ==>  Preparing: SELECT id,class_name,description,status,create_by,create_time,update_by,update_time FROM class_info WHERE id=?
2026-07-05 18:45:24.734 [http-nio-8080-exec-4] DEBUG [traceId=370c85c99f07493fa4bd15413446ca51 userId=21 role=1] c.k.i.m.ClassInfoMapper.selectById - ==> Parameters: 8(Long)
2026-07-05 18:45:24.735 [http-nio-8080-exec-4] DEBUG [traceId=370c85c99f07493fa4bd15413446ca51 userId=21 role=1] c.k.i.m.ClassInfoMapper.selectById - <==      Total: 1
2026-07-05 18:45:24.736 [http-nio-8080-exec-4] INFO  [traceId=370c85c99f07493fa4bd15413446ca51 userId=21 role=1] com.kg.interceptor.TraceIdFilter - HTTP_REQUEST_END method=POST uri=/task/page status=200 cost=72ms responseBody={"code":200,"message":"查询成功","data":{"total":68,"list":[{"id":95,"taskName":"每日复盘","taskType":"3","templateId":null,"roundNo":0,"isMandatory":1,"taskDescription":null,"taskStartTime":"2026-07-05 08:00:00","taskEndTime":"2026-07-05 23:59:00","priority":0,"classId":null,"targetType":1,"targetIds":"8,9,10","selectedClassList":[{"id":8,"className":"1班"},{"id":9,"className":"2班"},{"id":10,"className":"线上学习1班"}],"selectedStudentList":null,"completedCount":0,"uncompletedCount":11,"completionPercent":0,"createTime":"2026-07-05 18:12:39","planId":null,"planDate":null,"isRepeatTask":0,"status":1},{"id":94,"taskName":"每日打卡","taskType":"2","templateId":null,"roundNo":0,"isMandatory":1,"taskDescription":null,"taskStartTime":"2026-07-05 06:00:00","taskEndTime":"2026-07-05 23:59:00","priority":0,"classId":null,"targetType":1,"targetIds":"8,9,10","selectedClassList":[{"id":8,"className":"1班"},{"id":9,"className":"2班"},{"id":10,"className":"线上学习1班"}],"selectedStudentList":null,"completedCount":0,"uncompletedCount":11,"completionPercent":0,"createTime":"2026-07-05 18:12:39","planId":null,"planDate":null,"isRepeatTask":0,"status":1},{"id":93,"taskName":"每日复盘","taskType":"3","templateId":null,"roundNo":0,"isMandatory":1,"taskDescription":null,"taskStartTime":"2026-07-03 08:00:00","taskEndTime":"2026-07-03 23:59:00","priority":0,"classId":null,"targetType":1,"targetIds":"8,9,10","selectedClassList":[{"id":8,"className":"1班"},{"id":9,"className":"2班"},{"id":10,"className":"线上学习1班"}],"selectedStudentList":null,"completedCount":0,"uncompletedCount":11,"completionPercent":0,"createTime":"2026-07-03 08:46:13","planId":null,"planDate":null,"isRepeatTask":0,"status":1},{"id":92,"taskName":"每日打卡","taskType":"2","templateId":null,"roundNo":0,"isMandatory":1,"taskDescription":null,"taskStartTime":"2026-07-03 06:00:00","taskEndTime":"2026-07-03 23:59:00","priority":0,"classId":null,"targetType":1,"targetIds":"8,9,10","selectedClassList":[{"id":8,"className":"1班"},{"id":9,"className":"2班"},{"id":10,"className":"线上学习1班"}],"selectedStudentList":null,"completedCount":1,"uncompletedCount":10,"completionPercent":9,"createTime":"2026-07-03 08:46:13","planId":null,"planDate":null,"isRepeatTask":0,"status":1},{"id":91,"taskName":"26行政执法","taskType":"0","templateId":null,"roundNo":1,"isMandatory":1,"taskDescription":"全做","taskStartTime":"2026-07-02 00:00:00","taskEndTime":"2026-07-02 23:59:59","priority":0,"classId":null,"targetType":1,"targetIds":"10","selectedClassList":[{"id":10,"className":"线上学习1班"}],"selectedStudentList":null,"completedCount":0,"uncompletedCount":1,"completionPercent":0,"createTime":"2026-07-02 17:32:35","planId":null,"planDate":null,"isRepeatTask":0,"status":1},{"id":90,"taskName":"资料分析第一章，一般增长率","taskType":"1","templateId":null,"roundNo":1,"isMandatory":1,"taskDescription":"做完后再做1套资料","taskStartTime":"2026-07-02 00:00:00","taskEndTime":"2026-07-02 23:59:59","priority":0,"classId":null,"targetType":1,"targetIds":"10","selectedClassList":[{"id":10,"className":"线上学习1班"}],"selectedStudentList":null,"completedCount":1,"uncompletedCount":0,"completionPercent":100,"createTime":"2026-07-02 17:32:06","planId":null,"planDate":null,"isRepeatTask":0,"status":1},{"id":89,"taskName":"每日复盘","taskType":"3","templateId":null,"roundNo":0,"isMandatory":1,"taskDescription":null,"taskStartTime":"2026-07-02 08:00:00","taskEndTime":"2026-07-02 23:59:00","priority":0,"classId":null,"targetType":1,"targetIds":"8,9","selectedClassList":[{"id":8,"className":"1班"},{"id":9,"className":"2班"}],"selectedStudentList":null,"completedCount":0,"uncompletedCount":10,"completionPercent":0,"createTime":"2026-07-02 08:00:00","planId":null,"planDate":null,"isRepeatTask":0,"status":1},{"id":88,"taskName":"每日打卡","taskType":"2","templateId":null,"roundNo":0,"isMandatory":1,"taskDescription":null,"taskStartTime":"2026-07-02 06:00:00","taskEndTime":"2026-07-02 23:59:00","priority":0,"classId":null,"targetType":1,"targetIds":"8,9","selectedClassList":[{"id":8,"className":"1班"},{"id":9,"className":"2班"}],"selectedStudentList":null,"completedCount":1,"uncompletedCount":9,"completionPercent":10,"createTime":"2026-07-02 06:00:00","planId":null,"planDate":null,"isRepeatTask":0,"status":1},{"id":81,"taskName":"测试星期 07-01","taskType":"0","templateId":null,"roundNo":0,"isMandatory":1,"taskDescription":"","taskStartTime":"2026-07-01 00:00:00","taskEndTime":"2026-07-01 23:59:00","priority":0,"classId":null,"targetType":null,"targetIds":null,"selectedClassList":null,"selectedStudentList":null,"completedCount":0,"uncompletedCount":0,"completionPercent":0,"createTime":"2026-07-01 17:37:52","planId":2,"planDate":"2026-07-01","isRepeatTask":1,"status":1},{"id":80,"taskName":"测试重复任务 07-04","taskType":"0","templateId":null,"roundNo":0,"isMandatory":1,"taskDescription":"","taskStartTime":"2026-07-04 00:00:00","taskEndTime":"2026-07-04 23:59:00","priority":1,"classId":null,"targetType":1,"targetIds":"8","selectedClassList":[{"id":8,"className":"1班"}],"selectedStudentList":null,"completedCo...[TRUNCATED length=5151]
2026-07-05 18:45:37.128 [http-nio-8080-exec-8] INFO  [traceId=7f35c624a74e4e1eb5ea01def46cd9ec userId= role=] com.kg.interceptor.TraceIdFilter - HTTP_REQUEST_START method=GET uri=/dict/group/task_type query=null requestBody= ip=0:0:0:0:0:0:0:1 userAgent=Mozilla/5.0 (Windows NT 10.0; Win64; x64) AppleWebKit/537.36 (KHTML, like Gecko) Chrome/123.0.0.0 Safari/537.36
2026-07-05 18:45:37.128 [http-nio-8080-exec-10] INFO  [traceId=ea0d6052bd2e470286101c061fc4ad33 userId= role=] com.kg.interceptor.TraceIdFilter - HTTP_REQUEST_START method=GET uri=/notification/unread-count query=null requestBody= ip=0:0:0:0:0:0:0:1 userAgent=Mozilla/5.0 (Windows NT 10.0; Win64; x64) AppleWebKit/537.36 (KHTML, like Gecko) Chrome/123.0.0.0 Safari/537.36
2026-07-05 18:45:37.132 [http-nio-8080-exec-8] DEBUG [traceId=7f35c624a74e4e1eb5ea01def46cd9ec userId= role=] c.k.i.m.SysUserMapper.selectById - ==>  Preparing: SELECT id,account,name,password,role,gender,email,phone,openid,description,teacher_remark,class_id,status,create_by,create_time,update_by,update_time FROM sys_user WHERE id=?
2026-07-05 18:45:37.132 [http-nio-8080-exec-10] DEBUG [traceId=ea0d6052bd2e470286101c061fc4ad33 userId= role=] c.k.i.m.SysUserMapper.selectById - ==>  Preparing: SELECT id,account,name,password,role,gender,email,phone,openid,description,teacher_remark,class_id,status,create_by,create_time,update_by,update_time FROM sys_user WHERE id=?
2026-07-05 18:45:37.132 [http-nio-8080-exec-10] DEBUG [traceId=ea0d6052bd2e470286101c061fc4ad33 userId= role=] c.k.i.m.SysUserMapper.selectById - ==> Parameters: 21(Long)
2026-07-05 18:45:37.132 [http-nio-8080-exec-8] DEBUG [traceId=7f35c624a74e4e1eb5ea01def46cd9ec userId= role=] c.k.i.m.SysUserMapper.selectById - ==> Parameters: 21(Long)
2026-07-05 18:45:37.133 [http-nio-8080-exec-8] DEBUG [traceId=7f35c624a74e4e1eb5ea01def46cd9ec userId= role=] c.k.i.m.SysUserMapper.selectById - <==      Total: 1
2026-07-05 18:45:37.133 [http-nio-8080-exec-10] DEBUG [traceId=ea0d6052bd2e470286101c061fc4ad33 userId= role=] c.k.i.m.SysUserMapper.selectById - <==      Total: 1
2026-07-05 18:45:37.135 [http-nio-8080-exec-8] DEBUG [traceId=7f35c624a74e4e1eb5ea01def46cd9ec userId=21 role=1] c.k.i.mapper.DictMapper.selectList - ==>  Preparing: SELECT id,dict_code,dict_name,dict_label,dict_value,display_color,sort_no,status,create_by,create_time,update_by,update_time FROM sys_dict WHERE (dict_code = ?) ORDER BY sort_no ASC
2026-07-05 18:45:37.135 [http-nio-8080-exec-10] DEBUG [traceId=ea0d6052bd2e470286101c061fc4ad33 userId=21 role=1] c.k.i.m.N.selectCount - ==>  Preparing: SELECT COUNT( * ) AS total FROM notification_message WHERE (user_id = ? AND is_read = ? AND status = ? AND notify_time <= ?)
2026-07-05 18:45:37.135 [http-nio-8080-exec-8] DEBUG [traceId=7f35c624a74e4e1eb5ea01def46cd9ec userId=21 role=1] c.k.i.mapper.DictMapper.selectList - ==> Parameters: task_type(String)
2026-07-05 18:45:37.135 [http-nio-8080-exec-10] DEBUG [traceId=ea0d6052bd2e470286101c061fc4ad33 userId=21 role=1] c.k.i.m.N.selectCount - ==> Parameters: 21(Long), 0(Integer), 0(String), 2026-07-05T18:45:37.134(LocalDateTime)
2026-07-05 18:45:37.136 [http-nio-8080-exec-8] DEBUG [traceId=7f35c624a74e4e1eb5ea01def46cd9ec userId=21 role=1] c.k.i.mapper.DictMapper.selectList - <==      Total: 4
2026-07-05 18:45:37.137 [http-nio-8080-exec-8] INFO  [traceId=7f35c624a74e4e1eb5ea01def46cd9ec userId=21 role=1] com.kg.interceptor.TraceIdFilter - HTTP_REQUEST_END method=GET uri=/dict/group/task_type status=200 cost=9ms responseBody={"code":200,"message":"查询成功","data":{"dictCode":"task_type","dictName":"任务类型","items":[{"dictValue":"0","dictLabel":"刷题","sortNo":0,"status":1,"displayColor":"#ff6f00"},{"dictValue":"1","dictLabel":"学习","sortNo":1,"status":1,"displayColor":"#f7ff00"},{"dictValue":"2","dictLabel":"打卡","sortNo":2,"status":1,"displayColor":"#66ff00"},{"dictValue":"3","dictLabel":"每日复盘","sortNo":3,"status":1,"displayColor":"#00bfff"}]}}
2026-07-05 18:45:37.141 [http-nio-8080-exec-10] DEBUG [traceId=ea0d6052bd2e470286101c061fc4ad33 userId=21 role=1] c.k.i.m.N.selectCount - <==      Total: 1
2026-07-05 18:45:37.142 [http-nio-8080-exec-10] INFO  [traceId=ea0d6052bd2e470286101c061fc4ad33 userId=21 role=1] com.kg.interceptor.TraceIdFilter - HTTP_REQUEST_END method=GET uri=/notification/unread-count status=200 cost=14ms responseBody={"code":200,"message":"查询成功","data":0}
2026-07-05 18:45:37.174 [http-nio-8080-exec-3] INFO  [traceId=dbd9f13086aa40a99ba895b982a6c357 userId= role=] com.kg.interceptor.TraceIdFilter - HTTP_REQUEST_START method=POST uri=/task/page query=null requestBody={"pageNum":1,"pageSize":10} ip=0:0:0:0:0:0:0:1 userAgent=Mozilla/5.0 (Windows NT 10.0; Win64; x64) AppleWebKit/537.36 (KHTML, like Gecko) Chrome/123.0.0.0 Safari/537.36
2026-07-05 18:45:37.177 [http-nio-8080-exec-7] INFO  [traceId=a6e17920a88b4b798c040e116f57bc9a userId= role=] com.kg.interceptor.TraceIdFilter - HTTP_REQUEST_START method=GET uri=/class/student-options query=null requestBody= ip=0:0:0:0:0:0:0:1 userAgent=Mozilla/5.0 (Windows NT 10.0; Win64; x64) AppleWebKit/537.36 (KHTML, like Gecko) Chrome/123.0.0.0 Safari/537.36
2026-07-05 18:45:37.177 [http-nio-8080-exec-9] INFO  [traceId=e701e06c034149ec8f6cb1ecbd7ac92c userId= role=] com.kg.interceptor.TraceIdFilter - HTTP_REQUEST_START method=GET uri=/class/options query=null requestBody= ip=0:0:0:0:0:0:0:1 userAgent=Mozilla/5.0 (Windows NT 10.0; Win64; x64) AppleWebKit/537.36 (KHTML, like Gecko) Chrome/123.0.0.0 Safari/537.36
2026-07-05 18:45:37.178 [http-nio-8080-exec-3] DEBUG [traceId=dbd9f13086aa40a99ba895b982a6c357 userId= role=] c.k.i.m.SysUserMapper.selectById - ==>  Preparing: SELECT id,account,name,password,role,gender,email,phone,openid,description,teacher_remark,class_id,status,create_by,create_time,update_by,update_time FROM sys_user WHERE id=?
2026-07-05 18:45:37.178 [http-nio-8080-exec-3] DEBUG [traceId=dbd9f13086aa40a99ba895b982a6c357 userId= role=] c.k.i.m.SysUserMapper.selectById - ==> Parameters: 21(Long)
2026-07-05 18:45:37.179 [http-nio-8080-exec-3] DEBUG [traceId=dbd9f13086aa40a99ba895b982a6c357 userId= role=] c.k.i.m.SysUserMapper.selectById - <==      Total: 1
2026-07-05 18:45:37.180 [http-nio-8080-exec-7] DEBUG [traceId=a6e17920a88b4b798c040e116f57bc9a userId= role=] c.k.i.m.SysUserMapper.selectById - ==>  Preparing: SELECT id,account,name,password,role,gender,email,phone,openid,description,teacher_remark,class_id,status,create_by,create_time,update_by,update_time FROM sys_user WHERE id=?
2026-07-05 18:45:37.180 [http-nio-8080-exec-9] DEBUG [traceId=e701e06c034149ec8f6cb1ecbd7ac92c userId= role=] c.k.i.m.SysUserMapper.selectById - ==>  Preparing: SELECT id,account,name,password,role,gender,email,phone,openid,description,teacher_remark,class_id,status,create_by,create_time,update_by,update_time FROM sys_user WHERE id=?
2026-07-05 18:45:37.180 [http-nio-8080-exec-7] DEBUG [traceId=a6e17920a88b4b798c040e116f57bc9a userId= role=] c.k.i.m.SysUserMapper.selectById - ==> Parameters: 21(Long)
2026-07-05 18:45:37.180 [http-nio-8080-exec-9] DEBUG [traceId=e701e06c034149ec8f6cb1ecbd7ac92c userId= role=] c.k.i.m.SysUserMapper.selectById - ==> Parameters: 21(Long)
2026-07-05 18:45:37.182 [http-nio-8080-exec-3] DEBUG [traceId=dbd9f13086aa40a99ba895b982a6c357 userId=21 role=1] c.k.i.mapper.TaskMapper.selectList - ==>  Preparing: SELECT id,task_name,task_type,template_id,round_no,is_mandatory,task_description,task_start_time,task_end_time,priority,class_id,target_type,target_ids,plan_id,plan_date,is_repeat_task,status,create_by,create_time,update_by,update_time FROM task WHERE ((status = ? OR status IS NULL)) ORDER BY id DESC LIMIT 0,10
2026-07-05 18:45:37.182 [http-nio-8080-exec-7] DEBUG [traceId=a6e17920a88b4b798c040e116f57bc9a userId= role=] c.k.i.m.SysUserMapper.selectById - <==      Total: 1
2026-07-05 18:45:37.183 [http-nio-8080-exec-3] DEBUG [traceId=dbd9f13086aa40a99ba895b982a6c357 userId=21 role=1] c.k.i.mapper.TaskMapper.selectList - ==> Parameters: 1(Integer)
2026-07-05 18:45:37.184 [http-nio-8080-exec-3] DEBUG [traceId=dbd9f13086aa40a99ba895b982a6c357 userId=21 role=1] c.k.i.mapper.TaskMapper.selectList - <==      Total: 10
2026-07-05 18:45:37.184 [http-nio-8080-exec-7] DEBUG [traceId=a6e17920a88b4b798c040e116f57bc9a userId=21 role=1] c.k.i.m.SysUserMapper.selectList - ==>  Preparing: SELECT id,account,name,password,role,gender,email,phone,openid,description,teacher_remark,class_id,status,create_by,create_time,update_by,update_time FROM sys_user WHERE (role IN (?,?) AND status = ?)
2026-07-05 18:45:37.184 [http-nio-8080-exec-7] DEBUG [traceId=a6e17920a88b4b798c040e116f57bc9a userId=21 role=1] c.k.i.m.SysUserMapper.selectList - ==> Parameters: 2(String), 3(String), 1(Integer)
2026-07-05 18:45:37.185 [http-nio-8080-exec-3] DEBUG [traceId=dbd9f13086aa40a99ba895b982a6c357 userId=21 role=1] c.k.i.mapper.TaskMapper.selectCount - ==>  Preparing: SELECT COUNT( * ) AS total FROM task WHERE ((status = ? OR status IS NULL))
2026-07-05 18:45:37.185 [http-nio-8080-exec-3] DEBUG [traceId=dbd9f13086aa40a99ba895b982a6c357 userId=21 role=1] c.k.i.mapper.TaskMapper.selectCount - ==> Parameters: 1(Integer)
2026-07-05 18:45:37.187 [http-nio-8080-exec-7] DEBUG [traceId=a6e17920a88b4b798c040e116f57bc9a userId=21 role=1] c.k.i.m.SysUserMapper.selectList - <==      Total: 11
2026-07-05 18:45:37.187 [http-nio-8080-exec-9] DEBUG [traceId=e701e06c034149ec8f6cb1ecbd7ac92c userId= role=] c.k.i.m.SysUserMapper.selectById - <==      Total: 1
2026-07-05 18:45:37.188 [http-nio-8080-exec-3] DEBUG [traceId=dbd9f13086aa40a99ba895b982a6c357 userId=21 role=1] c.k.i.mapper.TaskMapper.selectCount - <==      Total: 1
2026-07-05 18:45:37.188 [http-nio-8080-exec-7] INFO  [traceId=a6e17920a88b4b798c040e116f57bc9a userId=21 role=1] com.kg.interceptor.TraceIdFilter - HTTP_REQUEST_END method=GET uri=/class/student-options status=200 cost=12ms responseBody={"code":200,"message":"查询成功","data":[{"id":23,"name":"张三","classId":8},{"id":24,"name":"李四","classId":9},{"id":25,"name":"王五","classId":8},{"id":26,"name":"赵六","classId":9},{"id":27,"name":"赵七","classId":null},{"id":28,"name":"赵八","classId":8},{"id":29,"name":"杨少伟","classId":8},{"id":30,"name":"测试新增用户任务","classId":8},{"id":31,"name":"11","classId":8},{"id":32,"name":"11","classId":8},{"id":33,"name":"五四","classId":10}]}
2026-07-05 18:45:37.188 [http-nio-8080-exec-9] DEBUG [traceId=e701e06c034149ec8f6cb1ecbd7ac92c userId=21 role=1] c.k.i.m.ClassInfoMapper.selectList - ==>  Preparing: SELECT id,class_name,description,status,create_by,create_time,update_by,update_time FROM class_info WHERE (status = ?) ORDER BY class_name ASC
2026-07-05 18:45:37.188 [http-nio-8080-exec-3] DEBUG [traceId=dbd9f13086aa40a99ba895b982a6c357 userId=21 role=1] c.k.i.m.TaskUserMapper.selectList - ==>  Preparing: SELECT id,task_id,user_id,status,start_time,finish_time,duration_minutes,remark,total_score,submit_time,create_by,create_time,update_by,update_time FROM task_user WHERE (task_id = ?)
2026-07-05 18:45:37.189 [http-nio-8080-exec-3] DEBUG [traceId=dbd9f13086aa40a99ba895b982a6c357 userId=21 role=1] c.k.i.m.TaskUserMapper.selectList - ==> Parameters: 95(Long)
2026-07-05 18:45:37.189 [http-nio-8080-exec-9] DEBUG [traceId=e701e06c034149ec8f6cb1ecbd7ac92c userId=21 role=1] c.k.i.m.ClassInfoMapper.selectList - ==> Parameters: 1(Integer)
2026-07-05 18:45:37.190 [http-nio-8080-exec-3] DEBUG [traceId=dbd9f13086aa40a99ba895b982a6c357 userId=21 role=1] c.k.i.m.TaskUserMapper.selectList - <==      Total: 11
2026-07-05 18:45:37.191 [http-nio-8080-exec-3] DEBUG [traceId=dbd9f13086aa40a99ba895b982a6c357 userId=21 role=1] c.k.i.m.ClassInfoMapper.selectById - ==>  Preparing: SELECT id,class_name,description,status,create_by,create_time,update_by,update_time FROM class_info WHERE id=?
2026-07-05 18:45:37.191 [http-nio-8080-exec-3] DEBUG [traceId=dbd9f13086aa40a99ba895b982a6c357 userId=21 role=1] c.k.i.m.ClassInfoMapper.selectById - ==> Parameters: 8(Long)
2026-07-05 18:45:37.192 [http-nio-8080-exec-3] DEBUG [traceId=dbd9f13086aa40a99ba895b982a6c357 userId=21 role=1] c.k.i.m.ClassInfoMapper.selectById - <==      Total: 1
2026-07-05 18:45:37.193 [http-nio-8080-exec-3] DEBUG [traceId=dbd9f13086aa40a99ba895b982a6c357 userId=21 role=1] c.k.i.m.ClassInfoMapper.selectById - ==>  Preparing: SELECT id,class_name,description,status,create_by,create_time,update_by,update_time FROM class_info WHERE id=?
2026-07-05 18:45:37.193 [http-nio-8080-exec-3] DEBUG [traceId=dbd9f13086aa40a99ba895b982a6c357 userId=21 role=1] c.k.i.m.ClassInfoMapper.selectById - ==> Parameters: 9(Long)
2026-07-05 18:45:37.195 [http-nio-8080-exec-3] DEBUG [traceId=dbd9f13086aa40a99ba895b982a6c357 userId=21 role=1] c.k.i.m.ClassInfoMapper.selectById - <==      Total: 1
2026-07-05 18:45:37.195 [http-nio-8080-exec-3] DEBUG [traceId=dbd9f13086aa40a99ba895b982a6c357 userId=21 role=1] c.k.i.m.ClassInfoMapper.selectById - ==>  Preparing: SELECT id,class_name,description,status,create_by,create_time,update_by,update_time FROM class_info WHERE id=?
2026-07-05 18:45:37.261 [http-nio-8080-exec-3] DEBUG [traceId=dbd9f13086aa40a99ba895b982a6c357 userId=21 role=1] c.k.i.m.ClassInfoMapper.selectById - ==> Parameters: 10(Long)
2026-07-05 18:45:37.261 [http-nio-8080-exec-9] DEBUG [traceId=e701e06c034149ec8f6cb1ecbd7ac92c userId=21 role=1] c.k.i.m.ClassInfoMapper.selectList - <==      Total: 3
2026-07-05 18:45:37.262 [http-nio-8080-exec-3] DEBUG [traceId=dbd9f13086aa40a99ba895b982a6c357 userId=21 role=1] c.k.i.m.ClassInfoMapper.selectById - <==      Total: 1
2026-07-05 18:45:37.262 [http-nio-8080-exec-9] INFO  [traceId=e701e06c034149ec8f6cb1ecbd7ac92c userId=21 role=1] com.kg.interceptor.TraceIdFilter - HTTP_REQUEST_END method=GET uri=/class/options status=200 cost=86ms responseBody={"code":200,"message":"查询成功","data":[{"id":8,"className":"1班"},{"id":9,"className":"2班"},{"id":10,"className":"线上学习1班"}]}
2026-07-05 18:45:37.263 [http-nio-8080-exec-3] DEBUG [traceId=dbd9f13086aa40a99ba895b982a6c357 userId=21 role=1] c.k.i.m.TaskUserMapper.selectList - ==>  Preparing: SELECT id,task_id,user_id,status,start_time,finish_time,duration_minutes,remark,total_score,submit_time,create_by,create_time,update_by,update_time FROM task_user WHERE (task_id = ?)
2026-07-05 18:45:37.263 [http-nio-8080-exec-3] DEBUG [traceId=dbd9f13086aa40a99ba895b982a6c357 userId=21 role=1] c.k.i.m.TaskUserMapper.selectList - ==> Parameters: 94(Long)
2026-07-05 18:45:37.270 [http-nio-8080-exec-3] DEBUG [traceId=dbd9f13086aa40a99ba895b982a6c357 userId=21 role=1] c.k.i.m.TaskUserMapper.selectList - <==      Total: 11
2026-07-05 18:45:37.270 [http-nio-8080-exec-3] DEBUG [traceId=dbd9f13086aa40a99ba895b982a6c357 userId=21 role=1] c.k.i.m.ClassInfoMapper.selectById - ==>  Preparing: SELECT id,class_name,description,status,create_by,create_time,update_by,update_time FROM class_info WHERE id=?
2026-07-05 18:45:37.272 [http-nio-8080-exec-3] DEBUG [traceId=dbd9f13086aa40a99ba895b982a6c357 userId=21 role=1] c.k.i.m.ClassInfoMapper.selectById - ==> Parameters: 8(Long)
2026-07-05 18:45:37.273 [http-nio-8080-exec-3] DEBUG [traceId=dbd9f13086aa40a99ba895b982a6c357 userId=21 role=1] c.k.i.m.ClassInfoMapper.selectById - <==      Total: 1
2026-07-05 18:45:37.273 [http-nio-8080-exec-3] DEBUG [traceId=dbd9f13086aa40a99ba895b982a6c357 userId=21 role=1] c.k.i.m.ClassInfoMapper.selectById - ==>  Preparing: SELECT id,class_name,description,status,create_by,create_time,update_by,update_time FROM class_info WHERE id=?
2026-07-05 18:45:37.274 [http-nio-8080-exec-3] DEBUG [traceId=dbd9f13086aa40a99ba895b982a6c357 userId=21 role=1] c.k.i.m.ClassInfoMapper.selectById - ==> Parameters: 9(Long)
2026-07-05 18:45:37.275 [http-nio-8080-exec-3] DEBUG [traceId=dbd9f13086aa40a99ba895b982a6c357 userId=21 role=1] c.k.i.m.ClassInfoMapper.selectById - <==      Total: 1
2026-07-05 18:45:37.275 [http-nio-8080-exec-3] DEBUG [traceId=dbd9f13086aa40a99ba895b982a6c357 userId=21 role=1] c.k.i.m.ClassInfoMapper.selectById - ==>  Preparing: SELECT id,class_name,description,status,create_by,create_time,update_by,update_time FROM class_info WHERE id=?
2026-07-05 18:45:37.275 [http-nio-8080-exec-3] DEBUG [traceId=dbd9f13086aa40a99ba895b982a6c357 userId=21 role=1] c.k.i.m.ClassInfoMapper.selectById - ==> Parameters: 10(Long)
2026-07-05 18:45:37.276 [http-nio-8080-exec-3] DEBUG [traceId=dbd9f13086aa40a99ba895b982a6c357 userId=21 role=1] c.k.i.m.ClassInfoMapper.selectById - <==      Total: 1
2026-07-05 18:45:37.278 [http-nio-8080-exec-3] DEBUG [traceId=dbd9f13086aa40a99ba895b982a6c357 userId=21 role=1] c.k.i.m.TaskUserMapper.selectList - ==>  Preparing: SELECT id,task_id,user_id,status,start_time,finish_time,duration_minutes,remark,total_score,submit_time,create_by,create_time,update_by,update_time FROM task_user WHERE (task_id = ?)
2026-07-05 18:45:37.279 [http-nio-8080-exec-3] DEBUG [traceId=dbd9f13086aa40a99ba895b982a6c357 userId=21 role=1] c.k.i.m.TaskUserMapper.selectList - ==> Parameters: 93(Long)
2026-07-05 18:45:37.280 [http-nio-8080-exec-3] DEBUG [traceId=dbd9f13086aa40a99ba895b982a6c357 userId=21 role=1] c.k.i.m.TaskUserMapper.selectList - <==      Total: 11
2026-07-05 18:45:37.280 [http-nio-8080-exec-3] DEBUG [traceId=dbd9f13086aa40a99ba895b982a6c357 userId=21 role=1] c.k.i.m.ClassInfoMapper.selectById - ==>  Preparing: SELECT id,class_name,description,status,create_by,create_time,update_by,update_time FROM class_info WHERE id=?
2026-07-05 18:45:37.281 [http-nio-8080-exec-3] DEBUG [traceId=dbd9f13086aa40a99ba895b982a6c357 userId=21 role=1] c.k.i.m.ClassInfoMapper.selectById - ==> Parameters: 8(Long)
2026-07-05 18:45:37.282 [http-nio-8080-exec-3] DEBUG [traceId=dbd9f13086aa40a99ba895b982a6c357 userId=21 role=1] c.k.i.m.ClassInfoMapper.selectById - <==      Total: 1
2026-07-05 18:45:37.283 [http-nio-8080-exec-3] DEBUG [traceId=dbd9f13086aa40a99ba895b982a6c357 userId=21 role=1] c.k.i.m.ClassInfoMapper.selectById - ==>  Preparing: SELECT id,class_name,description,status,create_by,create_time,update_by,update_time FROM class_info WHERE id=?
2026-07-05 18:45:37.283 [http-nio-8080-exec-3] DEBUG [traceId=dbd9f13086aa40a99ba895b982a6c357 userId=21 role=1] c.k.i.m.ClassInfoMapper.selectById - ==> Parameters: 9(Long)
2026-07-05 18:45:37.285 [http-nio-8080-exec-3] DEBUG [traceId=dbd9f13086aa40a99ba895b982a6c357 userId=21 role=1] c.k.i.m.ClassInfoMapper.selectById - <==      Total: 1
2026-07-05 18:45:37.285 [http-nio-8080-exec-3] DEBUG [traceId=dbd9f13086aa40a99ba895b982a6c357 userId=21 role=1] c.k.i.m.ClassInfoMapper.selectById - ==>  Preparing: SELECT id,class_name,description,status,create_by,create_time,update_by,update_time FROM class_info WHERE id=?
2026-07-05 18:45:37.285 [http-nio-8080-exec-3] DEBUG [traceId=dbd9f13086aa40a99ba895b982a6c357 userId=21 role=1] c.k.i.m.ClassInfoMapper.selectById - ==> Parameters: 10(Long)
2026-07-05 18:45:37.287 [http-nio-8080-exec-3] DEBUG [traceId=dbd9f13086aa40a99ba895b982a6c357 userId=21 role=1] c.k.i.m.ClassInfoMapper.selectById - <==      Total: 1
2026-07-05 18:45:37.294 [http-nio-8080-exec-3] DEBUG [traceId=dbd9f13086aa40a99ba895b982a6c357 userId=21 role=1] c.k.i.m.TaskUserMapper.selectList - ==>  Preparing: SELECT id,task_id,user_id,status,start_time,finish_time,duration_minutes,remark,total_score,submit_time,create_by,create_time,update_by,update_time FROM task_user WHERE (task_id = ?)
2026-07-05 18:45:37.294 [http-nio-8080-exec-3] DEBUG [traceId=dbd9f13086aa40a99ba895b982a6c357 userId=21 role=1] c.k.i.m.TaskUserMapper.selectList - ==> Parameters: 92(Long)
2026-07-05 18:45:37.297 [http-nio-8080-exec-3] DEBUG [traceId=dbd9f13086aa40a99ba895b982a6c357 userId=21 role=1] c.k.i.m.TaskUserMapper.selectList - <==      Total: 11
2026-07-05 18:45:37.298 [http-nio-8080-exec-3] DEBUG [traceId=dbd9f13086aa40a99ba895b982a6c357 userId=21 role=1] c.k.i.m.ClassInfoMapper.selectById - ==>  Preparing: SELECT id,class_name,description,status,create_by,create_time,update_by,update_time FROM class_info WHERE id=?
2026-07-05 18:45:37.298 [http-nio-8080-exec-3] DEBUG [traceId=dbd9f13086aa40a99ba895b982a6c357 userId=21 role=1] c.k.i.m.ClassInfoMapper.selectById - ==> Parameters: 8(Long)
2026-07-05 18:45:37.300 [http-nio-8080-exec-3] DEBUG [traceId=dbd9f13086aa40a99ba895b982a6c357 userId=21 role=1] c.k.i.m.ClassInfoMapper.selectById - <==      Total: 1
2026-07-05 18:45:37.300 [http-nio-8080-exec-3] DEBUG [traceId=dbd9f13086aa40a99ba895b982a6c357 userId=21 role=1] c.k.i.m.ClassInfoMapper.selectById - ==>  Preparing: SELECT id,class_name,description,status,create_by,create_time,update_by,update_time FROM class_info WHERE id=?
2026-07-05 18:45:37.301 [http-nio-8080-exec-3] DEBUG [traceId=dbd9f13086aa40a99ba895b982a6c357 userId=21 role=1] c.k.i.m.ClassInfoMapper.selectById - ==> Parameters: 9(Long)
2026-07-05 18:45:37.303 [http-nio-8080-exec-3] DEBUG [traceId=dbd9f13086aa40a99ba895b982a6c357 userId=21 role=1] c.k.i.m.ClassInfoMapper.selectById - <==      Total: 1
2026-07-05 18:45:37.303 [http-nio-8080-exec-3] DEBUG [traceId=dbd9f13086aa40a99ba895b982a6c357 userId=21 role=1] c.k.i.m.ClassInfoMapper.selectById - ==>  Preparing: SELECT id,class_name,description,status,create_by,create_time,update_by,update_time FROM class_info WHERE id=?
2026-07-05 18:45:37.303 [http-nio-8080-exec-3] DEBUG [traceId=dbd9f13086aa40a99ba895b982a6c357 userId=21 role=1] c.k.i.m.ClassInfoMapper.selectById - ==> Parameters: 10(Long)
2026-07-05 18:45:37.305 [http-nio-8080-exec-3] DEBUG [traceId=dbd9f13086aa40a99ba895b982a6c357 userId=21 role=1] c.k.i.m.ClassInfoMapper.selectById - <==      Total: 1
2026-07-05 18:45:37.306 [http-nio-8080-exec-3] DEBUG [traceId=dbd9f13086aa40a99ba895b982a6c357 userId=21 role=1] c.k.i.m.TaskUserMapper.selectList - ==>  Preparing: SELECT id,task_id,user_id,status,start_time,finish_time,duration_minutes,remark,total_score,submit_time,create_by,create_time,update_by,update_time FROM task_user WHERE (task_id = ?)
2026-07-05 18:45:37.307 [http-nio-8080-exec-3] DEBUG [traceId=dbd9f13086aa40a99ba895b982a6c357 userId=21 role=1] c.k.i.m.TaskUserMapper.selectList - ==> Parameters: 91(Long)
2026-07-05 18:45:37.309 [http-nio-8080-exec-3] DEBUG [traceId=dbd9f13086aa40a99ba895b982a6c357 userId=21 role=1] c.k.i.m.TaskUserMapper.selectList - <==      Total: 1
2026-07-05 18:45:37.309 [http-nio-8080-exec-3] DEBUG [traceId=dbd9f13086aa40a99ba895b982a6c357 userId=21 role=1] c.k.i.m.ClassInfoMapper.selectById - ==>  Preparing: SELECT id,class_name,description,status,create_by,create_time,update_by,update_time FROM class_info WHERE id=?
2026-07-05 18:45:37.309 [http-nio-8080-exec-3] DEBUG [traceId=dbd9f13086aa40a99ba895b982a6c357 userId=21 role=1] c.k.i.m.ClassInfoMapper.selectById - ==> Parameters: 10(Long)
2026-07-05 18:45:37.311 [http-nio-8080-exec-3] DEBUG [traceId=dbd9f13086aa40a99ba895b982a6c357 userId=21 role=1] c.k.i.m.ClassInfoMapper.selectById - <==      Total: 1
2026-07-05 18:45:37.313 [http-nio-8080-exec-3] DEBUG [traceId=dbd9f13086aa40a99ba895b982a6c357 userId=21 role=1] c.k.i.m.TaskUserMapper.selectList - ==>  Preparing: SELECT id,task_id,user_id,status,start_time,finish_time,duration_minutes,remark,total_score,submit_time,create_by,create_time,update_by,update_time FROM task_user WHERE (task_id = ?)
2026-07-05 18:45:37.313 [http-nio-8080-exec-3] DEBUG [traceId=dbd9f13086aa40a99ba895b982a6c357 userId=21 role=1] c.k.i.m.TaskUserMapper.selectList - ==> Parameters: 90(Long)
2026-07-05 18:45:37.314 [http-nio-8080-exec-3] DEBUG [traceId=dbd9f13086aa40a99ba895b982a6c357 userId=21 role=1] c.k.i.m.TaskUserMapper.selectList - <==      Total: 1
2026-07-05 18:45:37.314 [http-nio-8080-exec-3] DEBUG [traceId=dbd9f13086aa40a99ba895b982a6c357 userId=21 role=1] c.k.i.m.ClassInfoMapper.selectById - ==>  Preparing: SELECT id,class_name,description,status,create_by,create_time,update_by,update_time FROM class_info WHERE id=?
2026-07-05 18:45:37.316 [http-nio-8080-exec-3] DEBUG [traceId=dbd9f13086aa40a99ba895b982a6c357 userId=21 role=1] c.k.i.m.ClassInfoMapper.selectById - ==> Parameters: 10(Long)
2026-07-05 18:45:37.317 [http-nio-8080-exec-3] DEBUG [traceId=dbd9f13086aa40a99ba895b982a6c357 userId=21 role=1] c.k.i.m.ClassInfoMapper.selectById - <==      Total: 1
2026-07-05 18:45:37.319 [http-nio-8080-exec-3] DEBUG [traceId=dbd9f13086aa40a99ba895b982a6c357 userId=21 role=1] c.k.i.m.TaskUserMapper.selectList - ==>  Preparing: SELECT id,task_id,user_id,status,start_time,finish_time,duration_minutes,remark,total_score,submit_time,create_by,create_time,update_by,update_time FROM task_user WHERE (task_id = ?)
2026-07-05 18:45:37.319 [http-nio-8080-exec-3] DEBUG [traceId=dbd9f13086aa40a99ba895b982a6c357 userId=21 role=1] c.k.i.m.TaskUserMapper.selectList - ==> Parameters: 89(Long)
2026-07-05 18:45:37.322 [http-nio-8080-exec-3] DEBUG [traceId=dbd9f13086aa40a99ba895b982a6c357 userId=21 role=1] c.k.i.m.TaskUserMapper.selectList - <==      Total: 10
2026-07-05 18:45:37.322 [http-nio-8080-exec-3] DEBUG [traceId=dbd9f13086aa40a99ba895b982a6c357 userId=21 role=1] c.k.i.m.ClassInfoMapper.selectById - ==>  Preparing: SELECT id,class_name,description,status,create_by,create_time,update_by,update_time FROM class_info WHERE id=?
2026-07-05 18:45:37.323 [http-nio-8080-exec-3] DEBUG [traceId=dbd9f13086aa40a99ba895b982a6c357 userId=21 role=1] c.k.i.m.ClassInfoMapper.selectById - ==> Parameters: 8(Long)
2026-07-05 18:45:37.325 [http-nio-8080-exec-3] DEBUG [traceId=dbd9f13086aa40a99ba895b982a6c357 userId=21 role=1] c.k.i.m.ClassInfoMapper.selectById - <==      Total: 1
2026-07-05 18:45:37.325 [http-nio-8080-exec-3] DEBUG [traceId=dbd9f13086aa40a99ba895b982a6c357 userId=21 role=1] c.k.i.m.ClassInfoMapper.selectById - ==>  Preparing: SELECT id,class_name,description,status,create_by,create_time,update_by,update_time FROM class_info WHERE id=?
2026-07-05 18:45:37.326 [http-nio-8080-exec-3] DEBUG [traceId=dbd9f13086aa40a99ba895b982a6c357 userId=21 role=1] c.k.i.m.ClassInfoMapper.selectById - ==> Parameters: 9(Long)
2026-07-05 18:45:37.327 [http-nio-8080-exec-3] DEBUG [traceId=dbd9f13086aa40a99ba895b982a6c357 userId=21 role=1] c.k.i.m.ClassInfoMapper.selectById - <==      Total: 1
2026-07-05 18:45:37.330 [http-nio-8080-exec-3] DEBUG [traceId=dbd9f13086aa40a99ba895b982a6c357 userId=21 role=1] c.k.i.m.TaskUserMapper.selectList - ==>  Preparing: SELECT id,task_id,user_id,status,start_time,finish_time,duration_minutes,remark,total_score,submit_time,create_by,create_time,update_by,update_time FROM task_user WHERE (task_id = ?)
2026-07-05 18:45:37.330 [http-nio-8080-exec-3] DEBUG [traceId=dbd9f13086aa40a99ba895b982a6c357 userId=21 role=1] c.k.i.m.TaskUserMapper.selectList - ==> Parameters: 88(Long)
2026-07-05 18:45:37.333 [http-nio-8080-exec-3] DEBUG [traceId=dbd9f13086aa40a99ba895b982a6c357 userId=21 role=1] c.k.i.m.TaskUserMapper.selectList - <==      Total: 10
2026-07-05 18:45:37.334 [http-nio-8080-exec-3] DEBUG [traceId=dbd9f13086aa40a99ba895b982a6c357 userId=21 role=1] c.k.i.m.ClassInfoMapper.selectById - ==>  Preparing: SELECT id,class_name,description,status,create_by,create_time,update_by,update_time FROM class_info WHERE id=?
2026-07-05 18:45:37.334 [http-nio-8080-exec-3] DEBUG [traceId=dbd9f13086aa40a99ba895b982a6c357 userId=21 role=1] c.k.i.m.ClassInfoMapper.selectById - ==> Parameters: 8(Long)
2026-07-05 18:45:37.336 [http-nio-8080-exec-3] DEBUG [traceId=dbd9f13086aa40a99ba895b982a6c357 userId=21 role=1] c.k.i.m.ClassInfoMapper.selectById - <==      Total: 1
2026-07-05 18:45:37.337 [http-nio-8080-exec-3] DEBUG [traceId=dbd9f13086aa40a99ba895b982a6c357 userId=21 role=1] c.k.i.m.ClassInfoMapper.selectById - ==>  Preparing: SELECT id,class_name,description,status,create_by,create_time,update_by,update_time FROM class_info WHERE id=?
2026-07-05 18:45:37.337 [http-nio-8080-exec-3] DEBUG [traceId=dbd9f13086aa40a99ba895b982a6c357 userId=21 role=1] c.k.i.m.ClassInfoMapper.selectById - ==> Parameters: 9(Long)
2026-07-05 18:45:37.339 [http-nio-8080-exec-3] DEBUG [traceId=dbd9f13086aa40a99ba895b982a6c357 userId=21 role=1] c.k.i.m.ClassInfoMapper.selectById - <==      Total: 1
2026-07-05 18:45:37.341 [http-nio-8080-exec-3] DEBUG [traceId=dbd9f13086aa40a99ba895b982a6c357 userId=21 role=1] c.k.i.m.TaskUserMapper.selectList - ==>  Preparing: SELECT id,task_id,user_id,status,start_time,finish_time,duration_minutes,remark,total_score,submit_time,create_by,create_time,update_by,update_time FROM task_user WHERE (task_id = ?)
2026-07-05 18:45:37.341 [http-nio-8080-exec-3] DEBUG [traceId=dbd9f13086aa40a99ba895b982a6c357 userId=21 role=1] c.k.i.m.TaskUserMapper.selectList - ==> Parameters: 81(Long)
2026-07-05 18:45:37.343 [http-nio-8080-exec-3] DEBUG [traceId=dbd9f13086aa40a99ba895b982a6c357 userId=21 role=1] c.k.i.m.TaskUserMapper.selectList - <==      Total: 0
2026-07-05 18:45:37.346 [http-nio-8080-exec-3] DEBUG [traceId=dbd9f13086aa40a99ba895b982a6c357 userId=21 role=1] c.k.i.m.TaskUserMapper.selectList - ==>  Preparing: SELECT id,task_id,user_id,status,start_time,finish_time,duration_minutes,remark,total_score,submit_time,create_by,create_time,update_by,update_time FROM task_user WHERE (task_id = ?)
2026-07-05 18:45:37.346 [http-nio-8080-exec-3] DEBUG [traceId=dbd9f13086aa40a99ba895b982a6c357 userId=21 role=1] c.k.i.m.TaskUserMapper.selectList - ==> Parameters: 80(Long)
2026-07-05 18:45:37.348 [http-nio-8080-exec-3] DEBUG [traceId=dbd9f13086aa40a99ba895b982a6c357 userId=21 role=1] c.k.i.m.TaskUserMapper.selectList - <==      Total: 7
2026-07-05 18:45:37.348 [http-nio-8080-exec-3] DEBUG [traceId=dbd9f13086aa40a99ba895b982a6c357 userId=21 role=1] c.k.i.m.ClassInfoMapper.selectById - ==>  Preparing: SELECT id,class_name,description,status,create_by,create_time,update_by,update_time FROM class_info WHERE id=?
2026-07-05 18:45:37.350 [http-nio-8080-exec-3] DEBUG [traceId=dbd9f13086aa40a99ba895b982a6c357 userId=21 role=1] c.k.i.m.ClassInfoMapper.selectById - ==> Parameters: 8(Long)
2026-07-05 18:45:37.351 [http-nio-8080-exec-3] DEBUG [traceId=dbd9f13086aa40a99ba895b982a6c357 userId=21 role=1] c.k.i.m.ClassInfoMapper.selectById - <==      Total: 1
2026-07-05 18:45:37.354 [http-nio-8080-exec-3] INFO  [traceId=dbd9f13086aa40a99ba895b982a6c357 userId=21 role=1] com.kg.interceptor.TraceIdFilter - HTTP_REQUEST_END method=POST uri=/task/page status=200 cost=180ms responseBody={"code":200,"message":"查询成功","data":{"total":68,"list":[{"id":95,"taskName":"每日复盘","taskType":"3","templateId":null,"roundNo":0,"isMandatory":1,"taskDescription":null,"taskStartTime":"2026-07-05 08:00:00","taskEndTime":"2026-07-05 23:59:00","priority":0,"classId":null,"targetType":1,"targetIds":"8,9,10","selectedClassList":[{"id":8,"className":"1班"},{"id":9,"className":"2班"},{"id":10,"className":"线上学习1班"}],"selectedStudentList":null,"completedCount":0,"uncompletedCount":11,"completionPercent":0,"createTime":"2026-07-05 18:12:39","planId":null,"planDate":null,"isRepeatTask":0,"status":1},{"id":94,"taskName":"每日打卡","taskType":"2","templateId":null,"roundNo":0,"isMandatory":1,"taskDescription":null,"taskStartTime":"2026-07-05 06:00:00","taskEndTime":"2026-07-05 23:59:00","priority":0,"classId":null,"targetType":1,"targetIds":"8,9,10","selectedClassList":[{"id":8,"className":"1班"},{"id":9,"className":"2班"},{"id":10,"className":"线上学习1班"}],"selectedStudentList":null,"completedCount":0,"uncompletedCount":11,"completionPercent":0,"createTime":"2026-07-05 18:12:39","planId":null,"planDate":null,"isRepeatTask":0,"status":1},{"id":93,"taskName":"每日复盘","taskType":"3","templateId":null,"roundNo":0,"isMandatory":1,"taskDescription":null,"taskStartTime":"2026-07-03 08:00:00","taskEndTime":"2026-07-03 23:59:00","priority":0,"classId":null,"targetType":1,"targetIds":"8,9,10","selectedClassList":[{"id":8,"className":"1班"},{"id":9,"className":"2班"},{"id":10,"className":"线上学习1班"}],"selectedStudentList":null,"completedCount":0,"uncompletedCount":11,"completionPercent":0,"createTime":"2026-07-03 08:46:13","planId":null,"planDate":null,"isRepeatTask":0,"status":1},{"id":92,"taskName":"每日打卡","taskType":"2","templateId":null,"roundNo":0,"isMandatory":1,"taskDescription":null,"taskStartTime":"2026-07-03 06:00:00","taskEndTime":"2026-07-03 23:59:00","priority":0,"classId":null,"targetType":1,"targetIds":"8,9,10","selectedClassList":[{"id":8,"className":"1班"},{"id":9,"className":"2班"},{"id":10,"className":"线上学习1班"}],"selectedStudentList":null,"completedCount":1,"uncompletedCount":10,"completionPercent":9,"createTime":"2026-07-03 08:46:13","planId":null,"planDate":null,"isRepeatTask":0,"status":1},{"id":91,"taskName":"26行政执法","taskType":"0","templateId":null,"roundNo":1,"isMandatory":1,"taskDescription":"全做","taskStartTime":"2026-07-02 00:00:00","taskEndTime":"2026-07-02 23:59:59","priority":0,"classId":null,"targetType":1,"targetIds":"10","selectedClassList":[{"id":10,"className":"线上学习1班"}],"selectedStudentList":null,"completedCount":0,"uncompletedCount":1,"completionPercent":0,"createTime":"2026-07-02 17:32:35","planId":null,"planDate":null,"isRepeatTask":0,"status":1},{"id":90,"taskName":"资料分析第一章，一般增长率","taskType":"1","templateId":null,"roundNo":1,"isMandatory":1,"taskDescription":"做完后再做1套资料","taskStartTime":"2026-07-02 00:00:00","taskEndTime":"2026-07-02 23:59:59","priority":0,"classId":null,"targetType":1,"targetIds":"10","selectedClassList":[{"id":10,"className":"线上学习1班"}],"selectedStudentList":null,"completedCount":1,"uncompletedCount":0,"completionPercent":100,"createTime":"2026-07-02 17:32:06","planId":null,"planDate":null,"isRepeatTask":0,"status":1},{"id":89,"taskName":"每日复盘","taskType":"3","templateId":null,"roundNo":0,"isMandatory":1,"taskDescription":null,"taskStartTime":"2026-07-02 08:00:00","taskEndTime":"2026-07-02 23:59:00","priority":0,"classId":null,"targetType":1,"targetIds":"8,9","selectedClassList":[{"id":8,"className":"1班"},{"id":9,"className":"2班"}],"selectedStudentList":null,"completedCount":0,"uncompletedCount":10,"completionPercent":0,"createTime":"2026-07-02 08:00:00","planId":null,"planDate":null,"isRepeatTask":0,"status":1},{"id":88,"taskName":"每日打卡","taskType":"2","templateId":null,"roundNo":0,"isMandatory":1,"taskDescription":null,"taskStartTime":"2026-07-02 06:00:00","taskEndTime":"2026-07-02 23:59:00","priority":0,"classId":null,"targetType":1,"targetIds":"8,9","selectedClassList":[{"id":8,"className":"1班"},{"id":9,"className":"2班"}],"selectedStudentList":null,"completedCount":1,"uncompletedCount":9,"completionPercent":10,"createTime":"2026-07-02 06:00:00","planId":null,"planDate":null,"isRepeatTask":0,"status":1},{"id":81,"taskName":"测试星期 07-01","taskType":"0","templateId":null,"roundNo":0,"isMandatory":1,"taskDescription":"","taskStartTime":"2026-07-01 00:00:00","taskEndTime":"2026-07-01 23:59:00","priority":0,"classId":null,"targetType":null,"targetIds":null,"selectedClassList":null,"selectedStudentList":null,"completedCount":0,"uncompletedCount":0,"completionPercent":0,"createTime":"2026-07-01 17:37:52","planId":2,"planDate":"2026-07-01","isRepeatTask":1,"status":1},{"id":80,"taskName":"测试重复任务 07-04","taskType":"0","templateId":null,"roundNo":0,"isMandatory":1,"taskDescription":"","taskStartTime":"2026-07-04 00:00:00","taskEndTime":"2026-07-04 23:59:00","priority":1,"classId":null,"targetType":1,"targetIds":"8","selectedClassList":[{"id":8,"className":"1班"}],"selectedStudentList":null,"completedCo...[TRUNCATED length=5151]
2026-07-05 18:45:37.441 [http-nio-8080-exec-2] INFO  [traceId=d09d3e0d580047e29aa6eef74efd4344 userId= role=] com.kg.interceptor.TraceIdFilter - HTTP_REQUEST_START method=GET uri=/dict/group/task_type query=null requestBody= ip=0:0:0:0:0:0:0:1 userAgent=Mozilla/5.0 (Windows NT 10.0; Win64; x64) AppleWebKit/537.36 (KHTML, like Gecko) Chrome/123.0.0.0 Safari/537.36
2026-07-05 18:45:37.441 [http-nio-8080-exec-1] INFO  [traceId=b5a3c81c49bf4f5dbfb2a32de32c82e8 userId= role=] com.kg.interceptor.TraceIdFilter - HTTP_REQUEST_START method=POST uri=/my-task/list query=null requestBody={"pageNum":1,"pageSize":10,"status":"0"} ip=0:0:0:0:0:0:0:1 userAgent=Mozilla/5.0 (Windows NT 10.0; Win64; x64) AppleWebKit/537.36 (KHTML, like Gecko) Chrome/123.0.0.0 Safari/537.36
2026-07-05 18:45:37.444 [http-nio-8080-exec-6] INFO  [traceId=f5aca936ce2346239444c8c92cf99673 userId= role=] com.kg.interceptor.TraceIdFilter - HTTP_REQUEST_START method=POST uri=/my-task/stats query=null requestBody={} ip=0:0:0:0:0:0:0:1 userAgent=Mozilla/5.0 (Windows NT 10.0; Win64; x64) AppleWebKit/537.36 (KHTML, like Gecko) Chrome/123.0.0.0 Safari/537.36
2026-07-05 18:45:37.444 [http-nio-8080-exec-5] INFO  [traceId=9ca8585453334fbfaf88ddef30dd6d96 userId= role=] com.kg.interceptor.TraceIdFilter - HTTP_REQUEST_START method=GET uri=/notification/unread-count query=null requestBody= ip=0:0:0:0:0:0:0:1 userAgent=Mozilla/5.0 (Windows NT 10.0; Win64; x64) AppleWebKit/537.36 (KHTML, like Gecko) Chrome/123.0.0.0 Safari/537.36
2026-07-05 18:45:37.451 [http-nio-8080-exec-5] DEBUG [traceId=9ca8585453334fbfaf88ddef30dd6d96 userId= role=] c.k.i.m.SysUserMapper.selectById - ==>  Preparing: SELECT id,account,name,password,role,gender,email,phone,openid,description,teacher_remark,class_id,status,create_by,create_time,update_by,update_time FROM sys_user WHERE id=?
2026-07-05 18:45:37.451 [http-nio-8080-exec-5] DEBUG [traceId=9ca8585453334fbfaf88ddef30dd6d96 userId= role=] c.k.i.m.SysUserMapper.selectById - ==> Parameters: 29(Long)
2026-07-05 18:45:37.451 [http-nio-8080-exec-6] DEBUG [traceId=f5aca936ce2346239444c8c92cf99673 userId= role=] c.k.i.m.SysUserMapper.selectById - ==>  Preparing: SELECT id,account,name,password,role,gender,email,phone,openid,description,teacher_remark,class_id,status,create_by,create_time,update_by,update_time FROM sys_user WHERE id=?
2026-07-05 18:45:37.451 [http-nio-8080-exec-6] DEBUG [traceId=f5aca936ce2346239444c8c92cf99673 userId= role=] c.k.i.m.SysUserMapper.selectById - ==> Parameters: 29(Long)
2026-07-05 18:45:37.452 [http-nio-8080-exec-2] DEBUG [traceId=d09d3e0d580047e29aa6eef74efd4344 userId= role=] c.k.i.m.SysUserMapper.selectById - ==>  Preparing: SELECT id,account,name,password,role,gender,email,phone,openid,description,teacher_remark,class_id,status,create_by,create_time,update_by,update_time FROM sys_user WHERE id=?
2026-07-05 18:45:37.452 [http-nio-8080-exec-5] DEBUG [traceId=9ca8585453334fbfaf88ddef30dd6d96 userId= role=] c.k.i.m.SysUserMapper.selectById - <==      Total: 1
2026-07-05 18:45:37.452 [http-nio-8080-exec-6] DEBUG [traceId=f5aca936ce2346239444c8c92cf99673 userId= role=] c.k.i.m.SysUserMapper.selectById - <==      Total: 1
2026-07-05 18:45:37.452 [http-nio-8080-exec-2] DEBUG [traceId=d09d3e0d580047e29aa6eef74efd4344 userId= role=] c.k.i.m.SysUserMapper.selectById - ==> Parameters: 29(Long)
2026-07-05 18:45:37.454 [http-nio-8080-exec-2] DEBUG [traceId=d09d3e0d580047e29aa6eef74efd4344 userId= role=] c.k.i.m.SysUserMapper.selectById - <==      Total: 1
2026-07-05 18:45:37.454 [http-nio-8080-exec-6] DEBUG [traceId=f5aca936ce2346239444c8c92cf99673 userId=29 role=2] c.k.i.m.TaskUserMapper.selectCount - ==>  Preparing: SELECT COUNT( * ) AS total FROM task_user WHERE (user_id = ? AND status = ?)
2026-07-05 18:45:37.454 [http-nio-8080-exec-5] DEBUG [traceId=9ca8585453334fbfaf88ddef30dd6d96 userId=29 role=2] c.k.i.m.N.selectCount - ==>  Preparing: SELECT COUNT( * ) AS total FROM notification_message WHERE (user_id = ? AND is_read = ? AND status = ? AND notify_time <= ?)
2026-07-05 18:45:37.455 [http-nio-8080-exec-6] DEBUG [traceId=f5aca936ce2346239444c8c92cf99673 userId=29 role=2] c.k.i.m.TaskUserMapper.selectCount - ==> Parameters: 29(Long), 0(String)
2026-07-05 18:45:37.455 [http-nio-8080-exec-1] DEBUG [traceId=b5a3c81c49bf4f5dbfb2a32de32c82e8 userId= role=] c.k.i.m.SysUserMapper.selectById - ==>  Preparing: SELECT id,account,name,password,role,gender,email,phone,openid,description,teacher_remark,class_id,status,create_by,create_time,update_by,update_time FROM sys_user WHERE id=?
2026-07-05 18:45:37.456 [http-nio-8080-exec-1] DEBUG [traceId=b5a3c81c49bf4f5dbfb2a32de32c82e8 userId= role=] c.k.i.m.SysUserMapper.selectById - ==> Parameters: 29(Long)
2026-07-05 18:45:37.456 [http-nio-8080-exec-2] DEBUG [traceId=d09d3e0d580047e29aa6eef74efd4344 userId=29 role=2] c.k.i.mapper.DictMapper.selectList - ==>  Preparing: SELECT id,dict_code,dict_name,dict_label,dict_value,display_color,sort_no,status,create_by,create_time,update_by,update_time FROM sys_dict WHERE (dict_code = ?) ORDER BY sort_no ASC
2026-07-05 18:45:37.457 [http-nio-8080-exec-2] DEBUG [traceId=d09d3e0d580047e29aa6eef74efd4344 userId=29 role=2] c.k.i.mapper.DictMapper.selectList - ==> Parameters: task_type(String)
2026-07-05 18:45:37.461 [http-nio-8080-exec-6] DEBUG [traceId=f5aca936ce2346239444c8c92cf99673 userId=29 role=2] c.k.i.m.TaskUserMapper.selectCount - <==      Total: 1
2026-07-05 18:45:37.462 [http-nio-8080-exec-1] DEBUG [traceId=b5a3c81c49bf4f5dbfb2a32de32c82e8 userId= role=] c.k.i.m.SysUserMapper.selectById - <==      Total: 1
2026-07-05 18:45:37.462 [http-nio-8080-exec-6] DEBUG [traceId=f5aca936ce2346239444c8c92cf99673 userId=29 role=2] c.k.i.m.TaskUserMapper.selectCount - ==>  Preparing: SELECT COUNT( * ) AS total FROM task_user WHERE (user_id = ? AND status = ?)
2026-07-05 18:45:37.462 [http-nio-8080-exec-6] DEBUG [traceId=f5aca936ce2346239444c8c92cf99673 userId=29 role=2] c.k.i.m.TaskUserMapper.selectCount - ==> Parameters: 29(Long), 1(String)
2026-07-05 18:45:37.462 [http-nio-8080-exec-2] DEBUG [traceId=d09d3e0d580047e29aa6eef74efd4344 userId=29 role=2] c.k.i.mapper.DictMapper.selectList - <==      Total: 4
2026-07-05 18:45:37.464 [http-nio-8080-exec-1] DEBUG [traceId=b5a3c81c49bf4f5dbfb2a32de32c82e8 userId=29 role=2] c.k.i.mapper.MyTaskMapper.count - ==>  Preparing: SELECT COUNT(*) FROM task_user tu JOIN task t ON t.id = tu.task_id WHERE tu.user_id = ? AND tu.status = ?
2026-07-05 18:45:37.464 [http-nio-8080-exec-1] DEBUG [traceId=b5a3c81c49bf4f5dbfb2a32de32c82e8 userId=29 role=2] c.k.i.mapper.MyTaskMapper.count - ==> Parameters: 29(Long), 0(String)
2026-07-05 18:45:37.464 [http-nio-8080-exec-6] DEBUG [traceId=f5aca936ce2346239444c8c92cf99673 userId=29 role=2] c.k.i.m.TaskUserMapper.selectCount - <==      Total: 1
2026-07-05 18:45:37.464 [http-nio-8080-exec-2] INFO  [traceId=d09d3e0d580047e29aa6eef74efd4344 userId=29 role=2] com.kg.interceptor.TraceIdFilter - HTTP_REQUEST_END method=GET uri=/dict/group/task_type status=200 cost=24ms responseBody={"code":200,"message":"查询成功","data":{"dictCode":"task_type","dictName":"任务类型","items":[{"dictValue":"0","dictLabel":"刷题","sortNo":0,"status":1,"displayColor":"#ff6f00"},{"dictValue":"1","dictLabel":"学习","sortNo":1,"status":1,"displayColor":"#f7ff00"},{"dictValue":"2","dictLabel":"打卡","sortNo":2,"status":1,"displayColor":"#66ff00"},{"dictValue":"3","dictLabel":"每日复盘","sortNo":3,"status":1,"displayColor":"#00bfff"}]}}
2026-07-05 18:45:37.465 [http-nio-8080-exec-6] INFO  [traceId=f5aca936ce2346239444c8c92cf99673 userId=29 role=2] com.kg.interceptor.TraceIdFilter - HTTP_REQUEST_END method=POST uri=/my-task/stats status=200 cost=22ms responseBody={"code":200,"message":"查询成功","data":{"unfinished":31,"finished":21}}
2026-07-05 18:45:37.474 [http-nio-8080-exec-1] DEBUG [traceId=b5a3c81c49bf4f5dbfb2a32de32c82e8 userId=29 role=2] c.k.i.mapper.MyTaskMapper.count - <==      Total: 1
2026-07-05 18:45:37.475 [http-nio-8080-exec-1] DEBUG [traceId=b5a3c81c49bf4f5dbfb2a32de32c82e8 userId=29 role=2] c.k.i.mapper.MyTaskMapper.page - ==>  Preparing: SELECT u.name AS task_create_name,t.round_no AS round_no,t.template_id AS template_id,t.id AS task_id, t.task_name, t.task_type, t.is_mandatory AS force_flag, t.task_description, t.priority, t.task_start_time AS start_time, t.task_end_time AS end_time, t.plan_id AS planId, t.plan_date AS planDate, t.is_repeat_task AS isRepeatTask, t.status AS taskStatus, tu.id AS task_user_id, tu.status, tu.total_score, tu.submit_time FROM task_user tu JOIN task t ON t.id = tu.task_id LEFT JOIN sys_user u ON u.id = t.create_by WHERE tu.user_id = ? AND tu.status = ? ORDER BY t.create_time DESC LIMIT ?, ?
2026-07-05 18:45:37.475 [http-nio-8080-exec-1] DEBUG [traceId=b5a3c81c49bf4f5dbfb2a32de32c82e8 userId=29 role=2] c.k.i.mapper.MyTaskMapper.page - ==> Parameters: 29(Long), 0(String), 0(Integer), 10(Integer)
2026-07-05 18:45:37.480 [http-nio-8080-exec-1] DEBUG [traceId=b5a3c81c49bf4f5dbfb2a32de32c82e8 userId=29 role=2] c.k.i.mapper.MyTaskMapper.page - <==      Total: 10
2026-07-05 18:45:37.482 [http-nio-8080-exec-1] INFO  [traceId=b5a3c81c49bf4f5dbfb2a32de32c82e8 userId=29 role=2] com.kg.interceptor.TraceIdFilter - HTTP_REQUEST_END method=POST uri=/my-task/list status=200 cost=41ms responseBody={"code":200,"message":"查询成功","data":{"total":31,"list":[{"taskId":94,"taskName":"每日打卡","taskType":"2","forceFlag":1,"taskDescription":null,"priority":0,"startTime":"2026-07-05 06:00:00","endTime":"2026-07-05 23:59:00","status":"0","totalScore":null,"submitTime":null,"roundNo":0,"templateId":null,"planId":null,"planDate":null,"isRepeatTask":0,"taskStatus":1,"taskUserId":492,"taskCreateName":null},{"taskId":95,"taskName":"每日复盘","taskType":"3","forceFlag":1,"taskDescription":null,"priority":0,"startTime":"2026-07-05 08:00:00","endTime":"2026-07-05 23:59:00","status":"0","totalScore":null,"submitTime":null,"roundNo":0,"templateId":null,"planId":null,"planDate":null,"isRepeatTask":0,"taskStatus":1,"taskUserId":503,"taskCreateName":null},{"taskId":93,"taskName":"每日复盘","taskType":"3","forceFlag":1,"taskDescription":null,"priority":0,"startTime":"2026-07-03 08:00:00","endTime":"2026-07-03 23:59:00","status":"0","totalScore":null,"submitTime":null,"roundNo":0,"templateId":null,"planId":null,"planDate":null,"isRepeatTask":0,"taskStatus":1,"taskUserId":481,"taskCreateName":null},{"taskId":89,"taskName":"每日复盘","taskType":"3","forceFlag":1,"taskDescription":null,"priority":0,"startTime":"2026-07-02 08:00:00","endTime":"2026-07-02 23:59:00","status":"0","totalScore":null,"submitTime":null,"roundNo":0,"templateId":null,"planId":null,"planDate":null,"isRepeatTask":0,"taskStatus":1,"taskUserId":458,"taskCreateName":null},{"taskId":79,"taskName":"测试重复任务 07-03","taskType":"0","forceFlag":1,"taskDescription":"","priority":1,"startTime":"2026-07-03 00:00:00","endTime":"2026-07-03 23:59:00","status":"0","totalScore":null,"submitTime":null,"roundNo":0,"templateId":null,"planId":1,"planDate":"2026-07-03","isRepeatTask":1,"taskStatus":1,"taskUserId":431,"taskCreateName":"管理员"},{"taskId":80,"taskName":"测试重复任务 07-04","taskType":"0","forceFlag":1,"taskDescription":"","priority":1,"startTime":"2026-07-04 00:00:00","endTime":"2026-07-04 23:59:00","status":"0","totalScore":null,"submitTime":null,"roundNo":0,"templateId":null,"planId":1,"planDate":"2026-07-04","isRepeatTask":1,"taskStatus":1,"taskUserId":438,"taskCreateName":"管理员"},{"taskId":76,"taskName":"普通刷题任务测试","taskType":"0","forceFlag":1,"taskDescription":"","priority":1,"startTime":"2026-07-01 00:00:00","endTime":"2026-07-03 23:59:59","status":"0","totalScore":null,"submitTime":null,"roundNo":1,"templateId":null,"planId":null,"planDate":null,"isRepeatTask":0,"taskStatus":1,"taskUserId":410,"taskCreateName":"管理员"},{"taskId":75,"taskName":"每日复盘","taskType":"3","forceFlag":1,"taskDescription":null,"priority":0,"startTime":"2026-07-01 08:00:00","endTime":"2026-07-01 23:59:00","status":"0","totalScore":null,"submitTime":null,"roundNo":0,"templateId":null,"planId":null,"planDate":null,"isRepeatTask":0,"taskStatus":1,"taskUserId":403,"taskCreateName":null},{"taskId":73,"taskName":"测试班级任务","taskType":"0","forceFlag":1,"taskDescription":"","priority":1,"startTime":"2026-06-29 00:00:00","endTime":"2026-06-30 23:59:59","status":"0","totalScore":null,"submitTime":null,"roundNo":1,"templateId":null,"planId":null,"planDate":null,"isRepeatTask":0,"taskStatus":1,"taskUserId":383,"taskCreateName":"杨少伟"},{"taskId":72,"taskName":"每日复盘","taskType":"3","forceFlag":1,"taskDescription":null,"priority":0,"startTime":"2026-06-29 08:00:00","endTime":"2026-06-29 23:59:00","status":"0","totalScore":null,"submitTime":null,"roundNo":0,"templateId":null,"planId":null,"planDate":null,"isRepeatTask":0,"taskStatus":1,"taskUserId":376,"taskCreateName":null}]}}
2026-07-05 18:45:37.510 [http-nio-8080-exec-5] DEBUG [traceId=9ca8585453334fbfaf88ddef30dd6d96 userId=29 role=2] c.k.i.m.N.selectCount - ==> Parameters: 29(Long), 0(Integer), 0(String), 2026-07-05T18:45:37.453(LocalDateTime)
2026-07-05 18:45:37.515 [http-nio-8080-exec-5] DEBUG [traceId=9ca8585453334fbfaf88ddef30dd6d96 userId=29 role=2] c.k.i.m.N.selectCount - <==      Total: 1
2026-07-05 18:45:37.516 [http-nio-8080-exec-5] INFO  [traceId=9ca8585453334fbfaf88ddef30dd6d96 userId=29 role=2] com.kg.interceptor.TraceIdFilter - HTTP_REQUEST_END method=GET uri=/notification/unread-count status=200 cost=73ms responseBody={"code":200,"message":"查询成功","data":9}
2026-07-05 18:46:47.717 [http-nio-8080-exec-4] INFO  [traceId=0c000d79f25440c289c777f456d80d8f userId= role=] com.kg.interceptor.TraceIdFilter - HTTP_REQUEST_START method=GET uri=/dict/group/task_type query=null requestBody= ip=0:0:0:0:0:0:0:1 userAgent=Mozilla/5.0 (Windows NT 10.0; Win64; x64) AppleWebKit/537.36 (KHTML, like Gecko) Chrome/123.0.0.0 Safari/537.36
2026-07-05 18:46:47.724 [http-nio-8080-exec-4] DEBUG [traceId=0c000d79f25440c289c777f456d80d8f userId= role=] c.k.i.m.SysUserMapper.selectById - ==>  Preparing: SELECT id,account,name,password,role,gender,email,phone,openid,description,teacher_remark,class_id,status,create_by,create_time,update_by,update_time FROM sys_user WHERE id=?
2026-07-05 18:46:47.724 [http-nio-8080-exec-4] DEBUG [traceId=0c000d79f25440c289c777f456d80d8f userId= role=] c.k.i.m.SysUserMapper.selectById - ==> Parameters: 29(Long)
2026-07-05 18:46:47.725 [http-nio-8080-exec-4] DEBUG [traceId=0c000d79f25440c289c777f456d80d8f userId= role=] c.k.i.m.SysUserMapper.selectById - <==      Total: 1
2026-07-05 18:46:47.729 [http-nio-8080-exec-4] DEBUG [traceId=0c000d79f25440c289c777f456d80d8f userId=29 role=2] c.k.i.mapper.DictMapper.selectList - ==>  Preparing: SELECT id,dict_code,dict_name,dict_label,dict_value,display_color,sort_no,status,create_by,create_time,update_by,update_time FROM sys_dict WHERE (dict_code = ?) ORDER BY sort_no ASC
2026-07-05 18:46:47.729 [http-nio-8080-exec-4] DEBUG [traceId=0c000d79f25440c289c777f456d80d8f userId=29 role=2] c.k.i.mapper.DictMapper.selectList - ==> Parameters: task_type(String)
2026-07-05 18:46:47.731 [http-nio-8080-exec-4] DEBUG [traceId=0c000d79f25440c289c777f456d80d8f userId=29 role=2] c.k.i.mapper.DictMapper.selectList - <==      Total: 4
2026-07-05 18:46:47.733 [http-nio-8080-exec-4] INFO  [traceId=0c000d79f25440c289c777f456d80d8f userId=29 role=2] com.kg.interceptor.TraceIdFilter - HTTP_REQUEST_END method=GET uri=/dict/group/task_type status=200 cost=16ms responseBody={"code":200,"message":"查询成功","data":{"dictCode":"task_type","dictName":"任务类型","items":[{"dictValue":"0","dictLabel":"刷题","sortNo":0,"status":1,"displayColor":"#ff6f00"},{"dictValue":"1","dictLabel":"学习","sortNo":1,"status":1,"displayColor":"#f7ff00"},{"dictValue":"2","dictLabel":"打卡","sortNo":2,"status":1,"displayColor":"#66ff00"},{"dictValue":"3","dictLabel":"每日复盘","sortNo":3,"status":1,"displayColor":"#00bfff"}]}}
2026-07-05 18:46:47.765 [http-nio-8080-exec-8] INFO  [traceId=cd1f2baaa0bf4227977c16dda36f8bf4 userId= role=] com.kg.interceptor.TraceIdFilter - HTTP_REQUEST_START method=POST uri=/my-task/template/page query=null requestBody={"pageNum":1,"pageSize":10} ip=0:0:0:0:0:0:0:1 userAgent=Mozilla/5.0 (Windows NT 10.0; Win64; x64) AppleWebKit/537.36 (KHTML, like Gecko) Chrome/123.0.0.0 Safari/537.36
2026-07-05 18:46:47.774 [http-nio-8080-exec-8] DEBUG [traceId=cd1f2baaa0bf4227977c16dda36f8bf4 userId= role=] c.k.i.m.SysUserMapper.selectById - ==>  Preparing: SELECT id,account,name,password,role,gender,email,phone,openid,description,teacher_remark,class_id,status,create_by,create_time,update_by,update_time FROM sys_user WHERE id=?
2026-07-05 18:46:47.775 [http-nio-8080-exec-8] DEBUG [traceId=cd1f2baaa0bf4227977c16dda36f8bf4 userId= role=] c.k.i.m.SysUserMapper.selectById - ==> Parameters: 29(Long)
2026-07-05 18:46:47.775 [http-nio-8080-exec-8] DEBUG [traceId=cd1f2baaa0bf4227977c16dda36f8bf4 userId= role=] c.k.i.m.SysUserMapper.selectById - <==      Total: 1
2026-07-05 18:46:47.777 [http-nio-8080-exec-8] DEBUG [traceId=cd1f2baaa0bf4227977c16dda36f8bf4 userId=29 role=2] c.k.i.m.MyTaskMapper.countTemplates - ==>  Preparing: SELECT COUNT(DISTINCT tt.id) FROM task t JOIN task_user tu ON tu.task_id = t.id JOIN task_template tt ON tt.id = t.template_id WHERE tu.user_id = ? AND tu.status = '1' AND t.template_id IS NOT NULL
2026-07-05 18:46:47.777 [http-nio-8080-exec-8] DEBUG [traceId=cd1f2baaa0bf4227977c16dda36f8bf4 userId=29 role=2] c.k.i.m.MyTaskMapper.countTemplates - ==> Parameters: 29(Long)
2026-07-05 18:46:47.787 [http-nio-8080-exec-8] DEBUG [traceId=cd1f2baaa0bf4227977c16dda36f8bf4 userId=29 role=2] c.k.i.m.MyTaskMapper.countTemplates - <==      Total: 1
2026-07-05 18:46:47.787 [http-nio-8080-exec-8] DEBUG [traceId=cd1f2baaa0bf4227977c16dda36f8bf4 userId=29 role=2] c.k.i.m.MyTaskMapper.pageTemplates - ==>  Preparing: SELECT tt.id AS template_id, tt.template_name, tt.task_type, COUNT(DISTINCT t.id) AS round_count, MAX(tu.total_score) AS max_score, MIN(tu.total_score) AS min_score, AVG(tu.total_score) AS avg_score, (SELECT tu2.total_score FROM task_user tu2 JOIN task t2 ON t2.id = tu2.task_id WHERE t2.template_id = tt.id AND tu2.user_id = ? AND tu2.status = '1' ORDER BY t2.round_no DESC LIMIT 1) AS latest_score FROM task t JOIN task_user tu ON tu.task_id = t.id JOIN task_template tt ON tt.id = t.template_id WHERE tu.user_id = ? AND tu.status = '1' AND t.template_id IS NOT NULL GROUP BY tt.id, tt.template_name, tt.task_type ORDER BY tt.id DESC LIMIT ?, ?
2026-07-05 18:46:47.789 [http-nio-8080-exec-8] DEBUG [traceId=cd1f2baaa0bf4227977c16dda36f8bf4 userId=29 role=2] c.k.i.m.MyTaskMapper.pageTemplates - ==> Parameters: 29(Long), 29(Long), 0(Integer), 10(Integer)
2026-07-05 18:46:47.803 [http-nio-8080-exec-8] DEBUG [traceId=cd1f2baaa0bf4227977c16dda36f8bf4 userId=29 role=2] c.k.i.m.MyTaskMapper.pageTemplates - <==      Total: 1
2026-07-05 18:46:47.806 [http-nio-8080-exec-8] INFO  [traceId=cd1f2baaa0bf4227977c16dda36f8bf4 userId=29 role=2] com.kg.interceptor.TraceIdFilter - HTTP_REQUEST_END method=POST uri=/my-task/template/page status=200 cost=41ms responseBody={"code":200,"message":"查询成功","data":{"total":1,"list":[{"templateId":6,"templateName":"2026真题","taskType":"0","roundCount":2,"maxScore":70.00,"minScore":50.00,"avgScore":60.000000,"latestScore":70.00}]}}
2026-07-05 18:46:48.689 [http-nio-8080-exec-10] INFO  [traceId=d252430d6db349849c5acc5b39323c63 userId= role=] com.kg.interceptor.TraceIdFilter - HTTP_REQUEST_START method=GET uri=/dict/group/task_type query=null requestBody= ip=0:0:0:0:0:0:0:1 userAgent=Mozilla/5.0 (Windows NT 10.0; Win64; x64) AppleWebKit/537.36 (KHTML, like Gecko) Chrome/123.0.0.0 Safari/537.36
2026-07-05 18:46:48.689 [http-nio-8080-exec-7] INFO  [traceId=decd6fff6d2145219fc4857bc6bb9464 userId= role=] com.kg.interceptor.TraceIdFilter - HTTP_REQUEST_START method=POST uri=/my-task/list query=null requestBody={"pageNum":1,"pageSize":10,"status":"0"} ip=0:0:0:0:0:0:0:1 userAgent=Mozilla/5.0 (Windows NT 10.0; Win64; x64) AppleWebKit/537.36 (KHTML, like Gecko) Chrome/123.0.0.0 Safari/537.36
2026-07-05 18:46:48.690 [http-nio-8080-exec-9] INFO  [traceId=39256609cb4942b99ac78d29205ab316 userId= role=] com.kg.interceptor.TraceIdFilter - HTTP_REQUEST_START method=POST uri=/my-task/stats query=null requestBody={} ip=0:0:0:0:0:0:0:1 userAgent=Mozilla/5.0 (Windows NT 10.0; Win64; x64) AppleWebKit/537.36 (KHTML, like Gecko) Chrome/123.0.0.0 Safari/537.36
2026-07-05 18:46:48.697 [http-nio-8080-exec-7] DEBUG [traceId=decd6fff6d2145219fc4857bc6bb9464 userId= role=] c.k.i.m.SysUserMapper.selectById - ==>  Preparing: SELECT id,account,name,password,role,gender,email,phone,openid,description,teacher_remark,class_id,status,create_by,create_time,update_by,update_time FROM sys_user WHERE id=?
2026-07-05 18:46:48.697 [http-nio-8080-exec-10] DEBUG [traceId=d252430d6db349849c5acc5b39323c63 userId= role=] c.k.i.m.SysUserMapper.selectById - ==>  Preparing: SELECT id,account,name,password,role,gender,email,phone,openid,description,teacher_remark,class_id,status,create_by,create_time,update_by,update_time FROM sys_user WHERE id=?
2026-07-05 18:46:48.698 [http-nio-8080-exec-7] DEBUG [traceId=decd6fff6d2145219fc4857bc6bb9464 userId= role=] c.k.i.m.SysUserMapper.selectById - ==> Parameters: 29(Long)
2026-07-05 18:46:48.698 [http-nio-8080-exec-10] DEBUG [traceId=d252430d6db349849c5acc5b39323c63 userId= role=] c.k.i.m.SysUserMapper.selectById - ==> Parameters: 29(Long)
2026-07-05 18:46:48.698 [http-nio-8080-exec-9] DEBUG [traceId=39256609cb4942b99ac78d29205ab316 userId= role=] c.k.i.m.SysUserMapper.selectById - ==>  Preparing: SELECT id,account,name,password,role,gender,email,phone,openid,description,teacher_remark,class_id,status,create_by,create_time,update_by,update_time FROM sys_user WHERE id=?
2026-07-05 18:46:48.698 [http-nio-8080-exec-9] DEBUG [traceId=39256609cb4942b99ac78d29205ab316 userId= role=] c.k.i.m.SysUserMapper.selectById - ==> Parameters: 29(Long)
2026-07-05 18:46:48.698 [http-nio-8080-exec-9] DEBUG [traceId=39256609cb4942b99ac78d29205ab316 userId= role=] c.k.i.m.SysUserMapper.selectById - <==      Total: 1
2026-07-05 18:46:48.699 [http-nio-8080-exec-10] DEBUG [traceId=d252430d6db349849c5acc5b39323c63 userId= role=] c.k.i.m.SysUserMapper.selectById - <==      Total: 1
2026-07-05 18:46:48.699 [http-nio-8080-exec-7] DEBUG [traceId=decd6fff6d2145219fc4857bc6bb9464 userId= role=] c.k.i.m.SysUserMapper.selectById - <==      Total: 1
2026-07-05 18:46:48.700 [http-nio-8080-exec-7] DEBUG [traceId=decd6fff6d2145219fc4857bc6bb9464 userId=29 role=2] c.k.i.mapper.MyTaskMapper.count - ==>  Preparing: SELECT COUNT(*) FROM task_user tu JOIN task t ON t.id = tu.task_id WHERE tu.user_id = ? AND tu.status = ?
2026-07-05 18:46:48.700 [http-nio-8080-exec-7] DEBUG [traceId=decd6fff6d2145219fc4857bc6bb9464 userId=29 role=2] c.k.i.mapper.MyTaskMapper.count - ==> Parameters: 29(Long), 0(String)
2026-07-05 18:46:48.700 [http-nio-8080-exec-9] DEBUG [traceId=39256609cb4942b99ac78d29205ab316 userId=29 role=2] c.k.i.m.TaskUserMapper.selectCount - ==>  Preparing: SELECT COUNT( * ) AS total FROM task_user WHERE (user_id = ? AND status = ?)
2026-07-05 18:46:48.701 [http-nio-8080-exec-10] DEBUG [traceId=d252430d6db349849c5acc5b39323c63 userId=29 role=2] c.k.i.mapper.DictMapper.selectList - ==>  Preparing: SELECT id,dict_code,dict_name,dict_label,dict_value,display_color,sort_no,status,create_by,create_time,update_by,update_time FROM sys_dict WHERE (dict_code = ?) ORDER BY sort_no ASC
2026-07-05 18:46:48.701 [http-nio-8080-exec-10] DEBUG [traceId=d252430d6db349849c5acc5b39323c63 userId=29 role=2] c.k.i.mapper.DictMapper.selectList - ==> Parameters: task_type(String)
2026-07-05 18:46:48.701 [http-nio-8080-exec-9] DEBUG [traceId=39256609cb4942b99ac78d29205ab316 userId=29 role=2] c.k.i.m.TaskUserMapper.selectCount - ==> Parameters: 29(Long), 0(String)
2026-07-05 18:46:48.702 [http-nio-8080-exec-10] DEBUG [traceId=d252430d6db349849c5acc5b39323c63 userId=29 role=2] c.k.i.mapper.DictMapper.selectList - <==      Total: 4
2026-07-05 18:46:48.704 [http-nio-8080-exec-10] INFO  [traceId=d252430d6db349849c5acc5b39323c63 userId=29 role=2] com.kg.interceptor.TraceIdFilter - HTTP_REQUEST_END method=GET uri=/dict/group/task_type status=200 cost=15ms responseBody={"code":200,"message":"查询成功","data":{"dictCode":"task_type","dictName":"任务类型","items":[{"dictValue":"0","dictLabel":"刷题","sortNo":0,"status":1,"displayColor":"#ff6f00"},{"dictValue":"1","dictLabel":"学习","sortNo":1,"status":1,"displayColor":"#f7ff00"},{"dictValue":"2","dictLabel":"打卡","sortNo":2,"status":1,"displayColor":"#66ff00"},{"dictValue":"3","dictLabel":"每日复盘","sortNo":3,"status":1,"displayColor":"#00bfff"}]}}
2026-07-05 18:46:48.706 [http-nio-8080-exec-9] DEBUG [traceId=39256609cb4942b99ac78d29205ab316 userId=29 role=2] c.k.i.m.TaskUserMapper.selectCount - <==      Total: 1
2026-07-05 18:46:48.709 [http-nio-8080-exec-9] DEBUG [traceId=39256609cb4942b99ac78d29205ab316 userId=29 role=2] c.k.i.m.TaskUserMapper.selectCount - ==>  Preparing: SELECT COUNT( * ) AS total FROM task_user WHERE (user_id = ? AND status = ?)
2026-07-05 18:46:48.709 [http-nio-8080-exec-9] DEBUG [traceId=39256609cb4942b99ac78d29205ab316 userId=29 role=2] c.k.i.m.TaskUserMapper.selectCount - ==> Parameters: 29(Long), 1(String)
2026-07-05 18:46:48.711 [http-nio-8080-exec-9] DEBUG [traceId=39256609cb4942b99ac78d29205ab316 userId=29 role=2] c.k.i.m.TaskUserMapper.selectCount - <==      Total: 1
2026-07-05 18:46:48.711 [http-nio-8080-exec-7] DEBUG [traceId=decd6fff6d2145219fc4857bc6bb9464 userId=29 role=2] c.k.i.mapper.MyTaskMapper.count - <==      Total: 1
2026-07-05 18:46:48.711 [http-nio-8080-exec-7] DEBUG [traceId=decd6fff6d2145219fc4857bc6bb9464 userId=29 role=2] c.k.i.mapper.MyTaskMapper.page - ==>  Preparing: SELECT u.name AS task_create_name,t.round_no AS round_no,t.template_id AS template_id,t.id AS task_id, t.task_name, t.task_type, t.is_mandatory AS force_flag, t.task_description, t.priority, t.task_start_time AS start_time, t.task_end_time AS end_time, t.plan_id AS planId, t.plan_date AS planDate, t.is_repeat_task AS isRepeatTask, t.status AS taskStatus, tu.id AS task_user_id, tu.status, tu.total_score, tu.submit_time FROM task_user tu JOIN task t ON t.id = tu.task_id LEFT JOIN sys_user u ON u.id = t.create_by WHERE tu.user_id = ? AND tu.status = ? ORDER BY t.create_time DESC LIMIT ?, ?
2026-07-05 18:46:48.712 [http-nio-8080-exec-9] INFO  [traceId=39256609cb4942b99ac78d29205ab316 userId=29 role=2] com.kg.interceptor.TraceIdFilter - HTTP_REQUEST_END method=POST uri=/my-task/stats status=200 cost=22ms responseBody={"code":200,"message":"查询成功","data":{"unfinished":31,"finished":21}}
2026-07-05 18:46:48.712 [http-nio-8080-exec-7] DEBUG [traceId=decd6fff6d2145219fc4857bc6bb9464 userId=29 role=2] c.k.i.mapper.MyTaskMapper.page - ==> Parameters: 29(Long), 0(String), 0(Integer), 10(Integer)
2026-07-05 18:46:48.715 [http-nio-8080-exec-7] DEBUG [traceId=decd6fff6d2145219fc4857bc6bb9464 userId=29 role=2] c.k.i.mapper.MyTaskMapper.page - <==      Total: 10
2026-07-05 18:46:48.717 [http-nio-8080-exec-7] INFO  [traceId=decd6fff6d2145219fc4857bc6bb9464 userId=29 role=2] com.kg.interceptor.TraceIdFilter - HTTP_REQUEST_END method=POST uri=/my-task/list status=200 cost=28ms responseBody={"code":200,"message":"查询成功","data":{"total":31,"list":[{"taskId":94,"taskName":"每日打卡","taskType":"2","forceFlag":1,"taskDescription":null,"priority":0,"startTime":"2026-07-05 06:00:00","endTime":"2026-07-05 23:59:00","status":"0","totalScore":null,"submitTime":null,"roundNo":0,"templateId":null,"planId":null,"planDate":null,"isRepeatTask":0,"taskStatus":1,"taskUserId":492,"taskCreateName":null},{"taskId":95,"taskName":"每日复盘","taskType":"3","forceFlag":1,"taskDescription":null,"priority":0,"startTime":"2026-07-05 08:00:00","endTime":"2026-07-05 23:59:00","status":"0","totalScore":null,"submitTime":null,"roundNo":0,"templateId":null,"planId":null,"planDate":null,"isRepeatTask":0,"taskStatus":1,"taskUserId":503,"taskCreateName":null},{"taskId":93,"taskName":"每日复盘","taskType":"3","forceFlag":1,"taskDescription":null,"priority":0,"startTime":"2026-07-03 08:00:00","endTime":"2026-07-03 23:59:00","status":"0","totalScore":null,"submitTime":null,"roundNo":0,"templateId":null,"planId":null,"planDate":null,"isRepeatTask":0,"taskStatus":1,"taskUserId":481,"taskCreateName":null},{"taskId":89,"taskName":"每日复盘","taskType":"3","forceFlag":1,"taskDescription":null,"priority":0,"startTime":"2026-07-02 08:00:00","endTime":"2026-07-02 23:59:00","status":"0","totalScore":null,"submitTime":null,"roundNo":0,"templateId":null,"planId":null,"planDate":null,"isRepeatTask":0,"taskStatus":1,"taskUserId":458,"taskCreateName":null},{"taskId":79,"taskName":"测试重复任务 07-03","taskType":"0","forceFlag":1,"taskDescription":"","priority":1,"startTime":"2026-07-03 00:00:00","endTime":"2026-07-03 23:59:00","status":"0","totalScore":null,"submitTime":null,"roundNo":0,"templateId":null,"planId":1,"planDate":"2026-07-03","isRepeatTask":1,"taskStatus":1,"taskUserId":431,"taskCreateName":"管理员"},{"taskId":80,"taskName":"测试重复任务 07-04","taskType":"0","forceFlag":1,"taskDescription":"","priority":1,"startTime":"2026-07-04 00:00:00","endTime":"2026-07-04 23:59:00","status":"0","totalScore":null,"submitTime":null,"roundNo":0,"templateId":null,"planId":1,"planDate":"2026-07-04","isRepeatTask":1,"taskStatus":1,"taskUserId":438,"taskCreateName":"管理员"},{"taskId":76,"taskName":"普通刷题任务测试","taskType":"0","forceFlag":1,"taskDescription":"","priority":1,"startTime":"2026-07-01 00:00:00","endTime":"2026-07-03 23:59:59","status":"0","totalScore":null,"submitTime":null,"roundNo":1,"templateId":null,"planId":null,"planDate":null,"isRepeatTask":0,"taskStatus":1,"taskUserId":410,"taskCreateName":"管理员"},{"taskId":75,"taskName":"每日复盘","taskType":"3","forceFlag":1,"taskDescription":null,"priority":0,"startTime":"2026-07-01 08:00:00","endTime":"2026-07-01 23:59:00","status":"0","totalScore":null,"submitTime":null,"roundNo":0,"templateId":null,"planId":null,"planDate":null,"isRepeatTask":0,"taskStatus":1,"taskUserId":403,"taskCreateName":null},{"taskId":73,"taskName":"测试班级任务","taskType":"0","forceFlag":1,"taskDescription":"","priority":1,"startTime":"2026-06-29 00:00:00","endTime":"2026-06-30 23:59:59","status":"0","totalScore":null,"submitTime":null,"roundNo":1,"templateId":null,"planId":null,"planDate":null,"isRepeatTask":0,"taskStatus":1,"taskUserId":383,"taskCreateName":"杨少伟"},{"taskId":72,"taskName":"每日复盘","taskType":"3","forceFlag":1,"taskDescription":null,"priority":0,"startTime":"2026-06-29 08:00:00","endTime":"2026-06-29 23:59:00","status":"0","totalScore":null,"submitTime":null,"roundNo":0,"templateId":null,"planId":null,"planDate":null,"isRepeatTask":0,"taskStatus":1,"taskUserId":376,"taskCreateName":null}]}}
2026-07-05 18:46:49.869 [http-nio-8080-exec-3] INFO  [traceId=80a10b9ce34543d6a8bfb312a5fcd44b userId= role=] com.kg.interceptor.TraceIdFilter - HTTP_REQUEST_START method=GET uri=/dict/group/task_type query=null requestBody= ip=0:0:0:0:0:0:0:1 userAgent=Mozilla/5.0 (Windows NT 10.0; Win64; x64) AppleWebKit/537.36 (KHTML, like Gecko) Chrome/123.0.0.0 Safari/537.36
2026-07-05 18:46:49.877 [http-nio-8080-exec-3] DEBUG [traceId=80a10b9ce34543d6a8bfb312a5fcd44b userId= role=] c.k.i.m.SysUserMapper.selectById - ==>  Preparing: SELECT id,account,name,password,role,gender,email,phone,openid,description,teacher_remark,class_id,status,create_by,create_time,update_by,update_time FROM sys_user WHERE id=?
2026-07-05 18:46:49.877 [http-nio-8080-exec-3] DEBUG [traceId=80a10b9ce34543d6a8bfb312a5fcd44b userId= role=] c.k.i.m.SysUserMapper.selectById - ==> Parameters: 29(Long)
2026-07-05 18:46:49.878 [http-nio-8080-exec-3] DEBUG [traceId=80a10b9ce34543d6a8bfb312a5fcd44b userId= role=] c.k.i.m.SysUserMapper.selectById - <==      Total: 1
2026-07-05 18:46:49.879 [http-nio-8080-exec-3] DEBUG [traceId=80a10b9ce34543d6a8bfb312a5fcd44b userId=29 role=2] c.k.i.mapper.DictMapper.selectList - ==>  Preparing: SELECT id,dict_code,dict_name,dict_label,dict_value,display_color,sort_no,status,create_by,create_time,update_by,update_time FROM sys_dict WHERE (dict_code = ?) ORDER BY sort_no ASC
2026-07-05 18:46:49.880 [http-nio-8080-exec-3] DEBUG [traceId=80a10b9ce34543d6a8bfb312a5fcd44b userId=29 role=2] c.k.i.mapper.DictMapper.selectList - ==> Parameters: task_type(String)
2026-07-05 18:46:49.883 [http-nio-8080-exec-3] DEBUG [traceId=80a10b9ce34543d6a8bfb312a5fcd44b userId=29 role=2] c.k.i.mapper.DictMapper.selectList - <==      Total: 4
2026-07-05 18:46:49.884 [http-nio-8080-exec-3] INFO  [traceId=80a10b9ce34543d6a8bfb312a5fcd44b userId=29 role=2] com.kg.interceptor.TraceIdFilter - HTTP_REQUEST_END method=GET uri=/dict/group/task_type status=200 cost=15ms responseBody={"code":200,"message":"查询成功","data":{"dictCode":"task_type","dictName":"任务类型","items":[{"dictValue":"0","dictLabel":"刷题","sortNo":0,"status":1,"displayColor":"#ff6f00"},{"dictValue":"1","dictLabel":"学习","sortNo":1,"status":1,"displayColor":"#f7ff00"},{"dictValue":"2","dictLabel":"打卡","sortNo":2,"status":1,"displayColor":"#66ff00"},{"dictValue":"3","dictLabel":"每日复盘","sortNo":3,"status":1,"displayColor":"#00bfff"}]}}
2026-07-05 18:46:49.906 [http-nio-8080-exec-2] INFO  [traceId=db0bdbcea92646b282e3741f79648528 userId= role=] com.kg.interceptor.TraceIdFilter - HTTP_REQUEST_START method=POST uri=/my-task/template/page query=null requestBody={"pageNum":1,"pageSize":10,"taskType":"0"} ip=0:0:0:0:0:0:0:1 userAgent=Mozilla/5.0 (Windows NT 10.0; Win64; x64) AppleWebKit/537.36 (KHTML, like Gecko) Chrome/123.0.0.0 Safari/537.36
2026-07-05 18:46:49.913 [http-nio-8080-exec-2] DEBUG [traceId=db0bdbcea92646b282e3741f79648528 userId= role=] c.k.i.m.SysUserMapper.selectById - ==>  Preparing: SELECT id,account,name,password,role,gender,email,phone,openid,description,teacher_remark,class_id,status,create_by,create_time,update_by,update_time FROM sys_user WHERE id=?
2026-07-05 18:46:49.913 [http-nio-8080-exec-2] DEBUG [traceId=db0bdbcea92646b282e3741f79648528 userId= role=] c.k.i.m.SysUserMapper.selectById - ==> Parameters: 29(Long)
2026-07-05 18:46:49.914 [http-nio-8080-exec-2] DEBUG [traceId=db0bdbcea92646b282e3741f79648528 userId= role=] c.k.i.m.SysUserMapper.selectById - <==      Total: 1
2026-07-05 18:46:49.916 [http-nio-8080-exec-2] DEBUG [traceId=db0bdbcea92646b282e3741f79648528 userId=29 role=2] c.k.i.m.MyTaskMapper.countTemplates - ==>  Preparing: SELECT COUNT(DISTINCT tt.id) FROM task t JOIN task_user tu ON tu.task_id = t.id JOIN task_template tt ON tt.id = t.template_id WHERE tu.user_id = ? AND tu.status = '1' AND t.template_id IS NOT NULL AND tt.task_type = ?
2026-07-05 18:46:49.917 [http-nio-8080-exec-2] DEBUG [traceId=db0bdbcea92646b282e3741f79648528 userId=29 role=2] c.k.i.m.MyTaskMapper.countTemplates - ==> Parameters: 29(Long), 0(String)
2026-07-05 18:46:49.923 [http-nio-8080-exec-2] DEBUG [traceId=db0bdbcea92646b282e3741f79648528 userId=29 role=2] c.k.i.m.MyTaskMapper.countTemplates - <==      Total: 1
2026-07-05 18:46:49.924 [http-nio-8080-exec-2] DEBUG [traceId=db0bdbcea92646b282e3741f79648528 userId=29 role=2] c.k.i.m.MyTaskMapper.pageTemplates - ==>  Preparing: SELECT tt.id AS template_id, tt.template_name, tt.task_type, COUNT(DISTINCT t.id) AS round_count, MAX(tu.total_score) AS max_score, MIN(tu.total_score) AS min_score, AVG(tu.total_score) AS avg_score, (SELECT tu2.total_score FROM task_user tu2 JOIN task t2 ON t2.id = tu2.task_id WHERE t2.template_id = tt.id AND tu2.user_id = ? AND tu2.status = '1' ORDER BY t2.round_no DESC LIMIT 1) AS latest_score FROM task t JOIN task_user tu ON tu.task_id = t.id JOIN task_template tt ON tt.id = t.template_id WHERE tu.user_id = ? AND tu.status = '1' AND t.template_id IS NOT NULL AND tt.task_type = ? GROUP BY tt.id, tt.template_name, tt.task_type ORDER BY tt.id DESC LIMIT ?, ?
2026-07-05 18:46:49.924 [http-nio-8080-exec-2] DEBUG [traceId=db0bdbcea92646b282e3741f79648528 userId=29 role=2] c.k.i.m.MyTaskMapper.pageTemplates - ==> Parameters: 29(Long), 29(Long), 0(String), 0(Integer), 10(Integer)
2026-07-05 18:46:49.935 [http-nio-8080-exec-2] DEBUG [traceId=db0bdbcea92646b282e3741f79648528 userId=29 role=2] c.k.i.m.MyTaskMapper.pageTemplates - <==      Total: 1
2026-07-05 18:46:49.936 [http-nio-8080-exec-2] INFO  [traceId=db0bdbcea92646b282e3741f79648528 userId=29 role=2] com.kg.interceptor.TraceIdFilter - HTTP_REQUEST_END method=POST uri=/my-task/template/page status=200 cost=30ms responseBody={"code":200,"message":"查询成功","data":{"total":1,"list":[{"templateId":6,"templateName":"2026真题","taskType":"0","roundCount":2,"maxScore":70.00,"minScore":50.00,"avgScore":60.000000,"latestScore":70.00}]}}
2026-07-05 18:46:50.972 [http-nio-8080-exec-1] INFO  [traceId=0ce5ce828703450cb1ad8c69f4e90d4d userId= role=] com.kg.interceptor.TraceIdFilter - HTTP_REQUEST_START method=POST uri=/my-task/list query=null requestBody={"pageNum":1,"pageSize":10,"status":"0"} ip=0:0:0:0:0:0:0:1 userAgent=Mozilla/5.0 (Windows NT 10.0; Win64; x64) AppleWebKit/537.36 (KHTML, like Gecko) Chrome/123.0.0.0 Safari/537.36
2026-07-05 18:46:50.972 [http-nio-8080-exec-6] INFO  [traceId=eec788c3afb64383b1d0499d9d00b87c userId= role=] com.kg.interceptor.TraceIdFilter - HTTP_REQUEST_START method=GET uri=/dict/group/task_type query=null requestBody= ip=0:0:0:0:0:0:0:1 userAgent=Mozilla/5.0 (Windows NT 10.0; Win64; x64) AppleWebKit/537.36 (KHTML, like Gecko) Chrome/123.0.0.0 Safari/537.36
2026-07-05 18:46:50.972 [http-nio-8080-exec-5] INFO  [traceId=ff1729d4cf3c4f5b8a406e17d19176ae userId= role=] com.kg.interceptor.TraceIdFilter - HTTP_REQUEST_START method=POST uri=/my-task/stats query=null requestBody={} ip=0:0:0:0:0:0:0:1 userAgent=Mozilla/5.0 (Windows NT 10.0; Win64; x64) AppleWebKit/537.36 (KHTML, like Gecko) Chrome/123.0.0.0 Safari/537.36
2026-07-05 18:46:50.980 [http-nio-8080-exec-5] DEBUG [traceId=ff1729d4cf3c4f5b8a406e17d19176ae userId= role=] c.k.i.m.SysUserMapper.selectById - ==>  Preparing: SELECT id,account,name,password,role,gender,email,phone,openid,description,teacher_remark,class_id,status,create_by,create_time,update_by,update_time FROM sys_user WHERE id=?
2026-07-05 18:46:50.980 [http-nio-8080-exec-5] DEBUG [traceId=ff1729d4cf3c4f5b8a406e17d19176ae userId= role=] c.k.i.m.SysUserMapper.selectById - ==> Parameters: 29(Long)
2026-07-05 18:46:50.980 [http-nio-8080-exec-6] DEBUG [traceId=eec788c3afb64383b1d0499d9d00b87c userId= role=] c.k.i.m.SysUserMapper.selectById - ==>  Preparing: SELECT id,account,name,password,role,gender,email,phone,openid,description,teacher_remark,class_id,status,create_by,create_time,update_by,update_time FROM sys_user WHERE id=?
2026-07-05 18:46:50.980 [http-nio-8080-exec-1] DEBUG [traceId=0ce5ce828703450cb1ad8c69f4e90d4d userId= role=] c.k.i.m.SysUserMapper.selectById - ==>  Preparing: SELECT id,account,name,password,role,gender,email,phone,openid,description,teacher_remark,class_id,status,create_by,create_time,update_by,update_time FROM sys_user WHERE id=?
2026-07-05 18:46:50.980 [http-nio-8080-exec-6] DEBUG [traceId=eec788c3afb64383b1d0499d9d00b87c userId= role=] c.k.i.m.SysUserMapper.selectById - ==> Parameters: 29(Long)
2026-07-05 18:46:50.980 [http-nio-8080-exec-1] DEBUG [traceId=0ce5ce828703450cb1ad8c69f4e90d4d userId= role=] c.k.i.m.SysUserMapper.selectById - ==> Parameters: 29(Long)
2026-07-05 18:46:50.981 [http-nio-8080-exec-1] DEBUG [traceId=0ce5ce828703450cb1ad8c69f4e90d4d userId= role=] c.k.i.m.SysUserMapper.selectById - <==      Total: 1
2026-07-05 18:46:50.981 [http-nio-8080-exec-6] DEBUG [traceId=eec788c3afb64383b1d0499d9d00b87c userId= role=] c.k.i.m.SysUserMapper.selectById - <==      Total: 1
2026-07-05 18:46:50.981 [http-nio-8080-exec-5] DEBUG [traceId=ff1729d4cf3c4f5b8a406e17d19176ae userId= role=] c.k.i.m.SysUserMapper.selectById - <==      Total: 1
2026-07-05 18:46:50.982 [http-nio-8080-exec-6] DEBUG [traceId=eec788c3afb64383b1d0499d9d00b87c userId=29 role=2] c.k.i.mapper.DictMapper.selectList - ==>  Preparing: SELECT id,dict_code,dict_name,dict_label,dict_value,display_color,sort_no,status,create_by,create_time,update_by,update_time FROM sys_dict WHERE (dict_code = ?) ORDER BY sort_no ASC
2026-07-05 18:46:50.982 [http-nio-8080-exec-6] DEBUG [traceId=eec788c3afb64383b1d0499d9d00b87c userId=29 role=2] c.k.i.mapper.DictMapper.selectList - ==> Parameters: task_type(String)
2026-07-05 18:46:50.982 [http-nio-8080-exec-5] DEBUG [traceId=ff1729d4cf3c4f5b8a406e17d19176ae userId=29 role=2] c.k.i.m.TaskUserMapper.selectCount - ==>  Preparing: SELECT COUNT( * ) AS total FROM task_user WHERE (user_id = ? AND status = ?)
2026-07-05 18:46:50.982 [http-nio-8080-exec-5] DEBUG [traceId=ff1729d4cf3c4f5b8a406e17d19176ae userId=29 role=2] c.k.i.m.TaskUserMapper.selectCount - ==> Parameters: 29(Long), 0(String)
2026-07-05 18:46:50.982 [http-nio-8080-exec-1] DEBUG [traceId=0ce5ce828703450cb1ad8c69f4e90d4d userId=29 role=2] c.k.i.mapper.MyTaskMapper.count - ==>  Preparing: SELECT COUNT(*) FROM task_user tu JOIN task t ON t.id = tu.task_id WHERE tu.user_id = ? AND tu.status = ?
2026-07-05 18:46:50.984 [http-nio-8080-exec-1] DEBUG [traceId=0ce5ce828703450cb1ad8c69f4e90d4d userId=29 role=2] c.k.i.mapper.MyTaskMapper.count - ==> Parameters: 29(Long), 0(String)
2026-07-05 18:46:50.984 [http-nio-8080-exec-5] DEBUG [traceId=ff1729d4cf3c4f5b8a406e17d19176ae userId=29 role=2] c.k.i.m.TaskUserMapper.selectCount - <==      Total: 1
2026-07-05 18:46:50.984 [http-nio-8080-exec-6] DEBUG [traceId=eec788c3afb64383b1d0499d9d00b87c userId=29 role=2] c.k.i.mapper.DictMapper.selectList - <==      Total: 4
2026-07-05 18:46:50.985 [http-nio-8080-exec-1] DEBUG [traceId=0ce5ce828703450cb1ad8c69f4e90d4d userId=29 role=2] c.k.i.mapper.MyTaskMapper.count - <==      Total: 1
2026-07-05 18:46:50.985 [http-nio-8080-exec-6] INFO  [traceId=eec788c3afb64383b1d0499d9d00b87c userId=29 role=2] com.kg.interceptor.TraceIdFilter - HTTP_REQUEST_END method=GET uri=/dict/group/task_type status=200 cost=13ms responseBody={"code":200,"message":"查询成功","data":{"dictCode":"task_type","dictName":"任务类型","items":[{"dictValue":"0","dictLabel":"刷题","sortNo":0,"status":1,"displayColor":"#ff6f00"},{"dictValue":"1","dictLabel":"学习","sortNo":1,"status":1,"displayColor":"#f7ff00"},{"dictValue":"2","dictLabel":"打卡","sortNo":2,"status":1,"displayColor":"#66ff00"},{"dictValue":"3","dictLabel":"每日复盘","sortNo":3,"status":1,"displayColor":"#00bfff"}]}}
2026-07-05 18:46:50.985 [http-nio-8080-exec-5] DEBUG [traceId=ff1729d4cf3c4f5b8a406e17d19176ae userId=29 role=2] c.k.i.m.TaskUserMapper.selectCount - ==>  Preparing: SELECT COUNT( * ) AS total FROM task_user WHERE (user_id = ? AND status = ?)
2026-07-05 18:46:50.986 [http-nio-8080-exec-5] DEBUG [traceId=ff1729d4cf3c4f5b8a406e17d19176ae userId=29 role=2] c.k.i.m.TaskUserMapper.selectCount - ==> Parameters: 29(Long), 1(String)
2026-07-05 18:46:50.986 [http-nio-8080-exec-1] DEBUG [traceId=0ce5ce828703450cb1ad8c69f4e90d4d userId=29 role=2] c.k.i.mapper.MyTaskMapper.page - ==>  Preparing: SELECT u.name AS task_create_name,t.round_no AS round_no,t.template_id AS template_id,t.id AS task_id, t.task_name, t.task_type, t.is_mandatory AS force_flag, t.task_description, t.priority, t.task_start_time AS start_time, t.task_end_time AS end_time, t.plan_id AS planId, t.plan_date AS planDate, t.is_repeat_task AS isRepeatTask, t.status AS taskStatus, tu.id AS task_user_id, tu.status, tu.total_score, tu.submit_time FROM task_user tu JOIN task t ON t.id = tu.task_id LEFT JOIN sys_user u ON u.id = t.create_by WHERE tu.user_id = ? AND tu.status = ? ORDER BY t.create_time DESC LIMIT ?, ?
2026-07-05 18:46:50.986 [http-nio-8080-exec-1] DEBUG [traceId=0ce5ce828703450cb1ad8c69f4e90d4d userId=29 role=2] c.k.i.mapper.MyTaskMapper.page - ==> Parameters: 29(Long), 0(String), 0(Integer), 10(Integer)
2026-07-05 18:46:50.986 [http-nio-8080-exec-5] DEBUG [traceId=ff1729d4cf3c4f5b8a406e17d19176ae userId=29 role=2] c.k.i.m.TaskUserMapper.selectCount - <==      Total: 1
2026-07-05 18:46:50.987 [http-nio-8080-exec-5] INFO  [traceId=ff1729d4cf3c4f5b8a406e17d19176ae userId=29 role=2] com.kg.interceptor.TraceIdFilter - HTTP_REQUEST_END method=POST uri=/my-task/stats status=200 cost=15ms responseBody={"code":200,"message":"查询成功","data":{"unfinished":31,"finished":21}}
2026-07-05 18:46:50.989 [http-nio-8080-exec-1] DEBUG [traceId=0ce5ce828703450cb1ad8c69f4e90d4d userId=29 role=2] c.k.i.mapper.MyTaskMapper.page - <==      Total: 10
2026-07-05 18:46:50.990 [http-nio-8080-exec-1] INFO  [traceId=0ce5ce828703450cb1ad8c69f4e90d4d userId=29 role=2] com.kg.interceptor.TraceIdFilter - HTTP_REQUEST_END method=POST uri=/my-task/list status=200 cost=18ms responseBody={"code":200,"message":"查询成功","data":{"total":31,"list":[{"taskId":94,"taskName":"每日打卡","taskType":"2","forceFlag":1,"taskDescription":null,"priority":0,"startTime":"2026-07-05 06:00:00","endTime":"2026-07-05 23:59:00","status":"0","totalScore":null,"submitTime":null,"roundNo":0,"templateId":null,"planId":null,"planDate":null,"isRepeatTask":0,"taskStatus":1,"taskUserId":492,"taskCreateName":null},{"taskId":95,"taskName":"每日复盘","taskType":"3","forceFlag":1,"taskDescription":null,"priority":0,"startTime":"2026-07-05 08:00:00","endTime":"2026-07-05 23:59:00","status":"0","totalScore":null,"submitTime":null,"roundNo":0,"templateId":null,"planId":null,"planDate":null,"isRepeatTask":0,"taskStatus":1,"taskUserId":503,"taskCreateName":null},{"taskId":93,"taskName":"每日复盘","taskType":"3","forceFlag":1,"taskDescription":null,"priority":0,"startTime":"2026-07-03 08:00:00","endTime":"2026-07-03 23:59:00","status":"0","totalScore":null,"submitTime":null,"roundNo":0,"templateId":null,"planId":null,"planDate":null,"isRepeatTask":0,"taskStatus":1,"taskUserId":481,"taskCreateName":null},{"taskId":89,"taskName":"每日复盘","taskType":"3","forceFlag":1,"taskDescription":null,"priority":0,"startTime":"2026-07-02 08:00:00","endTime":"2026-07-02 23:59:00","status":"0","totalScore":null,"submitTime":null,"roundNo":0,"templateId":null,"planId":null,"planDate":null,"isRepeatTask":0,"taskStatus":1,"taskUserId":458,"taskCreateName":null},{"taskId":79,"taskName":"测试重复任务 07-03","taskType":"0","forceFlag":1,"taskDescription":"","priority":1,"startTime":"2026-07-03 00:00:00","endTime":"2026-07-03 23:59:00","status":"0","totalScore":null,"submitTime":null,"roundNo":0,"templateId":null,"planId":1,"planDate":"2026-07-03","isRepeatTask":1,"taskStatus":1,"taskUserId":431,"taskCreateName":"管理员"},{"taskId":80,"taskName":"测试重复任务 07-04","taskType":"0","forceFlag":1,"taskDescription":"","priority":1,"startTime":"2026-07-04 00:00:00","endTime":"2026-07-04 23:59:00","status":"0","totalScore":null,"submitTime":null,"roundNo":0,"templateId":null,"planId":1,"planDate":"2026-07-04","isRepeatTask":1,"taskStatus":1,"taskUserId":438,"taskCreateName":"管理员"},{"taskId":76,"taskName":"普通刷题任务测试","taskType":"0","forceFlag":1,"taskDescription":"","priority":1,"startTime":"2026-07-01 00:00:00","endTime":"2026-07-03 23:59:59","status":"0","totalScore":null,"submitTime":null,"roundNo":1,"templateId":null,"planId":null,"planDate":null,"isRepeatTask":0,"taskStatus":1,"taskUserId":410,"taskCreateName":"管理员"},{"taskId":75,"taskName":"每日复盘","taskType":"3","forceFlag":1,"taskDescription":null,"priority":0,"startTime":"2026-07-01 08:00:00","endTime":"2026-07-01 23:59:00","status":"0","totalScore":null,"submitTime":null,"roundNo":0,"templateId":null,"planId":null,"planDate":null,"isRepeatTask":0,"taskStatus":1,"taskUserId":403,"taskCreateName":null},{"taskId":73,"taskName":"测试班级任务","taskType":"0","forceFlag":1,"taskDescription":"","priority":1,"startTime":"2026-06-29 00:00:00","endTime":"2026-06-30 23:59:59","status":"0","totalScore":null,"submitTime":null,"roundNo":1,"templateId":null,"planId":null,"planDate":null,"isRepeatTask":0,"taskStatus":1,"taskUserId":383,"taskCreateName":"杨少伟"},{"taskId":72,"taskName":"每日复盘","taskType":"3","forceFlag":1,"taskDescription":null,"priority":0,"startTime":"2026-06-29 08:00:00","endTime":"2026-06-29 23:59:00","status":"0","totalScore":null,"submitTime":null,"roundNo":0,"templateId":null,"planId":null,"planDate":null,"isRepeatTask":0,"taskStatus":1,"taskUserId":376,"taskCreateName":null}]}}
2026-07-05 20:28:58.559 [http-nio-8080-exec-4] INFO  [traceId=631c7832bff941148cb0bf7b7dd4b8cc userId= role=] com.kg.interceptor.TraceIdFilter - HTTP_REQUEST_START method=GET uri=/dict/group/task_type query=null requestBody= ip=0:0:0:0:0:0:0:1 userAgent=Mozilla/5.0 (Windows NT 10.0; Win64; x64) AppleWebKit/537.36 (KHTML, like Gecko) Chrome/123.0.0.0 Safari/537.36
2026-07-05 20:28:58.559 [http-nio-8080-exec-8] INFO  [traceId=4fa0d392e85f4bbb803bb8e371693754 userId= role=] com.kg.interceptor.TraceIdFilter - HTTP_REQUEST_START method=GET uri=/notification/unread-count query=null requestBody= ip=0:0:0:0:0:0:0:1 userAgent=Mozilla/5.0 (Windows NT 10.0; Win64; x64) AppleWebKit/537.36 (KHTML, like Gecko) Chrome/123.0.0.0 Safari/537.36
2026-07-05 20:28:58.654 [http-nio-8080-exec-4] DEBUG [traceId=631c7832bff941148cb0bf7b7dd4b8cc userId= role=] c.k.i.m.SysUserMapper.selectById - ==>  Preparing: SELECT id,account,name,password,role,gender,email,phone,openid,description,teacher_remark,class_id,status,create_by,create_time,update_by,update_time FROM sys_user WHERE id=?
2026-07-05 20:28:58.654 [http-nio-8080-exec-8] DEBUG [traceId=4fa0d392e85f4bbb803bb8e371693754 userId= role=] c.k.i.m.SysUserMapper.selectById - ==>  Preparing: SELECT id,account,name,password,role,gender,email,phone,openid,description,teacher_remark,class_id,status,create_by,create_time,update_by,update_time FROM sys_user WHERE id=?
2026-07-05 20:28:58.658 [http-nio-8080-exec-4] DEBUG [traceId=631c7832bff941148cb0bf7b7dd4b8cc userId= role=] c.k.i.m.SysUserMapper.selectById - ==> Parameters: 21(Long)
2026-07-05 20:28:58.658 [http-nio-8080-exec-8] DEBUG [traceId=4fa0d392e85f4bbb803bb8e371693754 userId= role=] c.k.i.m.SysUserMapper.selectById - ==> Parameters: 21(Long)
2026-07-05 20:28:58.716 [http-nio-8080-exec-4] DEBUG [traceId=631c7832bff941148cb0bf7b7dd4b8cc userId= role=] c.k.i.m.SysUserMapper.selectById - <==      Total: 1
2026-07-05 20:28:58.716 [http-nio-8080-exec-8] DEBUG [traceId=4fa0d392e85f4bbb803bb8e371693754 userId= role=] c.k.i.m.SysUserMapper.selectById - <==      Total: 1
2026-07-05 20:28:58.732 [http-nio-8080-exec-8] DEBUG [traceId=4fa0d392e85f4bbb803bb8e371693754 userId=21 role=1] c.k.i.m.N.selectCount - ==>  Preparing: SELECT COUNT( * ) AS total FROM notification_message WHERE (user_id = ? AND is_read = ? AND status = ? AND notify_time <= ?)
2026-07-05 20:28:58.731 [http-nio-8080-exec-4] DEBUG [traceId=631c7832bff941148cb0bf7b7dd4b8cc userId=21 role=1] c.k.i.mapper.DictMapper.selectList - ==>  Preparing: SELECT id,dict_code,dict_name,dict_label,dict_value,display_color,sort_no,status,create_by,create_time,update_by,update_time FROM sys_dict WHERE (dict_code = ?) ORDER BY sort_no ASC
2026-07-05 20:28:58.732 [http-nio-8080-exec-4] DEBUG [traceId=631c7832bff941148cb0bf7b7dd4b8cc userId=21 role=1] c.k.i.mapper.DictMapper.selectList - ==> Parameters: task_type(String)
2026-07-05 20:28:58.733 [http-nio-8080-exec-8] DEBUG [traceId=4fa0d392e85f4bbb803bb8e371693754 userId=21 role=1] c.k.i.m.N.selectCount - ==> Parameters: 21(Long), 0(Integer), 0(String), 2026-07-05T20:28:58.722(LocalDateTime)
2026-07-05 20:28:58.740 [http-nio-8080-exec-4] DEBUG [traceId=631c7832bff941148cb0bf7b7dd4b8cc userId=21 role=1] c.k.i.mapper.DictMapper.selectList - <==      Total: 4
2026-07-05 20:28:58.743 [http-nio-8080-exec-8] DEBUG [traceId=4fa0d392e85f4bbb803bb8e371693754 userId=21 role=1] c.k.i.m.N.selectCount - <==      Total: 1
2026-07-05 20:28:58.754 [http-nio-8080-exec-8] INFO  [traceId=4fa0d392e85f4bbb803bb8e371693754 userId=21 role=1] com.kg.interceptor.TraceIdFilter - HTTP_REQUEST_END method=GET uri=/notification/unread-count status=200 cost=196ms responseBody={"code":200,"message":"查询成功","data":0}
2026-07-05 20:28:58.754 [http-nio-8080-exec-4] INFO  [traceId=631c7832bff941148cb0bf7b7dd4b8cc userId=21 role=1] com.kg.interceptor.TraceIdFilter - HTTP_REQUEST_END method=GET uri=/dict/group/task_type status=200 cost=196ms responseBody={"code":200,"message":"查询成功","data":{"dictCode":"task_type","dictName":"任务类型","items":[{"dictValue":"0","dictLabel":"刷题","sortNo":0,"status":1,"displayColor":"#ff6f00"},{"dictValue":"1","dictLabel":"学习","sortNo":1,"status":1,"displayColor":"#f7ff00"},{"dictValue":"2","dictLabel":"打卡","sortNo":2,"status":1,"displayColor":"#66ff00"},{"dictValue":"3","dictLabel":"每日复盘","sortNo":3,"status":1,"displayColor":"#00bfff"}]}}
2026-07-05 20:28:58.859 [http-nio-8080-exec-10] INFO  [traceId=9925e2c4bfc2405c96b8ad848efe50a2 userId= role=] com.kg.interceptor.TraceIdFilter - HTTP_REQUEST_START method=POST uri=/task/page query=null requestBody={"pageNum":1,"pageSize":10} ip=0:0:0:0:0:0:0:1 userAgent=Mozilla/5.0 (Windows NT 10.0; Win64; x64) AppleWebKit/537.36 (KHTML, like Gecko) Chrome/123.0.0.0 Safari/537.36
2026-07-05 20:28:58.859 [http-nio-8080-exec-9] INFO  [traceId=8fa1a5cf46fa4f23bfbdbc104fa391a2 userId= role=] com.kg.interceptor.TraceIdFilter - HTTP_REQUEST_START method=GET uri=/class/options query=null requestBody= ip=0:0:0:0:0:0:0:1 userAgent=Mozilla/5.0 (Windows NT 10.0; Win64; x64) AppleWebKit/537.36 (KHTML, like Gecko) Chrome/123.0.0.0 Safari/537.36
2026-07-05 20:28:58.859 [http-nio-8080-exec-7] INFO  [traceId=7bf2f17ceb424fa0867c1d5b3d84821c userId= role=] com.kg.interceptor.TraceIdFilter - HTTP_REQUEST_START method=GET uri=/class/student-options query=null requestBody= ip=0:0:0:0:0:0:0:1 userAgent=Mozilla/5.0 (Windows NT 10.0; Win64; x64) AppleWebKit/537.36 (KHTML, like Gecko) Chrome/123.0.0.0 Safari/537.36
2026-07-05 20:28:58.866 [http-nio-8080-exec-9] DEBUG [traceId=8fa1a5cf46fa4f23bfbdbc104fa391a2 userId= role=] c.k.i.m.SysUserMapper.selectById - ==>  Preparing: SELECT id,account,name,password,role,gender,email,phone,openid,description,teacher_remark,class_id,status,create_by,create_time,update_by,update_time FROM sys_user WHERE id=?
2026-07-05 20:28:58.867 [http-nio-8080-exec-7] DEBUG [traceId=7bf2f17ceb424fa0867c1d5b3d84821c userId= role=] c.k.i.m.SysUserMapper.selectById - ==>  Preparing: SELECT id,account,name,password,role,gender,email,phone,openid,description,teacher_remark,class_id,status,create_by,create_time,update_by,update_time FROM sys_user WHERE id=?
2026-07-05 20:28:58.867 [http-nio-8080-exec-7] DEBUG [traceId=7bf2f17ceb424fa0867c1d5b3d84821c userId= role=] c.k.i.m.SysUserMapper.selectById - ==> Parameters: 21(Long)
2026-07-05 20:28:58.867 [http-nio-8080-exec-9] DEBUG [traceId=8fa1a5cf46fa4f23bfbdbc104fa391a2 userId= role=] c.k.i.m.SysUserMapper.selectById - ==> Parameters: 21(Long)
2026-07-05 20:28:58.875 [http-nio-8080-exec-9] DEBUG [traceId=8fa1a5cf46fa4f23bfbdbc104fa391a2 userId= role=] c.k.i.m.SysUserMapper.selectById - <==      Total: 1
2026-07-05 20:28:58.875 [http-nio-8080-exec-7] DEBUG [traceId=7bf2f17ceb424fa0867c1d5b3d84821c userId= role=] c.k.i.m.SysUserMapper.selectById - <==      Total: 1
2026-07-05 20:28:58.879 [http-nio-8080-exec-10] DEBUG [traceId=9925e2c4bfc2405c96b8ad848efe50a2 userId= role=] c.k.i.m.SysUserMapper.selectById - ==>  Preparing: SELECT id,account,name,password,role,gender,email,phone,openid,description,teacher_remark,class_id,status,create_by,create_time,update_by,update_time FROM sys_user WHERE id=?
2026-07-05 20:28:58.879 [http-nio-8080-exec-10] DEBUG [traceId=9925e2c4bfc2405c96b8ad848efe50a2 userId= role=] c.k.i.m.SysUserMapper.selectById - ==> Parameters: 21(Long)
2026-07-05 20:28:58.882 [http-nio-8080-exec-10] DEBUG [traceId=9925e2c4bfc2405c96b8ad848efe50a2 userId= role=] c.k.i.m.SysUserMapper.selectById - <==      Total: 1
2026-07-05 20:28:58.884 [http-nio-8080-exec-7] DEBUG [traceId=7bf2f17ceb424fa0867c1d5b3d84821c userId=21 role=1] c.k.i.m.SysUserMapper.selectList - ==>  Preparing: SELECT id,account,name,password,role,gender,email,phone,openid,description,teacher_remark,class_id,status,create_by,create_time,update_by,update_time FROM sys_user WHERE (role IN (?,?) AND status = ?)
2026-07-05 20:28:58.885 [http-nio-8080-exec-7] DEBUG [traceId=7bf2f17ceb424fa0867c1d5b3d84821c userId=21 role=1] c.k.i.m.SysUserMapper.selectList - ==> Parameters: 2(String), 3(String), 1(Integer)
2026-07-05 20:28:58.889 [http-nio-8080-exec-7] DEBUG [traceId=7bf2f17ceb424fa0867c1d5b3d84821c userId=21 role=1] c.k.i.m.SysUserMapper.selectList - <==      Total: 11
2026-07-05 20:28:58.892 [http-nio-8080-exec-9] DEBUG [traceId=8fa1a5cf46fa4f23bfbdbc104fa391a2 userId=21 role=1] c.k.i.m.ClassInfoMapper.selectList - ==>  Preparing: SELECT id,class_name,description,status,create_by,create_time,update_by,update_time FROM class_info WHERE (status = ?) ORDER BY class_name ASC
2026-07-05 20:28:58.894 [http-nio-8080-exec-9] DEBUG [traceId=8fa1a5cf46fa4f23bfbdbc104fa391a2 userId=21 role=1] c.k.i.m.ClassInfoMapper.selectList - ==> Parameters: 1(Integer)
2026-07-05 20:28:58.894 [http-nio-8080-exec-7] INFO  [traceId=7bf2f17ceb424fa0867c1d5b3d84821c userId=21 role=1] com.kg.interceptor.TraceIdFilter - HTTP_REQUEST_END method=GET uri=/class/student-options status=200 cost=34ms responseBody={"code":200,"message":"查询成功","data":[{"id":23,"name":"张三","classId":8},{"id":24,"name":"李四","classId":9},{"id":25,"name":"王五","classId":8},{"id":26,"name":"赵六","classId":9},{"id":27,"name":"赵七","classId":null},{"id":28,"name":"赵八","classId":8},{"id":29,"name":"杨少伟","classId":8},{"id":30,"name":"测试新增用户任务","classId":8},{"id":31,"name":"11","classId":8},{"id":32,"name":"11","classId":8},{"id":33,"name":"五四","classId":10}]}
2026-07-05 20:28:58.903 [http-nio-8080-exec-9] DEBUG [traceId=8fa1a5cf46fa4f23bfbdbc104fa391a2 userId=21 role=1] c.k.i.m.ClassInfoMapper.selectList - <==      Total: 3
2026-07-05 20:28:58.906 [http-nio-8080-exec-9] INFO  [traceId=8fa1a5cf46fa4f23bfbdbc104fa391a2 userId=21 role=1] com.kg.interceptor.TraceIdFilter - HTTP_REQUEST_END method=GET uri=/class/options status=200 cost=47ms responseBody={"code":200,"message":"查询成功","data":[{"id":8,"className":"1班"},{"id":9,"className":"2班"},{"id":10,"className":"线上学习1班"}]}
2026-07-05 20:28:58.908 [http-nio-8080-exec-10] DEBUG [traceId=9925e2c4bfc2405c96b8ad848efe50a2 userId=21 role=1] c.k.i.mapper.TaskMapper.selectList - ==>  Preparing: SELECT id,task_name,task_type,template_id,round_no,is_mandatory,task_description,task_start_time,task_end_time,priority,class_id,target_type,target_ids,plan_id,plan_date,is_repeat_task,status,create_by,create_time,update_by,update_time FROM task WHERE ((status = ? OR status IS NULL)) ORDER BY id DESC LIMIT 0,10
2026-07-05 20:28:58.909 [http-nio-8080-exec-10] DEBUG [traceId=9925e2c4bfc2405c96b8ad848efe50a2 userId=21 role=1] c.k.i.mapper.TaskMapper.selectList - ==> Parameters: 1(Integer)
2026-07-05 20:28:58.913 [http-nio-8080-exec-10] DEBUG [traceId=9925e2c4bfc2405c96b8ad848efe50a2 userId=21 role=1] c.k.i.mapper.TaskMapper.selectList - <==      Total: 10
2026-07-05 20:28:58.915 [http-nio-8080-exec-10] DEBUG [traceId=9925e2c4bfc2405c96b8ad848efe50a2 userId=21 role=1] c.k.i.mapper.TaskMapper.selectCount - ==>  Preparing: SELECT COUNT( * ) AS total FROM task WHERE ((status = ? OR status IS NULL))
2026-07-05 20:28:58.915 [http-nio-8080-exec-10] DEBUG [traceId=9925e2c4bfc2405c96b8ad848efe50a2 userId=21 role=1] c.k.i.mapper.TaskMapper.selectCount - ==> Parameters: 1(Integer)
2026-07-05 20:28:58.916 [http-nio-8080-exec-10] DEBUG [traceId=9925e2c4bfc2405c96b8ad848efe50a2 userId=21 role=1] c.k.i.mapper.TaskMapper.selectCount - <==      Total: 1
2026-07-05 20:28:58.921 [http-nio-8080-exec-10] DEBUG [traceId=9925e2c4bfc2405c96b8ad848efe50a2 userId=21 role=1] c.k.i.m.TaskUserMapper.selectList - ==>  Preparing: SELECT id,task_id,user_id,status,start_time,finish_time,duration_minutes,remark,total_score,submit_time,create_by,create_time,update_by,update_time FROM task_user WHERE (task_id = ?)
2026-07-05 20:28:58.922 [http-nio-8080-exec-10] DEBUG [traceId=9925e2c4bfc2405c96b8ad848efe50a2 userId=21 role=1] c.k.i.m.TaskUserMapper.selectList - ==> Parameters: 95(Long)
2026-07-05 20:28:58.925 [http-nio-8080-exec-10] DEBUG [traceId=9925e2c4bfc2405c96b8ad848efe50a2 userId=21 role=1] c.k.i.m.TaskUserMapper.selectList - <==      Total: 11
2026-07-05 20:28:58.928 [http-nio-8080-exec-10] DEBUG [traceId=9925e2c4bfc2405c96b8ad848efe50a2 userId=21 role=1] c.k.i.m.ClassInfoMapper.selectById - ==>  Preparing: SELECT id,class_name,description,status,create_by,create_time,update_by,update_time FROM class_info WHERE id=?
2026-07-05 20:28:58.928 [http-nio-8080-exec-10] DEBUG [traceId=9925e2c4bfc2405c96b8ad848efe50a2 userId=21 role=1] c.k.i.m.ClassInfoMapper.selectById - ==> Parameters: 8(Long)
2026-07-05 20:28:58.929 [http-nio-8080-exec-10] DEBUG [traceId=9925e2c4bfc2405c96b8ad848efe50a2 userId=21 role=1] c.k.i.m.ClassInfoMapper.selectById - <==      Total: 1
2026-07-05 20:28:58.930 [http-nio-8080-exec-10] DEBUG [traceId=9925e2c4bfc2405c96b8ad848efe50a2 userId=21 role=1] c.k.i.m.ClassInfoMapper.selectById - ==>  Preparing: SELECT id,class_name,description,status,create_by,create_time,update_by,update_time FROM class_info WHERE id=?
2026-07-05 20:28:58.930 [http-nio-8080-exec-10] DEBUG [traceId=9925e2c4bfc2405c96b8ad848efe50a2 userId=21 role=1] c.k.i.m.ClassInfoMapper.selectById - ==> Parameters: 9(Long)
2026-07-05 20:28:58.931 [http-nio-8080-exec-10] DEBUG [traceId=9925e2c4bfc2405c96b8ad848efe50a2 userId=21 role=1] c.k.i.m.ClassInfoMapper.selectById - <==      Total: 1
2026-07-05 20:28:58.931 [http-nio-8080-exec-10] DEBUG [traceId=9925e2c4bfc2405c96b8ad848efe50a2 userId=21 role=1] c.k.i.m.ClassInfoMapper.selectById - ==>  Preparing: SELECT id,class_name,description,status,create_by,create_time,update_by,update_time FROM class_info WHERE id=?
2026-07-05 20:28:58.932 [http-nio-8080-exec-10] DEBUG [traceId=9925e2c4bfc2405c96b8ad848efe50a2 userId=21 role=1] c.k.i.m.ClassInfoMapper.selectById - ==> Parameters: 10(Long)
2026-07-05 20:28:58.933 [http-nio-8080-exec-10] DEBUG [traceId=9925e2c4bfc2405c96b8ad848efe50a2 userId=21 role=1] c.k.i.m.ClassInfoMapper.selectById - <==      Total: 1
2026-07-05 20:28:58.935 [http-nio-8080-exec-10] DEBUG [traceId=9925e2c4bfc2405c96b8ad848efe50a2 userId=21 role=1] c.k.i.m.TaskUserMapper.selectList - ==>  Preparing: SELECT id,task_id,user_id,status,start_time,finish_time,duration_minutes,remark,total_score,submit_time,create_by,create_time,update_by,update_time FROM task_user WHERE (task_id = ?)
2026-07-05 20:28:58.935 [http-nio-8080-exec-10] DEBUG [traceId=9925e2c4bfc2405c96b8ad848efe50a2 userId=21 role=1] c.k.i.m.TaskUserMapper.selectList - ==> Parameters: 94(Long)
2026-07-05 20:28:58.936 [http-nio-8080-exec-10] DEBUG [traceId=9925e2c4bfc2405c96b8ad848efe50a2 userId=21 role=1] c.k.i.m.TaskUserMapper.selectList - <==      Total: 11
2026-07-05 20:28:58.937 [http-nio-8080-exec-10] DEBUG [traceId=9925e2c4bfc2405c96b8ad848efe50a2 userId=21 role=1] c.k.i.m.ClassInfoMapper.selectById - ==>  Preparing: SELECT id,class_name,description,status,create_by,create_time,update_by,update_time FROM class_info WHERE id=?
2026-07-05 20:28:58.937 [http-nio-8080-exec-10] DEBUG [traceId=9925e2c4bfc2405c96b8ad848efe50a2 userId=21 role=1] c.k.i.m.ClassInfoMapper.selectById - ==> Parameters: 8(Long)
2026-07-05 20:28:58.938 [http-nio-8080-exec-10] DEBUG [traceId=9925e2c4bfc2405c96b8ad848efe50a2 userId=21 role=1] c.k.i.m.ClassInfoMapper.selectById - <==      Total: 1
2026-07-05 20:28:58.938 [http-nio-8080-exec-10] DEBUG [traceId=9925e2c4bfc2405c96b8ad848efe50a2 userId=21 role=1] c.k.i.m.ClassInfoMapper.selectById - ==>  Preparing: SELECT id,class_name,description,status,create_by,create_time,update_by,update_time FROM class_info WHERE id=?
2026-07-05 20:28:58.939 [http-nio-8080-exec-10] DEBUG [traceId=9925e2c4bfc2405c96b8ad848efe50a2 userId=21 role=1] c.k.i.m.ClassInfoMapper.selectById - ==> Parameters: 9(Long)
2026-07-05 20:28:58.940 [http-nio-8080-exec-10] DEBUG [traceId=9925e2c4bfc2405c96b8ad848efe50a2 userId=21 role=1] c.k.i.m.ClassInfoMapper.selectById - <==      Total: 1
2026-07-05 20:28:58.940 [http-nio-8080-exec-10] DEBUG [traceId=9925e2c4bfc2405c96b8ad848efe50a2 userId=21 role=1] c.k.i.m.ClassInfoMapper.selectById - ==>  Preparing: SELECT id,class_name,description,status,create_by,create_time,update_by,update_time FROM class_info WHERE id=?
2026-07-05 20:28:58.941 [http-nio-8080-exec-10] DEBUG [traceId=9925e2c4bfc2405c96b8ad848efe50a2 userId=21 role=1] c.k.i.m.ClassInfoMapper.selectById - ==> Parameters: 10(Long)
2026-07-05 20:28:58.942 [http-nio-8080-exec-10] DEBUG [traceId=9925e2c4bfc2405c96b8ad848efe50a2 userId=21 role=1] c.k.i.m.ClassInfoMapper.selectById - <==      Total: 1
2026-07-05 20:28:58.945 [http-nio-8080-exec-10] DEBUG [traceId=9925e2c4bfc2405c96b8ad848efe50a2 userId=21 role=1] c.k.i.m.TaskUserMapper.selectList - ==>  Preparing: SELECT id,task_id,user_id,status,start_time,finish_time,duration_minutes,remark,total_score,submit_time,create_by,create_time,update_by,update_time FROM task_user WHERE (task_id = ?)
2026-07-05 20:28:58.945 [http-nio-8080-exec-10] DEBUG [traceId=9925e2c4bfc2405c96b8ad848efe50a2 userId=21 role=1] c.k.i.m.TaskUserMapper.selectList - ==> Parameters: 93(Long)
2026-07-05 20:28:58.948 [http-nio-8080-exec-10] DEBUG [traceId=9925e2c4bfc2405c96b8ad848efe50a2 userId=21 role=1] c.k.i.m.TaskUserMapper.selectList - <==      Total: 11
2026-07-05 20:28:58.948 [http-nio-8080-exec-10] DEBUG [traceId=9925e2c4bfc2405c96b8ad848efe50a2 userId=21 role=1] c.k.i.m.ClassInfoMapper.selectById - ==>  Preparing: SELECT id,class_name,description,status,create_by,create_time,update_by,update_time FROM class_info WHERE id=?
2026-07-05 20:28:58.948 [http-nio-8080-exec-10] DEBUG [traceId=9925e2c4bfc2405c96b8ad848efe50a2 userId=21 role=1] c.k.i.m.ClassInfoMapper.selectById - ==> Parameters: 8(Long)
2026-07-05 20:28:58.950 [http-nio-8080-exec-10] DEBUG [traceId=9925e2c4bfc2405c96b8ad848efe50a2 userId=21 role=1] c.k.i.m.ClassInfoMapper.selectById - <==      Total: 1
2026-07-05 20:28:58.951 [http-nio-8080-exec-10] DEBUG [traceId=9925e2c4bfc2405c96b8ad848efe50a2 userId=21 role=1] c.k.i.m.ClassInfoMapper.selectById - ==>  Preparing: SELECT id,class_name,description,status,create_by,create_time,update_by,update_time FROM class_info WHERE id=?
2026-07-05 20:28:58.951 [http-nio-8080-exec-10] DEBUG [traceId=9925e2c4bfc2405c96b8ad848efe50a2 userId=21 role=1] c.k.i.m.ClassInfoMapper.selectById - ==> Parameters: 9(Long)
2026-07-05 20:28:58.952 [http-nio-8080-exec-10] DEBUG [traceId=9925e2c4bfc2405c96b8ad848efe50a2 userId=21 role=1] c.k.i.m.ClassInfoMapper.selectById - <==      Total: 1
2026-07-05 20:28:58.952 [http-nio-8080-exec-10] DEBUG [traceId=9925e2c4bfc2405c96b8ad848efe50a2 userId=21 role=1] c.k.i.m.ClassInfoMapper.selectById - ==>  Preparing: SELECT id,class_name,description,status,create_by,create_time,update_by,update_time FROM class_info WHERE id=?
2026-07-05 20:28:58.952 [http-nio-8080-exec-10] DEBUG [traceId=9925e2c4bfc2405c96b8ad848efe50a2 userId=21 role=1] c.k.i.m.ClassInfoMapper.selectById - ==> Parameters: 10(Long)
2026-07-05 20:28:58.953 [http-nio-8080-exec-10] DEBUG [traceId=9925e2c4bfc2405c96b8ad848efe50a2 userId=21 role=1] c.k.i.m.ClassInfoMapper.selectById - <==      Total: 1
2026-07-05 20:28:58.956 [http-nio-8080-exec-10] DEBUG [traceId=9925e2c4bfc2405c96b8ad848efe50a2 userId=21 role=1] c.k.i.m.TaskUserMapper.selectList - ==>  Preparing: SELECT id,task_id,user_id,status,start_time,finish_time,duration_minutes,remark,total_score,submit_time,create_by,create_time,update_by,update_time FROM task_user WHERE (task_id = ?)
2026-07-05 20:28:58.956 [http-nio-8080-exec-10] DEBUG [traceId=9925e2c4bfc2405c96b8ad848efe50a2 userId=21 role=1] c.k.i.m.TaskUserMapper.selectList - ==> Parameters: 92(Long)
2026-07-05 20:28:58.961 [http-nio-8080-exec-10] DEBUG [traceId=9925e2c4bfc2405c96b8ad848efe50a2 userId=21 role=1] c.k.i.m.TaskUserMapper.selectList - <==      Total: 11
2026-07-05 20:28:58.962 [http-nio-8080-exec-10] DEBUG [traceId=9925e2c4bfc2405c96b8ad848efe50a2 userId=21 role=1] c.k.i.m.ClassInfoMapper.selectById - ==>  Preparing: SELECT id,class_name,description,status,create_by,create_time,update_by,update_time FROM class_info WHERE id=?
2026-07-05 20:28:58.962 [http-nio-8080-exec-10] DEBUG [traceId=9925e2c4bfc2405c96b8ad848efe50a2 userId=21 role=1] c.k.i.m.ClassInfoMapper.selectById - ==> Parameters: 8(Long)
2026-07-05 20:28:58.963 [http-nio-8080-exec-10] DEBUG [traceId=9925e2c4bfc2405c96b8ad848efe50a2 userId=21 role=1] c.k.i.m.ClassInfoMapper.selectById - <==      Total: 1
2026-07-05 20:28:58.963 [http-nio-8080-exec-10] DEBUG [traceId=9925e2c4bfc2405c96b8ad848efe50a2 userId=21 role=1] c.k.i.m.ClassInfoMapper.selectById - ==>  Preparing: SELECT id,class_name,description,status,create_by,create_time,update_by,update_time FROM class_info WHERE id=?
2026-07-05 20:28:58.963 [http-nio-8080-exec-10] DEBUG [traceId=9925e2c4bfc2405c96b8ad848efe50a2 userId=21 role=1] c.k.i.m.ClassInfoMapper.selectById - ==> Parameters: 9(Long)
2026-07-05 20:28:58.964 [http-nio-8080-exec-10] DEBUG [traceId=9925e2c4bfc2405c96b8ad848efe50a2 userId=21 role=1] c.k.i.m.ClassInfoMapper.selectById - <==      Total: 1
2026-07-05 20:28:58.965 [http-nio-8080-exec-10] DEBUG [traceId=9925e2c4bfc2405c96b8ad848efe50a2 userId=21 role=1] c.k.i.m.ClassInfoMapper.selectById - ==>  Preparing: SELECT id,class_name,description,status,create_by,create_time,update_by,update_time FROM class_info WHERE id=?
2026-07-05 20:28:58.965 [http-nio-8080-exec-10] DEBUG [traceId=9925e2c4bfc2405c96b8ad848efe50a2 userId=21 role=1] c.k.i.m.ClassInfoMapper.selectById - ==> Parameters: 10(Long)
2026-07-05 20:28:58.966 [http-nio-8080-exec-10] DEBUG [traceId=9925e2c4bfc2405c96b8ad848efe50a2 userId=21 role=1] c.k.i.m.ClassInfoMapper.selectById - <==      Total: 1
2026-07-05 20:28:58.968 [http-nio-8080-exec-10] DEBUG [traceId=9925e2c4bfc2405c96b8ad848efe50a2 userId=21 role=1] c.k.i.m.TaskUserMapper.selectList - ==>  Preparing: SELECT id,task_id,user_id,status,start_time,finish_time,duration_minutes,remark,total_score,submit_time,create_by,create_time,update_by,update_time FROM task_user WHERE (task_id = ?)
2026-07-05 20:28:58.968 [http-nio-8080-exec-10] DEBUG [traceId=9925e2c4bfc2405c96b8ad848efe50a2 userId=21 role=1] c.k.i.m.TaskUserMapper.selectList - ==> Parameters: 91(Long)
2026-07-05 20:28:58.970 [http-nio-8080-exec-10] DEBUG [traceId=9925e2c4bfc2405c96b8ad848efe50a2 userId=21 role=1] c.k.i.m.TaskUserMapper.selectList - <==      Total: 1
2026-07-05 20:28:58.971 [http-nio-8080-exec-10] DEBUG [traceId=9925e2c4bfc2405c96b8ad848efe50a2 userId=21 role=1] c.k.i.m.ClassInfoMapper.selectById - ==>  Preparing: SELECT id,class_name,description,status,create_by,create_time,update_by,update_time FROM class_info WHERE id=?
2026-07-05 20:28:58.971 [http-nio-8080-exec-10] DEBUG [traceId=9925e2c4bfc2405c96b8ad848efe50a2 userId=21 role=1] c.k.i.m.ClassInfoMapper.selectById - ==> Parameters: 10(Long)
2026-07-05 20:28:58.973 [http-nio-8080-exec-10] DEBUG [traceId=9925e2c4bfc2405c96b8ad848efe50a2 userId=21 role=1] c.k.i.m.ClassInfoMapper.selectById - <==      Total: 1
2026-07-05 20:28:58.975 [http-nio-8080-exec-10] DEBUG [traceId=9925e2c4bfc2405c96b8ad848efe50a2 userId=21 role=1] c.k.i.m.TaskUserMapper.selectList - ==>  Preparing: SELECT id,task_id,user_id,status,start_time,finish_time,duration_minutes,remark,total_score,submit_time,create_by,create_time,update_by,update_time FROM task_user WHERE (task_id = ?)
2026-07-05 20:28:58.975 [http-nio-8080-exec-10] DEBUG [traceId=9925e2c4bfc2405c96b8ad848efe50a2 userId=21 role=1] c.k.i.m.TaskUserMapper.selectList - ==> Parameters: 90(Long)
2026-07-05 20:28:58.977 [http-nio-8080-exec-10] DEBUG [traceId=9925e2c4bfc2405c96b8ad848efe50a2 userId=21 role=1] c.k.i.m.TaskUserMapper.selectList - <==      Total: 1
2026-07-05 20:28:58.977 [http-nio-8080-exec-10] DEBUG [traceId=9925e2c4bfc2405c96b8ad848efe50a2 userId=21 role=1] c.k.i.m.ClassInfoMapper.selectById - ==>  Preparing: SELECT id,class_name,description,status,create_by,create_time,update_by,update_time FROM class_info WHERE id=?
2026-07-05 20:28:58.977 [http-nio-8080-exec-10] DEBUG [traceId=9925e2c4bfc2405c96b8ad848efe50a2 userId=21 role=1] c.k.i.m.ClassInfoMapper.selectById - ==> Parameters: 10(Long)
2026-07-05 20:28:58.980 [http-nio-8080-exec-10] DEBUG [traceId=9925e2c4bfc2405c96b8ad848efe50a2 userId=21 role=1] c.k.i.m.ClassInfoMapper.selectById - <==      Total: 1
2026-07-05 20:28:58.983 [http-nio-8080-exec-10] DEBUG [traceId=9925e2c4bfc2405c96b8ad848efe50a2 userId=21 role=1] c.k.i.m.TaskUserMapper.selectList - ==>  Preparing: SELECT id,task_id,user_id,status,start_time,finish_time,duration_minutes,remark,total_score,submit_time,create_by,create_time,update_by,update_time FROM task_user WHERE (task_id = ?)
2026-07-05 20:28:58.984 [http-nio-8080-exec-10] DEBUG [traceId=9925e2c4bfc2405c96b8ad848efe50a2 userId=21 role=1] c.k.i.m.TaskUserMapper.selectList - ==> Parameters: 89(Long)
2026-07-05 20:28:58.986 [http-nio-8080-exec-10] DEBUG [traceId=9925e2c4bfc2405c96b8ad848efe50a2 userId=21 role=1] c.k.i.m.TaskUserMapper.selectList - <==      Total: 10
2026-07-05 20:28:58.987 [http-nio-8080-exec-10] DEBUG [traceId=9925e2c4bfc2405c96b8ad848efe50a2 userId=21 role=1] c.k.i.m.ClassInfoMapper.selectById - ==>  Preparing: SELECT id,class_name,description,status,create_by,create_time,update_by,update_time FROM class_info WHERE id=?
2026-07-05 20:28:58.987 [http-nio-8080-exec-10] DEBUG [traceId=9925e2c4bfc2405c96b8ad848efe50a2 userId=21 role=1] c.k.i.m.ClassInfoMapper.selectById - ==> Parameters: 8(Long)
2026-07-05 20:28:58.989 [http-nio-8080-exec-10] DEBUG [traceId=9925e2c4bfc2405c96b8ad848efe50a2 userId=21 role=1] c.k.i.m.ClassInfoMapper.selectById - <==      Total: 1
2026-07-05 20:28:58.989 [http-nio-8080-exec-10] DEBUG [traceId=9925e2c4bfc2405c96b8ad848efe50a2 userId=21 role=1] c.k.i.m.ClassInfoMapper.selectById - ==>  Preparing: SELECT id,class_name,description,status,create_by,create_time,update_by,update_time FROM class_info WHERE id=?
2026-07-05 20:28:58.989 [http-nio-8080-exec-10] DEBUG [traceId=9925e2c4bfc2405c96b8ad848efe50a2 userId=21 role=1] c.k.i.m.ClassInfoMapper.selectById - ==> Parameters: 9(Long)
2026-07-05 20:28:58.991 [http-nio-8080-exec-10] DEBUG [traceId=9925e2c4bfc2405c96b8ad848efe50a2 userId=21 role=1] c.k.i.m.ClassInfoMapper.selectById - <==      Total: 1
2026-07-05 20:28:58.993 [http-nio-8080-exec-10] DEBUG [traceId=9925e2c4bfc2405c96b8ad848efe50a2 userId=21 role=1] c.k.i.m.TaskUserMapper.selectList - ==>  Preparing: SELECT id,task_id,user_id,status,start_time,finish_time,duration_minutes,remark,total_score,submit_time,create_by,create_time,update_by,update_time FROM task_user WHERE (task_id = ?)
2026-07-05 20:28:58.993 [http-nio-8080-exec-10] DEBUG [traceId=9925e2c4bfc2405c96b8ad848efe50a2 userId=21 role=1] c.k.i.m.TaskUserMapper.selectList - ==> Parameters: 88(Long)
2026-07-05 20:28:58.995 [http-nio-8080-exec-10] DEBUG [traceId=9925e2c4bfc2405c96b8ad848efe50a2 userId=21 role=1] c.k.i.m.TaskUserMapper.selectList - <==      Total: 10
2026-07-05 20:28:58.996 [http-nio-8080-exec-10] DEBUG [traceId=9925e2c4bfc2405c96b8ad848efe50a2 userId=21 role=1] c.k.i.m.ClassInfoMapper.selectById - ==>  Preparing: SELECT id,class_name,description,status,create_by,create_time,update_by,update_time FROM class_info WHERE id=?
2026-07-05 20:28:58.998 [http-nio-8080-exec-10] DEBUG [traceId=9925e2c4bfc2405c96b8ad848efe50a2 userId=21 role=1] c.k.i.m.ClassInfoMapper.selectById - ==> Parameters: 8(Long)
2026-07-05 20:28:59.001 [http-nio-8080-exec-10] DEBUG [traceId=9925e2c4bfc2405c96b8ad848efe50a2 userId=21 role=1] c.k.i.m.ClassInfoMapper.selectById - <==      Total: 1
2026-07-05 20:28:59.001 [http-nio-8080-exec-10] DEBUG [traceId=9925e2c4bfc2405c96b8ad848efe50a2 userId=21 role=1] c.k.i.m.ClassInfoMapper.selectById - ==>  Preparing: SELECT id,class_name,description,status,create_by,create_time,update_by,update_time FROM class_info WHERE id=?
2026-07-05 20:28:59.002 [http-nio-8080-exec-10] DEBUG [traceId=9925e2c4bfc2405c96b8ad848efe50a2 userId=21 role=1] c.k.i.m.ClassInfoMapper.selectById - ==> Parameters: 9(Long)
2026-07-05 20:28:59.003 [http-nio-8080-exec-10] DEBUG [traceId=9925e2c4bfc2405c96b8ad848efe50a2 userId=21 role=1] c.k.i.m.ClassInfoMapper.selectById - <==      Total: 1
2026-07-05 20:28:59.004 [http-nio-8080-exec-10] DEBUG [traceId=9925e2c4bfc2405c96b8ad848efe50a2 userId=21 role=1] c.k.i.m.TaskUserMapper.selectList - ==>  Preparing: SELECT id,task_id,user_id,status,start_time,finish_time,duration_minutes,remark,total_score,submit_time,create_by,create_time,update_by,update_time FROM task_user WHERE (task_id = ?)
2026-07-05 20:28:59.005 [http-nio-8080-exec-10] DEBUG [traceId=9925e2c4bfc2405c96b8ad848efe50a2 userId=21 role=1] c.k.i.m.TaskUserMapper.selectList - ==> Parameters: 81(Long)
2026-07-05 20:28:59.006 [http-nio-8080-exec-10] DEBUG [traceId=9925e2c4bfc2405c96b8ad848efe50a2 userId=21 role=1] c.k.i.m.TaskUserMapper.selectList - <==      Total: 0
2026-07-05 20:28:59.010 [http-nio-8080-exec-10] DEBUG [traceId=9925e2c4bfc2405c96b8ad848efe50a2 userId=21 role=1] c.k.i.m.TaskUserMapper.selectList - ==>  Preparing: SELECT id,task_id,user_id,status,start_time,finish_time,duration_minutes,remark,total_score,submit_time,create_by,create_time,update_by,update_time FROM task_user WHERE (task_id = ?)
2026-07-05 20:28:59.010 [http-nio-8080-exec-10] DEBUG [traceId=9925e2c4bfc2405c96b8ad848efe50a2 userId=21 role=1] c.k.i.m.TaskUserMapper.selectList - ==> Parameters: 80(Long)
2026-07-05 20:28:59.013 [http-nio-8080-exec-10] DEBUG [traceId=9925e2c4bfc2405c96b8ad848efe50a2 userId=21 role=1] c.k.i.m.TaskUserMapper.selectList - <==      Total: 7
2026-07-05 20:28:59.014 [http-nio-8080-exec-10] DEBUG [traceId=9925e2c4bfc2405c96b8ad848efe50a2 userId=21 role=1] c.k.i.m.ClassInfoMapper.selectById - ==>  Preparing: SELECT id,class_name,description,status,create_by,create_time,update_by,update_time FROM class_info WHERE id=?
2026-07-05 20:28:59.014 [http-nio-8080-exec-10] DEBUG [traceId=9925e2c4bfc2405c96b8ad848efe50a2 userId=21 role=1] c.k.i.m.ClassInfoMapper.selectById - ==> Parameters: 8(Long)
2026-07-05 20:28:59.016 [http-nio-8080-exec-10] DEBUG [traceId=9925e2c4bfc2405c96b8ad848efe50a2 userId=21 role=1] c.k.i.m.ClassInfoMapper.selectById - <==      Total: 1
2026-07-05 20:28:59.020 [http-nio-8080-exec-10] INFO  [traceId=9925e2c4bfc2405c96b8ad848efe50a2 userId=21 role=1] com.kg.interceptor.TraceIdFilter - HTTP_REQUEST_END method=POST uri=/task/page status=200 cost=161ms responseBody={"code":200,"message":"查询成功","data":{"total":68,"list":[{"id":95,"taskName":"每日复盘","taskType":"3","templateId":null,"roundNo":0,"isMandatory":1,"taskDescription":null,"taskStartTime":"2026-07-05 08:00:00","taskEndTime":"2026-07-05 23:59:00","priority":0,"classId":null,"targetType":1,"targetIds":"8,9,10","selectedClassList":[{"id":8,"className":"1班"},{"id":9,"className":"2班"},{"id":10,"className":"线上学习1班"}],"selectedStudentList":null,"completedCount":0,"uncompletedCount":11,"completionPercent":0,"createTime":"2026-07-05 18:12:39","planId":null,"planDate":null,"isRepeatTask":0,"status":1},{"id":94,"taskName":"每日打卡","taskType":"2","templateId":null,"roundNo":0,"isMandatory":1,"taskDescription":null,"taskStartTime":"2026-07-05 06:00:00","taskEndTime":"2026-07-05 23:59:00","priority":0,"classId":null,"targetType":1,"targetIds":"8,9,10","selectedClassList":[{"id":8,"className":"1班"},{"id":9,"className":"2班"},{"id":10,"className":"线上学习1班"}],"selectedStudentList":null,"completedCount":0,"uncompletedCount":11,"completionPercent":0,"createTime":"2026-07-05 18:12:39","planId":null,"planDate":null,"isRepeatTask":0,"status":1},{"id":93,"taskName":"每日复盘","taskType":"3","templateId":null,"roundNo":0,"isMandatory":1,"taskDescription":null,"taskStartTime":"2026-07-03 08:00:00","taskEndTime":"2026-07-03 23:59:00","priority":0,"classId":null,"targetType":1,"targetIds":"8,9,10","selectedClassList":[{"id":8,"className":"1班"},{"id":9,"className":"2班"},{"id":10,"className":"线上学习1班"}],"selectedStudentList":null,"completedCount":0,"uncompletedCount":11,"completionPercent":0,"createTime":"2026-07-03 08:46:13","planId":null,"planDate":null,"isRepeatTask":0,"status":1},{"id":92,"taskName":"每日打卡","taskType":"2","templateId":null,"roundNo":0,"isMandatory":1,"taskDescription":null,"taskStartTime":"2026-07-03 06:00:00","taskEndTime":"2026-07-03 23:59:00","priority":0,"classId":null,"targetType":1,"targetIds":"8,9,10","selectedClassList":[{"id":8,"className":"1班"},{"id":9,"className":"2班"},{"id":10,"className":"线上学习1班"}],"selectedStudentList":null,"completedCount":1,"uncompletedCount":10,"completionPercent":9,"createTime":"2026-07-03 08:46:13","planId":null,"planDate":null,"isRepeatTask":0,"status":1},{"id":91,"taskName":"26行政执法","taskType":"0","templateId":null,"roundNo":1,"isMandatory":1,"taskDescription":"全做","taskStartTime":"2026-07-02 00:00:00","taskEndTime":"2026-07-02 23:59:59","priority":0,"classId":null,"targetType":1,"targetIds":"10","selectedClassList":[{"id":10,"className":"线上学习1班"}],"selectedStudentList":null,"completedCount":0,"uncompletedCount":1,"completionPercent":0,"createTime":"2026-07-02 17:32:35","planId":null,"planDate":null,"isRepeatTask":0,"status":1},{"id":90,"taskName":"资料分析第一章，一般增长率","taskType":"1","templateId":null,"roundNo":1,"isMandatory":1,"taskDescription":"做完后再做1套资料","taskStartTime":"2026-07-02 00:00:00","taskEndTime":"2026-07-02 23:59:59","priority":0,"classId":null,"targetType":1,"targetIds":"10","selectedClassList":[{"id":10,"className":"线上学习1班"}],"selectedStudentList":null,"completedCount":1,"uncompletedCount":0,"completionPercent":100,"createTime":"2026-07-02 17:32:06","planId":null,"planDate":null,"isRepeatTask":0,"status":1},{"id":89,"taskName":"每日复盘","taskType":"3","templateId":null,"roundNo":0,"isMandatory":1,"taskDescription":null,"taskStartTime":"2026-07-02 08:00:00","taskEndTime":"2026-07-02 23:59:00","priority":0,"classId":null,"targetType":1,"targetIds":"8,9","selectedClassList":[{"id":8,"className":"1班"},{"id":9,"className":"2班"}],"selectedStudentList":null,"completedCount":0,"uncompletedCount":10,"completionPercent":0,"createTime":"2026-07-02 08:00:00","planId":null,"planDate":null,"isRepeatTask":0,"status":1},{"id":88,"taskName":"每日打卡","taskType":"2","templateId":null,"roundNo":0,"isMandatory":1,"taskDescription":null,"taskStartTime":"2026-07-02 06:00:00","taskEndTime":"2026-07-02 23:59:00","priority":0,"classId":null,"targetType":1,"targetIds":"8,9","selectedClassList":[{"id":8,"className":"1班"},{"id":9,"className":"2班"}],"selectedStudentList":null,"completedCount":1,"uncompletedCount":9,"completionPercent":10,"createTime":"2026-07-02 06:00:00","planId":null,"planDate":null,"isRepeatTask":0,"status":1},{"id":81,"taskName":"测试星期 07-01","taskType":"0","templateId":null,"roundNo":0,"isMandatory":1,"taskDescription":"","taskStartTime":"2026-07-01 00:00:00","taskEndTime":"2026-07-01 23:59:00","priority":0,"classId":null,"targetType":null,"targetIds":null,"selectedClassList":null,"selectedStudentList":null,"completedCount":0,"uncompletedCount":0,"completionPercent":0,"createTime":"2026-07-01 17:37:52","planId":2,"planDate":"2026-07-01","isRepeatTask":1,"status":1},{"id":80,"taskName":"测试重复任务 07-04","taskType":"0","templateId":null,"roundNo":0,"isMandatory":1,"taskDescription":"","taskStartTime":"2026-07-04 00:00:00","taskEndTime":"2026-07-04 23:59:00","priority":1,"classId":null,"targetType":1,"targetIds":"8","selectedClassList":[{"id":8,"className":"1班"}],"selectedStudentList":null,"completedCo...[TRUNCATED length=5151]
2026-07-05 20:29:00.749 [http-nio-8080-exec-3] INFO  [traceId=b3f9d399bf18480a88eddc86649c11be userId= role=] com.kg.interceptor.TraceIdFilter - HTTP_REQUEST_START method=GET uri=/dict/group/page query=pageNum=1&pageSize=10 requestBody= ip=0:0:0:0:0:0:0:1 userAgent=Mozilla/5.0 (Windows NT 10.0; Win64; x64) AppleWebKit/537.36 (KHTML, like Gecko) Chrome/123.0.0.0 Safari/537.36
2026-07-05 20:29:00.757 [http-nio-8080-exec-3] DEBUG [traceId=b3f9d399bf18480a88eddc86649c11be userId= role=] c.k.i.m.SysUserMapper.selectById - ==>  Preparing: SELECT id,account,name,password,role,gender,email,phone,openid,description,teacher_remark,class_id,status,create_by,create_time,update_by,update_time FROM sys_user WHERE id=?
2026-07-05 20:29:00.757 [http-nio-8080-exec-3] DEBUG [traceId=b3f9d399bf18480a88eddc86649c11be userId= role=] c.k.i.m.SysUserMapper.selectById - ==> Parameters: 21(Long)
2026-07-05 20:29:00.758 [http-nio-8080-exec-3] DEBUG [traceId=b3f9d399bf18480a88eddc86649c11be userId= role=] c.k.i.m.SysUserMapper.selectById - <==      Total: 1
2026-07-05 20:29:00.801 [http-nio-8080-exec-3] DEBUG [traceId=b3f9d399bf18480a88eddc86649c11be userId=21 role=1] c.k.i.mapper.DictMapper.selectList - ==>  Preparing: SELECT id,dict_code,dict_name,dict_label,dict_value,display_color,sort_no,status,create_by,create_time,update_by,update_time FROM sys_dict ORDER BY dict_code ASC
2026-07-05 20:29:00.801 [http-nio-8080-exec-3] DEBUG [traceId=b3f9d399bf18480a88eddc86649c11be userId=21 role=1] c.k.i.mapper.DictMapper.selectList - ==> Parameters: 
2026-07-05 20:29:00.804 [http-nio-8080-exec-3] DEBUG [traceId=b3f9d399bf18480a88eddc86649c11be userId=21 role=1] c.k.i.mapper.DictMapper.selectList - <==      Total: 28
2026-07-05 20:29:00.808 [http-nio-8080-exec-3] DEBUG [traceId=b3f9d399bf18480a88eddc86649c11be userId=21 role=1] c.k.i.mapper.DictMapper.selectList - ==>  Preparing: SELECT id,dict_code,dict_name,dict_label,dict_value,display_color,sort_no,status,create_by,create_time,update_by,update_time FROM sys_dict ORDER BY dict_code ASC
2026-07-05 20:29:00.808 [http-nio-8080-exec-3] DEBUG [traceId=b3f9d399bf18480a88eddc86649c11be userId=21 role=1] c.k.i.mapper.DictMapper.selectList - ==> Parameters: 
2026-07-05 20:29:00.810 [http-nio-8080-exec-3] DEBUG [traceId=b3f9d399bf18480a88eddc86649c11be userId=21 role=1] c.k.i.mapper.DictMapper.selectList - <==      Total: 28
2026-07-05 20:29:00.814 [http-nio-8080-exec-3] DEBUG [traceId=b3f9d399bf18480a88eddc86649c11be userId=21 role=1] c.k.i.mapper.DictMapper.selectList - ==>  Preparing: SELECT id,dict_code,dict_name,dict_label,dict_value,display_color,sort_no,status,create_by,create_time,update_by,update_time FROM sys_dict WHERE (dict_code = ?) ORDER BY sort_no ASC
2026-07-05 20:29:00.815 [http-nio-8080-exec-3] DEBUG [traceId=b3f9d399bf18480a88eddc86649c11be userId=21 role=1] c.k.i.mapper.DictMapper.selectList - ==> Parameters: leave_period(String)
2026-07-05 20:29:00.818 [http-nio-8080-exec-3] DEBUG [traceId=b3f9d399bf18480a88eddc86649c11be userId=21 role=1] c.k.i.mapper.DictMapper.selectList - <==      Total: 3
2026-07-05 20:29:00.820 [http-nio-8080-exec-3] DEBUG [traceId=b3f9d399bf18480a88eddc86649c11be userId=21 role=1] c.k.i.mapper.DictMapper.selectList - ==>  Preparing: SELECT id,dict_code,dict_name,dict_label,dict_value,display_color,sort_no,status,create_by,create_time,update_by,update_time FROM sys_dict WHERE (dict_code = ?) ORDER BY sort_no ASC
2026-07-05 20:29:00.820 [http-nio-8080-exec-3] DEBUG [traceId=b3f9d399bf18480a88eddc86649c11be userId=21 role=1] c.k.i.mapper.DictMapper.selectList - ==> Parameters: leave_status(String)
2026-07-05 20:29:00.821 [http-nio-8080-exec-3] DEBUG [traceId=b3f9d399bf18480a88eddc86649c11be userId=21 role=1] c.k.i.mapper.DictMapper.selectList - <==      Total: 3
2026-07-05 20:29:00.823 [http-nio-8080-exec-3] DEBUG [traceId=b3f9d399bf18480a88eddc86649c11be userId=21 role=1] c.k.i.mapper.DictMapper.selectList - ==>  Preparing: SELECT id,dict_code,dict_name,dict_label,dict_value,display_color,sort_no,status,create_by,create_time,update_by,update_time FROM sys_dict WHERE (dict_code = ?) ORDER BY sort_no ASC
2026-07-05 20:29:00.823 [http-nio-8080-exec-3] DEBUG [traceId=b3f9d399bf18480a88eddc86649c11be userId=21 role=1] c.k.i.mapper.DictMapper.selectList - ==> Parameters: leave_type(String)
2026-07-05 20:29:00.825 [http-nio-8080-exec-3] DEBUG [traceId=b3f9d399bf18480a88eddc86649c11be userId=21 role=1] c.k.i.mapper.DictMapper.selectList - <==      Total: 3
2026-07-05 20:29:00.826 [http-nio-8080-exec-3] DEBUG [traceId=b3f9d399bf18480a88eddc86649c11be userId=21 role=1] c.k.i.mapper.DictMapper.selectList - ==>  Preparing: SELECT id,dict_code,dict_name,dict_label,dict_value,display_color,sort_no,status,create_by,create_time,update_by,update_time FROM sys_dict WHERE (dict_code = ?) ORDER BY sort_no ASC
2026-07-05 20:29:00.826 [http-nio-8080-exec-3] DEBUG [traceId=b3f9d399bf18480a88eddc86649c11be userId=21 role=1] c.k.i.mapper.DictMapper.selectList - ==> Parameters: message_type(String)
2026-07-05 20:29:00.827 [http-nio-8080-exec-3] DEBUG [traceId=b3f9d399bf18480a88eddc86649c11be userId=21 role=1] c.k.i.mapper.DictMapper.selectList - <==      Total: 3
2026-07-05 20:29:00.829 [http-nio-8080-exec-3] DEBUG [traceId=b3f9d399bf18480a88eddc86649c11be userId=21 role=1] c.k.i.mapper.DictMapper.selectList - ==>  Preparing: SELECT id,dict_code,dict_name,dict_label,dict_value,display_color,sort_no,status,create_by,create_time,update_by,update_time FROM sys_dict WHERE (dict_code = ?) ORDER BY sort_no ASC
2026-07-05 20:29:00.829 [http-nio-8080-exec-3] DEBUG [traceId=b3f9d399bf18480a88eddc86649c11be userId=21 role=1] c.k.i.mapper.DictMapper.selectList - ==> Parameters: module_name(String)
2026-07-05 20:29:00.830 [http-nio-8080-exec-3] DEBUG [traceId=b3f9d399bf18480a88eddc86649c11be userId=21 role=1] c.k.i.mapper.DictMapper.selectList - <==      Total: 7
2026-07-05 20:29:00.831 [http-nio-8080-exec-3] DEBUG [traceId=b3f9d399bf18480a88eddc86649c11be userId=21 role=1] c.k.i.mapper.DictMapper.selectList - ==>  Preparing: SELECT id,dict_code,dict_name,dict_label,dict_value,display_color,sort_no,status,create_by,create_time,update_by,update_time FROM sys_dict WHERE (dict_code = ?) ORDER BY sort_no ASC
2026-07-05 20:29:00.832 [http-nio-8080-exec-3] DEBUG [traceId=b3f9d399bf18480a88eddc86649c11be userId=21 role=1] c.k.i.mapper.DictMapper.selectList - ==> Parameters: role(String)
2026-07-05 20:29:00.833 [http-nio-8080-exec-3] DEBUG [traceId=b3f9d399bf18480a88eddc86649c11be userId=21 role=1] c.k.i.mapper.DictMapper.selectList - <==      Total: 3
2026-07-05 20:29:00.834 [http-nio-8080-exec-3] DEBUG [traceId=b3f9d399bf18480a88eddc86649c11be userId=21 role=1] c.k.i.mapper.DictMapper.selectList - ==>  Preparing: SELECT id,dict_code,dict_name,dict_label,dict_value,display_color,sort_no,status,create_by,create_time,update_by,update_time FROM sys_dict WHERE (dict_code = ?) ORDER BY sort_no ASC
2026-07-05 20:29:00.836 [http-nio-8080-exec-3] DEBUG [traceId=b3f9d399bf18480a88eddc86649c11be userId=21 role=1] c.k.i.mapper.DictMapper.selectList - ==> Parameters: task_status(String)
2026-07-05 20:29:00.837 [http-nio-8080-exec-3] DEBUG [traceId=b3f9d399bf18480a88eddc86649c11be userId=21 role=1] c.k.i.mapper.DictMapper.selectList - <==      Total: 2
2026-07-05 20:29:00.839 [http-nio-8080-exec-3] DEBUG [traceId=b3f9d399bf18480a88eddc86649c11be userId=21 role=1] c.k.i.mapper.DictMapper.selectList - ==>  Preparing: SELECT id,dict_code,dict_name,dict_label,dict_value,display_color,sort_no,status,create_by,create_time,update_by,update_time FROM sys_dict WHERE (dict_code = ?) ORDER BY sort_no ASC
2026-07-05 20:29:00.839 [http-nio-8080-exec-3] DEBUG [traceId=b3f9d399bf18480a88eddc86649c11be userId=21 role=1] c.k.i.mapper.DictMapper.selectList - ==> Parameters: task_type(String)
2026-07-05 20:29:00.840 [http-nio-8080-exec-3] DEBUG [traceId=b3f9d399bf18480a88eddc86649c11be userId=21 role=1] c.k.i.mapper.DictMapper.selectList - <==      Total: 4
2026-07-05 20:29:00.842 [http-nio-8080-exec-3] INFO  [traceId=b3f9d399bf18480a88eddc86649c11be userId=21 role=1] com.kg.interceptor.TraceIdFilter - HTTP_REQUEST_END method=GET uri=/dict/group/page status=200 cost=93ms responseBody={"code":200,"message":"查询成功","data":{"total":8,"list":[{"dictCode":"leave_period","dictName":"请假时段","items":[{"dictValue":"AM","dictLabel":"上午","sortNo":1,"status":1,"displayColor":null},{"dictValue":"PM","dictLabel":"下午","sortNo":2,"status":1,"displayColor":null},{"dictValue":"EV","dictLabel":"晚上","sortNo":3,"status":1,"displayColor":null}]},{"dictCode":"leave_status","dictName":"请假状态","items":[{"dictValue":"0","dictLabel":"待审批","sortNo":1,"status":1,"displayColor":null},{"dictValue":"1","dictLabel":"通过","sortNo":2,"status":1,"displayColor":null},{"dictValue":"2","dictLabel":"拒绝","sortNo":3,"status":1,"displayColor":null}]},{"dictCode":"leave_type","dictName":"请假类型","items":[{"dictValue":"1","dictLabel":"事假","sortNo":1,"status":1,"displayColor":null},{"dictValue":"2","dictLabel":"病假","sortNo":2,"status":1,"displayColor":null},{"dictValue":"3","dictLabel":"其他","sortNo":3,"status":1,"displayColor":null}]},{"dictCode":"message_type","dictName":"消息类型","items":[{"dictValue":"TASK_START","dictLabel":"任务开始","sortNo":1,"status":1,"displayColor":null},{"dictValue":"TASK_DEADLINE","dictLabel":"任务结束","sortNo":2,"status":1,"displayColor":null},{"dictValue":"LEAVE","dictLabel":"请假","sortNo":3,"status":1,"displayColor":null}]},{"dictCode":"module_name","dictName":"成绩模板名","items":[{"dictValue":"1","dictLabel":"行测-常识","sortNo":1,"status":1,"displayColor":null},{"dictValue":"2","dictLabel":"行测-言语","sortNo":2,"status":1,"displayColor":null},{"dictValue":"3","dictLabel":"行测-数量","sortNo":3,"status":1,"displayColor":null},{"dictValue":"4","dictLabel":"行测-判断推理","sortNo":4,"status":1,"displayColor":null},{"dictValue":"5","dictLabel":"行测-资料分析","sortNo":5,"status":1,"displayColor":null},{"dictValue":"6","dictLabel":"申论-小题","sortNo":6,"status":1,"displayColor":null},{"dictValue":"7","dictLabel":"申论-大作文","sortNo":7,"status":1,"displayColor":null}]},{"dictCode":"role","dictName":"角色","items":[{"dictValue":"1","dictLabel":"老师","sortNo":1,"status":1,"displayColor":null},{"dictValue":"2","dictLabel":"班长","sortNo":2,"status":1,"displayColor":null},{"dictValue":"3","dictLabel":"学生","sortNo":3,"status":1,"displayColor":null}]},{"dictCode":"task_status","dictName":"任务状态","items":[{"dictValue":"0","dictLabel":"未完成","sortNo":1,"status":1,"displayColor":null},{"dictValue":"1","dictLabel":"已完成","sortNo":2,"status":1,"displayColor":null}]},{"dictCode":"task_type","dictName":"任务类型","items":[{"dictValue":"0","dictLabel":"刷题","sortNo":0,"status":1,"displayColor":"#ff6f00"},{"dictValue":"1","dictLabel":"学习","sortNo":1,"status":1,"displayColor":"#f7ff00"},{"dictValue":"2","dictLabel":"打卡","sortNo":2,"status":1,"displayColor":"#66ff00"},{"dictValue":"3","dictLabel":"每日复盘","sortNo":3,"status":1,"displayColor":"#00bfff"}]}]}}
2026-07-05 20:39:54.189 [http-nio-8080-exec-2] INFO  [traceId=1961bf70ad874c0985651fca236da155 userId= role=] com.kg.interceptor.TraceIdFilter - HTTP_REQUEST_START method=GET uri=/dict/group/task_type query=null requestBody= ip=0:0:0:0:0:0:0:1 userAgent=Mozilla/5.0 (Windows NT 10.0; Win64; x64) AppleWebKit/537.36 (KHTML, like Gecko) Chrome/123.0.0.0 Safari/537.36
2026-07-05 20:39:54.224 [http-nio-8080-exec-2] DEBUG [traceId=1961bf70ad874c0985651fca236da155 userId= role=] c.k.i.m.SysUserMapper.selectById - ==>  Preparing: SELECT id,account,name,password,role,gender,email,phone,openid,description,teacher_remark,class_id,status,create_by,create_time,update_by,update_time FROM sys_user WHERE id=?
2026-07-05 20:39:54.226 [http-nio-8080-exec-2] DEBUG [traceId=1961bf70ad874c0985651fca236da155 userId= role=] c.k.i.m.SysUserMapper.selectById - ==> Parameters: 29(Long)
2026-07-05 20:39:54.231 [http-nio-8080-exec-2] DEBUG [traceId=1961bf70ad874c0985651fca236da155 userId= role=] c.k.i.m.SysUserMapper.selectById - <==      Total: 1
2026-07-05 20:39:54.240 [http-nio-8080-exec-2] DEBUG [traceId=1961bf70ad874c0985651fca236da155 userId=29 role=2] c.k.i.mapper.DictMapper.selectList - ==>  Preparing: SELECT id,dict_code,dict_name,dict_label,dict_value,display_color,sort_no,status,create_by,create_time,update_by,update_time FROM sys_dict WHERE (dict_code = ?) ORDER BY sort_no ASC
2026-07-05 20:39:54.242 [http-nio-8080-exec-2] DEBUG [traceId=1961bf70ad874c0985651fca236da155 userId=29 role=2] c.k.i.mapper.DictMapper.selectList - ==> Parameters: task_type(String)
2026-07-05 20:39:54.245 [http-nio-8080-exec-2] DEBUG [traceId=1961bf70ad874c0985651fca236da155 userId=29 role=2] c.k.i.mapper.DictMapper.selectList - <==      Total: 4
2026-07-05 20:39:54.250 [http-nio-8080-exec-2] INFO  [traceId=1961bf70ad874c0985651fca236da155 userId=29 role=2] com.kg.interceptor.TraceIdFilter - HTTP_REQUEST_END method=GET uri=/dict/group/task_type status=200 cost=62ms responseBody={"code":200,"message":"查询成功","data":{"dictCode":"task_type","dictName":"任务类型","items":[{"dictValue":"0","dictLabel":"刷题","sortNo":0,"status":1,"displayColor":"#ff6f00"},{"dictValue":"1","dictLabel":"学习","sortNo":1,"status":1,"displayColor":"#f7ff00"},{"dictValue":"2","dictLabel":"打卡","sortNo":2,"status":1,"displayColor":"#66ff00"},{"dictValue":"3","dictLabel":"每日复盘","sortNo":3,"status":1,"displayColor":"#00bfff"}]}}
2026-07-05 20:39:54.400 [http-nio-8080-exec-1] INFO  [traceId=fc0d2846392b41b98f55669a61ea8282 userId= role=] com.kg.interceptor.TraceIdFilter - HTTP_REQUEST_START method=GET uri=/class/student-options query=null requestBody= ip=0:0:0:0:0:0:0:1 userAgent=Mozilla/5.0 (Windows NT 10.0; Win64; x64) AppleWebKit/537.36 (KHTML, like Gecko) Chrome/123.0.0.0 Safari/537.36
2026-07-05 20:39:54.400 [http-nio-8080-exec-5] INFO  [traceId=f8df508df0ba4c15802aab9ed60c9f7f userId= role=] com.kg.interceptor.TraceIdFilter - HTTP_REQUEST_START method=GET uri=/class/options query=null requestBody= ip=0:0:0:0:0:0:0:1 userAgent=Mozilla/5.0 (Windows NT 10.0; Win64; x64) AppleWebKit/537.36 (KHTML, like Gecko) Chrome/123.0.0.0 Safari/537.36
2026-07-05 20:39:54.400 [http-nio-8080-exec-6] INFO  [traceId=1440d388d1624d8e8ff346f148dfbccb userId= role=] com.kg.interceptor.TraceIdFilter - HTTP_REQUEST_START method=POST uri=/task/page query=null requestBody={"pageNum":1,"pageSize":10} ip=0:0:0:0:0:0:0:1 userAgent=Mozilla/5.0 (Windows NT 10.0; Win64; x64) AppleWebKit/537.36 (KHTML, like Gecko) Chrome/123.0.0.0 Safari/537.36
2026-07-05 20:39:54.407 [http-nio-8080-exec-5] DEBUG [traceId=f8df508df0ba4c15802aab9ed60c9f7f userId= role=] c.k.i.m.SysUserMapper.selectById - ==>  Preparing: SELECT id,account,name,password,role,gender,email,phone,openid,description,teacher_remark,class_id,status,create_by,create_time,update_by,update_time FROM sys_user WHERE id=?
2026-07-05 20:39:54.407 [http-nio-8080-exec-5] DEBUG [traceId=f8df508df0ba4c15802aab9ed60c9f7f userId= role=] c.k.i.m.SysUserMapper.selectById - ==> Parameters: 29(Long)
2026-07-05 20:39:54.408 [http-nio-8080-exec-1] DEBUG [traceId=fc0d2846392b41b98f55669a61ea8282 userId= role=] c.k.i.m.SysUserMapper.selectById - ==>  Preparing: SELECT id,account,name,password,role,gender,email,phone,openid,description,teacher_remark,class_id,status,create_by,create_time,update_by,update_time FROM sys_user WHERE id=?
2026-07-05 20:39:54.408 [http-nio-8080-exec-6] DEBUG [traceId=1440d388d1624d8e8ff346f148dfbccb userId= role=] c.k.i.m.SysUserMapper.selectById - ==>  Preparing: SELECT id,account,name,password,role,gender,email,phone,openid,description,teacher_remark,class_id,status,create_by,create_time,update_by,update_time FROM sys_user WHERE id=?
2026-07-05 20:39:54.408 [http-nio-8080-exec-6] DEBUG [traceId=1440d388d1624d8e8ff346f148dfbccb userId= role=] c.k.i.m.SysUserMapper.selectById - ==> Parameters: 29(Long)
2026-07-05 20:39:54.408 [http-nio-8080-exec-1] DEBUG [traceId=fc0d2846392b41b98f55669a61ea8282 userId= role=] c.k.i.m.SysUserMapper.selectById - ==> Parameters: 29(Long)
2026-07-05 20:39:54.412 [http-nio-8080-exec-5] DEBUG [traceId=f8df508df0ba4c15802aab9ed60c9f7f userId= role=] c.k.i.m.SysUserMapper.selectById - <==      Total: 1
2026-07-05 20:39:54.413 [http-nio-8080-exec-1] DEBUG [traceId=fc0d2846392b41b98f55669a61ea8282 userId= role=] c.k.i.m.SysUserMapper.selectById - <==      Total: 1
2026-07-05 20:39:54.413 [http-nio-8080-exec-6] DEBUG [traceId=1440d388d1624d8e8ff346f148dfbccb userId= role=] c.k.i.m.SysUserMapper.selectById - <==      Total: 1
2026-07-05 20:39:54.415 [http-nio-8080-exec-5] DEBUG [traceId=f8df508df0ba4c15802aab9ed60c9f7f userId=29 role=2] c.k.i.m.ClassInfoMapper.selectList - ==>  Preparing: SELECT id,class_name,description,status,create_by,create_time,update_by,update_time FROM class_info WHERE (status = ?) ORDER BY class_name ASC
2026-07-05 20:39:54.415 [http-nio-8080-exec-5] DEBUG [traceId=f8df508df0ba4c15802aab9ed60c9f7f userId=29 role=2] c.k.i.m.ClassInfoMapper.selectList - ==> Parameters: 1(Integer)
2026-07-05 20:39:54.418 [http-nio-8080-exec-1] DEBUG [traceId=fc0d2846392b41b98f55669a61ea8282 userId=29 role=2] c.k.i.m.SysUserMapper.selectList - ==>  Preparing: SELECT id,account,name,password,role,gender,email,phone,openid,description,teacher_remark,class_id,status,create_by,create_time,update_by,update_time FROM sys_user WHERE (class_id = ?)
2026-07-05 20:39:54.418 [http-nio-8080-exec-1] DEBUG [traceId=fc0d2846392b41b98f55669a61ea8282 userId=29 role=2] c.k.i.m.SysUserMapper.selectList - ==> Parameters: 8(Long)
2026-07-05 20:39:54.418 [http-nio-8080-exec-5] DEBUG [traceId=f8df508df0ba4c15802aab9ed60c9f7f userId=29 role=2] c.k.i.m.ClassInfoMapper.selectList - <==      Total: 3
2026-07-05 20:39:54.420 [http-nio-8080-exec-1] DEBUG [traceId=fc0d2846392b41b98f55669a61ea8282 userId=29 role=2] c.k.i.m.SysUserMapper.selectList - <==      Total: 7
2026-07-05 20:39:54.420 [http-nio-8080-exec-5] INFO  [traceId=f8df508df0ba4c15802aab9ed60c9f7f userId=29 role=2] com.kg.interceptor.TraceIdFilter - HTTP_REQUEST_END method=GET uri=/class/options status=200 cost=20ms responseBody={"code":200,"message":"查询成功","data":[{"id":8,"className":"1班"},{"id":9,"className":"2班"},{"id":10,"className":"线上学习1班"}]}
2026-07-05 20:39:54.421 [http-nio-8080-exec-1] INFO  [traceId=fc0d2846392b41b98f55669a61ea8282 userId=29 role=2] com.kg.interceptor.TraceIdFilter - HTTP_REQUEST_END method=GET uri=/class/student-options status=200 cost=21ms responseBody={"code":200,"message":"查询成功","data":[{"id":23,"name":"张三","classId":8},{"id":25,"name":"王五","classId":8},{"id":28,"name":"赵八","classId":8},{"id":29,"name":"杨少伟","classId":8},{"id":30,"name":"测试新增用户任务","classId":8},{"id":31,"name":"11","classId":8},{"id":32,"name":"11","classId":8}]}
2026-07-05 20:39:54.424 [http-nio-8080-exec-6] DEBUG [traceId=1440d388d1624d8e8ff346f148dfbccb userId=29 role=2] c.k.i.mapper.TaskMapper.selectList - ==>  Preparing: SELECT id,task_name,task_type,template_id,round_no,is_mandatory,task_description,task_start_time,task_end_time,priority,class_id,target_type,target_ids,plan_id,plan_date,is_repeat_task,status,create_by,create_time,update_by,update_time FROM task WHERE ((status = ? OR status IS NULL) AND ((target_type = ? AND FIND_IN_SET(?, target_ids)) OR create_by = ?)) ORDER BY id DESC LIMIT 0,10000
2026-07-05 20:39:54.424 [http-nio-8080-exec-6] DEBUG [traceId=1440d388d1624d8e8ff346f148dfbccb userId=29 role=2] c.k.i.mapper.TaskMapper.selectList - ==> Parameters: 1(Integer), 1(Integer), 8(Long), 29(Long)
2026-07-05 20:39:54.436 [http-nio-8080-exec-6] DEBUG [traceId=1440d388d1624d8e8ff346f148dfbccb userId=29 role=2] c.k.i.mapper.TaskMapper.selectList - <==      Total: 51
2026-07-05 20:39:54.439 [http-nio-8080-exec-6] DEBUG [traceId=1440d388d1624d8e8ff346f148dfbccb userId=29 role=2] c.k.i.m.TaskUserMapper.selectList - ==>  Preparing: SELECT id,task_id,user_id,status,start_time,finish_time,duration_minutes,remark,total_score,submit_time,create_by,create_time,update_by,update_time FROM task_user WHERE (task_id = ?)
2026-07-05 20:39:54.440 [http-nio-8080-exec-6] DEBUG [traceId=1440d388d1624d8e8ff346f148dfbccb userId=29 role=2] c.k.i.m.TaskUserMapper.selectList - ==> Parameters: 95(Long)
2026-07-05 20:39:54.445 [http-nio-8080-exec-6] DEBUG [traceId=1440d388d1624d8e8ff346f148dfbccb userId=29 role=2] c.k.i.m.TaskUserMapper.selectList - <==      Total: 11
2026-07-05 20:39:54.446 [http-nio-8080-exec-6] DEBUG [traceId=1440d388d1624d8e8ff346f148dfbccb userId=29 role=2] c.k.i.m.ClassInfoMapper.selectById - ==>  Preparing: SELECT id,class_name,description,status,create_by,create_time,update_by,update_time FROM class_info WHERE id=?
2026-07-05 20:39:54.446 [http-nio-8080-exec-6] DEBUG [traceId=1440d388d1624d8e8ff346f148dfbccb userId=29 role=2] c.k.i.m.ClassInfoMapper.selectById - ==> Parameters: 8(Long)
2026-07-05 20:39:54.451 [http-nio-8080-exec-6] DEBUG [traceId=1440d388d1624d8e8ff346f148dfbccb userId=29 role=2] c.k.i.m.ClassInfoMapper.selectById - <==      Total: 1
2026-07-05 20:39:54.452 [http-nio-8080-exec-6] DEBUG [traceId=1440d388d1624d8e8ff346f148dfbccb userId=29 role=2] c.k.i.m.ClassInfoMapper.selectById - ==>  Preparing: SELECT id,class_name,description,status,create_by,create_time,update_by,update_time FROM class_info WHERE id=?
2026-07-05 20:39:54.452 [http-nio-8080-exec-6] DEBUG [traceId=1440d388d1624d8e8ff346f148dfbccb userId=29 role=2] c.k.i.m.ClassInfoMapper.selectById - ==> Parameters: 9(Long)
2026-07-05 20:39:54.453 [http-nio-8080-exec-6] DEBUG [traceId=1440d388d1624d8e8ff346f148dfbccb userId=29 role=2] c.k.i.m.ClassInfoMapper.selectById - <==      Total: 1
2026-07-05 20:39:54.453 [http-nio-8080-exec-6] DEBUG [traceId=1440d388d1624d8e8ff346f148dfbccb userId=29 role=2] c.k.i.m.ClassInfoMapper.selectById - ==>  Preparing: SELECT id,class_name,description,status,create_by,create_time,update_by,update_time FROM class_info WHERE id=?
2026-07-05 20:39:54.453 [http-nio-8080-exec-6] DEBUG [traceId=1440d388d1624d8e8ff346f148dfbccb userId=29 role=2] c.k.i.m.ClassInfoMapper.selectById - ==> Parameters: 10(Long)
2026-07-05 20:39:54.454 [http-nio-8080-exec-6] DEBUG [traceId=1440d388d1624d8e8ff346f148dfbccb userId=29 role=2] c.k.i.m.ClassInfoMapper.selectById - <==      Total: 1
2026-07-05 20:39:54.456 [http-nio-8080-exec-6] DEBUG [traceId=1440d388d1624d8e8ff346f148dfbccb userId=29 role=2] c.k.i.m.TaskUserMapper.selectList - ==>  Preparing: SELECT id,task_id,user_id,status,start_time,finish_time,duration_minutes,remark,total_score,submit_time,create_by,create_time,update_by,update_time FROM task_user WHERE (task_id = ?)
2026-07-05 20:39:54.456 [http-nio-8080-exec-6] DEBUG [traceId=1440d388d1624d8e8ff346f148dfbccb userId=29 role=2] c.k.i.m.TaskUserMapper.selectList - ==> Parameters: 94(Long)
2026-07-05 20:39:54.457 [http-nio-8080-exec-6] DEBUG [traceId=1440d388d1624d8e8ff346f148dfbccb userId=29 role=2] c.k.i.m.TaskUserMapper.selectList - <==      Total: 11
2026-07-05 20:39:54.457 [http-nio-8080-exec-6] DEBUG [traceId=1440d388d1624d8e8ff346f148dfbccb userId=29 role=2] c.k.i.m.ClassInfoMapper.selectById - ==>  Preparing: SELECT id,class_name,description,status,create_by,create_time,update_by,update_time FROM class_info WHERE id=?
2026-07-05 20:39:54.458 [http-nio-8080-exec-6] DEBUG [traceId=1440d388d1624d8e8ff346f148dfbccb userId=29 role=2] c.k.i.m.ClassInfoMapper.selectById - ==> Parameters: 8(Long)
2026-07-05 20:39:54.458 [http-nio-8080-exec-6] DEBUG [traceId=1440d388d1624d8e8ff346f148dfbccb userId=29 role=2] c.k.i.m.ClassInfoMapper.selectById - <==      Total: 1
2026-07-05 20:39:54.458 [http-nio-8080-exec-6] DEBUG [traceId=1440d388d1624d8e8ff346f148dfbccb userId=29 role=2] c.k.i.m.ClassInfoMapper.selectById - ==>  Preparing: SELECT id,class_name,description,status,create_by,create_time,update_by,update_time FROM class_info WHERE id=?
2026-07-05 20:39:54.458 [http-nio-8080-exec-6] DEBUG [traceId=1440d388d1624d8e8ff346f148dfbccb userId=29 role=2] c.k.i.m.ClassInfoMapper.selectById - ==> Parameters: 9(Long)
2026-07-05 20:39:54.459 [http-nio-8080-exec-6] DEBUG [traceId=1440d388d1624d8e8ff346f148dfbccb userId=29 role=2] c.k.i.m.ClassInfoMapper.selectById - <==      Total: 1
2026-07-05 20:39:54.459 [http-nio-8080-exec-6] DEBUG [traceId=1440d388d1624d8e8ff346f148dfbccb userId=29 role=2] c.k.i.m.ClassInfoMapper.selectById - ==>  Preparing: SELECT id,class_name,description,status,create_by,create_time,update_by,update_time FROM class_info WHERE id=?
2026-07-05 20:39:54.459 [http-nio-8080-exec-6] DEBUG [traceId=1440d388d1624d8e8ff346f148dfbccb userId=29 role=2] c.k.i.m.ClassInfoMapper.selectById - ==> Parameters: 10(Long)
2026-07-05 20:39:54.461 [http-nio-8080-exec-6] DEBUG [traceId=1440d388d1624d8e8ff346f148dfbccb userId=29 role=2] c.k.i.m.ClassInfoMapper.selectById - <==      Total: 1
2026-07-05 20:39:54.462 [http-nio-8080-exec-6] DEBUG [traceId=1440d388d1624d8e8ff346f148dfbccb userId=29 role=2] c.k.i.m.TaskUserMapper.selectList - ==>  Preparing: SELECT id,task_id,user_id,status,start_time,finish_time,duration_minutes,remark,total_score,submit_time,create_by,create_time,update_by,update_time FROM task_user WHERE (task_id = ?)
2026-07-05 20:39:54.463 [http-nio-8080-exec-6] DEBUG [traceId=1440d388d1624d8e8ff346f148dfbccb userId=29 role=2] c.k.i.m.TaskUserMapper.selectList - ==> Parameters: 93(Long)
2026-07-05 20:39:54.464 [http-nio-8080-exec-6] DEBUG [traceId=1440d388d1624d8e8ff346f148dfbccb userId=29 role=2] c.k.i.m.TaskUserMapper.selectList - <==      Total: 11
2026-07-05 20:39:54.464 [http-nio-8080-exec-6] DEBUG [traceId=1440d388d1624d8e8ff346f148dfbccb userId=29 role=2] c.k.i.m.ClassInfoMapper.selectById - ==>  Preparing: SELECT id,class_name,description,status,create_by,create_time,update_by,update_time FROM class_info WHERE id=?
2026-07-05 20:39:54.464 [http-nio-8080-exec-6] DEBUG [traceId=1440d388d1624d8e8ff346f148dfbccb userId=29 role=2] c.k.i.m.ClassInfoMapper.selectById - ==> Parameters: 8(Long)
2026-07-05 20:39:54.464 [http-nio-8080-exec-6] DEBUG [traceId=1440d388d1624d8e8ff346f148dfbccb userId=29 role=2] c.k.i.m.ClassInfoMapper.selectById - <==      Total: 1
2026-07-05 20:39:54.464 [http-nio-8080-exec-6] DEBUG [traceId=1440d388d1624d8e8ff346f148dfbccb userId=29 role=2] c.k.i.m.ClassInfoMapper.selectById - ==>  Preparing: SELECT id,class_name,description,status,create_by,create_time,update_by,update_time FROM class_info WHERE id=?
2026-07-05 20:39:54.464 [http-nio-8080-exec-6] DEBUG [traceId=1440d388d1624d8e8ff346f148dfbccb userId=29 role=2] c.k.i.m.ClassInfoMapper.selectById - ==> Parameters: 9(Long)
2026-07-05 20:39:54.464 [http-nio-8080-exec-6] DEBUG [traceId=1440d388d1624d8e8ff346f148dfbccb userId=29 role=2] c.k.i.m.ClassInfoMapper.selectById - <==      Total: 1
2026-07-05 20:39:54.464 [http-nio-8080-exec-6] DEBUG [traceId=1440d388d1624d8e8ff346f148dfbccb userId=29 role=2] c.k.i.m.ClassInfoMapper.selectById - ==>  Preparing: SELECT id,class_name,description,status,create_by,create_time,update_by,update_time FROM class_info WHERE id=?
2026-07-05 20:39:54.466 [http-nio-8080-exec-6] DEBUG [traceId=1440d388d1624d8e8ff346f148dfbccb userId=29 role=2] c.k.i.m.ClassInfoMapper.selectById - ==> Parameters: 10(Long)
2026-07-05 20:39:54.466 [http-nio-8080-exec-6] DEBUG [traceId=1440d388d1624d8e8ff346f148dfbccb userId=29 role=2] c.k.i.m.ClassInfoMapper.selectById - <==      Total: 1
2026-07-05 20:39:54.468 [http-nio-8080-exec-6] DEBUG [traceId=1440d388d1624d8e8ff346f148dfbccb userId=29 role=2] c.k.i.m.TaskUserMapper.selectList - ==>  Preparing: SELECT id,task_id,user_id,status,start_time,finish_time,duration_minutes,remark,total_score,submit_time,create_by,create_time,update_by,update_time FROM task_user WHERE (task_id = ?)
2026-07-05 20:39:54.468 [http-nio-8080-exec-6] DEBUG [traceId=1440d388d1624d8e8ff346f148dfbccb userId=29 role=2] c.k.i.m.TaskUserMapper.selectList - ==> Parameters: 92(Long)
2026-07-05 20:39:54.470 [http-nio-8080-exec-6] DEBUG [traceId=1440d388d1624d8e8ff346f148dfbccb userId=29 role=2] c.k.i.m.TaskUserMapper.selectList - <==      Total: 11
2026-07-05 20:39:54.471 [http-nio-8080-exec-6] DEBUG [traceId=1440d388d1624d8e8ff346f148dfbccb userId=29 role=2] c.k.i.m.ClassInfoMapper.selectById - ==>  Preparing: SELECT id,class_name,description,status,create_by,create_time,update_by,update_time FROM class_info WHERE id=?
2026-07-05 20:39:54.471 [http-nio-8080-exec-6] DEBUG [traceId=1440d388d1624d8e8ff346f148dfbccb userId=29 role=2] c.k.i.m.ClassInfoMapper.selectById - ==> Parameters: 8(Long)
2026-07-05 20:39:54.472 [http-nio-8080-exec-6] DEBUG [traceId=1440d388d1624d8e8ff346f148dfbccb userId=29 role=2] c.k.i.m.ClassInfoMapper.selectById - <==      Total: 1
2026-07-05 20:39:54.472 [http-nio-8080-exec-6] DEBUG [traceId=1440d388d1624d8e8ff346f148dfbccb userId=29 role=2] c.k.i.m.ClassInfoMapper.selectById - ==>  Preparing: SELECT id,class_name,description,status,create_by,create_time,update_by,update_time FROM class_info WHERE id=?
2026-07-05 20:39:54.472 [http-nio-8080-exec-6] DEBUG [traceId=1440d388d1624d8e8ff346f148dfbccb userId=29 role=2] c.k.i.m.ClassInfoMapper.selectById - ==> Parameters: 9(Long)
2026-07-05 20:39:54.473 [http-nio-8080-exec-6] DEBUG [traceId=1440d388d1624d8e8ff346f148dfbccb userId=29 role=2] c.k.i.m.ClassInfoMapper.selectById - <==      Total: 1
2026-07-05 20:39:54.473 [http-nio-8080-exec-6] DEBUG [traceId=1440d388d1624d8e8ff346f148dfbccb userId=29 role=2] c.k.i.m.ClassInfoMapper.selectById - ==>  Preparing: SELECT id,class_name,description,status,create_by,create_time,update_by,update_time FROM class_info WHERE id=?
2026-07-05 20:39:54.473 [http-nio-8080-exec-6] DEBUG [traceId=1440d388d1624d8e8ff346f148dfbccb userId=29 role=2] c.k.i.m.ClassInfoMapper.selectById - ==> Parameters: 10(Long)
2026-07-05 20:39:54.474 [http-nio-8080-exec-6] DEBUG [traceId=1440d388d1624d8e8ff346f148dfbccb userId=29 role=2] c.k.i.m.ClassInfoMapper.selectById - <==      Total: 1
2026-07-05 20:39:54.476 [http-nio-8080-exec-6] DEBUG [traceId=1440d388d1624d8e8ff346f148dfbccb userId=29 role=2] c.k.i.m.TaskUserMapper.selectList - ==>  Preparing: SELECT id,task_id,user_id,status,start_time,finish_time,duration_minutes,remark,total_score,submit_time,create_by,create_time,update_by,update_time FROM task_user WHERE (task_id = ?)
2026-07-05 20:39:54.476 [http-nio-8080-exec-6] DEBUG [traceId=1440d388d1624d8e8ff346f148dfbccb userId=29 role=2] c.k.i.m.TaskUserMapper.selectList - ==> Parameters: 89(Long)
2026-07-05 20:39:54.479 [http-nio-8080-exec-6] DEBUG [traceId=1440d388d1624d8e8ff346f148dfbccb userId=29 role=2] c.k.i.m.TaskUserMapper.selectList - <==      Total: 10
2026-07-05 20:39:54.479 [http-nio-8080-exec-6] DEBUG [traceId=1440d388d1624d8e8ff346f148dfbccb userId=29 role=2] c.k.i.m.ClassInfoMapper.selectById - ==>  Preparing: SELECT id,class_name,description,status,create_by,create_time,update_by,update_time FROM class_info WHERE id=?
2026-07-05 20:39:54.479 [http-nio-8080-exec-6] DEBUG [traceId=1440d388d1624d8e8ff346f148dfbccb userId=29 role=2] c.k.i.m.ClassInfoMapper.selectById - ==> Parameters: 8(Long)
2026-07-05 20:39:54.481 [http-nio-8080-exec-6] DEBUG [traceId=1440d388d1624d8e8ff346f148dfbccb userId=29 role=2] c.k.i.m.ClassInfoMapper.selectById - <==      Total: 1
2026-07-05 20:39:54.482 [http-nio-8080-exec-6] DEBUG [traceId=1440d388d1624d8e8ff346f148dfbccb userId=29 role=2] c.k.i.m.ClassInfoMapper.selectById - ==>  Preparing: SELECT id,class_name,description,status,create_by,create_time,update_by,update_time FROM class_info WHERE id=?
2026-07-05 20:39:54.482 [http-nio-8080-exec-6] DEBUG [traceId=1440d388d1624d8e8ff346f148dfbccb userId=29 role=2] c.k.i.m.ClassInfoMapper.selectById - ==> Parameters: 9(Long)
2026-07-05 20:39:54.482 [http-nio-8080-exec-6] DEBUG [traceId=1440d388d1624d8e8ff346f148dfbccb userId=29 role=2] c.k.i.m.ClassInfoMapper.selectById - <==      Total: 1
2026-07-05 20:39:54.484 [http-nio-8080-exec-6] DEBUG [traceId=1440d388d1624d8e8ff346f148dfbccb userId=29 role=2] c.k.i.m.TaskUserMapper.selectList - ==>  Preparing: SELECT id,task_id,user_id,status,start_time,finish_time,duration_minutes,remark,total_score,submit_time,create_by,create_time,update_by,update_time FROM task_user WHERE (task_id = ?)
2026-07-05 20:39:54.484 [http-nio-8080-exec-6] DEBUG [traceId=1440d388d1624d8e8ff346f148dfbccb userId=29 role=2] c.k.i.m.TaskUserMapper.selectList - ==> Parameters: 88(Long)
2026-07-05 20:39:54.486 [http-nio-8080-exec-6] DEBUG [traceId=1440d388d1624d8e8ff346f148dfbccb userId=29 role=2] c.k.i.m.TaskUserMapper.selectList - <==      Total: 10
2026-07-05 20:39:54.487 [http-nio-8080-exec-6] DEBUG [traceId=1440d388d1624d8e8ff346f148dfbccb userId=29 role=2] c.k.i.m.ClassInfoMapper.selectById - ==>  Preparing: SELECT id,class_name,description,status,create_by,create_time,update_by,update_time FROM class_info WHERE id=?
2026-07-05 20:39:54.487 [http-nio-8080-exec-6] DEBUG [traceId=1440d388d1624d8e8ff346f148dfbccb userId=29 role=2] c.k.i.m.ClassInfoMapper.selectById - ==> Parameters: 8(Long)
2026-07-05 20:39:54.488 [http-nio-8080-exec-6] DEBUG [traceId=1440d388d1624d8e8ff346f148dfbccb userId=29 role=2] c.k.i.m.ClassInfoMapper.selectById - <==      Total: 1
2026-07-05 20:39:54.489 [http-nio-8080-exec-6] DEBUG [traceId=1440d388d1624d8e8ff346f148dfbccb userId=29 role=2] c.k.i.m.ClassInfoMapper.selectById - ==>  Preparing: SELECT id,class_name,description,status,create_by,create_time,update_by,update_time FROM class_info WHERE id=?
2026-07-05 20:39:54.489 [http-nio-8080-exec-6] DEBUG [traceId=1440d388d1624d8e8ff346f148dfbccb userId=29 role=2] c.k.i.m.ClassInfoMapper.selectById - ==> Parameters: 9(Long)
2026-07-05 20:39:54.491 [http-nio-8080-exec-6] DEBUG [traceId=1440d388d1624d8e8ff346f148dfbccb userId=29 role=2] c.k.i.m.ClassInfoMapper.selectById - <==      Total: 1
2026-07-05 20:39:54.494 [http-nio-8080-exec-6] DEBUG [traceId=1440d388d1624d8e8ff346f148dfbccb userId=29 role=2] c.k.i.m.TaskUserMapper.selectList - ==>  Preparing: SELECT id,task_id,user_id,status,start_time,finish_time,duration_minutes,remark,total_score,submit_time,create_by,create_time,update_by,update_time FROM task_user WHERE (task_id = ?)
2026-07-05 20:39:54.494 [http-nio-8080-exec-6] DEBUG [traceId=1440d388d1624d8e8ff346f148dfbccb userId=29 role=2] c.k.i.m.TaskUserMapper.selectList - ==> Parameters: 80(Long)
2026-07-05 20:39:54.496 [http-nio-8080-exec-6] DEBUG [traceId=1440d388d1624d8e8ff346f148dfbccb userId=29 role=2] c.k.i.m.TaskUserMapper.selectList - <==      Total: 7
2026-07-05 20:39:54.496 [http-nio-8080-exec-6] DEBUG [traceId=1440d388d1624d8e8ff346f148dfbccb userId=29 role=2] c.k.i.m.ClassInfoMapper.selectById - ==>  Preparing: SELECT id,class_name,description,status,create_by,create_time,update_by,update_time FROM class_info WHERE id=?
2026-07-05 20:39:54.496 [http-nio-8080-exec-6] DEBUG [traceId=1440d388d1624d8e8ff346f148dfbccb userId=29 role=2] c.k.i.m.ClassInfoMapper.selectById - ==> Parameters: 8(Long)
2026-07-05 20:39:54.499 [http-nio-8080-exec-6] DEBUG [traceId=1440d388d1624d8e8ff346f148dfbccb userId=29 role=2] c.k.i.m.ClassInfoMapper.selectById - <==      Total: 1
2026-07-05 20:39:54.500 [http-nio-8080-exec-6] DEBUG [traceId=1440d388d1624d8e8ff346f148dfbccb userId=29 role=2] c.k.i.m.TaskUserMapper.selectList - ==>  Preparing: SELECT id,task_id,user_id,status,start_time,finish_time,duration_minutes,remark,total_score,submit_time,create_by,create_time,update_by,update_time FROM task_user WHERE (task_id = ?)
2026-07-05 20:39:54.500 [http-nio-8080-exec-6] DEBUG [traceId=1440d388d1624d8e8ff346f148dfbccb userId=29 role=2] c.k.i.m.TaskUserMapper.selectList - ==> Parameters: 79(Long)
2026-07-05 20:39:54.502 [http-nio-8080-exec-6] DEBUG [traceId=1440d388d1624d8e8ff346f148dfbccb userId=29 role=2] c.k.i.m.TaskUserMapper.selectList - <==      Total: 7
2026-07-05 20:39:54.502 [http-nio-8080-exec-6] DEBUG [traceId=1440d388d1624d8e8ff346f148dfbccb userId=29 role=2] c.k.i.m.ClassInfoMapper.selectById - ==>  Preparing: SELECT id,class_name,description,status,create_by,create_time,update_by,update_time FROM class_info WHERE id=?
2026-07-05 20:39:54.503 [http-nio-8080-exec-6] DEBUG [traceId=1440d388d1624d8e8ff346f148dfbccb userId=29 role=2] c.k.i.m.ClassInfoMapper.selectById - ==> Parameters: 8(Long)
2026-07-05 20:39:54.503 [http-nio-8080-exec-6] DEBUG [traceId=1440d388d1624d8e8ff346f148dfbccb userId=29 role=2] c.k.i.m.ClassInfoMapper.selectById - <==      Total: 1
2026-07-05 20:39:54.506 [http-nio-8080-exec-6] DEBUG [traceId=1440d388d1624d8e8ff346f148dfbccb userId=29 role=2] c.k.i.m.TaskUserMapper.selectList - ==>  Preparing: SELECT id,task_id,user_id,status,start_time,finish_time,duration_minutes,remark,total_score,submit_time,create_by,create_time,update_by,update_time FROM task_user WHERE (task_id = ?)
2026-07-05 20:39:54.507 [http-nio-8080-exec-6] DEBUG [traceId=1440d388d1624d8e8ff346f148dfbccb userId=29 role=2] c.k.i.m.TaskUserMapper.selectList - ==> Parameters: 78(Long)
2026-07-05 20:39:54.507 [http-nio-8080-exec-6] DEBUG [traceId=1440d388d1624d8e8ff346f148dfbccb userId=29 role=2] c.k.i.m.TaskUserMapper.selectList - <==      Total: 7
2026-07-05 20:39:54.508 [http-nio-8080-exec-6] DEBUG [traceId=1440d388d1624d8e8ff346f148dfbccb userId=29 role=2] c.k.i.m.ClassInfoMapper.selectById - ==>  Preparing: SELECT id,class_name,description,status,create_by,create_time,update_by,update_time FROM class_info WHERE id=?
2026-07-05 20:39:54.508 [http-nio-8080-exec-6] DEBUG [traceId=1440d388d1624d8e8ff346f148dfbccb userId=29 role=2] c.k.i.m.ClassInfoMapper.selectById - ==> Parameters: 8(Long)
2026-07-05 20:39:54.509 [http-nio-8080-exec-6] DEBUG [traceId=1440d388d1624d8e8ff346f148dfbccb userId=29 role=2] c.k.i.m.ClassInfoMapper.selectById - <==      Total: 1
2026-07-05 20:39:54.512 [http-nio-8080-exec-6] DEBUG [traceId=1440d388d1624d8e8ff346f148dfbccb userId=29 role=2] c.k.i.m.TaskUserMapper.selectList - ==>  Preparing: SELECT id,task_id,user_id,status,start_time,finish_time,duration_minutes,remark,total_score,submit_time,create_by,create_time,update_by,update_time FROM task_user WHERE (task_id = ?)
2026-07-05 20:39:54.513 [http-nio-8080-exec-6] DEBUG [traceId=1440d388d1624d8e8ff346f148dfbccb userId=29 role=2] c.k.i.m.TaskUserMapper.selectList - ==> Parameters: 77(Long)
2026-07-05 20:39:54.514 [http-nio-8080-exec-6] DEBUG [traceId=1440d388d1624d8e8ff346f148dfbccb userId=29 role=2] c.k.i.m.TaskUserMapper.selectList - <==      Total: 7
2026-07-05 20:39:54.514 [http-nio-8080-exec-6] DEBUG [traceId=1440d388d1624d8e8ff346f148dfbccb userId=29 role=2] c.k.i.m.ClassInfoMapper.selectById - ==>  Preparing: SELECT id,class_name,description,status,create_by,create_time,update_by,update_time FROM class_info WHERE id=?
2026-07-05 20:39:54.515 [http-nio-8080-exec-6] DEBUG [traceId=1440d388d1624d8e8ff346f148dfbccb userId=29 role=2] c.k.i.m.ClassInfoMapper.selectById - ==> Parameters: 8(Long)
2026-07-05 20:39:54.516 [http-nio-8080-exec-6] DEBUG [traceId=1440d388d1624d8e8ff346f148dfbccb userId=29 role=2] c.k.i.m.ClassInfoMapper.selectById - <==      Total: 1
2026-07-05 20:39:54.518 [http-nio-8080-exec-6] INFO  [traceId=1440d388d1624d8e8ff346f148dfbccb userId=29 role=2] com.kg.interceptor.TraceIdFilter - HTTP_REQUEST_END method=POST uri=/task/page status=200 cost=118ms responseBody={"code":200,"message":"查询成功","data":{"total":51,"list":[{"id":95,"taskName":"每日复盘","taskType":"3","templateId":null,"roundNo":0,"isMandatory":1,"taskDescription":null,"taskStartTime":"2026-07-05 08:00:00","taskEndTime":"2026-07-05 23:59:00","priority":0,"classId":null,"targetType":1,"targetIds":"8,9,10","selectedClassList":[{"id":8,"className":"1班"},{"id":9,"className":"2班"},{"id":10,"className":"线上学习1班"}],"selectedStudentList":null,"completedCount":0,"uncompletedCount":11,"completionPercent":0,"createTime":"2026-07-05 18:12:39","planId":null,"planDate":null,"isRepeatTask":0,"status":1},{"id":94,"taskName":"每日打卡","taskType":"2","templateId":null,"roundNo":0,"isMandatory":1,"taskDescription":null,"taskStartTime":"2026-07-05 06:00:00","taskEndTime":"2026-07-05 23:59:00","priority":0,"classId":null,"targetType":1,"targetIds":"8,9,10","selectedClassList":[{"id":8,"className":"1班"},{"id":9,"className":"2班"},{"id":10,"className":"线上学习1班"}],"selectedStudentList":null,"completedCount":0,"uncompletedCount":11,"completionPercent":0,"createTime":"2026-07-05 18:12:39","planId":null,"planDate":null,"isRepeatTask":0,"status":1},{"id":93,"taskName":"每日复盘","taskType":"3","templateId":null,"roundNo":0,"isMandatory":1,"taskDescription":null,"taskStartTime":"2026-07-03 08:00:00","taskEndTime":"2026-07-03 23:59:00","priority":0,"classId":null,"targetType":1,"targetIds":"8,9,10","selectedClassList":[{"id":8,"className":"1班"},{"id":9,"className":"2班"},{"id":10,"className":"线上学习1班"}],"selectedStudentList":null,"completedCount":0,"uncompletedCount":11,"completionPercent":0,"createTime":"2026-07-03 08:46:13","planId":null,"planDate":null,"isRepeatTask":0,"status":1},{"id":92,"taskName":"每日打卡","taskType":"2","templateId":null,"roundNo":0,"isMandatory":1,"taskDescription":null,"taskStartTime":"2026-07-03 06:00:00","taskEndTime":"2026-07-03 23:59:00","priority":0,"classId":null,"targetType":1,"targetIds":"8,9,10","selectedClassList":[{"id":8,"className":"1班"},{"id":9,"className":"2班"},{"id":10,"className":"线上学习1班"}],"selectedStudentList":null,"completedCount":1,"uncompletedCount":10,"completionPercent":9,"createTime":"2026-07-03 08:46:13","planId":null,"planDate":null,"isRepeatTask":0,"status":1},{"id":89,"taskName":"每日复盘","taskType":"3","templateId":null,"roundNo":0,"isMandatory":1,"taskDescription":null,"taskStartTime":"2026-07-02 08:00:00","taskEndTime":"2026-07-02 23:59:00","priority":0,"classId":null,"targetType":1,"targetIds":"8,9","selectedClassList":[{"id":8,"className":"1班"},{"id":9,"className":"2班"}],"selectedStudentList":null,"completedCount":0,"uncompletedCount":10,"completionPercent":0,"createTime":"2026-07-02 08:00:00","planId":null,"planDate":null,"isRepeatTask":0,"status":1},{"id":88,"taskName":"每日打卡","taskType":"2","templateId":null,"roundNo":0,"isMandatory":1,"taskDescription":null,"taskStartTime":"2026-07-02 06:00:00","taskEndTime":"2026-07-02 23:59:00","priority":0,"classId":null,"targetType":1,"targetIds":"8,9","selectedClassList":[{"id":8,"className":"1班"},{"id":9,"className":"2班"}],"selectedStudentList":null,"completedCount":1,"uncompletedCount":9,"completionPercent":10,"createTime":"2026-07-02 06:00:00","planId":null,"planDate":null,"isRepeatTask":0,"status":1},{"id":80,"taskName":"测试重复任务 07-04","taskType":"0","templateId":null,"roundNo":0,"isMandatory":1,"taskDescription":"","taskStartTime":"2026-07-04 00:00:00","taskEndTime":"2026-07-04 23:59:00","priority":1,"classId":null,"targetType":1,"targetIds":"8","selectedClassList":[{"id":8,"className":"1班"}],"selectedStudentList":null,"completedCount":0,"uncompletedCount":7,"completionPercent":0,"createTime":"2026-07-01 15:03:05","planId":1,"planDate":"2026-07-04","isRepeatTask":1,"status":1},{"id":79,"taskName":"测试重复任务 07-03","taskType":"0","templateId":null,"roundNo":0,"isMandatory":1,"taskDescription":"","taskStartTime":"2026-07-03 00:00:00","taskEndTime":"2026-07-03 23:59:00","priority":1,"classId":null,"targetType":1,"targetIds":"8","selectedClassList":[{"id":8,"className":"1班"}],"selectedStudentList":null,"completedCount":0,"uncompletedCount":7,"completionPercent":0,"createTime":"2026-07-01 15:03:05","planId":1,"planDate":"2026-07-03","isRepeatTask":1,"status":1},{"id":78,"taskName":"测试重复任务 07-02","taskType":"0","templateId":null,"roundNo":0,"isMandatory":1,"taskDescription":"","taskStartTime":"2026-07-02 00:00:00","taskEndTime":"2026-07-02 23:59:00","priority":1,"classId":null,"targetType":1,"targetIds":"8","selectedClassList":[{"id":8,"className":"1班"}],"selectedStudentList":null,"completedCount":1,"uncompletedCount":6,"completionPercent":14,"createTime":"2026-07-01 15:03:05","planId":1,"planDate":"2026-07-02","isRepeatTask":1,"status":1},{"id":77,"taskName":"测试重复任务 07-01","taskType":"0","templateId":null,"roundNo":0,"isMandatory":1,"taskDescription":"","taskStartTime":"2026-07-01 00:00:00","taskEndTime":"2026-07-01 23:59:00","priority":1,"classId":null,"targetType":1,"targetIds":"8","selectedClassList":[{"id":8,"className":"1班"}],"selectedStudentList":null,...[TRUNCATED length=5164]
2026-07-05 20:40:07.403 [http-nio-8080-exec-8] INFO  [traceId=928f90a144844ec5bc10438cb181c82c userId= role=] com.kg.interceptor.TraceIdFilter - HTTP_REQUEST_START method=POST uri=/task/page query=null requestBody={"pageNum":1,"pageSize":10,"taskName":"测试重复任务 07-02"} ip=0:0:0:0:0:0:0:1 userAgent=Mozilla/5.0 (Windows NT 10.0; Win64; x64) AppleWebKit/537.36 (KHTML, like Gecko) Chrome/123.0.0.0 Safari/537.36
2026-07-05 20:40:07.416 [http-nio-8080-exec-8] DEBUG [traceId=928f90a144844ec5bc10438cb181c82c userId= role=] c.k.i.m.SysUserMapper.selectById - ==>  Preparing: SELECT id,account,name,password,role,gender,email,phone,openid,description,teacher_remark,class_id,status,create_by,create_time,update_by,update_time FROM sys_user WHERE id=?
2026-07-05 20:40:07.416 [http-nio-8080-exec-8] DEBUG [traceId=928f90a144844ec5bc10438cb181c82c userId= role=] c.k.i.m.SysUserMapper.selectById - ==> Parameters: 29(Long)
2026-07-05 20:40:07.418 [http-nio-8080-exec-8] DEBUG [traceId=928f90a144844ec5bc10438cb181c82c userId= role=] c.k.i.m.SysUserMapper.selectById - <==      Total: 1
2026-07-05 20:40:07.428 [http-nio-8080-exec-8] DEBUG [traceId=928f90a144844ec5bc10438cb181c82c userId=29 role=2] c.k.i.mapper.TaskMapper.selectList - ==>  Preparing: SELECT id,task_name,task_type,template_id,round_no,is_mandatory,task_description,task_start_time,task_end_time,priority,class_id,target_type,target_ids,plan_id,plan_date,is_repeat_task,status,create_by,create_time,update_by,update_time FROM task WHERE ((status = ? OR status IS NULL) AND ((target_type = ? AND FIND_IN_SET(?, target_ids)) OR create_by = ?)) ORDER BY id DESC LIMIT 0,10000
2026-07-05 20:40:07.428 [http-nio-8080-exec-8] DEBUG [traceId=928f90a144844ec5bc10438cb181c82c userId=29 role=2] c.k.i.mapper.TaskMapper.selectList - ==> Parameters: 1(Integer), 1(Integer), 8(Long), 29(Long)
2026-07-05 20:40:07.433 [http-nio-8080-exec-8] DEBUG [traceId=928f90a144844ec5bc10438cb181c82c userId=29 role=2] c.k.i.mapper.TaskMapper.selectList - <==      Total: 51
2026-07-05 20:40:07.435 [http-nio-8080-exec-8] DEBUG [traceId=928f90a144844ec5bc10438cb181c82c userId=29 role=2] c.k.i.m.TaskUserMapper.selectList - ==>  Preparing: SELECT id,task_id,user_id,status,start_time,finish_time,duration_minutes,remark,total_score,submit_time,create_by,create_time,update_by,update_time FROM task_user WHERE (task_id = ?)
2026-07-05 20:40:07.436 [http-nio-8080-exec-8] DEBUG [traceId=928f90a144844ec5bc10438cb181c82c userId=29 role=2] c.k.i.m.TaskUserMapper.selectList - ==> Parameters: 78(Long)
2026-07-05 20:40:07.439 [http-nio-8080-exec-8] DEBUG [traceId=928f90a144844ec5bc10438cb181c82c userId=29 role=2] c.k.i.m.TaskUserMapper.selectList - <==      Total: 7
2026-07-05 20:40:07.440 [http-nio-8080-exec-8] DEBUG [traceId=928f90a144844ec5bc10438cb181c82c userId=29 role=2] c.k.i.m.ClassInfoMapper.selectById - ==>  Preparing: SELECT id,class_name,description,status,create_by,create_time,update_by,update_time FROM class_info WHERE id=?
2026-07-05 20:40:07.440 [http-nio-8080-exec-8] DEBUG [traceId=928f90a144844ec5bc10438cb181c82c userId=29 role=2] c.k.i.m.ClassInfoMapper.selectById - ==> Parameters: 8(Long)
2026-07-05 20:40:07.442 [http-nio-8080-exec-8] DEBUG [traceId=928f90a144844ec5bc10438cb181c82c userId=29 role=2] c.k.i.m.ClassInfoMapper.selectById - <==      Total: 1
2026-07-05 20:40:07.444 [http-nio-8080-exec-8] INFO  [traceId=928f90a144844ec5bc10438cb181c82c userId=29 role=2] com.kg.interceptor.TraceIdFilter - HTTP_REQUEST_END method=POST uri=/task/page status=200 cost=43ms responseBody={"code":200,"message":"查询成功","data":{"total":1,"list":[{"id":78,"taskName":"测试重复任务 07-02","taskType":"0","templateId":null,"roundNo":0,"isMandatory":1,"taskDescription":"","taskStartTime":"2026-07-02 00:00:00","taskEndTime":"2026-07-02 23:59:00","priority":1,"classId":null,"targetType":1,"targetIds":"8","selectedClassList":[{"id":8,"className":"1班"}],"selectedStudentList":null,"completedCount":1,"uncompletedCount":6,"completionPercent":14,"createTime":"2026-07-01 15:03:05","planId":1,"planDate":"2026-07-02","isRepeatTask":1,"status":1}]}}
2026-07-05 22:02:19.812 [http-nio-8080-exec-7] INFO  [traceId=4665cca8d8ec46e4b003e7039c97e3ce userId= role=] com.kg.interceptor.TraceIdFilter - HTTP_REQUEST_START method=GET uri=/notification/unread-count query=null requestBody= ip=0:0:0:0:0:0:0:1 userAgent=Mozilla/5.0 (Windows NT 10.0; Win64; x64) AppleWebKit/537.36 (KHTML, like Gecko) Chrome/123.0.0.0 Safari/537.36
2026-07-05 22:02:19.812 [http-nio-8080-exec-4] INFO  [traceId=d2a9a4f71d8d44f3b8fa41066f2534bf userId= role=] com.kg.interceptor.TraceIdFilter - HTTP_REQUEST_START method=GET uri=/dict/group/page query=pageNum=1&pageSize=10 requestBody= ip=0:0:0:0:0:0:0:1 userAgent=Mozilla/5.0 (Windows NT 10.0; Win64; x64) AppleWebKit/537.36 (KHTML, like Gecko) Chrome/123.0.0.0 Safari/537.36
2026-07-05 22:02:19.896 [http-nio-8080-exec-7] DEBUG [traceId=4665cca8d8ec46e4b003e7039c97e3ce userId= role=] c.k.i.m.SysUserMapper.selectById - ==>  Preparing: SELECT id,account,name,password,role,gender,email,phone,openid,description,teacher_remark,class_id,status,create_by,create_time,update_by,update_time FROM sys_user WHERE id=?
2026-07-05 22:02:19.896 [http-nio-8080-exec-4] DEBUG [traceId=d2a9a4f71d8d44f3b8fa41066f2534bf userId= role=] c.k.i.m.SysUserMapper.selectById - ==>  Preparing: SELECT id,account,name,password,role,gender,email,phone,openid,description,teacher_remark,class_id,status,create_by,create_time,update_by,update_time FROM sys_user WHERE id=?
2026-07-05 22:02:19.900 [http-nio-8080-exec-7] DEBUG [traceId=4665cca8d8ec46e4b003e7039c97e3ce userId= role=] c.k.i.m.SysUserMapper.selectById - ==> Parameters: 21(Long)
2026-07-05 22:02:19.900 [http-nio-8080-exec-4] DEBUG [traceId=d2a9a4f71d8d44f3b8fa41066f2534bf userId= role=] c.k.i.m.SysUserMapper.selectById - ==> Parameters: 21(Long)
2026-07-05 22:02:19.911 [http-nio-8080-exec-7] DEBUG [traceId=4665cca8d8ec46e4b003e7039c97e3ce userId= role=] c.k.i.m.SysUserMapper.selectById - <==      Total: 1
2026-07-05 22:02:19.911 [http-nio-8080-exec-4] DEBUG [traceId=d2a9a4f71d8d44f3b8fa41066f2534bf userId= role=] c.k.i.m.SysUserMapper.selectById - <==      Total: 1
2026-07-05 22:02:19.929 [http-nio-8080-exec-7] DEBUG [traceId=4665cca8d8ec46e4b003e7039c97e3ce userId=21 role=1] c.k.i.m.N.selectCount - ==>  Preparing: SELECT COUNT( * ) AS total FROM notification_message WHERE (user_id = ? AND is_read = ? AND status = ? AND notify_time <= ?)
2026-07-05 22:02:19.929 [http-nio-8080-exec-4] DEBUG [traceId=d2a9a4f71d8d44f3b8fa41066f2534bf userId=21 role=1] c.k.i.mapper.DictMapper.selectList - ==>  Preparing: SELECT id,dict_code,dict_name,dict_label,dict_value,display_color,sort_no,status,create_by,create_time,update_by,update_time FROM sys_dict ORDER BY dict_code ASC
2026-07-05 22:02:19.930 [http-nio-8080-exec-4] DEBUG [traceId=d2a9a4f71d8d44f3b8fa41066f2534bf userId=21 role=1] c.k.i.mapper.DictMapper.selectList - ==> Parameters: 
2026-07-05 22:02:19.930 [http-nio-8080-exec-7] DEBUG [traceId=4665cca8d8ec46e4b003e7039c97e3ce userId=21 role=1] c.k.i.m.N.selectCount - ==> Parameters: 21(Long), 0(Integer), 0(String), 2026-07-05T22:02:19.920(LocalDateTime)
2026-07-05 22:02:19.934 [http-nio-8080-exec-4] DEBUG [traceId=d2a9a4f71d8d44f3b8fa41066f2534bf userId=21 role=1] c.k.i.mapper.DictMapper.selectList - <==      Total: 31
2026-07-05 22:02:19.934 [http-nio-8080-exec-7] DEBUG [traceId=4665cca8d8ec46e4b003e7039c97e3ce userId=21 role=1] c.k.i.m.N.selectCount - <==      Total: 1
2026-07-05 22:02:19.936 [http-nio-8080-exec-4] DEBUG [traceId=d2a9a4f71d8d44f3b8fa41066f2534bf userId=21 role=1] c.k.i.mapper.DictMapper.selectList - ==>  Preparing: SELECT id,dict_code,dict_name,dict_label,dict_value,display_color,sort_no,status,create_by,create_time,update_by,update_time FROM sys_dict ORDER BY dict_code ASC
2026-07-05 22:02:19.936 [http-nio-8080-exec-4] DEBUG [traceId=d2a9a4f71d8d44f3b8fa41066f2534bf userId=21 role=1] c.k.i.mapper.DictMapper.selectList - ==> Parameters: 
2026-07-05 22:02:19.940 [http-nio-8080-exec-4] DEBUG [traceId=d2a9a4f71d8d44f3b8fa41066f2534bf userId=21 role=1] c.k.i.mapper.DictMapper.selectList - <==      Total: 31
2026-07-05 22:02:19.943 [http-nio-8080-exec-4] DEBUG [traceId=d2a9a4f71d8d44f3b8fa41066f2534bf userId=21 role=1] c.k.i.mapper.DictMapper.selectList - ==>  Preparing: SELECT id,dict_code,dict_name,dict_label,dict_value,display_color,sort_no,status,create_by,create_time,update_by,update_time FROM sys_dict WHERE (dict_code = ?) ORDER BY sort_no ASC
2026-07-05 22:02:19.943 [http-nio-8080-exec-4] DEBUG [traceId=d2a9a4f71d8d44f3b8fa41066f2534bf userId=21 role=1] c.k.i.mapper.DictMapper.selectList - ==> Parameters: leave_period(String)
2026-07-05 22:02:19.945 [http-nio-8080-exec-4] DEBUG [traceId=d2a9a4f71d8d44f3b8fa41066f2534bf userId=21 role=1] c.k.i.mapper.DictMapper.selectList - <==      Total: 3
2026-07-05 22:02:19.945 [http-nio-8080-exec-7] INFO  [traceId=4665cca8d8ec46e4b003e7039c97e3ce userId=21 role=1] com.kg.interceptor.TraceIdFilter - HTTP_REQUEST_END method=GET uri=/notification/unread-count status=200 cost=135ms responseBody={"code":200,"message":"查询成功","data":0}
2026-07-05 22:02:19.946 [http-nio-8080-exec-4] DEBUG [traceId=d2a9a4f71d8d44f3b8fa41066f2534bf userId=21 role=1] c.k.i.mapper.DictMapper.selectList - ==>  Preparing: SELECT id,dict_code,dict_name,dict_label,dict_value,display_color,sort_no,status,create_by,create_time,update_by,update_time FROM sys_dict WHERE (dict_code = ?) ORDER BY sort_no ASC
2026-07-05 22:02:19.946 [http-nio-8080-exec-4] DEBUG [traceId=d2a9a4f71d8d44f3b8fa41066f2534bf userId=21 role=1] c.k.i.mapper.DictMapper.selectList - ==> Parameters: leave_status(String)
2026-07-05 22:02:19.947 [http-nio-8080-exec-4] DEBUG [traceId=d2a9a4f71d8d44f3b8fa41066f2534bf userId=21 role=1] c.k.i.mapper.DictMapper.selectList - <==      Total: 3
2026-07-05 22:02:19.949 [http-nio-8080-exec-4] DEBUG [traceId=d2a9a4f71d8d44f3b8fa41066f2534bf userId=21 role=1] c.k.i.mapper.DictMapper.selectList - ==>  Preparing: SELECT id,dict_code,dict_name,dict_label,dict_value,display_color,sort_no,status,create_by,create_time,update_by,update_time FROM sys_dict WHERE (dict_code = ?) ORDER BY sort_no ASC
2026-07-05 22:02:19.949 [http-nio-8080-exec-4] DEBUG [traceId=d2a9a4f71d8d44f3b8fa41066f2534bf userId=21 role=1] c.k.i.mapper.DictMapper.selectList - ==> Parameters: leave_type(String)
2026-07-05 22:02:19.952 [http-nio-8080-exec-4] DEBUG [traceId=d2a9a4f71d8d44f3b8fa41066f2534bf userId=21 role=1] c.k.i.mapper.DictMapper.selectList - <==      Total: 3
2026-07-05 22:02:19.953 [http-nio-8080-exec-4] DEBUG [traceId=d2a9a4f71d8d44f3b8fa41066f2534bf userId=21 role=1] c.k.i.mapper.DictMapper.selectList - ==>  Preparing: SELECT id,dict_code,dict_name,dict_label,dict_value,display_color,sort_no,status,create_by,create_time,update_by,update_time FROM sys_dict WHERE (dict_code = ?) ORDER BY sort_no ASC
2026-07-05 22:02:19.954 [http-nio-8080-exec-4] DEBUG [traceId=d2a9a4f71d8d44f3b8fa41066f2534bf userId=21 role=1] c.k.i.mapper.DictMapper.selectList - ==> Parameters: message_type(String)
2026-07-05 22:02:19.955 [http-nio-8080-exec-4] DEBUG [traceId=d2a9a4f71d8d44f3b8fa41066f2534bf userId=21 role=1] c.k.i.mapper.DictMapper.selectList - <==      Total: 3
2026-07-05 22:02:19.957 [http-nio-8080-exec-4] DEBUG [traceId=d2a9a4f71d8d44f3b8fa41066f2534bf userId=21 role=1] c.k.i.mapper.DictMapper.selectList - ==>  Preparing: SELECT id,dict_code,dict_name,dict_label,dict_value,display_color,sort_no,status,create_by,create_time,update_by,update_time FROM sys_dict WHERE (dict_code = ?) ORDER BY sort_no ASC
2026-07-05 22:02:19.957 [http-nio-8080-exec-4] DEBUG [traceId=d2a9a4f71d8d44f3b8fa41066f2534bf userId=21 role=1] c.k.i.mapper.DictMapper.selectList - ==> Parameters: module_name(String)
2026-07-05 22:02:19.959 [http-nio-8080-exec-4] DEBUG [traceId=d2a9a4f71d8d44f3b8fa41066f2534bf userId=21 role=1] c.k.i.mapper.DictMapper.selectList - <==      Total: 7
2026-07-05 22:02:19.960 [http-nio-8080-exec-4] DEBUG [traceId=d2a9a4f71d8d44f3b8fa41066f2534bf userId=21 role=1] c.k.i.mapper.DictMapper.selectList - ==>  Preparing: SELECT id,dict_code,dict_name,dict_label,dict_value,display_color,sort_no,status,create_by,create_time,update_by,update_time FROM sys_dict WHERE (dict_code = ?) ORDER BY sort_no ASC
2026-07-05 22:02:19.960 [http-nio-8080-exec-4] DEBUG [traceId=d2a9a4f71d8d44f3b8fa41066f2534bf userId=21 role=1] c.k.i.mapper.DictMapper.selectList - ==> Parameters: role(String)
2026-07-05 22:02:19.961 [http-nio-8080-exec-4] DEBUG [traceId=d2a9a4f71d8d44f3b8fa41066f2534bf userId=21 role=1] c.k.i.mapper.DictMapper.selectList - <==      Total: 3
2026-07-05 22:02:19.970 [http-nio-8080-exec-4] DEBUG [traceId=d2a9a4f71d8d44f3b8fa41066f2534bf userId=21 role=1] c.k.i.mapper.DictMapper.selectList - ==>  Preparing: SELECT id,dict_code,dict_name,dict_label,dict_value,display_color,sort_no,status,create_by,create_time,update_by,update_time FROM sys_dict WHERE (dict_code = ?) ORDER BY sort_no ASC
2026-07-05 22:02:19.970 [http-nio-8080-exec-4] DEBUG [traceId=d2a9a4f71d8d44f3b8fa41066f2534bf userId=21 role=1] c.k.i.mapper.DictMapper.selectList - ==> Parameters: task_status(String)
2026-07-05 22:02:19.971 [http-nio-8080-exec-4] DEBUG [traceId=d2a9a4f71d8d44f3b8fa41066f2534bf userId=21 role=1] c.k.i.mapper.DictMapper.selectList - <==      Total: 2
2026-07-05 22:02:19.974 [http-nio-8080-exec-4] DEBUG [traceId=d2a9a4f71d8d44f3b8fa41066f2534bf userId=21 role=1] c.k.i.mapper.DictMapper.selectList - ==>  Preparing: SELECT id,dict_code,dict_name,dict_label,dict_value,display_color,sort_no,status,create_by,create_time,update_by,update_time FROM sys_dict WHERE (dict_code = ?) ORDER BY sort_no ASC
2026-07-05 22:02:19.974 [http-nio-8080-exec-4] DEBUG [traceId=d2a9a4f71d8d44f3b8fa41066f2534bf userId=21 role=1] c.k.i.mapper.DictMapper.selectList - ==> Parameters: task_type(String)
2026-07-05 22:02:19.975 [http-nio-8080-exec-4] DEBUG [traceId=d2a9a4f71d8d44f3b8fa41066f2534bf userId=21 role=1] c.k.i.mapper.DictMapper.selectList - <==      Total: 4
2026-07-05 22:02:19.976 [http-nio-8080-exec-4] DEBUG [traceId=d2a9a4f71d8d44f3b8fa41066f2534bf userId=21 role=1] c.k.i.mapper.DictMapper.selectList - ==>  Preparing: SELECT id,dict_code,dict_name,dict_label,dict_value,display_color,sort_no,status,create_by,create_time,update_by,update_time FROM sys_dict WHERE (dict_code = ?) ORDER BY sort_no ASC
2026-07-05 22:02:19.977 [http-nio-8080-exec-4] DEBUG [traceId=d2a9a4f71d8d44f3b8fa41066f2534bf userId=21 role=1] c.k.i.mapper.DictMapper.selectList - ==> Parameters: task_user_status(String)
2026-07-05 22:02:19.977 [http-nio-8080-exec-4] DEBUG [traceId=d2a9a4f71d8d44f3b8fa41066f2534bf userId=21 role=1] c.k.i.mapper.DictMapper.selectList - <==      Total: 3
2026-07-05 22:02:19.981 [http-nio-8080-exec-4] INFO  [traceId=d2a9a4f71d8d44f3b8fa41066f2534bf userId=21 role=1] com.kg.interceptor.TraceIdFilter - HTTP_REQUEST_END method=GET uri=/dict/group/page status=200 cost=169ms responseBody={"code":200,"message":"查询成功","data":{"total":9,"list":[{"dictCode":"leave_period","dictName":"请假时段","items":[{"dictValue":"AM","dictLabel":"上午","sortNo":1,"status":1,"displayColor":null},{"dictValue":"PM","dictLabel":"下午","sortNo":2,"status":1,"displayColor":null},{"dictValue":"EV","dictLabel":"晚上","sortNo":3,"status":1,"displayColor":null}]},{"dictCode":"leave_status","dictName":"请假状态","items":[{"dictValue":"0","dictLabel":"待审批","sortNo":1,"status":1,"displayColor":null},{"dictValue":"1","dictLabel":"通过","sortNo":2,"status":1,"displayColor":null},{"dictValue":"2","dictLabel":"拒绝","sortNo":3,"status":1,"displayColor":null}]},{"dictCode":"leave_type","dictName":"请假类型","items":[{"dictValue":"1","dictLabel":"事假","sortNo":1,"status":1,"displayColor":null},{"dictValue":"2","dictLabel":"病假","sortNo":2,"status":1,"displayColor":null},{"dictValue":"3","dictLabel":"其他","sortNo":3,"status":1,"displayColor":null}]},{"dictCode":"message_type","dictName":"消息类型","items":[{"dictValue":"TASK_START","dictLabel":"任务开始","sortNo":1,"status":1,"displayColor":null},{"dictValue":"TASK_DEADLINE","dictLabel":"任务结束","sortNo":2,"status":1,"displayColor":null},{"dictValue":"LEAVE","dictLabel":"请假","sortNo":3,"status":1,"displayColor":null}]},{"dictCode":"module_name","dictName":"成绩模板名","items":[{"dictValue":"1","dictLabel":"行测-常识","sortNo":1,"status":1,"displayColor":null},{"dictValue":"2","dictLabel":"行测-言语","sortNo":2,"status":1,"displayColor":null},{"dictValue":"3","dictLabel":"行测-数量","sortNo":3,"status":1,"displayColor":null},{"dictValue":"4","dictLabel":"行测-判断推理","sortNo":4,"status":1,"displayColor":null},{"dictValue":"5","dictLabel":"行测-资料分析","sortNo":5,"status":1,"displayColor":null},{"dictValue":"6","dictLabel":"申论-小题","sortNo":6,"status":1,"displayColor":null},{"dictValue":"7","dictLabel":"申论-大作文","sortNo":7,"status":1,"displayColor":null}]},{"dictCode":"role","dictName":"角色","items":[{"dictValue":"1","dictLabel":"老师","sortNo":1,"status":1,"displayColor":null},{"dictValue":"2","dictLabel":"班长","sortNo":2,"status":1,"displayColor":null},{"dictValue":"3","dictLabel":"学生","sortNo":3,"status":1,"displayColor":null}]},{"dictCode":"task_status","dictName":"任务状态","items":[{"dictValue":"0","dictLabel":"未完成","sortNo":1,"status":1,"displayColor":null},{"dictValue":"1","dictLabel":"已完成","sortNo":2,"status":1,"displayColor":null}]},{"dictCode":"task_type","dictName":"任务类型","items":[{"dictValue":"0","dictLabel":"刷题","sortNo":0,"status":1,"displayColor":"#ff6f00"},{"dictValue":"1","dictLabel":"学习","sortNo":1,"status":1,"displayColor":"#f7ff00"},{"dictValue":"2","dictLabel":"打卡","sortNo":2,"status":1,"displayColor":"#66ff00"},{"dictValue":"3","dictLabel":"每日复盘","sortNo":3,"status":1,"displayColor":"#00bfff"}]},{"dictCode":"task_user_status","dictName":"学生任务状态","items":[{"dictValue":"0","dictLabel":"未完成","sortNo":1,"status":1,"displayColor":"#409EFF"},{"dictValue":"1","dictLabel":"已完成","sortNo":2,"status":1,"displayColor":"#67C23A"},{"dictValue":"2","dictLabel":"逾期完成","sortNo":3,"status":1,"displayColor":"#E6A23C"}]}]}}
2026-07-05 22:05:18.133 [SpringApplicationShutdownHook] INFO  [traceId= userId= role=] com.zaxxer.hikari.HikariDataSource - HikariPool-1 - Shutdown initiated...
2026-07-05 22:05:18.152 [SpringApplicationShutdownHook] INFO  [traceId= userId= role=] com.zaxxer.hikari.HikariDataSource - HikariPool-1 - Shutdown completed.
2026-07-05 22:05:28.375 [background-preinit] INFO  [traceId= userId= role=] o.h.validator.internal.util.Version - HV000001: Hibernate Validator 6.2.5.Final
2026-07-05 22:05:28.392 [main] INFO  [traceId= userId= role=] com.kg.KgApplication - Starting KgApplication using Java 1.8.0_271 on LAPTOP-O2F6G5FB with PID 33140 (F:\aiProject\smart-study-system\backend\target\classes started by 86198 in F:\aiProject\smart-study-system\backend)
2026-07-05 22:05:28.394 [main] INFO  [traceId= userId= role=] com.kg.KgApplication - No active profile set, falling back to 1 default profile: "default"
2026-07-05 22:05:31.052 [main] INFO  [traceId= userId= role=] o.s.b.w.e.tomcat.TomcatWebServer - Tomcat initialized with port(s): 8080 (http)
2026-07-05 22:05:31.062 [main] INFO  [traceId= userId= role=] o.a.coyote.http11.Http11NioProtocol - Initializing ProtocolHandler ["http-nio-8080"]
2026-07-05 22:05:31.067 [main] INFO  [traceId= userId= role=] o.a.catalina.core.StandardService - Starting service [Tomcat]
2026-07-05 22:05:31.067 [main] INFO  [traceId= userId= role=] o.a.catalina.core.StandardEngine - Starting Servlet engine: [Apache Tomcat/9.0.83]
2026-07-05 22:05:31.303 [main] INFO  [traceId= userId= role=] o.a.c.c.C.[Tomcat].[localhost].[/] - Initializing Spring embedded WebApplicationContext
2026-07-05 22:05:31.304 [main] INFO  [traceId= userId= role=] o.s.b.w.s.c.ServletWebServerApplicationContext - Root WebApplicationContext: initialization completed in 2843 ms
2026-07-05 22:05:35.818 [main] INFO  [traceId= userId= role=] o.a.coyote.http11.Http11NioProtocol - Starting ProtocolHandler ["http-nio-8080"]
2026-07-05 22:05:35.866 [main] INFO  [traceId= userId= role=] o.s.b.w.e.tomcat.TomcatWebServer - Tomcat started on port(s): 8080 (http) with context path ''
2026-07-05 22:05:35.890 [main] INFO  [traceId= userId= role=] com.kg.KgApplication - Started KgApplication in 8.261 seconds (JVM running for 9.179)
2026-07-05 22:05:36.012 [main] INFO  [traceId= userId= role=] com.zaxxer.hikari.HikariDataSource - HikariPool-1 - Starting...
2026-07-05 22:05:37.351 [main] INFO  [traceId= userId= role=] com.zaxxer.hikari.HikariDataSource - HikariPool-1 - Start completed.
2026-07-05 22:05:37.358 [main] DEBUG [traceId= userId= role=] c.k.i.m.SysUserMapper.selectList - ==>  Preparing: SELECT id,account,name,password,role,gender,email,phone,openid,description,teacher_remark,class_id,status,create_by,create_time,update_by,update_time FROM sys_user WHERE (account = ?)
2026-07-05 22:05:37.381 [main] DEBUG [traceId= userId= role=] c.k.i.m.SysUserMapper.selectList - ==> Parameters: root(String)
2026-07-05 22:05:37.411 [main] DEBUG [traceId= userId= role=] c.k.i.m.SysUserMapper.selectList - <==      Total: 1
2026-07-05 22:05:37.417 [main] INFO  [traceId= userId= role=] com.kg.config.DataInitializer - 默认管理员账号已存在：account=root
2026-07-05 22:05:37.417 [main] INFO  [traceId= userId= role=] c.k.scheduler.DailyTaskStartupRunner - ====== 开始执行每日任务补偿检查 ======
2026-07-05 22:05:37.438 [main] DEBUG [traceId= userId= role=] c.k.i.mapper.TaskMapper.selectList - ==>  Preparing: SELECT id,task_name,task_type,template_id,round_no,is_mandatory,task_description,task_start_time,task_end_time,priority,class_id,target_type,target_ids,plan_id,plan_date,is_repeat_task,status,create_by,create_time,update_by,update_time FROM task WHERE ((status = ? OR status IS NULL)) ORDER BY id DESC LIMIT 0,500
2026-07-05 22:05:37.439 [main] DEBUG [traceId= userId= role=] c.k.i.mapper.TaskMapper.selectList - ==> Parameters: 1(Integer)
2026-07-05 22:05:37.464 [main] DEBUG [traceId= userId= role=] c.k.i.mapper.TaskMapper.selectList - <==      Total: 68
2026-07-05 22:05:37.466 [main] INFO  [traceId= userId= role=] c.k.a.service.BatchTaskService - 【启动补偿】每日打卡 (2026-07-05) 已存在，跳过
2026-07-05 22:05:37.468 [main] DEBUG [traceId= userId= role=] c.k.i.mapper.TaskMapper.selectList - ==>  Preparing: SELECT id,task_name,task_type,template_id,round_no,is_mandatory,task_description,task_start_time,task_end_time,priority,class_id,target_type,target_ids,plan_id,plan_date,is_repeat_task,status,create_by,create_time,update_by,update_time FROM task WHERE ((status = ? OR status IS NULL)) ORDER BY id DESC LIMIT 0,500
2026-07-05 22:05:37.468 [main] DEBUG [traceId= userId= role=] c.k.i.mapper.TaskMapper.selectList - ==> Parameters: 1(Integer)
2026-07-05 22:05:37.482 [main] DEBUG [traceId= userId= role=] c.k.i.mapper.TaskMapper.selectList - <==      Total: 68
2026-07-05 22:05:37.483 [main] INFO  [traceId= userId= role=] c.k.a.service.BatchTaskService - 【启动补偿】每日复盘 (2026-07-05) 已存在，跳过
2026-07-05 22:05:37.483 [main] INFO  [traceId= userId= role=] c.k.scheduler.DailyTaskStartupRunner - ====== 每日任务补偿检查完成 ======
2026-07-05 22:35:40.511 [http-nio-8080-exec-2] INFO  [traceId= userId= role=] o.a.c.c.C.[Tomcat].[localhost].[/] - Initializing Spring DispatcherServlet 'dispatcherServlet'
2026-07-05 22:35:40.512 [http-nio-8080-exec-2] INFO  [traceId= userId= role=] o.s.web.servlet.DispatcherServlet - Initializing Servlet 'dispatcherServlet'
2026-07-05 22:35:40.513 [http-nio-8080-exec-2] INFO  [traceId= userId= role=] o.s.web.servlet.DispatcherServlet - Completed initialization in 1 ms
2026-07-05 22:35:40.525 [http-nio-8080-exec-2] INFO  [traceId=d0aed96ca0994e918aee91b36fb2c1f6 userId= role=] com.kg.interceptor.TraceIdFilter - HTTP_REQUEST_START method=GET uri=/dict/group/task_type query=null requestBody= ip=0:0:0:0:0:0:0:1 userAgent=Mozilla/5.0 (Windows NT 10.0; Win64; x64) AppleWebKit/537.36 (KHTML, like Gecko) Chrome/123.0.0.0 Safari/537.36
2026-07-05 22:35:40.615 [http-nio-8080-exec-2] DEBUG [traceId=d0aed96ca0994e918aee91b36fb2c1f6 userId= role=] c.k.i.m.SysUserMapper.selectById - ==>  Preparing: SELECT id,account,name,password,role,gender,email,phone,openid,description,teacher_remark,class_id,status,create_by,create_time,update_by,update_time FROM sys_user WHERE id=?
2026-07-05 22:35:40.615 [http-nio-8080-exec-2] DEBUG [traceId=d0aed96ca0994e918aee91b36fb2c1f6 userId= role=] c.k.i.m.SysUserMapper.selectById - ==> Parameters: 21(Long)
2026-07-05 22:35:40.618 [http-nio-8080-exec-2] DEBUG [traceId=d0aed96ca0994e918aee91b36fb2c1f6 userId= role=] c.k.i.m.SysUserMapper.selectById - <==      Total: 1
2026-07-05 22:35:40.645 [http-nio-8080-exec-2] DEBUG [traceId=d0aed96ca0994e918aee91b36fb2c1f6 userId=21 role=1] c.k.i.mapper.DictMapper.selectList - ==>  Preparing: SELECT id,dict_code,dict_name,dict_label,dict_value,display_color,sort_no,status,create_by,create_time,update_by,update_time FROM sys_dict WHERE (dict_code = ?) ORDER BY sort_no ASC
2026-07-05 22:35:40.645 [http-nio-8080-exec-2] DEBUG [traceId=d0aed96ca0994e918aee91b36fb2c1f6 userId=21 role=1] c.k.i.mapper.DictMapper.selectList - ==> Parameters: task_type(String)
2026-07-05 22:35:40.647 [http-nio-8080-exec-2] DEBUG [traceId=d0aed96ca0994e918aee91b36fb2c1f6 userId=21 role=1] c.k.i.mapper.DictMapper.selectList - <==      Total: 4
2026-07-05 22:35:40.715 [http-nio-8080-exec-2] INFO  [traceId=d0aed96ca0994e918aee91b36fb2c1f6 userId=21 role=1] com.kg.interceptor.TraceIdFilter - HTTP_REQUEST_END method=GET uri=/dict/group/task_type status=200 cost=197ms responseBody={"code":200,"message":"查询成功","data":{"dictCode":"task_type","dictName":"任务类型","items":[{"dictValue":"0","dictLabel":"刷题","sortNo":0,"status":1,"displayColor":"#ff6f00"},{"dictValue":"1","dictLabel":"学习","sortNo":1,"status":1,"displayColor":"#f7ff00"},{"dictValue":"2","dictLabel":"打卡","sortNo":2,"status":1,"displayColor":"#66ff00"},{"dictValue":"3","dictLabel":"每日复盘","sortNo":3,"status":1,"displayColor":"#00bfff"}]}}
2026-07-05 22:35:40.729 [http-nio-8080-exec-1] INFO  [traceId=0ad734db90a64155b224cf2e34406a8d userId= role=] com.kg.interceptor.TraceIdFilter - HTTP_REQUEST_START method=POST uri=/task-template/page query=null requestBody={"pageNum":1,"pageSize":10} ip=0:0:0:0:0:0:0:1 userAgent=Mozilla/5.0 (Windows NT 10.0; Win64; x64) AppleWebKit/537.36 (KHTML, like Gecko) Chrome/123.0.0.0 Safari/537.36
2026-07-05 22:35:40.733 [http-nio-8080-exec-1] DEBUG [traceId=0ad734db90a64155b224cf2e34406a8d userId= role=] c.k.i.m.SysUserMapper.selectById - ==>  Preparing: SELECT id,account,name,password,role,gender,email,phone,openid,description,teacher_remark,class_id,status,create_by,create_time,update_by,update_time FROM sys_user WHERE id=?
2026-07-05 22:35:40.734 [http-nio-8080-exec-1] DEBUG [traceId=0ad734db90a64155b224cf2e34406a8d userId= role=] c.k.i.m.SysUserMapper.selectById - ==> Parameters: 21(Long)
2026-07-05 22:35:40.735 [http-nio-8080-exec-1] DEBUG [traceId=0ad734db90a64155b224cf2e34406a8d userId= role=] c.k.i.m.SysUserMapper.selectById - <==      Total: 1
2026-07-05 22:35:40.824 [http-nio-8080-exec-1] DEBUG [traceId=0ad734db90a64155b224cf2e34406a8d userId=21 role=1] c.k.i.m.T.selectCount - ==>  Preparing: SELECT COUNT( * ) AS total FROM task_template
2026-07-05 22:35:40.825 [http-nio-8080-exec-1] DEBUG [traceId=0ad734db90a64155b224cf2e34406a8d userId=21 role=1] c.k.i.m.T.selectCount - ==> Parameters: 
2026-07-05 22:35:40.830 [http-nio-8080-exec-1] DEBUG [traceId=0ad734db90a64155b224cf2e34406a8d userId=21 role=1] c.k.i.m.T.selectCount - <==      Total: 1
2026-07-05 22:35:40.832 [http-nio-8080-exec-1] DEBUG [traceId=0ad734db90a64155b224cf2e34406a8d userId=21 role=1] c.k.i.m.T.selectList - ==>  Preparing: SELECT id,template_name,task_type,is_mandatory,task_description,default_priority,create_by,create_time,update_by,update_time FROM task_template ORDER BY id DESC LIMIT 0,10
2026-07-05 22:35:40.832 [http-nio-8080-exec-1] DEBUG [traceId=0ad734db90a64155b224cf2e34406a8d userId=21 role=1] c.k.i.m.T.selectList - ==> Parameters: 
2026-07-05 22:35:40.833 [http-nio-8080-exec-1] DEBUG [traceId=0ad734db90a64155b224cf2e34406a8d userId=21 role=1] c.k.i.m.T.selectList - <==      Total: 3
2026-07-05 22:35:40.838 [http-nio-8080-exec-1] INFO  [traceId=0ad734db90a64155b224cf2e34406a8d userId=21 role=1] com.kg.interceptor.TraceIdFilter - HTTP_REQUEST_END method=POST uri=/task-template/page status=200 cost=109ms responseBody={"code":200,"message":"查询成功","data":{"total":3,"list":[{"id":6,"templateName":"2026真题","taskType":"0","isMandatory":1,"taskDescription":"真题模拟","defaultPriority":1,"createTime":"2026-06-09 21:45:43"},{"id":5,"templateName":"20260608","taskType":"2","isMandatory":1,"taskDescription":"做2026年国考","defaultPriority":1,"createTime":"2026-06-08 10:52:36"},{"id":4,"templateName":"模板任务1","taskType":"0","isMandatory":1,"taskDescription":"","defaultPriority":1,"createTime":"2026-06-01 00:27:11"}]}}
2026-07-05 22:35:41.083 [http-nio-8080-exec-3] INFO  [traceId=d507e15248f14b39bdb7a74670a4122d userId= role=] com.kg.interceptor.TraceIdFilter - HTTP_REQUEST_START method=GET uri=/dict/group/task_type query=null requestBody= ip=0:0:0:0:0:0:0:1 userAgent=Mozilla/5.0 (Windows NT 10.0; Win64; x64) AppleWebKit/537.36 (KHTML, like Gecko) Chrome/123.0.0.0 Safari/537.36
2026-07-05 22:35:41.086 [http-nio-8080-exec-3] DEBUG [traceId=d507e15248f14b39bdb7a74670a4122d userId= role=] c.k.i.m.SysUserMapper.selectById - ==>  Preparing: SELECT id,account,name,password,role,gender,email,phone,openid,description,teacher_remark,class_id,status,create_by,create_time,update_by,update_time FROM sys_user WHERE id=?
2026-07-05 22:35:41.087 [http-nio-8080-exec-3] DEBUG [traceId=d507e15248f14b39bdb7a74670a4122d userId= role=] c.k.i.m.SysUserMapper.selectById - ==> Parameters: 21(Long)
2026-07-05 22:35:41.088 [http-nio-8080-exec-3] DEBUG [traceId=d507e15248f14b39bdb7a74670a4122d userId= role=] c.k.i.m.SysUserMapper.selectById - <==      Total: 1
2026-07-05 22:35:41.089 [http-nio-8080-exec-3] DEBUG [traceId=d507e15248f14b39bdb7a74670a4122d userId=21 role=1] c.k.i.mapper.DictMapper.selectList - ==>  Preparing: SELECT id,dict_code,dict_name,dict_label,dict_value,display_color,sort_no,status,create_by,create_time,update_by,update_time FROM sys_dict WHERE (dict_code = ?) ORDER BY sort_no ASC
2026-07-05 22:35:41.090 [http-nio-8080-exec-3] DEBUG [traceId=d507e15248f14b39bdb7a74670a4122d userId=21 role=1] c.k.i.mapper.DictMapper.selectList - ==> Parameters: task_type(String)
2026-07-05 22:35:41.091 [http-nio-8080-exec-3] DEBUG [traceId=d507e15248f14b39bdb7a74670a4122d userId=21 role=1] c.k.i.mapper.DictMapper.selectList - <==      Total: 4
2026-07-05 22:35:41.092 [http-nio-8080-exec-3] INFO  [traceId=d507e15248f14b39bdb7a74670a4122d userId=21 role=1] com.kg.interceptor.TraceIdFilter - HTTP_REQUEST_END method=GET uri=/dict/group/task_type status=200 cost=9ms responseBody={"code":200,"message":"查询成功","data":{"dictCode":"task_type","dictName":"任务类型","items":[{"dictValue":"0","dictLabel":"刷题","sortNo":0,"status":1,"displayColor":"#ff6f00"},{"dictValue":"1","dictLabel":"学习","sortNo":1,"status":1,"displayColor":"#f7ff00"},{"dictValue":"2","dictLabel":"打卡","sortNo":2,"status":1,"displayColor":"#66ff00"},{"dictValue":"3","dictLabel":"每日复盘","sortNo":3,"status":1,"displayColor":"#00bfff"}]}}
2026-07-05 22:35:41.135 [http-nio-8080-exec-4] INFO  [traceId=6b6a702e93b74eab945dcf293026a20a userId= role=] com.kg.interceptor.TraceIdFilter - HTTP_REQUEST_START method=GET uri=/class/options query=null requestBody= ip=0:0:0:0:0:0:0:1 userAgent=Mozilla/5.0 (Windows NT 10.0; Win64; x64) AppleWebKit/537.36 (KHTML, like Gecko) Chrome/123.0.0.0 Safari/537.36
2026-07-05 22:35:41.135 [http-nio-8080-exec-6] INFO  [traceId=2a0723baf0b944479c40dcb907953254 userId= role=] com.kg.interceptor.TraceIdFilter - HTTP_REQUEST_START method=GET uri=/class/student-options query=null requestBody= ip=0:0:0:0:0:0:0:1 userAgent=Mozilla/5.0 (Windows NT 10.0; Win64; x64) AppleWebKit/537.36 (KHTML, like Gecko) Chrome/123.0.0.0 Safari/537.36
2026-07-05 22:35:41.135 [http-nio-8080-exec-5] INFO  [traceId=16e31f37626c43a08f30712c2c7fee6f userId= role=] com.kg.interceptor.TraceIdFilter - HTTP_REQUEST_START method=POST uri=/task/page query=null requestBody={"pageNum":1,"pageSize":10} ip=0:0:0:0:0:0:0:1 userAgent=Mozilla/5.0 (Windows NT 10.0; Win64; x64) AppleWebKit/537.36 (KHTML, like Gecko) Chrome/123.0.0.0 Safari/537.36
2026-07-05 22:35:41.142 [http-nio-8080-exec-6] DEBUG [traceId=2a0723baf0b944479c40dcb907953254 userId= role=] c.k.i.m.SysUserMapper.selectById - ==>  Preparing: SELECT id,account,name,password,role,gender,email,phone,openid,description,teacher_remark,class_id,status,create_by,create_time,update_by,update_time FROM sys_user WHERE id=?
2026-07-05 22:35:41.143 [http-nio-8080-exec-5] DEBUG [traceId=16e31f37626c43a08f30712c2c7fee6f userId= role=] c.k.i.m.SysUserMapper.selectById - ==>  Preparing: SELECT id,account,name,password,role,gender,email,phone,openid,description,teacher_remark,class_id,status,create_by,create_time,update_by,update_time FROM sys_user WHERE id=?
2026-07-05 22:35:41.143 [http-nio-8080-exec-4] DEBUG [traceId=6b6a702e93b74eab945dcf293026a20a userId= role=] c.k.i.m.SysUserMapper.selectById - ==>  Preparing: SELECT id,account,name,password,role,gender,email,phone,openid,description,teacher_remark,class_id,status,create_by,create_time,update_by,update_time FROM sys_user WHERE id=?
2026-07-05 22:35:41.143 [http-nio-8080-exec-5] DEBUG [traceId=16e31f37626c43a08f30712c2c7fee6f userId= role=] c.k.i.m.SysUserMapper.selectById - ==> Parameters: 21(Long)
2026-07-05 22:35:41.143 [http-nio-8080-exec-6] DEBUG [traceId=2a0723baf0b944479c40dcb907953254 userId= role=] c.k.i.m.SysUserMapper.selectById - ==> Parameters: 21(Long)
2026-07-05 22:35:41.143 [http-nio-8080-exec-4] DEBUG [traceId=6b6a702e93b74eab945dcf293026a20a userId= role=] c.k.i.m.SysUserMapper.selectById - ==> Parameters: 21(Long)
2026-07-05 22:35:41.144 [http-nio-8080-exec-4] DEBUG [traceId=6b6a702e93b74eab945dcf293026a20a userId= role=] c.k.i.m.SysUserMapper.selectById - <==      Total: 1
2026-07-05 22:35:41.144 [http-nio-8080-exec-6] DEBUG [traceId=2a0723baf0b944479c40dcb907953254 userId= role=] c.k.i.m.SysUserMapper.selectById - <==      Total: 1
2026-07-05 22:35:41.144 [http-nio-8080-exec-5] DEBUG [traceId=16e31f37626c43a08f30712c2c7fee6f userId= role=] c.k.i.m.SysUserMapper.selectById - <==      Total: 1
2026-07-05 22:35:41.151 [http-nio-8080-exec-6] DEBUG [traceId=2a0723baf0b944479c40dcb907953254 userId=21 role=1] c.k.i.m.SysUserMapper.selectList - ==>  Preparing: SELECT id,account,name,password,role,gender,email,phone,openid,description,teacher_remark,class_id,status,create_by,create_time,update_by,update_time FROM sys_user WHERE (role IN (?,?) AND status = ?)
2026-07-05 22:35:41.152 [http-nio-8080-exec-4] DEBUG [traceId=6b6a702e93b74eab945dcf293026a20a userId=21 role=1] c.k.i.m.ClassInfoMapper.selectList - ==>  Preparing: SELECT id,class_name,description,status,create_by,create_time,update_by,update_time FROM class_info WHERE (status = ?) ORDER BY class_name ASC
2026-07-05 22:35:41.152 [http-nio-8080-exec-6] DEBUG [traceId=2a0723baf0b944479c40dcb907953254 userId=21 role=1] c.k.i.m.SysUserMapper.selectList - ==> Parameters: 2(String), 3(String), 1(Integer)
2026-07-05 22:35:41.152 [http-nio-8080-exec-4] DEBUG [traceId=6b6a702e93b74eab945dcf293026a20a userId=21 role=1] c.k.i.m.ClassInfoMapper.selectList - ==> Parameters: 1(Integer)
2026-07-05 22:35:41.154 [http-nio-8080-exec-4] DEBUG [traceId=6b6a702e93b74eab945dcf293026a20a userId=21 role=1] c.k.i.m.ClassInfoMapper.selectList - <==      Total: 3
2026-07-05 22:35:41.156 [http-nio-8080-exec-6] DEBUG [traceId=2a0723baf0b944479c40dcb907953254 userId=21 role=1] c.k.i.m.SysUserMapper.selectList - <==      Total: 11
2026-07-05 22:35:41.158 [http-nio-8080-exec-4] INFO  [traceId=6b6a702e93b74eab945dcf293026a20a userId=21 role=1] com.kg.interceptor.TraceIdFilter - HTTP_REQUEST_END method=GET uri=/class/options status=200 cost=23ms responseBody={"code":200,"message":"查询成功","data":[{"id":8,"className":"1班"},{"id":9,"className":"2班"},{"id":10,"className":"线上学习1班"}]}
2026-07-05 22:35:41.158 [http-nio-8080-exec-6] INFO  [traceId=2a0723baf0b944479c40dcb907953254 userId=21 role=1] com.kg.interceptor.TraceIdFilter - HTTP_REQUEST_END method=GET uri=/class/student-options status=200 cost=23ms responseBody={"code":200,"message":"查询成功","data":[{"id":23,"name":"张三","classId":8},{"id":24,"name":"李四","classId":9},{"id":25,"name":"王五","classId":8},{"id":26,"name":"赵六","classId":9},{"id":27,"name":"赵七","classId":null},{"id":28,"name":"赵八","classId":8},{"id":29,"name":"杨少伟","classId":8},{"id":30,"name":"测试新增用户任务","classId":8},{"id":31,"name":"11","classId":8},{"id":32,"name":"11","classId":8},{"id":33,"name":"五四","classId":10}]}
2026-07-05 22:35:41.159 [http-nio-8080-exec-5] DEBUG [traceId=16e31f37626c43a08f30712c2c7fee6f userId=21 role=1] c.k.i.mapper.TaskMapper.selectList - ==>  Preparing: SELECT id,task_name,task_type,template_id,round_no,is_mandatory,task_description,task_start_time,task_end_time,priority,class_id,target_type,target_ids,plan_id,plan_date,is_repeat_task,status,create_by,create_time,update_by,update_time FROM task WHERE ((status = ? OR status IS NULL)) ORDER BY id DESC LIMIT 0,10
2026-07-05 22:35:41.161 [http-nio-8080-exec-5] DEBUG [traceId=16e31f37626c43a08f30712c2c7fee6f userId=21 role=1] c.k.i.mapper.TaskMapper.selectList - ==> Parameters: 1(Integer)
2026-07-05 22:35:41.165 [http-nio-8080-exec-5] DEBUG [traceId=16e31f37626c43a08f30712c2c7fee6f userId=21 role=1] c.k.i.mapper.TaskMapper.selectList - <==      Total: 10
2026-07-05 22:35:41.167 [http-nio-8080-exec-5] DEBUG [traceId=16e31f37626c43a08f30712c2c7fee6f userId=21 role=1] c.k.i.mapper.TaskMapper.selectCount - ==>  Preparing: SELECT COUNT( * ) AS total FROM task WHERE ((status = ? OR status IS NULL))
2026-07-05 22:35:41.168 [http-nio-8080-exec-5] DEBUG [traceId=16e31f37626c43a08f30712c2c7fee6f userId=21 role=1] c.k.i.mapper.TaskMapper.selectCount - ==> Parameters: 1(Integer)
2026-07-05 22:35:41.168 [http-nio-8080-exec-5] DEBUG [traceId=16e31f37626c43a08f30712c2c7fee6f userId=21 role=1] c.k.i.mapper.TaskMapper.selectCount - <==      Total: 1
2026-07-05 22:35:41.173 [http-nio-8080-exec-5] DEBUG [traceId=16e31f37626c43a08f30712c2c7fee6f userId=21 role=1] c.k.i.m.TaskUserMapper.selectList - ==>  Preparing: SELECT id,task_id,user_id,status,start_time,finish_time,duration_minutes,remark,total_score,submit_time,create_by,create_time,update_by,update_time FROM task_user WHERE (task_id = ?)
2026-07-05 22:35:41.173 [http-nio-8080-exec-5] DEBUG [traceId=16e31f37626c43a08f30712c2c7fee6f userId=21 role=1] c.k.i.m.TaskUserMapper.selectList - ==> Parameters: 95(Long)
2026-07-05 22:35:41.177 [http-nio-8080-exec-5] DEBUG [traceId=16e31f37626c43a08f30712c2c7fee6f userId=21 role=1] c.k.i.m.TaskUserMapper.selectList - <==      Total: 11
2026-07-05 22:35:41.180 [http-nio-8080-exec-5] DEBUG [traceId=16e31f37626c43a08f30712c2c7fee6f userId=21 role=1] c.k.i.m.ClassInfoMapper.selectById - ==>  Preparing: SELECT id,class_name,description,status,create_by,create_time,update_by,update_time FROM class_info WHERE id=?
2026-07-05 22:35:41.180 [http-nio-8080-exec-5] DEBUG [traceId=16e31f37626c43a08f30712c2c7fee6f userId=21 role=1] c.k.i.m.ClassInfoMapper.selectById - ==> Parameters: 8(Long)
2026-07-05 22:35:41.184 [http-nio-8080-exec-5] DEBUG [traceId=16e31f37626c43a08f30712c2c7fee6f userId=21 role=1] c.k.i.m.ClassInfoMapper.selectById - <==      Total: 1
2026-07-05 22:35:41.185 [http-nio-8080-exec-5] DEBUG [traceId=16e31f37626c43a08f30712c2c7fee6f userId=21 role=1] c.k.i.m.ClassInfoMapper.selectById - ==>  Preparing: SELECT id,class_name,description,status,create_by,create_time,update_by,update_time FROM class_info WHERE id=?
2026-07-05 22:35:41.185 [http-nio-8080-exec-5] DEBUG [traceId=16e31f37626c43a08f30712c2c7fee6f userId=21 role=1] c.k.i.m.ClassInfoMapper.selectById - ==> Parameters: 9(Long)
2026-07-05 22:35:41.186 [http-nio-8080-exec-5] DEBUG [traceId=16e31f37626c43a08f30712c2c7fee6f userId=21 role=1] c.k.i.m.ClassInfoMapper.selectById - <==      Total: 1
2026-07-05 22:35:41.186 [http-nio-8080-exec-5] DEBUG [traceId=16e31f37626c43a08f30712c2c7fee6f userId=21 role=1] c.k.i.m.ClassInfoMapper.selectById - ==>  Preparing: SELECT id,class_name,description,status,create_by,create_time,update_by,update_time FROM class_info WHERE id=?
2026-07-05 22:35:41.187 [http-nio-8080-exec-5] DEBUG [traceId=16e31f37626c43a08f30712c2c7fee6f userId=21 role=1] c.k.i.m.ClassInfoMapper.selectById - ==> Parameters: 10(Long)
2026-07-05 22:35:41.187 [http-nio-8080-exec-5] DEBUG [traceId=16e31f37626c43a08f30712c2c7fee6f userId=21 role=1] c.k.i.m.ClassInfoMapper.selectById - <==      Total: 1
2026-07-05 22:35:41.188 [http-nio-8080-exec-5] DEBUG [traceId=16e31f37626c43a08f30712c2c7fee6f userId=21 role=1] c.k.i.m.TaskUserMapper.selectList - ==>  Preparing: SELECT id,task_id,user_id,status,start_time,finish_time,duration_minutes,remark,total_score,submit_time,create_by,create_time,update_by,update_time FROM task_user WHERE (task_id = ?)
2026-07-05 22:35:41.189 [http-nio-8080-exec-5] DEBUG [traceId=16e31f37626c43a08f30712c2c7fee6f userId=21 role=1] c.k.i.m.TaskUserMapper.selectList - ==> Parameters: 94(Long)
2026-07-05 22:35:41.191 [http-nio-8080-exec-5] DEBUG [traceId=16e31f37626c43a08f30712c2c7fee6f userId=21 role=1] c.k.i.m.TaskUserMapper.selectList - <==      Total: 11
2026-07-05 22:35:41.193 [http-nio-8080-exec-5] DEBUG [traceId=16e31f37626c43a08f30712c2c7fee6f userId=21 role=1] c.k.i.m.ClassInfoMapper.selectById - ==>  Preparing: SELECT id,class_name,description,status,create_by,create_time,update_by,update_time FROM class_info WHERE id=?
2026-07-05 22:35:41.193 [http-nio-8080-exec-5] DEBUG [traceId=16e31f37626c43a08f30712c2c7fee6f userId=21 role=1] c.k.i.m.ClassInfoMapper.selectById - ==> Parameters: 8(Long)
2026-07-05 22:35:41.194 [http-nio-8080-exec-5] DEBUG [traceId=16e31f37626c43a08f30712c2c7fee6f userId=21 role=1] c.k.i.m.ClassInfoMapper.selectById - <==      Total: 1
2026-07-05 22:35:41.194 [http-nio-8080-exec-5] DEBUG [traceId=16e31f37626c43a08f30712c2c7fee6f userId=21 role=1] c.k.i.m.ClassInfoMapper.selectById - ==>  Preparing: SELECT id,class_name,description,status,create_by,create_time,update_by,update_time FROM class_info WHERE id=?
2026-07-05 22:35:41.194 [http-nio-8080-exec-5] DEBUG [traceId=16e31f37626c43a08f30712c2c7fee6f userId=21 role=1] c.k.i.m.ClassInfoMapper.selectById - ==> Parameters: 9(Long)
2026-07-05 22:35:41.195 [http-nio-8080-exec-5] DEBUG [traceId=16e31f37626c43a08f30712c2c7fee6f userId=21 role=1] c.k.i.m.ClassInfoMapper.selectById - <==      Total: 1
2026-07-05 22:35:41.195 [http-nio-8080-exec-5] DEBUG [traceId=16e31f37626c43a08f30712c2c7fee6f userId=21 role=1] c.k.i.m.ClassInfoMapper.selectById - ==>  Preparing: SELECT id,class_name,description,status,create_by,create_time,update_by,update_time FROM class_info WHERE id=?
2026-07-05 22:35:41.195 [http-nio-8080-exec-5] DEBUG [traceId=16e31f37626c43a08f30712c2c7fee6f userId=21 role=1] c.k.i.m.ClassInfoMapper.selectById - ==> Parameters: 10(Long)
2026-07-05 22:35:41.195 [http-nio-8080-exec-5] DEBUG [traceId=16e31f37626c43a08f30712c2c7fee6f userId=21 role=1] c.k.i.m.ClassInfoMapper.selectById - <==      Total: 1
2026-07-05 22:35:41.196 [http-nio-8080-exec-5] DEBUG [traceId=16e31f37626c43a08f30712c2c7fee6f userId=21 role=1] c.k.i.m.TaskUserMapper.selectList - ==>  Preparing: SELECT id,task_id,user_id,status,start_time,finish_time,duration_minutes,remark,total_score,submit_time,create_by,create_time,update_by,update_time FROM task_user WHERE (task_id = ?)
2026-07-05 22:35:41.197 [http-nio-8080-exec-5] DEBUG [traceId=16e31f37626c43a08f30712c2c7fee6f userId=21 role=1] c.k.i.m.TaskUserMapper.selectList - ==> Parameters: 93(Long)
2026-07-05 22:35:41.198 [http-nio-8080-exec-5] DEBUG [traceId=16e31f37626c43a08f30712c2c7fee6f userId=21 role=1] c.k.i.m.TaskUserMapper.selectList - <==      Total: 11
2026-07-05 22:35:41.199 [http-nio-8080-exec-5] DEBUG [traceId=16e31f37626c43a08f30712c2c7fee6f userId=21 role=1] c.k.i.m.ClassInfoMapper.selectById - ==>  Preparing: SELECT id,class_name,description,status,create_by,create_time,update_by,update_time FROM class_info WHERE id=?
2026-07-05 22:35:41.199 [http-nio-8080-exec-5] DEBUG [traceId=16e31f37626c43a08f30712c2c7fee6f userId=21 role=1] c.k.i.m.ClassInfoMapper.selectById - ==> Parameters: 8(Long)
2026-07-05 22:35:41.200 [http-nio-8080-exec-5] DEBUG [traceId=16e31f37626c43a08f30712c2c7fee6f userId=21 role=1] c.k.i.m.ClassInfoMapper.selectById - <==      Total: 1
2026-07-05 22:35:41.200 [http-nio-8080-exec-5] DEBUG [traceId=16e31f37626c43a08f30712c2c7fee6f userId=21 role=1] c.k.i.m.ClassInfoMapper.selectById - ==>  Preparing: SELECT id,class_name,description,status,create_by,create_time,update_by,update_time FROM class_info WHERE id=?
2026-07-05 22:35:41.201 [http-nio-8080-exec-5] DEBUG [traceId=16e31f37626c43a08f30712c2c7fee6f userId=21 role=1] c.k.i.m.ClassInfoMapper.selectById - ==> Parameters: 9(Long)
2026-07-05 22:35:41.201 [http-nio-8080-exec-5] DEBUG [traceId=16e31f37626c43a08f30712c2c7fee6f userId=21 role=1] c.k.i.m.ClassInfoMapper.selectById - <==      Total: 1
2026-07-05 22:35:41.202 [http-nio-8080-exec-5] DEBUG [traceId=16e31f37626c43a08f30712c2c7fee6f userId=21 role=1] c.k.i.m.ClassInfoMapper.selectById - ==>  Preparing: SELECT id,class_name,description,status,create_by,create_time,update_by,update_time FROM class_info WHERE id=?
2026-07-05 22:35:41.202 [http-nio-8080-exec-5] DEBUG [traceId=16e31f37626c43a08f30712c2c7fee6f userId=21 role=1] c.k.i.m.ClassInfoMapper.selectById - ==> Parameters: 10(Long)
2026-07-05 22:35:41.203 [http-nio-8080-exec-5] DEBUG [traceId=16e31f37626c43a08f30712c2c7fee6f userId=21 role=1] c.k.i.m.ClassInfoMapper.selectById - <==      Total: 1
2026-07-05 22:35:41.204 [http-nio-8080-exec-5] DEBUG [traceId=16e31f37626c43a08f30712c2c7fee6f userId=21 role=1] c.k.i.m.TaskUserMapper.selectList - ==>  Preparing: SELECT id,task_id,user_id,status,start_time,finish_time,duration_minutes,remark,total_score,submit_time,create_by,create_time,update_by,update_time FROM task_user WHERE (task_id = ?)
2026-07-05 22:35:41.204 [http-nio-8080-exec-5] DEBUG [traceId=16e31f37626c43a08f30712c2c7fee6f userId=21 role=1] c.k.i.m.TaskUserMapper.selectList - ==> Parameters: 92(Long)
2026-07-05 22:35:41.206 [http-nio-8080-exec-5] DEBUG [traceId=16e31f37626c43a08f30712c2c7fee6f userId=21 role=1] c.k.i.m.TaskUserMapper.selectList - <==      Total: 11
2026-07-05 22:35:41.206 [http-nio-8080-exec-5] DEBUG [traceId=16e31f37626c43a08f30712c2c7fee6f userId=21 role=1] c.k.i.m.ClassInfoMapper.selectById - ==>  Preparing: SELECT id,class_name,description,status,create_by,create_time,update_by,update_time FROM class_info WHERE id=?
2026-07-05 22:35:41.206 [http-nio-8080-exec-5] DEBUG [traceId=16e31f37626c43a08f30712c2c7fee6f userId=21 role=1] c.k.i.m.ClassInfoMapper.selectById - ==> Parameters: 8(Long)
2026-07-05 22:35:41.207 [http-nio-8080-exec-5] DEBUG [traceId=16e31f37626c43a08f30712c2c7fee6f userId=21 role=1] c.k.i.m.ClassInfoMapper.selectById - <==      Total: 1
2026-07-05 22:35:41.207 [http-nio-8080-exec-5] DEBUG [traceId=16e31f37626c43a08f30712c2c7fee6f userId=21 role=1] c.k.i.m.ClassInfoMapper.selectById - ==>  Preparing: SELECT id,class_name,description,status,create_by,create_time,update_by,update_time FROM class_info WHERE id=?
2026-07-05 22:35:41.207 [http-nio-8080-exec-5] DEBUG [traceId=16e31f37626c43a08f30712c2c7fee6f userId=21 role=1] c.k.i.m.ClassInfoMapper.selectById - ==> Parameters: 9(Long)
2026-07-05 22:35:41.207 [http-nio-8080-exec-5] DEBUG [traceId=16e31f37626c43a08f30712c2c7fee6f userId=21 role=1] c.k.i.m.ClassInfoMapper.selectById - <==      Total: 1
2026-07-05 22:35:41.208 [http-nio-8080-exec-5] DEBUG [traceId=16e31f37626c43a08f30712c2c7fee6f userId=21 role=1] c.k.i.m.ClassInfoMapper.selectById - ==>  Preparing: SELECT id,class_name,description,status,create_by,create_time,update_by,update_time FROM class_info WHERE id=?
2026-07-05 22:35:41.208 [http-nio-8080-exec-5] DEBUG [traceId=16e31f37626c43a08f30712c2c7fee6f userId=21 role=1] c.k.i.m.ClassInfoMapper.selectById - ==> Parameters: 10(Long)
2026-07-05 22:35:41.210 [http-nio-8080-exec-5] DEBUG [traceId=16e31f37626c43a08f30712c2c7fee6f userId=21 role=1] c.k.i.m.ClassInfoMapper.selectById - <==      Total: 1
2026-07-05 22:35:41.211 [http-nio-8080-exec-5] DEBUG [traceId=16e31f37626c43a08f30712c2c7fee6f userId=21 role=1] c.k.i.m.TaskUserMapper.selectList - ==>  Preparing: SELECT id,task_id,user_id,status,start_time,finish_time,duration_minutes,remark,total_score,submit_time,create_by,create_time,update_by,update_time FROM task_user WHERE (task_id = ?)
2026-07-05 22:35:41.212 [http-nio-8080-exec-5] DEBUG [traceId=16e31f37626c43a08f30712c2c7fee6f userId=21 role=1] c.k.i.m.TaskUserMapper.selectList - ==> Parameters: 91(Long)
2026-07-05 22:35:41.212 [http-nio-8080-exec-5] DEBUG [traceId=16e31f37626c43a08f30712c2c7fee6f userId=21 role=1] c.k.i.m.TaskUserMapper.selectList - <==      Total: 1
2026-07-05 22:35:41.213 [http-nio-8080-exec-5] DEBUG [traceId=16e31f37626c43a08f30712c2c7fee6f userId=21 role=1] c.k.i.m.ClassInfoMapper.selectById - ==>  Preparing: SELECT id,class_name,description,status,create_by,create_time,update_by,update_time FROM class_info WHERE id=?
2026-07-05 22:35:41.213 [http-nio-8080-exec-5] DEBUG [traceId=16e31f37626c43a08f30712c2c7fee6f userId=21 role=1] c.k.i.m.ClassInfoMapper.selectById - ==> Parameters: 10(Long)
2026-07-05 22:35:41.214 [http-nio-8080-exec-5] DEBUG [traceId=16e31f37626c43a08f30712c2c7fee6f userId=21 role=1] c.k.i.m.ClassInfoMapper.selectById - <==      Total: 1
2026-07-05 22:35:41.216 [http-nio-8080-exec-5] DEBUG [traceId=16e31f37626c43a08f30712c2c7fee6f userId=21 role=1] c.k.i.m.TaskUserMapper.selectList - ==>  Preparing: SELECT id,task_id,user_id,status,start_time,finish_time,duration_minutes,remark,total_score,submit_time,create_by,create_time,update_by,update_time FROM task_user WHERE (task_id = ?)
2026-07-05 22:35:41.217 [http-nio-8080-exec-5] DEBUG [traceId=16e31f37626c43a08f30712c2c7fee6f userId=21 role=1] c.k.i.m.TaskUserMapper.selectList - ==> Parameters: 90(Long)
2026-07-05 22:35:41.217 [http-nio-8080-exec-5] DEBUG [traceId=16e31f37626c43a08f30712c2c7fee6f userId=21 role=1] c.k.i.m.TaskUserMapper.selectList - <==      Total: 1
2026-07-05 22:35:41.218 [http-nio-8080-exec-5] DEBUG [traceId=16e31f37626c43a08f30712c2c7fee6f userId=21 role=1] c.k.i.m.ClassInfoMapper.selectById - ==>  Preparing: SELECT id,class_name,description,status,create_by,create_time,update_by,update_time FROM class_info WHERE id=?
2026-07-05 22:35:41.218 [http-nio-8080-exec-5] DEBUG [traceId=16e31f37626c43a08f30712c2c7fee6f userId=21 role=1] c.k.i.m.ClassInfoMapper.selectById - ==> Parameters: 10(Long)
2026-07-05 22:35:41.219 [http-nio-8080-exec-5] DEBUG [traceId=16e31f37626c43a08f30712c2c7fee6f userId=21 role=1] c.k.i.m.ClassInfoMapper.selectById - <==      Total: 1
2026-07-05 22:35:41.220 [http-nio-8080-exec-5] DEBUG [traceId=16e31f37626c43a08f30712c2c7fee6f userId=21 role=1] c.k.i.m.TaskUserMapper.selectList - ==>  Preparing: SELECT id,task_id,user_id,status,start_time,finish_time,duration_minutes,remark,total_score,submit_time,create_by,create_time,update_by,update_time FROM task_user WHERE (task_id = ?)
2026-07-05 22:35:41.220 [http-nio-8080-exec-5] DEBUG [traceId=16e31f37626c43a08f30712c2c7fee6f userId=21 role=1] c.k.i.m.TaskUserMapper.selectList - ==> Parameters: 89(Long)
2026-07-05 22:35:41.222 [http-nio-8080-exec-5] DEBUG [traceId=16e31f37626c43a08f30712c2c7fee6f userId=21 role=1] c.k.i.m.TaskUserMapper.selectList - <==      Total: 10
2026-07-05 22:35:41.222 [http-nio-8080-exec-5] DEBUG [traceId=16e31f37626c43a08f30712c2c7fee6f userId=21 role=1] c.k.i.m.ClassInfoMapper.selectById - ==>  Preparing: SELECT id,class_name,description,status,create_by,create_time,update_by,update_time FROM class_info WHERE id=?
2026-07-05 22:35:41.223 [http-nio-8080-exec-5] DEBUG [traceId=16e31f37626c43a08f30712c2c7fee6f userId=21 role=1] c.k.i.m.ClassInfoMapper.selectById - ==> Parameters: 8(Long)
2026-07-05 22:35:41.223 [http-nio-8080-exec-5] DEBUG [traceId=16e31f37626c43a08f30712c2c7fee6f userId=21 role=1] c.k.i.m.ClassInfoMapper.selectById - <==      Total: 1
2026-07-05 22:35:41.224 [http-nio-8080-exec-5] DEBUG [traceId=16e31f37626c43a08f30712c2c7fee6f userId=21 role=1] c.k.i.m.ClassInfoMapper.selectById - ==>  Preparing: SELECT id,class_name,description,status,create_by,create_time,update_by,update_time FROM class_info WHERE id=?
2026-07-05 22:35:41.224 [http-nio-8080-exec-5] DEBUG [traceId=16e31f37626c43a08f30712c2c7fee6f userId=21 role=1] c.k.i.m.ClassInfoMapper.selectById - ==> Parameters: 9(Long)
2026-07-05 22:35:41.224 [http-nio-8080-exec-5] DEBUG [traceId=16e31f37626c43a08f30712c2c7fee6f userId=21 role=1] c.k.i.m.ClassInfoMapper.selectById - <==      Total: 1
2026-07-05 22:35:41.225 [http-nio-8080-exec-5] DEBUG [traceId=16e31f37626c43a08f30712c2c7fee6f userId=21 role=1] c.k.i.m.TaskUserMapper.selectList - ==>  Preparing: SELECT id,task_id,user_id,status,start_time,finish_time,duration_minutes,remark,total_score,submit_time,create_by,create_time,update_by,update_time FROM task_user WHERE (task_id = ?)
2026-07-05 22:35:41.226 [http-nio-8080-exec-5] DEBUG [traceId=16e31f37626c43a08f30712c2c7fee6f userId=21 role=1] c.k.i.m.TaskUserMapper.selectList - ==> Parameters: 88(Long)
2026-07-05 22:35:41.227 [http-nio-8080-exec-5] DEBUG [traceId=16e31f37626c43a08f30712c2c7fee6f userId=21 role=1] c.k.i.m.TaskUserMapper.selectList - <==      Total: 10
2026-07-05 22:35:41.227 [http-nio-8080-exec-5] DEBUG [traceId=16e31f37626c43a08f30712c2c7fee6f userId=21 role=1] c.k.i.m.ClassInfoMapper.selectById - ==>  Preparing: SELECT id,class_name,description,status,create_by,create_time,update_by,update_time FROM class_info WHERE id=?
2026-07-05 22:35:41.227 [http-nio-8080-exec-5] DEBUG [traceId=16e31f37626c43a08f30712c2c7fee6f userId=21 role=1] c.k.i.m.ClassInfoMapper.selectById - ==> Parameters: 8(Long)
2026-07-05 22:35:41.228 [http-nio-8080-exec-5] DEBUG [traceId=16e31f37626c43a08f30712c2c7fee6f userId=21 role=1] c.k.i.m.ClassInfoMapper.selectById - <==      Total: 1
2026-07-05 22:35:41.228 [http-nio-8080-exec-5] DEBUG [traceId=16e31f37626c43a08f30712c2c7fee6f userId=21 role=1] c.k.i.m.ClassInfoMapper.selectById - ==>  Preparing: SELECT id,class_name,description,status,create_by,create_time,update_by,update_time FROM class_info WHERE id=?
2026-07-05 22:35:41.228 [http-nio-8080-exec-5] DEBUG [traceId=16e31f37626c43a08f30712c2c7fee6f userId=21 role=1] c.k.i.m.ClassInfoMapper.selectById - ==> Parameters: 9(Long)
2026-07-05 22:35:41.229 [http-nio-8080-exec-5] DEBUG [traceId=16e31f37626c43a08f30712c2c7fee6f userId=21 role=1] c.k.i.m.ClassInfoMapper.selectById - <==      Total: 1
2026-07-05 22:35:41.230 [http-nio-8080-exec-5] DEBUG [traceId=16e31f37626c43a08f30712c2c7fee6f userId=21 role=1] c.k.i.m.TaskUserMapper.selectList - ==>  Preparing: SELECT id,task_id,user_id,status,start_time,finish_time,duration_minutes,remark,total_score,submit_time,create_by,create_time,update_by,update_time FROM task_user WHERE (task_id = ?)
2026-07-05 22:35:41.230 [http-nio-8080-exec-5] DEBUG [traceId=16e31f37626c43a08f30712c2c7fee6f userId=21 role=1] c.k.i.m.TaskUserMapper.selectList - ==> Parameters: 81(Long)
2026-07-05 22:35:41.231 [http-nio-8080-exec-5] DEBUG [traceId=16e31f37626c43a08f30712c2c7fee6f userId=21 role=1] c.k.i.m.TaskUserMapper.selectList - <==      Total: 0
2026-07-05 22:35:41.232 [http-nio-8080-exec-5] DEBUG [traceId=16e31f37626c43a08f30712c2c7fee6f userId=21 role=1] c.k.i.m.TaskUserMapper.selectList - ==>  Preparing: SELECT id,task_id,user_id,status,start_time,finish_time,duration_minutes,remark,total_score,submit_time,create_by,create_time,update_by,update_time FROM task_user WHERE (task_id = ?)
2026-07-05 22:35:41.232 [http-nio-8080-exec-5] DEBUG [traceId=16e31f37626c43a08f30712c2c7fee6f userId=21 role=1] c.k.i.m.TaskUserMapper.selectList - ==> Parameters: 80(Long)
2026-07-05 22:35:41.233 [http-nio-8080-exec-5] DEBUG [traceId=16e31f37626c43a08f30712c2c7fee6f userId=21 role=1] c.k.i.m.TaskUserMapper.selectList - <==      Total: 7
2026-07-05 22:35:41.233 [http-nio-8080-exec-5] DEBUG [traceId=16e31f37626c43a08f30712c2c7fee6f userId=21 role=1] c.k.i.m.ClassInfoMapper.selectById - ==>  Preparing: SELECT id,class_name,description,status,create_by,create_time,update_by,update_time FROM class_info WHERE id=?
2026-07-05 22:35:41.233 [http-nio-8080-exec-5] DEBUG [traceId=16e31f37626c43a08f30712c2c7fee6f userId=21 role=1] c.k.i.m.ClassInfoMapper.selectById - ==> Parameters: 8(Long)
2026-07-05 22:35:41.234 [http-nio-8080-exec-5] DEBUG [traceId=16e31f37626c43a08f30712c2c7fee6f userId=21 role=1] c.k.i.m.ClassInfoMapper.selectById - <==      Total: 1
2026-07-05 22:35:41.238 [http-nio-8080-exec-5] INFO  [traceId=16e31f37626c43a08f30712c2c7fee6f userId=21 role=1] com.kg.interceptor.TraceIdFilter - HTTP_REQUEST_END method=POST uri=/task/page status=200 cost=103ms responseBody={"code":200,"message":"查询成功","data":{"total":68,"list":[{"id":95,"taskName":"每日复盘","taskType":"3","templateId":null,"roundNo":0,"isMandatory":1,"taskDescription":null,"taskStartTime":"2026-07-05 08:00:00","taskEndTime":"2026-07-05 23:59:00","priority":0,"classId":null,"targetType":1,"targetIds":"8,9,10","selectedClassList":[{"id":8,"className":"1班"},{"id":9,"className":"2班"},{"id":10,"className":"线上学习1班"}],"selectedStudentList":null,"completedCount":0,"uncompletedCount":11,"completionPercent":0,"createTime":"2026-07-05 18:12:39","planId":null,"planDate":null,"isRepeatTask":0,"status":1},{"id":94,"taskName":"每日打卡","taskType":"2","templateId":null,"roundNo":0,"isMandatory":1,"taskDescription":null,"taskStartTime":"2026-07-05 06:00:00","taskEndTime":"2026-07-05 23:59:00","priority":0,"classId":null,"targetType":1,"targetIds":"8,9,10","selectedClassList":[{"id":8,"className":"1班"},{"id":9,"className":"2班"},{"id":10,"className":"线上学习1班"}],"selectedStudentList":null,"completedCount":0,"uncompletedCount":11,"completionPercent":0,"createTime":"2026-07-05 18:12:39","planId":null,"planDate":null,"isRepeatTask":0,"status":1},{"id":93,"taskName":"每日复盘","taskType":"3","templateId":null,"roundNo":0,"isMandatory":1,"taskDescription":null,"taskStartTime":"2026-07-03 08:00:00","taskEndTime":"2026-07-03 23:59:00","priority":0,"classId":null,"targetType":1,"targetIds":"8,9,10","selectedClassList":[{"id":8,"className":"1班"},{"id":9,"className":"2班"},{"id":10,"className":"线上学习1班"}],"selectedStudentList":null,"completedCount":0,"uncompletedCount":11,"completionPercent":0,"createTime":"2026-07-03 08:46:13","planId":null,"planDate":null,"isRepeatTask":0,"status":1},{"id":92,"taskName":"每日打卡","taskType":"2","templateId":null,"roundNo":0,"isMandatory":1,"taskDescription":null,"taskStartTime":"2026-07-03 06:00:00","taskEndTime":"2026-07-03 23:59:00","priority":0,"classId":null,"targetType":1,"targetIds":"8,9,10","selectedClassList":[{"id":8,"className":"1班"},{"id":9,"className":"2班"},{"id":10,"className":"线上学习1班"}],"selectedStudentList":null,"completedCount":1,"uncompletedCount":10,"completionPercent":9,"createTime":"2026-07-03 08:46:13","planId":null,"planDate":null,"isRepeatTask":0,"status":1},{"id":91,"taskName":"26行政执法","taskType":"0","templateId":null,"roundNo":1,"isMandatory":1,"taskDescription":"全做","taskStartTime":"2026-07-02 00:00:00","taskEndTime":"2026-07-02 23:59:59","priority":0,"classId":null,"targetType":1,"targetIds":"10","selectedClassList":[{"id":10,"className":"线上学习1班"}],"selectedStudentList":null,"completedCount":0,"uncompletedCount":1,"completionPercent":0,"createTime":"2026-07-02 17:32:35","planId":null,"planDate":null,"isRepeatTask":0,"status":1},{"id":90,"taskName":"资料分析第一章，一般增长率","taskType":"1","templateId":null,"roundNo":1,"isMandatory":1,"taskDescription":"做完后再做1套资料","taskStartTime":"2026-07-02 00:00:00","taskEndTime":"2026-07-02 23:59:59","priority":0,"classId":null,"targetType":1,"targetIds":"10","selectedClassList":[{"id":10,"className":"线上学习1班"}],"selectedStudentList":null,"completedCount":1,"uncompletedCount":0,"completionPercent":100,"createTime":"2026-07-02 17:32:06","planId":null,"planDate":null,"isRepeatTask":0,"status":1},{"id":89,"taskName":"每日复盘","taskType":"3","templateId":null,"roundNo":0,"isMandatory":1,"taskDescription":null,"taskStartTime":"2026-07-02 08:00:00","taskEndTime":"2026-07-02 23:59:00","priority":0,"classId":null,"targetType":1,"targetIds":"8,9","selectedClassList":[{"id":8,"className":"1班"},{"id":9,"className":"2班"}],"selectedStudentList":null,"completedCount":0,"uncompletedCount":10,"completionPercent":0,"createTime":"2026-07-02 08:00:00","planId":null,"planDate":null,"isRepeatTask":0,"status":1},{"id":88,"taskName":"每日打卡","taskType":"2","templateId":null,"roundNo":0,"isMandatory":1,"taskDescription":null,"taskStartTime":"2026-07-02 06:00:00","taskEndTime":"2026-07-02 23:59:00","priority":0,"classId":null,"targetType":1,"targetIds":"8,9","selectedClassList":[{"id":8,"className":"1班"},{"id":9,"className":"2班"}],"selectedStudentList":null,"completedCount":1,"uncompletedCount":9,"completionPercent":10,"createTime":"2026-07-02 06:00:00","planId":null,"planDate":null,"isRepeatTask":0,"status":1},{"id":81,"taskName":"测试星期 07-01","taskType":"0","templateId":null,"roundNo":0,"isMandatory":1,"taskDescription":"","taskStartTime":"2026-07-01 00:00:00","taskEndTime":"2026-07-01 23:59:00","priority":0,"classId":null,"targetType":null,"targetIds":null,"selectedClassList":null,"selectedStudentList":null,"completedCount":0,"uncompletedCount":0,"completionPercent":0,"createTime":"2026-07-01 17:37:52","planId":2,"planDate":"2026-07-01","isRepeatTask":1,"status":1},{"id":80,"taskName":"测试重复任务 07-04","taskType":"0","templateId":null,"roundNo":0,"isMandatory":1,"taskDescription":"","taskStartTime":"2026-07-04 00:00:00","taskEndTime":"2026-07-04 23:59:00","priority":1,"classId":null,"targetType":1,"targetIds":"8","selectedClassList":[{"id":8,"className":"1班"}],"selectedStudentList":null,"completedCo...[TRUNCATED length=5151]
2026-07-05 22:35:48.995 [http-nio-8080-exec-7] INFO  [traceId=ed6b15db7e4740b091069bab53998d0b userId= role=] com.kg.interceptor.TraceIdFilter - HTTP_REQUEST_START method=GET uri=/dict/group/task_type query=null requestBody= ip=0:0:0:0:0:0:0:1 userAgent=Mozilla/5.0 (Windows NT 10.0; Win64; x64) AppleWebKit/537.36 (KHTML, like Gecko) Chrome/123.0.0.0 Safari/537.36
2026-07-05 22:35:48.999 [http-nio-8080-exec-7] DEBUG [traceId=ed6b15db7e4740b091069bab53998d0b userId= role=] c.k.i.m.SysUserMapper.selectById - ==>  Preparing: SELECT id,account,name,password,role,gender,email,phone,openid,description,teacher_remark,class_id,status,create_by,create_time,update_by,update_time FROM sys_user WHERE id=?
2026-07-05 22:35:48.999 [http-nio-8080-exec-7] DEBUG [traceId=ed6b15db7e4740b091069bab53998d0b userId= role=] c.k.i.m.SysUserMapper.selectById - ==> Parameters: 29(Long)
2026-07-05 22:35:49.000 [http-nio-8080-exec-7] DEBUG [traceId=ed6b15db7e4740b091069bab53998d0b userId= role=] c.k.i.m.SysUserMapper.selectById - <==      Total: 1
2026-07-05 22:35:49.002 [http-nio-8080-exec-7] DEBUG [traceId=ed6b15db7e4740b091069bab53998d0b userId=29 role=2] c.k.i.mapper.DictMapper.selectList - ==>  Preparing: SELECT id,dict_code,dict_name,dict_label,dict_value,display_color,sort_no,status,create_by,create_time,update_by,update_time FROM sys_dict WHERE (dict_code = ?) ORDER BY sort_no ASC
2026-07-05 22:35:49.002 [http-nio-8080-exec-7] DEBUG [traceId=ed6b15db7e4740b091069bab53998d0b userId=29 role=2] c.k.i.mapper.DictMapper.selectList - ==> Parameters: task_type(String)
2026-07-05 22:35:49.003 [http-nio-8080-exec-7] DEBUG [traceId=ed6b15db7e4740b091069bab53998d0b userId=29 role=2] c.k.i.mapper.DictMapper.selectList - <==      Total: 4
2026-07-05 22:35:49.004 [http-nio-8080-exec-7] INFO  [traceId=ed6b15db7e4740b091069bab53998d0b userId=29 role=2] com.kg.interceptor.TraceIdFilter - HTTP_REQUEST_END method=GET uri=/dict/group/task_type status=200 cost=9ms responseBody={"code":200,"message":"查询成功","data":{"dictCode":"task_type","dictName":"任务类型","items":[{"dictValue":"0","dictLabel":"刷题","sortNo":0,"status":1,"displayColor":"#ff6f00"},{"dictValue":"1","dictLabel":"学习","sortNo":1,"status":1,"displayColor":"#f7ff00"},{"dictValue":"2","dictLabel":"打卡","sortNo":2,"status":1,"displayColor":"#66ff00"},{"dictValue":"3","dictLabel":"每日复盘","sortNo":3,"status":1,"displayColor":"#00bfff"}]}}
2026-07-05 22:35:49.020 [http-nio-8080-exec-8] INFO  [traceId=dfc40bf26e1b486f97f7df16f2a80e67 userId= role=] com.kg.interceptor.TraceIdFilter - HTTP_REQUEST_START method=POST uri=/task-template/page query=null requestBody={"pageNum":1,"pageSize":10} ip=0:0:0:0:0:0:0:1 userAgent=Mozilla/5.0 (Windows NT 10.0; Win64; x64) AppleWebKit/537.36 (KHTML, like Gecko) Chrome/123.0.0.0 Safari/537.36
2026-07-05 22:35:49.025 [http-nio-8080-exec-8] DEBUG [traceId=dfc40bf26e1b486f97f7df16f2a80e67 userId= role=] c.k.i.m.SysUserMapper.selectById - ==>  Preparing: SELECT id,account,name,password,role,gender,email,phone,openid,description,teacher_remark,class_id,status,create_by,create_time,update_by,update_time FROM sys_user WHERE id=?
2026-07-05 22:35:49.025 [http-nio-8080-exec-8] DEBUG [traceId=dfc40bf26e1b486f97f7df16f2a80e67 userId= role=] c.k.i.m.SysUserMapper.selectById - ==> Parameters: 29(Long)
2026-07-05 22:35:49.026 [http-nio-8080-exec-8] DEBUG [traceId=dfc40bf26e1b486f97f7df16f2a80e67 userId= role=] c.k.i.m.SysUserMapper.selectById - <==      Total: 1
2026-07-05 22:35:49.027 [http-nio-8080-exec-8] DEBUG [traceId=dfc40bf26e1b486f97f7df16f2a80e67 userId=29 role=2] c.k.i.m.T.selectCount - ==>  Preparing: SELECT COUNT( * ) AS total FROM task_template
2026-07-05 22:35:49.027 [http-nio-8080-exec-8] DEBUG [traceId=dfc40bf26e1b486f97f7df16f2a80e67 userId=29 role=2] c.k.i.m.T.selectCount - ==> Parameters: 
2026-07-05 22:35:49.027 [http-nio-8080-exec-8] DEBUG [traceId=dfc40bf26e1b486f97f7df16f2a80e67 userId=29 role=2] c.k.i.m.T.selectCount - <==      Total: 1
2026-07-05 22:35:49.028 [http-nio-8080-exec-8] DEBUG [traceId=dfc40bf26e1b486f97f7df16f2a80e67 userId=29 role=2] c.k.i.m.T.selectList - ==>  Preparing: SELECT id,template_name,task_type,is_mandatory,task_description,default_priority,create_by,create_time,update_by,update_time FROM task_template ORDER BY id DESC LIMIT 0,10
2026-07-05 22:35:49.028 [http-nio-8080-exec-8] DEBUG [traceId=dfc40bf26e1b486f97f7df16f2a80e67 userId=29 role=2] c.k.i.m.T.selectList - ==> Parameters: 
2026-07-05 22:35:49.029 [http-nio-8080-exec-8] DEBUG [traceId=dfc40bf26e1b486f97f7df16f2a80e67 userId=29 role=2] c.k.i.m.T.selectList - <==      Total: 3
2026-07-05 22:35:49.029 [http-nio-8080-exec-8] INFO  [traceId=dfc40bf26e1b486f97f7df16f2a80e67 userId=29 role=2] com.kg.interceptor.TraceIdFilter - HTTP_REQUEST_END method=POST uri=/task-template/page status=200 cost=9ms responseBody={"code":200,"message":"查询成功","data":{"total":3,"list":[{"id":6,"templateName":"2026真题","taskType":"0","isMandatory":1,"taskDescription":"真题模拟","defaultPriority":1,"createTime":"2026-06-09 21:45:43"},{"id":5,"templateName":"20260608","taskType":"2","isMandatory":1,"taskDescription":"做2026年国考","defaultPriority":1,"createTime":"2026-06-08 10:52:36"},{"id":4,"templateName":"模板任务1","taskType":"0","isMandatory":1,"taskDescription":"","defaultPriority":1,"createTime":"2026-06-01 00:27:11"}]}}
2026-07-05 22:35:49.690 [http-nio-8080-exec-10] INFO  [traceId=2f048cd48b934a7c8f2e250ca61ea37e userId= role=] com.kg.interceptor.TraceIdFilter - HTTP_REQUEST_START method=GET uri=/dict/group/task_type query=null requestBody= ip=0:0:0:0:0:0:0:1 userAgent=Mozilla/5.0 (Windows NT 10.0; Win64; x64) AppleWebKit/537.36 (KHTML, like Gecko) Chrome/123.0.0.0 Safari/537.36
2026-07-05 22:35:49.694 [http-nio-8080-exec-10] DEBUG [traceId=2f048cd48b934a7c8f2e250ca61ea37e userId= role=] c.k.i.m.SysUserMapper.selectById - ==>  Preparing: SELECT id,account,name,password,role,gender,email,phone,openid,description,teacher_remark,class_id,status,create_by,create_time,update_by,update_time FROM sys_user WHERE id=?
2026-07-05 22:35:49.694 [http-nio-8080-exec-10] DEBUG [traceId=2f048cd48b934a7c8f2e250ca61ea37e userId= role=] c.k.i.m.SysUserMapper.selectById - ==> Parameters: 29(Long)
2026-07-05 22:35:49.695 [http-nio-8080-exec-10] DEBUG [traceId=2f048cd48b934a7c8f2e250ca61ea37e userId= role=] c.k.i.m.SysUserMapper.selectById - <==      Total: 1
2026-07-05 22:35:49.696 [http-nio-8080-exec-10] DEBUG [traceId=2f048cd48b934a7c8f2e250ca61ea37e userId=29 role=2] c.k.i.mapper.DictMapper.selectList - ==>  Preparing: SELECT id,dict_code,dict_name,dict_label,dict_value,display_color,sort_no,status,create_by,create_time,update_by,update_time FROM sys_dict WHERE (dict_code = ?) ORDER BY sort_no ASC
2026-07-05 22:35:49.697 [http-nio-8080-exec-10] DEBUG [traceId=2f048cd48b934a7c8f2e250ca61ea37e userId=29 role=2] c.k.i.mapper.DictMapper.selectList - ==> Parameters: task_type(String)
2026-07-05 22:35:49.699 [http-nio-8080-exec-10] DEBUG [traceId=2f048cd48b934a7c8f2e250ca61ea37e userId=29 role=2] c.k.i.mapper.DictMapper.selectList - <==      Total: 4
2026-07-05 22:35:49.701 [http-nio-8080-exec-10] INFO  [traceId=2f048cd48b934a7c8f2e250ca61ea37e userId=29 role=2] com.kg.interceptor.TraceIdFilter - HTTP_REQUEST_END method=GET uri=/dict/group/task_type status=200 cost=11ms responseBody={"code":200,"message":"查询成功","data":{"dictCode":"task_type","dictName":"任务类型","items":[{"dictValue":"0","dictLabel":"刷题","sortNo":0,"status":1,"displayColor":"#ff6f00"},{"dictValue":"1","dictLabel":"学习","sortNo":1,"status":1,"displayColor":"#f7ff00"},{"dictValue":"2","dictLabel":"打卡","sortNo":2,"status":1,"displayColor":"#66ff00"},{"dictValue":"3","dictLabel":"每日复盘","sortNo":3,"status":1,"displayColor":"#00bfff"}]}}
2026-07-05 22:35:49.731 [http-nio-8080-exec-9] INFO  [traceId=8efddced592a46d8b11fc6d901edc0db userId= role=] com.kg.interceptor.TraceIdFilter - HTTP_REQUEST_START method=POST uri=/task/page query=null requestBody={"pageNum":1,"pageSize":10} ip=0:0:0:0:0:0:0:1 userAgent=Mozilla/5.0 (Windows NT 10.0; Win64; x64) AppleWebKit/537.36 (KHTML, like Gecko) Chrome/123.0.0.0 Safari/537.36
2026-07-05 22:35:49.731 [http-nio-8080-exec-2] INFO  [traceId=fb6260ef846d47208014c446bfe884c9 userId= role=] com.kg.interceptor.TraceIdFilter - HTTP_REQUEST_START method=GET uri=/class/options query=null requestBody= ip=0:0:0:0:0:0:0:1 userAgent=Mozilla/5.0 (Windows NT 10.0; Win64; x64) AppleWebKit/537.36 (KHTML, like Gecko) Chrome/123.0.0.0 Safari/537.36
2026-07-05 22:35:49.731 [http-nio-8080-exec-1] INFO  [traceId=afc09803d9294f94832a43ad6cdb549c userId= role=] com.kg.interceptor.TraceIdFilter - HTTP_REQUEST_START method=GET uri=/class/student-options query=null requestBody= ip=0:0:0:0:0:0:0:1 userAgent=Mozilla/5.0 (Windows NT 10.0; Win64; x64) AppleWebKit/537.36 (KHTML, like Gecko) Chrome/123.0.0.0 Safari/537.36
2026-07-05 22:35:49.735 [http-nio-8080-exec-1] DEBUG [traceId=afc09803d9294f94832a43ad6cdb549c userId= role=] c.k.i.m.SysUserMapper.selectById - ==>  Preparing: SELECT id,account,name,password,role,gender,email,phone,openid,description,teacher_remark,class_id,status,create_by,create_time,update_by,update_time FROM sys_user WHERE id=?
2026-07-05 22:35:49.736 [http-nio-8080-exec-1] DEBUG [traceId=afc09803d9294f94832a43ad6cdb549c userId= role=] c.k.i.m.SysUserMapper.selectById - ==> Parameters: 29(Long)
2026-07-05 22:35:49.736 [http-nio-8080-exec-2] DEBUG [traceId=fb6260ef846d47208014c446bfe884c9 userId= role=] c.k.i.m.SysUserMapper.selectById - ==>  Preparing: SELECT id,account,name,password,role,gender,email,phone,openid,description,teacher_remark,class_id,status,create_by,create_time,update_by,update_time FROM sys_user WHERE id=?
2026-07-05 22:35:49.736 [http-nio-8080-exec-9] DEBUG [traceId=8efddced592a46d8b11fc6d901edc0db userId= role=] c.k.i.m.SysUserMapper.selectById - ==>  Preparing: SELECT id,account,name,password,role,gender,email,phone,openid,description,teacher_remark,class_id,status,create_by,create_time,update_by,update_time FROM sys_user WHERE id=?
2026-07-05 22:35:49.736 [http-nio-8080-exec-2] DEBUG [traceId=fb6260ef846d47208014c446bfe884c9 userId= role=] c.k.i.m.SysUserMapper.selectById - ==> Parameters: 29(Long)
2026-07-05 22:35:49.736 [http-nio-8080-exec-9] DEBUG [traceId=8efddced592a46d8b11fc6d901edc0db userId= role=] c.k.i.m.SysUserMapper.selectById - ==> Parameters: 29(Long)
2026-07-05 22:35:49.736 [http-nio-8080-exec-1] DEBUG [traceId=afc09803d9294f94832a43ad6cdb549c userId= role=] c.k.i.m.SysUserMapper.selectById - <==      Total: 1
2026-07-05 22:35:49.737 [http-nio-8080-exec-2] DEBUG [traceId=fb6260ef846d47208014c446bfe884c9 userId= role=] c.k.i.m.SysUserMapper.selectById - <==      Total: 1
2026-07-05 22:35:49.737 [http-nio-8080-exec-9] DEBUG [traceId=8efddced592a46d8b11fc6d901edc0db userId= role=] c.k.i.m.SysUserMapper.selectById - <==      Total: 1
2026-07-05 22:35:49.738 [http-nio-8080-exec-2] DEBUG [traceId=fb6260ef846d47208014c446bfe884c9 userId=29 role=2] c.k.i.m.ClassInfoMapper.selectList - ==>  Preparing: SELECT id,class_name,description,status,create_by,create_time,update_by,update_time FROM class_info WHERE (status = ?) ORDER BY class_name ASC
2026-07-05 22:35:49.738 [http-nio-8080-exec-1] DEBUG [traceId=afc09803d9294f94832a43ad6cdb549c userId=29 role=2] c.k.i.m.SysUserMapper.selectList - ==>  Preparing: SELECT id,account,name,password,role,gender,email,phone,openid,description,teacher_remark,class_id,status,create_by,create_time,update_by,update_time FROM sys_user WHERE (class_id = ?)
2026-07-05 22:35:49.738 [http-nio-8080-exec-1] DEBUG [traceId=afc09803d9294f94832a43ad6cdb549c userId=29 role=2] c.k.i.m.SysUserMapper.selectList - ==> Parameters: 8(Long)
2026-07-05 22:35:49.738 [http-nio-8080-exec-2] DEBUG [traceId=fb6260ef846d47208014c446bfe884c9 userId=29 role=2] c.k.i.m.ClassInfoMapper.selectList - ==> Parameters: 1(Integer)
2026-07-05 22:35:49.739 [http-nio-8080-exec-2] DEBUG [traceId=fb6260ef846d47208014c446bfe884c9 userId=29 role=2] c.k.i.m.ClassInfoMapper.selectList - <==      Total: 3
2026-07-05 22:35:49.740 [http-nio-8080-exec-1] DEBUG [traceId=afc09803d9294f94832a43ad6cdb549c userId=29 role=2] c.k.i.m.SysUserMapper.selectList - <==      Total: 7
2026-07-05 22:35:49.741 [http-nio-8080-exec-2] INFO  [traceId=fb6260ef846d47208014c446bfe884c9 userId=29 role=2] com.kg.interceptor.TraceIdFilter - HTTP_REQUEST_END method=GET uri=/class/options status=200 cost=10ms responseBody={"code":200,"message":"查询成功","data":[{"id":8,"className":"1班"},{"id":9,"className":"2班"},{"id":10,"className":"线上学习1班"}]}
2026-07-05 22:35:49.743 [http-nio-8080-exec-1] INFO  [traceId=afc09803d9294f94832a43ad6cdb549c userId=29 role=2] com.kg.interceptor.TraceIdFilter - HTTP_REQUEST_END method=GET uri=/class/student-options status=200 cost=12ms responseBody={"code":200,"message":"查询成功","data":[{"id":23,"name":"张三","classId":8},{"id":25,"name":"王五","classId":8},{"id":28,"name":"赵八","classId":8},{"id":29,"name":"杨少伟","classId":8},{"id":30,"name":"测试新增用户任务","classId":8},{"id":31,"name":"11","classId":8},{"id":32,"name":"11","classId":8}]}
2026-07-05 22:35:49.744 [http-nio-8080-exec-9] DEBUG [traceId=8efddced592a46d8b11fc6d901edc0db userId=29 role=2] c.k.i.mapper.TaskMapper.selectList - ==>  Preparing: SELECT id,task_name,task_type,template_id,round_no,is_mandatory,task_description,task_start_time,task_end_time,priority,class_id,target_type,target_ids,plan_id,plan_date,is_repeat_task,status,create_by,create_time,update_by,update_time FROM task WHERE ((status = ? OR status IS NULL) AND ((target_type = ? AND FIND_IN_SET(?, target_ids)) OR create_by = ?)) ORDER BY id DESC LIMIT 0,10000
2026-07-05 22:35:49.745 [http-nio-8080-exec-9] DEBUG [traceId=8efddced592a46d8b11fc6d901edc0db userId=29 role=2] c.k.i.mapper.TaskMapper.selectList - ==> Parameters: 1(Integer), 1(Integer), 8(Long), 29(Long)
2026-07-05 22:35:49.752 [http-nio-8080-exec-9] DEBUG [traceId=8efddced592a46d8b11fc6d901edc0db userId=29 role=2] c.k.i.mapper.TaskMapper.selectList - <==      Total: 51
2026-07-05 22:35:49.755 [http-nio-8080-exec-9] DEBUG [traceId=8efddced592a46d8b11fc6d901edc0db userId=29 role=2] c.k.i.m.TaskUserMapper.selectList - ==>  Preparing: SELECT id,task_id,user_id,status,start_time,finish_time,duration_minutes,remark,total_score,submit_time,create_by,create_time,update_by,update_time FROM task_user WHERE (task_id = ?)
2026-07-05 22:35:49.755 [http-nio-8080-exec-9] DEBUG [traceId=8efddced592a46d8b11fc6d901edc0db userId=29 role=2] c.k.i.m.TaskUserMapper.selectList - ==> Parameters: 95(Long)
2026-07-05 22:35:49.758 [http-nio-8080-exec-9] DEBUG [traceId=8efddced592a46d8b11fc6d901edc0db userId=29 role=2] c.k.i.m.TaskUserMapper.selectList - <==      Total: 11
2026-07-05 22:35:49.758 [http-nio-8080-exec-9] DEBUG [traceId=8efddced592a46d8b11fc6d901edc0db userId=29 role=2] c.k.i.m.ClassInfoMapper.selectById - ==>  Preparing: SELECT id,class_name,description,status,create_by,create_time,update_by,update_time FROM class_info WHERE id=?
2026-07-05 22:35:49.758 [http-nio-8080-exec-9] DEBUG [traceId=8efddced592a46d8b11fc6d901edc0db userId=29 role=2] c.k.i.m.ClassInfoMapper.selectById - ==> Parameters: 8(Long)
2026-07-05 22:35:49.759 [http-nio-8080-exec-9] DEBUG [traceId=8efddced592a46d8b11fc6d901edc0db userId=29 role=2] c.k.i.m.ClassInfoMapper.selectById - <==      Total: 1
2026-07-05 22:35:49.759 [http-nio-8080-exec-9] DEBUG [traceId=8efddced592a46d8b11fc6d901edc0db userId=29 role=2] c.k.i.m.ClassInfoMapper.selectById - ==>  Preparing: SELECT id,class_name,description,status,create_by,create_time,update_by,update_time FROM class_info WHERE id=?
2026-07-05 22:35:49.760 [http-nio-8080-exec-9] DEBUG [traceId=8efddced592a46d8b11fc6d901edc0db userId=29 role=2] c.k.i.m.ClassInfoMapper.selectById - ==> Parameters: 9(Long)
2026-07-05 22:35:49.760 [http-nio-8080-exec-9] DEBUG [traceId=8efddced592a46d8b11fc6d901edc0db userId=29 role=2] c.k.i.m.ClassInfoMapper.selectById - <==      Total: 1
2026-07-05 22:35:49.760 [http-nio-8080-exec-9] DEBUG [traceId=8efddced592a46d8b11fc6d901edc0db userId=29 role=2] c.k.i.m.ClassInfoMapper.selectById - ==>  Preparing: SELECT id,class_name,description,status,create_by,create_time,update_by,update_time FROM class_info WHERE id=?
2026-07-05 22:35:49.761 [http-nio-8080-exec-9] DEBUG [traceId=8efddced592a46d8b11fc6d901edc0db userId=29 role=2] c.k.i.m.ClassInfoMapper.selectById - ==> Parameters: 10(Long)
2026-07-05 22:35:49.761 [http-nio-8080-exec-9] DEBUG [traceId=8efddced592a46d8b11fc6d901edc0db userId=29 role=2] c.k.i.m.ClassInfoMapper.selectById - <==      Total: 1
2026-07-05 22:35:49.762 [http-nio-8080-exec-9] DEBUG [traceId=8efddced592a46d8b11fc6d901edc0db userId=29 role=2] c.k.i.m.TaskUserMapper.selectList - ==>  Preparing: SELECT id,task_id,user_id,status,start_time,finish_time,duration_minutes,remark,total_score,submit_time,create_by,create_time,update_by,update_time FROM task_user WHERE (task_id = ?)
2026-07-05 22:35:49.762 [http-nio-8080-exec-9] DEBUG [traceId=8efddced592a46d8b11fc6d901edc0db userId=29 role=2] c.k.i.m.TaskUserMapper.selectList - ==> Parameters: 94(Long)
2026-07-05 22:35:49.764 [http-nio-8080-exec-9] DEBUG [traceId=8efddced592a46d8b11fc6d901edc0db userId=29 role=2] c.k.i.m.TaskUserMapper.selectList - <==      Total: 11
2026-07-05 22:35:49.764 [http-nio-8080-exec-9] DEBUG [traceId=8efddced592a46d8b11fc6d901edc0db userId=29 role=2] c.k.i.m.ClassInfoMapper.selectById - ==>  Preparing: SELECT id,class_name,description,status,create_by,create_time,update_by,update_time FROM class_info WHERE id=?
2026-07-05 22:35:49.764 [http-nio-8080-exec-9] DEBUG [traceId=8efddced592a46d8b11fc6d901edc0db userId=29 role=2] c.k.i.m.ClassInfoMapper.selectById - ==> Parameters: 8(Long)
2026-07-05 22:35:49.765 [http-nio-8080-exec-9] DEBUG [traceId=8efddced592a46d8b11fc6d901edc0db userId=29 role=2] c.k.i.m.ClassInfoMapper.selectById - <==      Total: 1
2026-07-05 22:35:49.766 [http-nio-8080-exec-9] DEBUG [traceId=8efddced592a46d8b11fc6d901edc0db userId=29 role=2] c.k.i.m.ClassInfoMapper.selectById - ==>  Preparing: SELECT id,class_name,description,status,create_by,create_time,update_by,update_time FROM class_info WHERE id=?
2026-07-05 22:35:49.766 [http-nio-8080-exec-9] DEBUG [traceId=8efddced592a46d8b11fc6d901edc0db userId=29 role=2] c.k.i.m.ClassInfoMapper.selectById - ==> Parameters: 9(Long)
2026-07-05 22:35:49.767 [http-nio-8080-exec-9] DEBUG [traceId=8efddced592a46d8b11fc6d901edc0db userId=29 role=2] c.k.i.m.ClassInfoMapper.selectById - <==      Total: 1
2026-07-05 22:35:49.767 [http-nio-8080-exec-9] DEBUG [traceId=8efddced592a46d8b11fc6d901edc0db userId=29 role=2] c.k.i.m.ClassInfoMapper.selectById - ==>  Preparing: SELECT id,class_name,description,status,create_by,create_time,update_by,update_time FROM class_info WHERE id=?
2026-07-05 22:35:49.767 [http-nio-8080-exec-9] DEBUG [traceId=8efddced592a46d8b11fc6d901edc0db userId=29 role=2] c.k.i.m.ClassInfoMapper.selectById - ==> Parameters: 10(Long)
2026-07-05 22:35:49.768 [http-nio-8080-exec-9] DEBUG [traceId=8efddced592a46d8b11fc6d901edc0db userId=29 role=2] c.k.i.m.ClassInfoMapper.selectById - <==      Total: 1
2026-07-05 22:35:49.769 [http-nio-8080-exec-9] DEBUG [traceId=8efddced592a46d8b11fc6d901edc0db userId=29 role=2] c.k.i.m.TaskUserMapper.selectList - ==>  Preparing: SELECT id,task_id,user_id,status,start_time,finish_time,duration_minutes,remark,total_score,submit_time,create_by,create_time,update_by,update_time FROM task_user WHERE (task_id = ?)
2026-07-05 22:35:49.769 [http-nio-8080-exec-9] DEBUG [traceId=8efddced592a46d8b11fc6d901edc0db userId=29 role=2] c.k.i.m.TaskUserMapper.selectList - ==> Parameters: 93(Long)
2026-07-05 22:35:49.770 [http-nio-8080-exec-9] DEBUG [traceId=8efddced592a46d8b11fc6d901edc0db userId=29 role=2] c.k.i.m.TaskUserMapper.selectList - <==      Total: 11
2026-07-05 22:35:49.770 [http-nio-8080-exec-9] DEBUG [traceId=8efddced592a46d8b11fc6d901edc0db userId=29 role=2] c.k.i.m.ClassInfoMapper.selectById - ==>  Preparing: SELECT id,class_name,description,status,create_by,create_time,update_by,update_time FROM class_info WHERE id=?
2026-07-05 22:35:49.772 [http-nio-8080-exec-9] DEBUG [traceId=8efddced592a46d8b11fc6d901edc0db userId=29 role=2] c.k.i.m.ClassInfoMapper.selectById - ==> Parameters: 8(Long)
2026-07-05 22:35:49.772 [http-nio-8080-exec-9] DEBUG [traceId=8efddced592a46d8b11fc6d901edc0db userId=29 role=2] c.k.i.m.ClassInfoMapper.selectById - <==      Total: 1
2026-07-05 22:35:49.772 [http-nio-8080-exec-9] DEBUG [traceId=8efddced592a46d8b11fc6d901edc0db userId=29 role=2] c.k.i.m.ClassInfoMapper.selectById - ==>  Preparing: SELECT id,class_name,description,status,create_by,create_time,update_by,update_time FROM class_info WHERE id=?
2026-07-05 22:35:49.773 [http-nio-8080-exec-9] DEBUG [traceId=8efddced592a46d8b11fc6d901edc0db userId=29 role=2] c.k.i.m.ClassInfoMapper.selectById - ==> Parameters: 9(Long)
2026-07-05 22:35:49.773 [http-nio-8080-exec-9] DEBUG [traceId=8efddced592a46d8b11fc6d901edc0db userId=29 role=2] c.k.i.m.ClassInfoMapper.selectById - <==      Total: 1
2026-07-05 22:35:49.773 [http-nio-8080-exec-9] DEBUG [traceId=8efddced592a46d8b11fc6d901edc0db userId=29 role=2] c.k.i.m.ClassInfoMapper.selectById - ==>  Preparing: SELECT id,class_name,description,status,create_by,create_time,update_by,update_time FROM class_info WHERE id=?
2026-07-05 22:35:49.774 [http-nio-8080-exec-9] DEBUG [traceId=8efddced592a46d8b11fc6d901edc0db userId=29 role=2] c.k.i.m.ClassInfoMapper.selectById - ==> Parameters: 10(Long)
2026-07-05 22:35:49.774 [http-nio-8080-exec-9] DEBUG [traceId=8efddced592a46d8b11fc6d901edc0db userId=29 role=2] c.k.i.m.ClassInfoMapper.selectById - <==      Total: 1
2026-07-05 22:35:49.775 [http-nio-8080-exec-9] DEBUG [traceId=8efddced592a46d8b11fc6d901edc0db userId=29 role=2] c.k.i.m.TaskUserMapper.selectList - ==>  Preparing: SELECT id,task_id,user_id,status,start_time,finish_time,duration_minutes,remark,total_score,submit_time,create_by,create_time,update_by,update_time FROM task_user WHERE (task_id = ?)
2026-07-05 22:35:49.776 [http-nio-8080-exec-9] DEBUG [traceId=8efddced592a46d8b11fc6d901edc0db userId=29 role=2] c.k.i.m.TaskUserMapper.selectList - ==> Parameters: 92(Long)
2026-07-05 22:35:49.776 [http-nio-8080-exec-9] DEBUG [traceId=8efddced592a46d8b11fc6d901edc0db userId=29 role=2] c.k.i.m.TaskUserMapper.selectList - <==      Total: 11
2026-07-05 22:35:49.777 [http-nio-8080-exec-9] DEBUG [traceId=8efddced592a46d8b11fc6d901edc0db userId=29 role=2] c.k.i.m.ClassInfoMapper.selectById - ==>  Preparing: SELECT id,class_name,description,status,create_by,create_time,update_by,update_time FROM class_info WHERE id=?
2026-07-05 22:35:49.777 [http-nio-8080-exec-9] DEBUG [traceId=8efddced592a46d8b11fc6d901edc0db userId=29 role=2] c.k.i.m.ClassInfoMapper.selectById - ==> Parameters: 8(Long)
2026-07-05 22:35:49.778 [http-nio-8080-exec-9] DEBUG [traceId=8efddced592a46d8b11fc6d901edc0db userId=29 role=2] c.k.i.m.ClassInfoMapper.selectById - <==      Total: 1
2026-07-05 22:35:49.778 [http-nio-8080-exec-9] DEBUG [traceId=8efddced592a46d8b11fc6d901edc0db userId=29 role=2] c.k.i.m.ClassInfoMapper.selectById - ==>  Preparing: SELECT id,class_name,description,status,create_by,create_time,update_by,update_time FROM class_info WHERE id=?
2026-07-05 22:35:49.778 [http-nio-8080-exec-9] DEBUG [traceId=8efddced592a46d8b11fc6d901edc0db userId=29 role=2] c.k.i.m.ClassInfoMapper.selectById - ==> Parameters: 9(Long)
2026-07-05 22:35:49.779 [http-nio-8080-exec-9] DEBUG [traceId=8efddced592a46d8b11fc6d901edc0db userId=29 role=2] c.k.i.m.ClassInfoMapper.selectById - <==      Total: 1
2026-07-05 22:35:49.779 [http-nio-8080-exec-9] DEBUG [traceId=8efddced592a46d8b11fc6d901edc0db userId=29 role=2] c.k.i.m.ClassInfoMapper.selectById - ==>  Preparing: SELECT id,class_name,description,status,create_by,create_time,update_by,update_time FROM class_info WHERE id=?
2026-07-05 22:35:49.779 [http-nio-8080-exec-9] DEBUG [traceId=8efddced592a46d8b11fc6d901edc0db userId=29 role=2] c.k.i.m.ClassInfoMapper.selectById - ==> Parameters: 10(Long)
2026-07-05 22:35:49.779 [http-nio-8080-exec-9] DEBUG [traceId=8efddced592a46d8b11fc6d901edc0db userId=29 role=2] c.k.i.m.ClassInfoMapper.selectById - <==      Total: 1
2026-07-05 22:35:49.781 [http-nio-8080-exec-9] DEBUG [traceId=8efddced592a46d8b11fc6d901edc0db userId=29 role=2] c.k.i.m.TaskUserMapper.selectList - ==>  Preparing: SELECT id,task_id,user_id,status,start_time,finish_time,duration_minutes,remark,total_score,submit_time,create_by,create_time,update_by,update_time FROM task_user WHERE (task_id = ?)
2026-07-05 22:35:49.781 [http-nio-8080-exec-9] DEBUG [traceId=8efddced592a46d8b11fc6d901edc0db userId=29 role=2] c.k.i.m.TaskUserMapper.selectList - ==> Parameters: 89(Long)
2026-07-05 22:35:49.782 [http-nio-8080-exec-9] DEBUG [traceId=8efddced592a46d8b11fc6d901edc0db userId=29 role=2] c.k.i.m.TaskUserMapper.selectList - <==      Total: 10
2026-07-05 22:35:49.782 [http-nio-8080-exec-9] DEBUG [traceId=8efddced592a46d8b11fc6d901edc0db userId=29 role=2] c.k.i.m.ClassInfoMapper.selectById - ==>  Preparing: SELECT id,class_name,description,status,create_by,create_time,update_by,update_time FROM class_info WHERE id=?
2026-07-05 22:35:49.782 [http-nio-8080-exec-9] DEBUG [traceId=8efddced592a46d8b11fc6d901edc0db userId=29 role=2] c.k.i.m.ClassInfoMapper.selectById - ==> Parameters: 8(Long)
2026-07-05 22:35:49.783 [http-nio-8080-exec-9] DEBUG [traceId=8efddced592a46d8b11fc6d901edc0db userId=29 role=2] c.k.i.m.ClassInfoMapper.selectById - <==      Total: 1
2026-07-05 22:35:49.783 [http-nio-8080-exec-9] DEBUG [traceId=8efddced592a46d8b11fc6d901edc0db userId=29 role=2] c.k.i.m.ClassInfoMapper.selectById - ==>  Preparing: SELECT id,class_name,description,status,create_by,create_time,update_by,update_time FROM class_info WHERE id=?
2026-07-05 22:35:49.783 [http-nio-8080-exec-9] DEBUG [traceId=8efddced592a46d8b11fc6d901edc0db userId=29 role=2] c.k.i.m.ClassInfoMapper.selectById - ==> Parameters: 9(Long)
2026-07-05 22:35:49.784 [http-nio-8080-exec-9] DEBUG [traceId=8efddced592a46d8b11fc6d901edc0db userId=29 role=2] c.k.i.m.ClassInfoMapper.selectById - <==      Total: 1
2026-07-05 22:35:49.786 [http-nio-8080-exec-9] DEBUG [traceId=8efddced592a46d8b11fc6d901edc0db userId=29 role=2] c.k.i.m.TaskUserMapper.selectList - ==>  Preparing: SELECT id,task_id,user_id,status,start_time,finish_time,duration_minutes,remark,total_score,submit_time,create_by,create_time,update_by,update_time FROM task_user WHERE (task_id = ?)
2026-07-05 22:35:49.786 [http-nio-8080-exec-9] DEBUG [traceId=8efddced592a46d8b11fc6d901edc0db userId=29 role=2] c.k.i.m.TaskUserMapper.selectList - ==> Parameters: 88(Long)
2026-07-05 22:35:49.787 [http-nio-8080-exec-9] DEBUG [traceId=8efddced592a46d8b11fc6d901edc0db userId=29 role=2] c.k.i.m.TaskUserMapper.selectList - <==      Total: 10
2026-07-05 22:35:49.787 [http-nio-8080-exec-9] DEBUG [traceId=8efddced592a46d8b11fc6d901edc0db userId=29 role=2] c.k.i.m.ClassInfoMapper.selectById - ==>  Preparing: SELECT id,class_name,description,status,create_by,create_time,update_by,update_time FROM class_info WHERE id=?
2026-07-05 22:35:49.787 [http-nio-8080-exec-9] DEBUG [traceId=8efddced592a46d8b11fc6d901edc0db userId=29 role=2] c.k.i.m.ClassInfoMapper.selectById - ==> Parameters: 8(Long)
2026-07-05 22:35:49.788 [http-nio-8080-exec-9] DEBUG [traceId=8efddced592a46d8b11fc6d901edc0db userId=29 role=2] c.k.i.m.ClassInfoMapper.selectById - <==      Total: 1
2026-07-05 22:35:49.788 [http-nio-8080-exec-9] DEBUG [traceId=8efddced592a46d8b11fc6d901edc0db userId=29 role=2] c.k.i.m.ClassInfoMapper.selectById - ==>  Preparing: SELECT id,class_name,description,status,create_by,create_time,update_by,update_time FROM class_info WHERE id=?
2026-07-05 22:35:49.788 [http-nio-8080-exec-9] DEBUG [traceId=8efddced592a46d8b11fc6d901edc0db userId=29 role=2] c.k.i.m.ClassInfoMapper.selectById - ==> Parameters: 9(Long)
2026-07-05 22:35:49.789 [http-nio-8080-exec-9] DEBUG [traceId=8efddced592a46d8b11fc6d901edc0db userId=29 role=2] c.k.i.m.ClassInfoMapper.selectById - <==      Total: 1
2026-07-05 22:35:49.790 [http-nio-8080-exec-9] DEBUG [traceId=8efddced592a46d8b11fc6d901edc0db userId=29 role=2] c.k.i.m.TaskUserMapper.selectList - ==>  Preparing: SELECT id,task_id,user_id,status,start_time,finish_time,duration_minutes,remark,total_score,submit_time,create_by,create_time,update_by,update_time FROM task_user WHERE (task_id = ?)
2026-07-05 22:35:49.790 [http-nio-8080-exec-9] DEBUG [traceId=8efddced592a46d8b11fc6d901edc0db userId=29 role=2] c.k.i.m.TaskUserMapper.selectList - ==> Parameters: 80(Long)
2026-07-05 22:35:49.793 [http-nio-8080-exec-9] DEBUG [traceId=8efddced592a46d8b11fc6d901edc0db userId=29 role=2] c.k.i.m.TaskUserMapper.selectList - <==      Total: 7
2026-07-05 22:35:49.793 [http-nio-8080-exec-9] DEBUG [traceId=8efddced592a46d8b11fc6d901edc0db userId=29 role=2] c.k.i.m.ClassInfoMapper.selectById - ==>  Preparing: SELECT id,class_name,description,status,create_by,create_time,update_by,update_time FROM class_info WHERE id=?
2026-07-05 22:35:49.793 [http-nio-8080-exec-9] DEBUG [traceId=8efddced592a46d8b11fc6d901edc0db userId=29 role=2] c.k.i.m.ClassInfoMapper.selectById - ==> Parameters: 8(Long)
2026-07-05 22:35:49.794 [http-nio-8080-exec-9] DEBUG [traceId=8efddced592a46d8b11fc6d901edc0db userId=29 role=2] c.k.i.m.ClassInfoMapper.selectById - <==      Total: 1
2026-07-05 22:35:49.795 [http-nio-8080-exec-9] DEBUG [traceId=8efddced592a46d8b11fc6d901edc0db userId=29 role=2] c.k.i.m.TaskUserMapper.selectList - ==>  Preparing: SELECT id,task_id,user_id,status,start_time,finish_time,duration_minutes,remark,total_score,submit_time,create_by,create_time,update_by,update_time FROM task_user WHERE (task_id = ?)
2026-07-05 22:35:49.795 [http-nio-8080-exec-9] DEBUG [traceId=8efddced592a46d8b11fc6d901edc0db userId=29 role=2] c.k.i.m.TaskUserMapper.selectList - ==> Parameters: 79(Long)
2026-07-05 22:35:49.796 [http-nio-8080-exec-9] DEBUG [traceId=8efddced592a46d8b11fc6d901edc0db userId=29 role=2] c.k.i.m.TaskUserMapper.selectList - <==      Total: 7
2026-07-05 22:35:49.796 [http-nio-8080-exec-9] DEBUG [traceId=8efddced592a46d8b11fc6d901edc0db userId=29 role=2] c.k.i.m.ClassInfoMapper.selectById - ==>  Preparing: SELECT id,class_name,description,status,create_by,create_time,update_by,update_time FROM class_info WHERE id=?
2026-07-05 22:35:49.798 [http-nio-8080-exec-9] DEBUG [traceId=8efddced592a46d8b11fc6d901edc0db userId=29 role=2] c.k.i.m.ClassInfoMapper.selectById - ==> Parameters: 8(Long)
2026-07-05 22:35:49.798 [http-nio-8080-exec-9] DEBUG [traceId=8efddced592a46d8b11fc6d901edc0db userId=29 role=2] c.k.i.m.ClassInfoMapper.selectById - <==      Total: 1
2026-07-05 22:35:49.799 [http-nio-8080-exec-9] DEBUG [traceId=8efddced592a46d8b11fc6d901edc0db userId=29 role=2] c.k.i.m.TaskUserMapper.selectList - ==>  Preparing: SELECT id,task_id,user_id,status,start_time,finish_time,duration_minutes,remark,total_score,submit_time,create_by,create_time,update_by,update_time FROM task_user WHERE (task_id = ?)
2026-07-05 22:35:49.800 [http-nio-8080-exec-9] DEBUG [traceId=8efddced592a46d8b11fc6d901edc0db userId=29 role=2] c.k.i.m.TaskUserMapper.selectList - ==> Parameters: 78(Long)
2026-07-05 22:35:49.801 [http-nio-8080-exec-9] DEBUG [traceId=8efddced592a46d8b11fc6d901edc0db userId=29 role=2] c.k.i.m.TaskUserMapper.selectList - <==      Total: 7
2026-07-05 22:35:49.801 [http-nio-8080-exec-9] DEBUG [traceId=8efddced592a46d8b11fc6d901edc0db userId=29 role=2] c.k.i.m.ClassInfoMapper.selectById - ==>  Preparing: SELECT id,class_name,description,status,create_by,create_time,update_by,update_time FROM class_info WHERE id=?
2026-07-05 22:35:49.802 [http-nio-8080-exec-9] DEBUG [traceId=8efddced592a46d8b11fc6d901edc0db userId=29 role=2] c.k.i.m.ClassInfoMapper.selectById - ==> Parameters: 8(Long)
2026-07-05 22:35:49.802 [http-nio-8080-exec-9] DEBUG [traceId=8efddced592a46d8b11fc6d901edc0db userId=29 role=2] c.k.i.m.ClassInfoMapper.selectById - <==      Total: 1
2026-07-05 22:35:49.804 [http-nio-8080-exec-9] DEBUG [traceId=8efddced592a46d8b11fc6d901edc0db userId=29 role=2] c.k.i.m.TaskUserMapper.selectList - ==>  Preparing: SELECT id,task_id,user_id,status,start_time,finish_time,duration_minutes,remark,total_score,submit_time,create_by,create_time,update_by,update_time FROM task_user WHERE (task_id = ?)
2026-07-05 22:35:49.805 [http-nio-8080-exec-9] DEBUG [traceId=8efddced592a46d8b11fc6d901edc0db userId=29 role=2] c.k.i.m.TaskUserMapper.selectList - ==> Parameters: 77(Long)
2026-07-05 22:35:49.806 [http-nio-8080-exec-9] DEBUG [traceId=8efddced592a46d8b11fc6d901edc0db userId=29 role=2] c.k.i.m.TaskUserMapper.selectList - <==      Total: 7
2026-07-05 22:35:49.806 [http-nio-8080-exec-9] DEBUG [traceId=8efddced592a46d8b11fc6d901edc0db userId=29 role=2] c.k.i.m.ClassInfoMapper.selectById - ==>  Preparing: SELECT id,class_name,description,status,create_by,create_time,update_by,update_time FROM class_info WHERE id=?
2026-07-05 22:35:49.807 [http-nio-8080-exec-9] DEBUG [traceId=8efddced592a46d8b11fc6d901edc0db userId=29 role=2] c.k.i.m.ClassInfoMapper.selectById - ==> Parameters: 8(Long)
2026-07-05 22:35:49.807 [http-nio-8080-exec-9] DEBUG [traceId=8efddced592a46d8b11fc6d901edc0db userId=29 role=2] c.k.i.m.ClassInfoMapper.selectById - <==      Total: 1
2026-07-05 22:35:49.812 [http-nio-8080-exec-9] INFO  [traceId=8efddced592a46d8b11fc6d901edc0db userId=29 role=2] com.kg.interceptor.TraceIdFilter - HTTP_REQUEST_END method=POST uri=/task/page status=200 cost=81ms responseBody={"code":200,"message":"查询成功","data":{"total":51,"list":[{"id":95,"taskName":"每日复盘","taskType":"3","templateId":null,"roundNo":0,"isMandatory":1,"taskDescription":null,"taskStartTime":"2026-07-05 08:00:00","taskEndTime":"2026-07-05 23:59:00","priority":0,"classId":null,"targetType":1,"targetIds":"8,9,10","selectedClassList":[{"id":8,"className":"1班"},{"id":9,"className":"2班"},{"id":10,"className":"线上学习1班"}],"selectedStudentList":null,"completedCount":0,"uncompletedCount":11,"completionPercent":0,"createTime":"2026-07-05 18:12:39","planId":null,"planDate":null,"isRepeatTask":0,"status":1},{"id":94,"taskName":"每日打卡","taskType":"2","templateId":null,"roundNo":0,"isMandatory":1,"taskDescription":null,"taskStartTime":"2026-07-05 06:00:00","taskEndTime":"2026-07-05 23:59:00","priority":0,"classId":null,"targetType":1,"targetIds":"8,9,10","selectedClassList":[{"id":8,"className":"1班"},{"id":9,"className":"2班"},{"id":10,"className":"线上学习1班"}],"selectedStudentList":null,"completedCount":0,"uncompletedCount":11,"completionPercent":0,"createTime":"2026-07-05 18:12:39","planId":null,"planDate":null,"isRepeatTask":0,"status":1},{"id":93,"taskName":"每日复盘","taskType":"3","templateId":null,"roundNo":0,"isMandatory":1,"taskDescription":null,"taskStartTime":"2026-07-03 08:00:00","taskEndTime":"2026-07-03 23:59:00","priority":0,"classId":null,"targetType":1,"targetIds":"8,9,10","selectedClassList":[{"id":8,"className":"1班"},{"id":9,"className":"2班"},{"id":10,"className":"线上学习1班"}],"selectedStudentList":null,"completedCount":0,"uncompletedCount":11,"completionPercent":0,"createTime":"2026-07-03 08:46:13","planId":null,"planDate":null,"isRepeatTask":0,"status":1},{"id":92,"taskName":"每日打卡","taskType":"2","templateId":null,"roundNo":0,"isMandatory":1,"taskDescription":null,"taskStartTime":"2026-07-03 06:00:00","taskEndTime":"2026-07-03 23:59:00","priority":0,"classId":null,"targetType":1,"targetIds":"8,9,10","selectedClassList":[{"id":8,"className":"1班"},{"id":9,"className":"2班"},{"id":10,"className":"线上学习1班"}],"selectedStudentList":null,"completedCount":1,"uncompletedCount":10,"completionPercent":9,"createTime":"2026-07-03 08:46:13","planId":null,"planDate":null,"isRepeatTask":0,"status":1},{"id":89,"taskName":"每日复盘","taskType":"3","templateId":null,"roundNo":0,"isMandatory":1,"taskDescription":null,"taskStartTime":"2026-07-02 08:00:00","taskEndTime":"2026-07-02 23:59:00","priority":0,"classId":null,"targetType":1,"targetIds":"8,9","selectedClassList":[{"id":8,"className":"1班"},{"id":9,"className":"2班"}],"selectedStudentList":null,"completedCount":0,"uncompletedCount":10,"completionPercent":0,"createTime":"2026-07-02 08:00:00","planId":null,"planDate":null,"isRepeatTask":0,"status":1},{"id":88,"taskName":"每日打卡","taskType":"2","templateId":null,"roundNo":0,"isMandatory":1,"taskDescription":null,"taskStartTime":"2026-07-02 06:00:00","taskEndTime":"2026-07-02 23:59:00","priority":0,"classId":null,"targetType":1,"targetIds":"8,9","selectedClassList":[{"id":8,"className":"1班"},{"id":9,"className":"2班"}],"selectedStudentList":null,"completedCount":1,"uncompletedCount":9,"completionPercent":10,"createTime":"2026-07-02 06:00:00","planId":null,"planDate":null,"isRepeatTask":0,"status":1},{"id":80,"taskName":"测试重复任务 07-04","taskType":"0","templateId":null,"roundNo":0,"isMandatory":1,"taskDescription":"","taskStartTime":"2026-07-04 00:00:00","taskEndTime":"2026-07-04 23:59:00","priority":1,"classId":null,"targetType":1,"targetIds":"8","selectedClassList":[{"id":8,"className":"1班"}],"selectedStudentList":null,"completedCount":0,"uncompletedCount":7,"completionPercent":0,"createTime":"2026-07-01 15:03:05","planId":1,"planDate":"2026-07-04","isRepeatTask":1,"status":1},{"id":79,"taskName":"测试重复任务 07-03","taskType":"0","templateId":null,"roundNo":0,"isMandatory":1,"taskDescription":"","taskStartTime":"2026-07-03 00:00:00","taskEndTime":"2026-07-03 23:59:00","priority":1,"classId":null,"targetType":1,"targetIds":"8","selectedClassList":[{"id":8,"className":"1班"}],"selectedStudentList":null,"completedCount":0,"uncompletedCount":7,"completionPercent":0,"createTime":"2026-07-01 15:03:05","planId":1,"planDate":"2026-07-03","isRepeatTask":1,"status":1},{"id":78,"taskName":"测试重复任务 07-02","taskType":"0","templateId":null,"roundNo":0,"isMandatory":1,"taskDescription":"","taskStartTime":"2026-07-02 00:00:00","taskEndTime":"2026-07-02 23:59:00","priority":1,"classId":null,"targetType":1,"targetIds":"8","selectedClassList":[{"id":8,"className":"1班"}],"selectedStudentList":null,"completedCount":1,"uncompletedCount":6,"completionPercent":14,"createTime":"2026-07-01 15:03:05","planId":1,"planDate":"2026-07-02","isRepeatTask":1,"status":1},{"id":77,"taskName":"测试重复任务 07-01","taskType":"0","templateId":null,"roundNo":0,"isMandatory":1,"taskDescription":"","taskStartTime":"2026-07-01 00:00:00","taskEndTime":"2026-07-01 23:59:00","priority":1,"classId":null,"targetType":1,"targetIds":"8","selectedClassList":[{"id":8,"className":"1班"}],"selectedStudentList":null,...[TRUNCATED length=5164]
2026-07-05 22:35:58.743 [http-nio-8080-exec-4] INFO  [traceId=7ffe3ec66272407683c85a4a353c017f userId= role=] com.kg.interceptor.TraceIdFilter - HTTP_REQUEST_START method=POST uri=/my-task/stats query=null requestBody={} ip=0:0:0:0:0:0:0:1 userAgent=Mozilla/5.0 (Windows NT 10.0; Win64; x64) AppleWebKit/537.36 (KHTML, like Gecko) Chrome/123.0.0.0 Safari/537.36
2026-07-05 22:35:58.743 [http-nio-8080-exec-3] INFO  [traceId=73ae218c95fd4906a92868cc3f2f34ad userId= role=] com.kg.interceptor.TraceIdFilter - HTTP_REQUEST_START method=POST uri=/my-task/list query=null requestBody={"pageNum":1,"pageSize":10,"status":"0"} ip=0:0:0:0:0:0:0:1 userAgent=Mozilla/5.0 (Windows NT 10.0; Win64; x64) AppleWebKit/537.36 (KHTML, like Gecko) Chrome/123.0.0.0 Safari/537.36
2026-07-05 22:35:58.743 [http-nio-8080-exec-6] INFO  [traceId=2d9dea4d19094031a5627f58a2cad6d3 userId= role=] com.kg.interceptor.TraceIdFilter - HTTP_REQUEST_START method=GET uri=/dict/group/task_type query=null requestBody= ip=0:0:0:0:0:0:0:1 userAgent=Mozilla/5.0 (Windows NT 10.0; Win64; x64) AppleWebKit/537.36 (KHTML, like Gecko) Chrome/123.0.0.0 Safari/537.36
2026-07-05 22:35:58.746 [http-nio-8080-exec-4] DEBUG [traceId=7ffe3ec66272407683c85a4a353c017f userId= role=] c.k.i.m.SysUserMapper.selectById - ==>  Preparing: SELECT id,account,name,password,role,gender,email,phone,openid,description,teacher_remark,class_id,status,create_by,create_time,update_by,update_time FROM sys_user WHERE id=?
2026-07-05 22:35:58.746 [http-nio-8080-exec-3] DEBUG [traceId=73ae218c95fd4906a92868cc3f2f34ad userId= role=] c.k.i.m.SysUserMapper.selectById - ==>  Preparing: SELECT id,account,name,password,role,gender,email,phone,openid,description,teacher_remark,class_id,status,create_by,create_time,update_by,update_time FROM sys_user WHERE id=?
2026-07-05 22:35:58.746 [http-nio-8080-exec-6] DEBUG [traceId=2d9dea4d19094031a5627f58a2cad6d3 userId= role=] c.k.i.m.SysUserMapper.selectById - ==>  Preparing: SELECT id,account,name,password,role,gender,email,phone,openid,description,teacher_remark,class_id,status,create_by,create_time,update_by,update_time FROM sys_user WHERE id=?
2026-07-05 22:35:58.746 [http-nio-8080-exec-4] DEBUG [traceId=7ffe3ec66272407683c85a4a353c017f userId= role=] c.k.i.m.SysUserMapper.selectById - ==> Parameters: 29(Long)
2026-07-05 22:35:58.746 [http-nio-8080-exec-6] DEBUG [traceId=2d9dea4d19094031a5627f58a2cad6d3 userId= role=] c.k.i.m.SysUserMapper.selectById - ==> Parameters: 29(Long)
2026-07-05 22:35:58.746 [http-nio-8080-exec-3] DEBUG [traceId=73ae218c95fd4906a92868cc3f2f34ad userId= role=] c.k.i.m.SysUserMapper.selectById - ==> Parameters: 29(Long)
2026-07-05 22:35:58.749 [http-nio-8080-exec-6] DEBUG [traceId=2d9dea4d19094031a5627f58a2cad6d3 userId= role=] c.k.i.m.SysUserMapper.selectById - <==      Total: 1
2026-07-05 22:35:58.749 [http-nio-8080-exec-4] DEBUG [traceId=7ffe3ec66272407683c85a4a353c017f userId= role=] c.k.i.m.SysUserMapper.selectById - <==      Total: 1
2026-07-05 22:35:58.749 [http-nio-8080-exec-3] DEBUG [traceId=73ae218c95fd4906a92868cc3f2f34ad userId= role=] c.k.i.m.SysUserMapper.selectById - <==      Total: 1
2026-07-05 22:35:58.750 [http-nio-8080-exec-6] DEBUG [traceId=2d9dea4d19094031a5627f58a2cad6d3 userId=29 role=2] c.k.i.mapper.DictMapper.selectList - ==>  Preparing: SELECT id,dict_code,dict_name,dict_label,dict_value,display_color,sort_no,status,create_by,create_time,update_by,update_time FROM sys_dict WHERE (dict_code = ?) ORDER BY sort_no ASC
2026-07-05 22:35:58.750 [http-nio-8080-exec-6] DEBUG [traceId=2d9dea4d19094031a5627f58a2cad6d3 userId=29 role=2] c.k.i.mapper.DictMapper.selectList - ==> Parameters: task_type(String)
2026-07-05 22:35:58.751 [http-nio-8080-exec-6] DEBUG [traceId=2d9dea4d19094031a5627f58a2cad6d3 userId=29 role=2] c.k.i.mapper.DictMapper.selectList - <==      Total: 4
2026-07-05 22:35:58.754 [http-nio-8080-exec-6] INFO  [traceId=2d9dea4d19094031a5627f58a2cad6d3 userId=29 role=2] com.kg.interceptor.TraceIdFilter - HTTP_REQUEST_END method=GET uri=/dict/group/task_type status=200 cost=11ms responseBody={"code":200,"message":"查询成功","data":{"dictCode":"task_type","dictName":"任务类型","items":[{"dictValue":"0","dictLabel":"刷题","sortNo":0,"status":1,"displayColor":"#ff6f00"},{"dictValue":"1","dictLabel":"学习","sortNo":1,"status":1,"displayColor":"#f7ff00"},{"dictValue":"2","dictLabel":"打卡","sortNo":2,"status":1,"displayColor":"#66ff00"},{"dictValue":"3","dictLabel":"每日复盘","sortNo":3,"status":1,"displayColor":"#00bfff"}]}}
2026-07-05 22:35:58.760 [http-nio-8080-exec-4] DEBUG [traceId=7ffe3ec66272407683c85a4a353c017f userId=29 role=2] c.k.i.m.TaskUserMapper.selectCount - ==>  Preparing: SELECT COUNT( * ) AS total FROM task_user WHERE (user_id = ? AND status = ?)
2026-07-05 22:35:58.760 [http-nio-8080-exec-4] DEBUG [traceId=7ffe3ec66272407683c85a4a353c017f userId=29 role=2] c.k.i.m.TaskUserMapper.selectCount - ==> Parameters: 29(Long), 0(String)
2026-07-05 22:35:58.761 [http-nio-8080-exec-4] DEBUG [traceId=7ffe3ec66272407683c85a4a353c017f userId=29 role=2] c.k.i.m.TaskUserMapper.selectCount - <==      Total: 1
2026-07-05 22:35:58.764 [http-nio-8080-exec-4] DEBUG [traceId=7ffe3ec66272407683c85a4a353c017f userId=29 role=2] c.k.i.m.TaskUserMapper.selectCount - ==>  Preparing: SELECT COUNT( * ) AS total FROM task_user WHERE (user_id = ? AND status IN (?,?))
2026-07-05 22:35:58.765 [http-nio-8080-exec-4] DEBUG [traceId=7ffe3ec66272407683c85a4a353c017f userId=29 role=2] c.k.i.m.TaskUserMapper.selectCount - ==> Parameters: 29(Long), 1(String), 2(String)
2026-07-05 22:35:58.766 [http-nio-8080-exec-4] DEBUG [traceId=7ffe3ec66272407683c85a4a353c017f userId=29 role=2] c.k.i.m.TaskUserMapper.selectCount - <==      Total: 1
2026-07-05 22:35:58.767 [http-nio-8080-exec-3] DEBUG [traceId=73ae218c95fd4906a92868cc3f2f34ad userId=29 role=2] c.k.i.mapper.MyTaskMapper.count - ==>  Preparing: SELECT COUNT(*) FROM task_user tu JOIN task t ON t.id = tu.task_id WHERE tu.user_id = ? AND tu.status = ?
2026-07-05 22:35:58.767 [http-nio-8080-exec-3] DEBUG [traceId=73ae218c95fd4906a92868cc3f2f34ad userId=29 role=2] c.k.i.mapper.MyTaskMapper.count - ==> Parameters: 29(Long), 0(String)
2026-07-05 22:35:58.767 [http-nio-8080-exec-4] INFO  [traceId=7ffe3ec66272407683c85a4a353c017f userId=29 role=2] com.kg.interceptor.TraceIdFilter - HTTP_REQUEST_END method=POST uri=/my-task/stats status=200 cost=24ms responseBody={"code":200,"message":"查询成功","data":{"unfinished":31,"finished":21}}
2026-07-05 22:35:58.772 [http-nio-8080-exec-3] DEBUG [traceId=73ae218c95fd4906a92868cc3f2f34ad userId=29 role=2] c.k.i.mapper.MyTaskMapper.count - <==      Total: 1
2026-07-05 22:35:58.772 [http-nio-8080-exec-3] DEBUG [traceId=73ae218c95fd4906a92868cc3f2f34ad userId=29 role=2] c.k.i.mapper.MyTaskMapper.page - ==>  Preparing: SELECT u.name AS task_create_name,t.round_no AS round_no,t.template_id AS template_id,t.id AS task_id, t.task_name, t.task_type, t.is_mandatory AS force_flag, t.task_description, t.priority, t.task_start_time AS start_time, t.task_end_time AS end_time, t.plan_id AS planId, t.plan_date AS planDate, t.is_repeat_task AS isRepeatTask, t.status AS taskStatus, tu.id AS task_user_id, tu.status, tu.total_score, tu.submit_time FROM task_user tu JOIN task t ON t.id = tu.task_id LEFT JOIN sys_user u ON u.id = t.create_by WHERE tu.user_id = ? AND tu.status = ? ORDER BY t.create_time DESC LIMIT ?, ?
2026-07-05 22:35:58.774 [http-nio-8080-exec-3] DEBUG [traceId=73ae218c95fd4906a92868cc3f2f34ad userId=29 role=2] c.k.i.mapper.MyTaskMapper.page - ==> Parameters: 29(Long), 0(String), 0(Integer), 10(Integer)
2026-07-05 22:35:58.781 [http-nio-8080-exec-3] DEBUG [traceId=73ae218c95fd4906a92868cc3f2f34ad userId=29 role=2] c.k.i.mapper.MyTaskMapper.page - <==      Total: 10
2026-07-05 22:35:58.787 [http-nio-8080-exec-3] INFO  [traceId=73ae218c95fd4906a92868cc3f2f34ad userId=29 role=2] com.kg.interceptor.TraceIdFilter - HTTP_REQUEST_END method=POST uri=/my-task/list status=200 cost=44ms responseBody={"code":200,"message":"查询成功","data":{"total":31,"list":[{"taskId":94,"taskName":"每日打卡","taskType":"2","forceFlag":1,"taskDescription":null,"priority":0,"startTime":"2026-07-05 06:00:00","endTime":"2026-07-05 23:59:00","status":"0","totalScore":null,"submitTime":null,"roundNo":0,"templateId":null,"planId":null,"planDate":null,"isRepeatTask":0,"taskStatus":1,"taskUserId":492,"taskCreateName":null},{"taskId":95,"taskName":"每日复盘","taskType":"3","forceFlag":1,"taskDescription":null,"priority":0,"startTime":"2026-07-05 08:00:00","endTime":"2026-07-05 23:59:00","status":"0","totalScore":null,"submitTime":null,"roundNo":0,"templateId":null,"planId":null,"planDate":null,"isRepeatTask":0,"taskStatus":1,"taskUserId":503,"taskCreateName":null},{"taskId":93,"taskName":"每日复盘","taskType":"3","forceFlag":1,"taskDescription":null,"priority":0,"startTime":"2026-07-03 08:00:00","endTime":"2026-07-03 23:59:00","status":"0","totalScore":null,"submitTime":null,"roundNo":0,"templateId":null,"planId":null,"planDate":null,"isRepeatTask":0,"taskStatus":1,"taskUserId":481,"taskCreateName":null},{"taskId":89,"taskName":"每日复盘","taskType":"3","forceFlag":1,"taskDescription":null,"priority":0,"startTime":"2026-07-02 08:00:00","endTime":"2026-07-02 23:59:00","status":"0","totalScore":null,"submitTime":null,"roundNo":0,"templateId":null,"planId":null,"planDate":null,"isRepeatTask":0,"taskStatus":1,"taskUserId":458,"taskCreateName":null},{"taskId":79,"taskName":"测试重复任务 07-03","taskType":"0","forceFlag":1,"taskDescription":"","priority":1,"startTime":"2026-07-03 00:00:00","endTime":"2026-07-03 23:59:00","status":"0","totalScore":null,"submitTime":null,"roundNo":0,"templateId":null,"planId":1,"planDate":"2026-07-03","isRepeatTask":1,"taskStatus":1,"taskUserId":431,"taskCreateName":"管理员"},{"taskId":80,"taskName":"测试重复任务 07-04","taskType":"0","forceFlag":1,"taskDescription":"","priority":1,"startTime":"2026-07-04 00:00:00","endTime":"2026-07-04 23:59:00","status":"0","totalScore":null,"submitTime":null,"roundNo":0,"templateId":null,"planId":1,"planDate":"2026-07-04","isRepeatTask":1,"taskStatus":1,"taskUserId":438,"taskCreateName":"管理员"},{"taskId":76,"taskName":"普通刷题任务测试","taskType":"0","forceFlag":1,"taskDescription":"","priority":1,"startTime":"2026-07-01 00:00:00","endTime":"2026-07-03 23:59:59","status":"0","totalScore":null,"submitTime":null,"roundNo":1,"templateId":null,"planId":null,"planDate":null,"isRepeatTask":0,"taskStatus":1,"taskUserId":410,"taskCreateName":"管理员"},{"taskId":75,"taskName":"每日复盘","taskType":"3","forceFlag":1,"taskDescription":null,"priority":0,"startTime":"2026-07-01 08:00:00","endTime":"2026-07-01 23:59:00","status":"0","totalScore":null,"submitTime":null,"roundNo":0,"templateId":null,"planId":null,"planDate":null,"isRepeatTask":0,"taskStatus":1,"taskUserId":403,"taskCreateName":null},{"taskId":73,"taskName":"测试班级任务","taskType":"0","forceFlag":1,"taskDescription":"","priority":1,"startTime":"2026-06-29 00:00:00","endTime":"2026-06-30 23:59:59","status":"0","totalScore":null,"submitTime":null,"roundNo":1,"templateId":null,"planId":null,"planDate":null,"isRepeatTask":0,"taskStatus":1,"taskUserId":383,"taskCreateName":"杨少伟"},{"taskId":72,"taskName":"每日复盘","taskType":"3","forceFlag":1,"taskDescription":null,"priority":0,"startTime":"2026-06-29 08:00:00","endTime":"2026-06-29 23:59:00","status":"0","totalScore":null,"submitTime":null,"roundNo":0,"templateId":null,"planId":null,"planDate":null,"isRepeatTask":0,"taskStatus":1,"taskUserId":376,"taskCreateName":null}]}}
2026-07-05 22:36:01.884 [http-nio-8080-exec-5] INFO  [traceId=dfa27f363bdb4149a15cbee7c603b32a userId= role=] com.kg.interceptor.TraceIdFilter - HTTP_REQUEST_START method=POST uri=/my-task/list query=null requestBody={"pageNum":2,"pageSize":10,"status":"0"} ip=0:0:0:0:0:0:0:1 userAgent=Mozilla/5.0 (Windows NT 10.0; Win64; x64) AppleWebKit/537.36 (KHTML, like Gecko) Chrome/123.0.0.0 Safari/537.36
2026-07-05 22:36:01.886 [http-nio-8080-exec-5] DEBUG [traceId=dfa27f363bdb4149a15cbee7c603b32a userId= role=] c.k.i.m.SysUserMapper.selectById - ==>  Preparing: SELECT id,account,name,password,role,gender,email,phone,openid,description,teacher_remark,class_id,status,create_by,create_time,update_by,update_time FROM sys_user WHERE id=?
2026-07-05 22:36:01.887 [http-nio-8080-exec-5] DEBUG [traceId=dfa27f363bdb4149a15cbee7c603b32a userId= role=] c.k.i.m.SysUserMapper.selectById - ==> Parameters: 29(Long)
2026-07-05 22:36:01.888 [http-nio-8080-exec-5] DEBUG [traceId=dfa27f363bdb4149a15cbee7c603b32a userId= role=] c.k.i.m.SysUserMapper.selectById - <==      Total: 1
2026-07-05 22:36:01.889 [http-nio-8080-exec-5] DEBUG [traceId=dfa27f363bdb4149a15cbee7c603b32a userId=29 role=2] c.k.i.mapper.MyTaskMapper.count - ==>  Preparing: SELECT COUNT(*) FROM task_user tu JOIN task t ON t.id = tu.task_id WHERE tu.user_id = ? AND tu.status = ?
2026-07-05 22:36:01.889 [http-nio-8080-exec-5] DEBUG [traceId=dfa27f363bdb4149a15cbee7c603b32a userId=29 role=2] c.k.i.mapper.MyTaskMapper.count - ==> Parameters: 29(Long), 0(String)
2026-07-05 22:36:01.890 [http-nio-8080-exec-5] DEBUG [traceId=dfa27f363bdb4149a15cbee7c603b32a userId=29 role=2] c.k.i.mapper.MyTaskMapper.count - <==      Total: 1
2026-07-05 22:36:01.890 [http-nio-8080-exec-5] DEBUG [traceId=dfa27f363bdb4149a15cbee7c603b32a userId=29 role=2] c.k.i.mapper.MyTaskMapper.page - ==>  Preparing: SELECT u.name AS task_create_name,t.round_no AS round_no,t.template_id AS template_id,t.id AS task_id, t.task_name, t.task_type, t.is_mandatory AS force_flag, t.task_description, t.priority, t.task_start_time AS start_time, t.task_end_time AS end_time, t.plan_id AS planId, t.plan_date AS planDate, t.is_repeat_task AS isRepeatTask, t.status AS taskStatus, tu.id AS task_user_id, tu.status, tu.total_score, tu.submit_time FROM task_user tu JOIN task t ON t.id = tu.task_id LEFT JOIN sys_user u ON u.id = t.create_by WHERE tu.user_id = ? AND tu.status = ? ORDER BY t.create_time DESC LIMIT ?, ?
2026-07-05 22:36:01.890 [http-nio-8080-exec-5] DEBUG [traceId=dfa27f363bdb4149a15cbee7c603b32a userId=29 role=2] c.k.i.mapper.MyTaskMapper.page - ==> Parameters: 29(Long), 0(String), 10(Integer), 10(Integer)
2026-07-05 22:36:01.893 [http-nio-8080-exec-5] DEBUG [traceId=dfa27f363bdb4149a15cbee7c603b32a userId=29 role=2] c.k.i.mapper.MyTaskMapper.page - <==      Total: 10
2026-07-05 22:36:01.897 [http-nio-8080-exec-5] INFO  [traceId=dfa27f363bdb4149a15cbee7c603b32a userId=29 role=2] com.kg.interceptor.TraceIdFilter - HTTP_REQUEST_END method=POST uri=/my-task/list status=200 cost=13ms responseBody={"code":200,"message":"查询成功","data":{"total":31,"list":[{"taskId":68,"taskName":"班长创建任务","taskType":"0","forceFlag":1,"taskDescription":"","priority":1,"startTime":"2026-06-23 00:00:00","endTime":"2026-07-22 23:59:59","status":"0","totalScore":null,"submitTime":null,"roundNo":1,"templateId":null,"planId":null,"planDate":null,"isRepeatTask":0,"taskStatus":1,"taskUserId":336,"taskCreateName":"杨少伟"},{"taskId":66,"taskName":"145测试","taskType":"0","forceFlag":1,"taskDescription":"考150分","priority":1,"startTime":"2026-06-23 00:00:00","endTime":"2026-06-23 23:59:59","status":"0","totalScore":null,"submitTime":null,"roundNo":1,"templateId":null,"planId":null,"planDate":null,"isRepeatTask":0,"taskStatus":1,"taskUserId":322,"taskCreateName":"杨少伟"},{"taskId":65,"taskName":"每日复盘","taskType":"3","forceFlag":1,"taskDescription":null,"priority":0,"startTime":"2026-06-23 08:00:00","endTime":"2026-06-23 23:59:00","status":"0","totalScore":null,"submitTime":null,"roundNo":0,"templateId":null,"planId":null,"planDate":null,"isRepeatTask":0,"taskStatus":1,"taskUserId":315,"taskCreateName":null},{"taskId":62,"taskName":"每日打卡","taskType":"2","forceFlag":1,"taskDescription":null,"priority":0,"startTime":"2026-06-22 06:00:00","endTime":"2026-06-22 23:59:00","status":"0","totalScore":null,"submitTime":null,"roundNo":0,"templateId":null,"planId":null,"planDate":null,"isRepeatTask":0,"taskStatus":1,"taskUserId":283,"taskCreateName":null},{"taskId":63,"taskName":"每日复盘","taskType":"3","forceFlag":1,"taskDescription":null,"priority":0,"startTime":"2026-06-22 08:00:00","endTime":"2026-06-22 23:59:00","status":"0","totalScore":null,"submitTime":null,"roundNo":0,"templateId":null,"planId":null,"planDate":null,"isRepeatTask":0,"taskStatus":1,"taskUserId":293,"taskCreateName":null},{"taskId":60,"taskName":"每日打卡","taskType":"2","forceFlag":1,"taskDescription":null,"priority":0,"startTime":"2026-06-21 06:00:00","endTime":"2026-06-21 23:59:00","status":"0","totalScore":null,"submitTime":null,"roundNo":0,"templateId":null,"planId":null,"planDate":null,"isRepeatTask":0,"taskStatus":1,"taskUserId":263,"taskCreateName":null},{"taskId":61,"taskName":"每日复盘","taskType":"3","forceFlag":1,"taskDescription":null,"priority":0,"startTime":"2026-06-21 08:00:00","endTime":"2026-06-21 23:59:00","status":"0","totalScore":null,"submitTime":null,"roundNo":0,"templateId":null,"planId":null,"planDate":null,"isRepeatTask":0,"taskStatus":1,"taskUserId":273,"taskCreateName":null},{"taskId":58,"taskName":"每日打卡","taskType":"2","forceFlag":1,"taskDescription":null,"priority":0,"startTime":"2026-06-20 06:00:00","endTime":"2026-06-20 23:59:00","status":"0","totalScore":null,"submitTime":null,"roundNo":0,"templateId":null,"planId":null,"planDate":null,"isRepeatTask":0,"taskStatus":1,"taskUserId":243,"taskCreateName":null},{"taskId":59,"taskName":"每日复盘","taskType":"3","forceFlag":1,"taskDescription":null,"priority":0,"startTime":"2026-06-20 08:00:00","endTime":"2026-06-20 23:59:00","status":"0","totalScore":null,"submitTime":null,"roundNo":0,"templateId":null,"planId":null,"planDate":null,"isRepeatTask":0,"taskStatus":1,"taskUserId":253,"taskCreateName":null},{"taskId":57,"taskName":"任务名称","taskType":"0","forceFlag":1,"taskDescription":"任务描述","priority":1,"startTime":"2026-06-16 00:00:00","endTime":"2026-06-17 23:59:59","status":"0","totalScore":null,"submitTime":null,"roundNo":1,"templateId":null,"planId":null,"planDate":null,"isRepeatTask":0,"taskStatus":1,"taskUserId":231,"taskCreateName":"管理员"}]}}
2026-07-05 22:36:02.913 [http-nio-8080-exec-7] INFO  [traceId=f6c0ed8fd1914334943efbdb0245c539 userId= role=] com.kg.interceptor.TraceIdFilter - HTTP_REQUEST_START method=POST uri=/my-task/list query=null requestBody={"pageNum":3,"pageSize":10,"status":"0"} ip=0:0:0:0:0:0:0:1 userAgent=Mozilla/5.0 (Windows NT 10.0; Win64; x64) AppleWebKit/537.36 (KHTML, like Gecko) Chrome/123.0.0.0 Safari/537.36
2026-07-05 22:36:02.916 [http-nio-8080-exec-7] DEBUG [traceId=f6c0ed8fd1914334943efbdb0245c539 userId= role=] c.k.i.m.SysUserMapper.selectById - ==>  Preparing: SELECT id,account,name,password,role,gender,email,phone,openid,description,teacher_remark,class_id,status,create_by,create_time,update_by,update_time FROM sys_user WHERE id=?
2026-07-05 22:36:02.916 [http-nio-8080-exec-7] DEBUG [traceId=f6c0ed8fd1914334943efbdb0245c539 userId= role=] c.k.i.m.SysUserMapper.selectById - ==> Parameters: 29(Long)
2026-07-05 22:36:02.918 [http-nio-8080-exec-7] DEBUG [traceId=f6c0ed8fd1914334943efbdb0245c539 userId= role=] c.k.i.m.SysUserMapper.selectById - <==      Total: 1
2026-07-05 22:36:02.919 [http-nio-8080-exec-7] DEBUG [traceId=f6c0ed8fd1914334943efbdb0245c539 userId=29 role=2] c.k.i.mapper.MyTaskMapper.count - ==>  Preparing: SELECT COUNT(*) FROM task_user tu JOIN task t ON t.id = tu.task_id WHERE tu.user_id = ? AND tu.status = ?
2026-07-05 22:36:02.919 [http-nio-8080-exec-7] DEBUG [traceId=f6c0ed8fd1914334943efbdb0245c539 userId=29 role=2] c.k.i.mapper.MyTaskMapper.count - ==> Parameters: 29(Long), 0(String)
2026-07-05 22:36:02.920 [http-nio-8080-exec-7] DEBUG [traceId=f6c0ed8fd1914334943efbdb0245c539 userId=29 role=2] c.k.i.mapper.MyTaskMapper.count - <==      Total: 1
2026-07-05 22:36:02.921 [http-nio-8080-exec-7] DEBUG [traceId=f6c0ed8fd1914334943efbdb0245c539 userId=29 role=2] c.k.i.mapper.MyTaskMapper.page - ==>  Preparing: SELECT u.name AS task_create_name,t.round_no AS round_no,t.template_id AS template_id,t.id AS task_id, t.task_name, t.task_type, t.is_mandatory AS force_flag, t.task_description, t.priority, t.task_start_time AS start_time, t.task_end_time AS end_time, t.plan_id AS planId, t.plan_date AS planDate, t.is_repeat_task AS isRepeatTask, t.status AS taskStatus, tu.id AS task_user_id, tu.status, tu.total_score, tu.submit_time FROM task_user tu JOIN task t ON t.id = tu.task_id LEFT JOIN sys_user u ON u.id = t.create_by WHERE tu.user_id = ? AND tu.status = ? ORDER BY t.create_time DESC LIMIT ?, ?
2026-07-05 22:36:02.921 [http-nio-8080-exec-7] DEBUG [traceId=f6c0ed8fd1914334943efbdb0245c539 userId=29 role=2] c.k.i.mapper.MyTaskMapper.page - ==> Parameters: 29(Long), 0(String), 20(Integer), 10(Integer)
2026-07-05 22:36:02.924 [http-nio-8080-exec-7] DEBUG [traceId=f6c0ed8fd1914334943efbdb0245c539 userId=29 role=2] c.k.i.mapper.MyTaskMapper.page - <==      Total: 10
2026-07-05 22:36:02.925 [http-nio-8080-exec-7] INFO  [traceId=f6c0ed8fd1914334943efbdb0245c539 userId=29 role=2] com.kg.interceptor.TraceIdFilter - HTTP_REQUEST_END method=POST uri=/my-task/list status=200 cost=13ms responseBody={"code":200,"message":"查询成功","data":{"total":31,"list":[{"taskId":56,"taskName":"每日复盘","taskType":"3","forceFlag":1,"taskDescription":null,"priority":0,"startTime":"2026-06-16 08:00:00","endTime":"2026-06-16 23:59:00","status":"0","totalScore":null,"submitTime":null,"roundNo":0,"templateId":null,"planId":null,"planDate":null,"isRepeatTask":0,"taskStatus":1,"taskUserId":224,"taskCreateName":null},{"taskId":53,"taskName":"每日复盘","taskType":"3","forceFlag":1,"taskDescription":null,"priority":0,"startTime":"2026-06-15 08:00:00","endTime":"2026-06-15 23:59:00","status":"0","totalScore":null,"submitTime":null,"roundNo":0,"templateId":null,"planId":null,"planDate":null,"isRepeatTask":0,"taskStatus":1,"taskUserId":197,"taskCreateName":null},{"taskId":51,"taskName":"每日复盘","taskType":"3","forceFlag":1,"taskDescription":null,"priority":0,"startTime":"2026-06-14 08:00:00","endTime":"2026-06-14 23:59:00","status":"0","totalScore":null,"submitTime":null,"roundNo":0,"templateId":null,"planId":null,"planDate":null,"isRepeatTask":0,"taskStatus":1,"taskUserId":177,"taskCreateName":null},{"taskId":49,"taskName":"测试颜色613","taskType":"3","forceFlag":1,"taskDescription":"","priority":1,"startTime":"2026-06-12 00:00:00","endTime":"2026-06-13 23:59:59","status":"0","totalScore":null,"submitTime":null,"roundNo":1,"templateId":null,"planId":null,"planDate":null,"isRepeatTask":0,"taskStatus":1,"taskUserId":155,"taskCreateName":"管理员"},{"taskId":47,"taskName":"222","taskType":"1","forceFlag":1,"taskDescription":"","priority":1,"startTime":"2026-06-12 00:00:00","endTime":"2026-06-13 23:59:59","status":"0","totalScore":null,"submitTime":null,"roundNo":1,"templateId":null,"planId":null,"planDate":null,"isRepeatTask":0,"taskStatus":1,"taskUserId":148,"taskCreateName":"杨少伟"},{"taskId":46,"taskName":"111","taskType":"2","forceFlag":1,"taskDescription":"","priority":1,"startTime":"2026-06-12 00:00:00","endTime":"2026-06-13 23:59:59","status":"0","totalScore":null,"submitTime":null,"roundNo":1,"templateId":null,"planId":null,"planDate":null,"isRepeatTask":0,"taskStatus":1,"taskUserId":142,"taskCreateName":"管理员"},{"taskId":45,"taskName":"测试颜色5","taskType":"3","forceFlag":1,"taskDescription":"","priority":5,"startTime":"2026-06-13 00:00:00","endTime":"2026-06-14 23:59:59","status":"0","totalScore":null,"submitTime":null,"roundNo":1,"templateId":null,"planId":null,"planDate":null,"isRepeatTask":0,"taskStatus":1,"taskUserId":138,"taskCreateName":"杨少伟"},{"taskId":44,"taskName":"测试颜色4","taskType":"3","forceFlag":1,"taskDescription":"","priority":4,"startTime":"2026-06-12 00:00:00","endTime":"2026-06-13 23:59:59","status":"0","totalScore":null,"submitTime":null,"roundNo":1,"templateId":null,"planId":null,"planDate":null,"isRepeatTask":0,"taskStatus":1,"taskUserId":134,"taskCreateName":"杨少伟"},{"taskId":43,"taskName":"测试颜色1","taskType":"3","forceFlag":1,"taskDescription":"","priority":1,"startTime":"2026-06-12 00:00:00","endTime":"2026-06-13 23:59:59","status":"0","totalScore":null,"submitTime":null,"roundNo":1,"templateId":null,"planId":null,"planDate":null,"isRepeatTask":0,"taskStatus":1,"taskUserId":130,"taskCreateName":"杨少伟"},{"taskId":42,"taskName":"测试颜色2","taskType":"3","forceFlag":1,"taskDescription":"","priority":2,"startTime":"2026-06-13 00:00:00","endTime":"2026-06-14 23:59:59","status":"0","totalScore":null,"submitTime":null,"roundNo":1,"templateId":null,"planId":null,"planDate":null,"isRepeatTask":0,"taskStatus":1,"taskUserId":126,"taskCreateName":"杨少伟"}]}}
2026-07-05 22:36:03.504 [http-nio-8080-exec-8] INFO  [traceId=198bb3b0b2ab409a92bf1b558b1ea999 userId= role=] com.kg.interceptor.TraceIdFilter - HTTP_REQUEST_START method=POST uri=/my-task/list query=null requestBody={"pageNum":4,"pageSize":10,"status":"0"} ip=0:0:0:0:0:0:0:1 userAgent=Mozilla/5.0 (Windows NT 10.0; Win64; x64) AppleWebKit/537.36 (KHTML, like Gecko) Chrome/123.0.0.0 Safari/537.36
2026-07-05 22:36:03.507 [http-nio-8080-exec-8] DEBUG [traceId=198bb3b0b2ab409a92bf1b558b1ea999 userId= role=] c.k.i.m.SysUserMapper.selectById - ==>  Preparing: SELECT id,account,name,password,role,gender,email,phone,openid,description,teacher_remark,class_id,status,create_by,create_time,update_by,update_time FROM sys_user WHERE id=?
2026-07-05 22:36:03.507 [http-nio-8080-exec-8] DEBUG [traceId=198bb3b0b2ab409a92bf1b558b1ea999 userId= role=] c.k.i.m.SysUserMapper.selectById - ==> Parameters: 29(Long)
2026-07-05 22:36:03.508 [http-nio-8080-exec-8] DEBUG [traceId=198bb3b0b2ab409a92bf1b558b1ea999 userId= role=] c.k.i.m.SysUserMapper.selectById - <==      Total: 1
2026-07-05 22:36:03.509 [http-nio-8080-exec-8] DEBUG [traceId=198bb3b0b2ab409a92bf1b558b1ea999 userId=29 role=2] c.k.i.mapper.MyTaskMapper.count - ==>  Preparing: SELECT COUNT(*) FROM task_user tu JOIN task t ON t.id = tu.task_id WHERE tu.user_id = ? AND tu.status = ?
2026-07-05 22:36:03.511 [http-nio-8080-exec-8] DEBUG [traceId=198bb3b0b2ab409a92bf1b558b1ea999 userId=29 role=2] c.k.i.mapper.MyTaskMapper.count - ==> Parameters: 29(Long), 0(String)
2026-07-05 22:36:03.511 [http-nio-8080-exec-8] DEBUG [traceId=198bb3b0b2ab409a92bf1b558b1ea999 userId=29 role=2] c.k.i.mapper.MyTaskMapper.count - <==      Total: 1
2026-07-05 22:36:03.512 [http-nio-8080-exec-8] DEBUG [traceId=198bb3b0b2ab409a92bf1b558b1ea999 userId=29 role=2] c.k.i.mapper.MyTaskMapper.page - ==>  Preparing: SELECT u.name AS task_create_name,t.round_no AS round_no,t.template_id AS template_id,t.id AS task_id, t.task_name, t.task_type, t.is_mandatory AS force_flag, t.task_description, t.priority, t.task_start_time AS start_time, t.task_end_time AS end_time, t.plan_id AS planId, t.plan_date AS planDate, t.is_repeat_task AS isRepeatTask, t.status AS taskStatus, tu.id AS task_user_id, tu.status, tu.total_score, tu.submit_time FROM task_user tu JOIN task t ON t.id = tu.task_id LEFT JOIN sys_user u ON u.id = t.create_by WHERE tu.user_id = ? AND tu.status = ? ORDER BY t.create_time DESC LIMIT ?, ?
2026-07-05 22:36:03.512 [http-nio-8080-exec-8] DEBUG [traceId=198bb3b0b2ab409a92bf1b558b1ea999 userId=29 role=2] c.k.i.mapper.MyTaskMapper.page - ==> Parameters: 29(Long), 0(String), 30(Integer), 10(Integer)
2026-07-05 22:36:03.514 [http-nio-8080-exec-8] DEBUG [traceId=198bb3b0b2ab409a92bf1b558b1ea999 userId=29 role=2] c.k.i.mapper.MyTaskMapper.page - <==      Total: 1
2026-07-05 22:36:03.515 [http-nio-8080-exec-8] INFO  [traceId=198bb3b0b2ab409a92bf1b558b1ea999 userId=29 role=2] com.kg.interceptor.TraceIdFilter - HTTP_REQUEST_END method=POST uri=/my-task/list status=200 cost=11ms responseBody={"code":200,"message":"查询成功","data":{"total":31,"list":[{"taskId":40,"taskName":"测试颜色3","taskType":"3","forceFlag":1,"taskDescription":"","priority":3,"startTime":"2026-06-13 00:00:00","endTime":"2026-06-14 23:59:59","status":"0","totalScore":null,"submitTime":null,"roundNo":1,"templateId":null,"planId":null,"planDate":null,"isRepeatTask":0,"taskStatus":1,"taskUserId":118,"taskCreateName":"杨少伟"}]}}
2026-07-05 22:36:38.461 [http-nio-8080-exec-10] INFO  [traceId=1ca3443ff4e24b23967e49a389aa0e74 userId= role=] com.kg.interceptor.TraceIdFilter - HTTP_REQUEST_START method=POST uri=/my-task/list query=null requestBody={"pageNum":1,"pageSize":10,"status":"0"} ip=0:0:0:0:0:0:0:1 userAgent=Mozilla/5.0 (Windows NT 10.0; Win64; x64) AppleWebKit/537.36 (KHTML, like Gecko) Chrome/123.0.0.0 Safari/537.36
2026-07-05 22:36:38.461 [http-nio-8080-exec-2] INFO  [traceId=4115a09c48fa465aa250a92c7ee57682 userId= role=] com.kg.interceptor.TraceIdFilter - HTTP_REQUEST_START method=POST uri=/my-task/list query=null requestBody={"pageNum":1,"pageSize":10,"status":"0"} ip=0:0:0:0:0:0:0:1 userAgent=Mozilla/5.0 (Windows NT 10.0; Win64; x64) AppleWebKit/537.36 (KHTML, like Gecko) Chrome/123.0.0.0 Safari/537.36
2026-07-05 22:36:38.466 [http-nio-8080-exec-2] DEBUG [traceId=4115a09c48fa465aa250a92c7ee57682 userId= role=] c.k.i.m.SysUserMapper.selectById - ==>  Preparing: SELECT id,account,name,password,role,gender,email,phone,openid,description,teacher_remark,class_id,status,create_by,create_time,update_by,update_time FROM sys_user WHERE id=?
2026-07-05 22:36:38.466 [http-nio-8080-exec-10] DEBUG [traceId=1ca3443ff4e24b23967e49a389aa0e74 userId= role=] c.k.i.m.SysUserMapper.selectById - ==>  Preparing: SELECT id,account,name,password,role,gender,email,phone,openid,description,teacher_remark,class_id,status,create_by,create_time,update_by,update_time FROM sys_user WHERE id=?
2026-07-05 22:36:38.466 [http-nio-8080-exec-2] DEBUG [traceId=4115a09c48fa465aa250a92c7ee57682 userId= role=] c.k.i.m.SysUserMapper.selectById - ==> Parameters: 29(Long)
2026-07-05 22:36:38.466 [http-nio-8080-exec-10] DEBUG [traceId=1ca3443ff4e24b23967e49a389aa0e74 userId= role=] c.k.i.m.SysUserMapper.selectById - ==> Parameters: 29(Long)
2026-07-05 22:36:38.467 [http-nio-8080-exec-2] DEBUG [traceId=4115a09c48fa465aa250a92c7ee57682 userId= role=] c.k.i.m.SysUserMapper.selectById - <==      Total: 1
2026-07-05 22:36:38.467 [http-nio-8080-exec-10] DEBUG [traceId=1ca3443ff4e24b23967e49a389aa0e74 userId= role=] c.k.i.m.SysUserMapper.selectById - <==      Total: 1
2026-07-05 22:36:38.468 [http-nio-8080-exec-2] DEBUG [traceId=4115a09c48fa465aa250a92c7ee57682 userId=29 role=2] c.k.i.mapper.MyTaskMapper.count - ==>  Preparing: SELECT COUNT(*) FROM task_user tu JOIN task t ON t.id = tu.task_id WHERE tu.user_id = ? AND tu.status = ?
2026-07-05 22:36:38.468 [http-nio-8080-exec-10] DEBUG [traceId=1ca3443ff4e24b23967e49a389aa0e74 userId=29 role=2] c.k.i.mapper.MyTaskMapper.count - ==>  Preparing: SELECT COUNT(*) FROM task_user tu JOIN task t ON t.id = tu.task_id WHERE tu.user_id = ? AND tu.status = ?
2026-07-05 22:36:38.468 [http-nio-8080-exec-2] DEBUG [traceId=4115a09c48fa465aa250a92c7ee57682 userId=29 role=2] c.k.i.mapper.MyTaskMapper.count - ==> Parameters: 29(Long), 0(String)
2026-07-05 22:36:38.468 [http-nio-8080-exec-10] DEBUG [traceId=1ca3443ff4e24b23967e49a389aa0e74 userId=29 role=2] c.k.i.mapper.MyTaskMapper.count - ==> Parameters: 29(Long), 0(String)
2026-07-05 22:36:38.470 [http-nio-8080-exec-2] DEBUG [traceId=4115a09c48fa465aa250a92c7ee57682 userId=29 role=2] c.k.i.mapper.MyTaskMapper.count - <==      Total: 1
2026-07-05 22:36:38.470 [http-nio-8080-exec-10] DEBUG [traceId=1ca3443ff4e24b23967e49a389aa0e74 userId=29 role=2] c.k.i.mapper.MyTaskMapper.count - <==      Total: 1
2026-07-05 22:36:38.470 [http-nio-8080-exec-10] DEBUG [traceId=1ca3443ff4e24b23967e49a389aa0e74 userId=29 role=2] c.k.i.mapper.MyTaskMapper.page - ==>  Preparing: SELECT u.name AS task_create_name,t.round_no AS round_no,t.template_id AS template_id,t.id AS task_id, t.task_name, t.task_type, t.is_mandatory AS force_flag, t.task_description, t.priority, t.task_start_time AS start_time, t.task_end_time AS end_time, t.plan_id AS planId, t.plan_date AS planDate, t.is_repeat_task AS isRepeatTask, t.status AS taskStatus, tu.id AS task_user_id, tu.status, tu.total_score, tu.submit_time FROM task_user tu JOIN task t ON t.id = tu.task_id LEFT JOIN sys_user u ON u.id = t.create_by WHERE tu.user_id = ? AND tu.status = ? ORDER BY t.create_time DESC LIMIT ?, ?
2026-07-05 22:36:38.470 [http-nio-8080-exec-2] DEBUG [traceId=4115a09c48fa465aa250a92c7ee57682 userId=29 role=2] c.k.i.mapper.MyTaskMapper.page - ==>  Preparing: SELECT u.name AS task_create_name,t.round_no AS round_no,t.template_id AS template_id,t.id AS task_id, t.task_name, t.task_type, t.is_mandatory AS force_flag, t.task_description, t.priority, t.task_start_time AS start_time, t.task_end_time AS end_time, t.plan_id AS planId, t.plan_date AS planDate, t.is_repeat_task AS isRepeatTask, t.status AS taskStatus, tu.id AS task_user_id, tu.status, tu.total_score, tu.submit_time FROM task_user tu JOIN task t ON t.id = tu.task_id LEFT JOIN sys_user u ON u.id = t.create_by WHERE tu.user_id = ? AND tu.status = ? ORDER BY t.create_time DESC LIMIT ?, ?
2026-07-05 22:36:38.470 [http-nio-8080-exec-10] DEBUG [traceId=1ca3443ff4e24b23967e49a389aa0e74 userId=29 role=2] c.k.i.mapper.MyTaskMapper.page - ==> Parameters: 29(Long), 0(String), 0(Integer), 10(Integer)
2026-07-05 22:36:38.470 [http-nio-8080-exec-2] DEBUG [traceId=4115a09c48fa465aa250a92c7ee57682 userId=29 role=2] c.k.i.mapper.MyTaskMapper.page - ==> Parameters: 29(Long), 0(String), 0(Integer), 10(Integer)
2026-07-05 22:36:38.472 [http-nio-8080-exec-2] DEBUG [traceId=4115a09c48fa465aa250a92c7ee57682 userId=29 role=2] c.k.i.mapper.MyTaskMapper.page - <==      Total: 10
2026-07-05 22:36:38.473 [http-nio-8080-exec-10] DEBUG [traceId=1ca3443ff4e24b23967e49a389aa0e74 userId=29 role=2] c.k.i.mapper.MyTaskMapper.page - <==      Total: 10
2026-07-05 22:36:38.473 [http-nio-8080-exec-2] INFO  [traceId=4115a09c48fa465aa250a92c7ee57682 userId=29 role=2] com.kg.interceptor.TraceIdFilter - HTTP_REQUEST_END method=POST uri=/my-task/list status=200 cost=12ms responseBody={"code":200,"message":"查询成功","data":{"total":31,"list":[{"taskId":94,"taskName":"每日打卡","taskType":"2","forceFlag":1,"taskDescription":null,"priority":0,"startTime":"2026-07-05 06:00:00","endTime":"2026-07-05 23:59:00","status":"0","totalScore":null,"submitTime":null,"roundNo":0,"templateId":null,"planId":null,"planDate":null,"isRepeatTask":0,"taskStatus":1,"taskUserId":492,"taskCreateName":null},{"taskId":95,"taskName":"每日复盘","taskType":"3","forceFlag":1,"taskDescription":null,"priority":0,"startTime":"2026-07-05 08:00:00","endTime":"2026-07-05 23:59:00","status":"0","totalScore":null,"submitTime":null,"roundNo":0,"templateId":null,"planId":null,"planDate":null,"isRepeatTask":0,"taskStatus":1,"taskUserId":503,"taskCreateName":null},{"taskId":93,"taskName":"每日复盘","taskType":"3","forceFlag":1,"taskDescription":null,"priority":0,"startTime":"2026-07-03 08:00:00","endTime":"2026-07-03 23:59:00","status":"0","totalScore":null,"submitTime":null,"roundNo":0,"templateId":null,"planId":null,"planDate":null,"isRepeatTask":0,"taskStatus":1,"taskUserId":481,"taskCreateName":null},{"taskId":89,"taskName":"每日复盘","taskType":"3","forceFlag":1,"taskDescription":null,"priority":0,"startTime":"2026-07-02 08:00:00","endTime":"2026-07-02 23:59:00","status":"0","totalScore":null,"submitTime":null,"roundNo":0,"templateId":null,"planId":null,"planDate":null,"isRepeatTask":0,"taskStatus":1,"taskUserId":458,"taskCreateName":null},{"taskId":79,"taskName":"测试重复任务 07-03","taskType":"0","forceFlag":1,"taskDescription":"","priority":1,"startTime":"2026-07-03 00:00:00","endTime":"2026-07-03 23:59:00","status":"0","totalScore":null,"submitTime":null,"roundNo":0,"templateId":null,"planId":1,"planDate":"2026-07-03","isRepeatTask":1,"taskStatus":1,"taskUserId":431,"taskCreateName":"管理员"},{"taskId":80,"taskName":"测试重复任务 07-04","taskType":"0","forceFlag":1,"taskDescription":"","priority":1,"startTime":"2026-07-04 00:00:00","endTime":"2026-07-04 23:59:00","status":"0","totalScore":null,"submitTime":null,"roundNo":0,"templateId":null,"planId":1,"planDate":"2026-07-04","isRepeatTask":1,"taskStatus":1,"taskUserId":438,"taskCreateName":"管理员"},{"taskId":76,"taskName":"普通刷题任务测试","taskType":"0","forceFlag":1,"taskDescription":"","priority":1,"startTime":"2026-07-01 00:00:00","endTime":"2026-07-03 23:59:59","status":"0","totalScore":null,"submitTime":null,"roundNo":1,"templateId":null,"planId":null,"planDate":null,"isRepeatTask":0,"taskStatus":1,"taskUserId":410,"taskCreateName":"管理员"},{"taskId":75,"taskName":"每日复盘","taskType":"3","forceFlag":1,"taskDescription":null,"priority":0,"startTime":"2026-07-01 08:00:00","endTime":"2026-07-01 23:59:00","status":"0","totalScore":null,"submitTime":null,"roundNo":0,"templateId":null,"planId":null,"planDate":null,"isRepeatTask":0,"taskStatus":1,"taskUserId":403,"taskCreateName":null},{"taskId":73,"taskName":"测试班级任务","taskType":"0","forceFlag":1,"taskDescription":"","priority":1,"startTime":"2026-06-29 00:00:00","endTime":"2026-06-30 23:59:59","status":"0","totalScore":null,"submitTime":null,"roundNo":1,"templateId":null,"planId":null,"planDate":null,"isRepeatTask":0,"taskStatus":1,"taskUserId":383,"taskCreateName":"杨少伟"},{"taskId":72,"taskName":"每日复盘","taskType":"3","forceFlag":1,"taskDescription":null,"priority":0,"startTime":"2026-06-29 08:00:00","endTime":"2026-06-29 23:59:00","status":"0","totalScore":null,"submitTime":null,"roundNo":0,"templateId":null,"planId":null,"planDate":null,"isRepeatTask":0,"taskStatus":1,"taskUserId":376,"taskCreateName":null}]}}
2026-07-05 22:36:38.473 [http-nio-8080-exec-10] INFO  [traceId=1ca3443ff4e24b23967e49a389aa0e74 userId=29 role=2] com.kg.interceptor.TraceIdFilter - HTTP_REQUEST_END method=POST uri=/my-task/list status=200 cost=12ms responseBody={"code":200,"message":"查询成功","data":{"total":31,"list":[{"taskId":94,"taskName":"每日打卡","taskType":"2","forceFlag":1,"taskDescription":null,"priority":0,"startTime":"2026-07-05 06:00:00","endTime":"2026-07-05 23:59:00","status":"0","totalScore":null,"submitTime":null,"roundNo":0,"templateId":null,"planId":null,"planDate":null,"isRepeatTask":0,"taskStatus":1,"taskUserId":492,"taskCreateName":null},{"taskId":95,"taskName":"每日复盘","taskType":"3","forceFlag":1,"taskDescription":null,"priority":0,"startTime":"2026-07-05 08:00:00","endTime":"2026-07-05 23:59:00","status":"0","totalScore":null,"submitTime":null,"roundNo":0,"templateId":null,"planId":null,"planDate":null,"isRepeatTask":0,"taskStatus":1,"taskUserId":503,"taskCreateName":null},{"taskId":93,"taskName":"每日复盘","taskType":"3","forceFlag":1,"taskDescription":null,"priority":0,"startTime":"2026-07-03 08:00:00","endTime":"2026-07-03 23:59:00","status":"0","totalScore":null,"submitTime":null,"roundNo":0,"templateId":null,"planId":null,"planDate":null,"isRepeatTask":0,"taskStatus":1,"taskUserId":481,"taskCreateName":null},{"taskId":89,"taskName":"每日复盘","taskType":"3","forceFlag":1,"taskDescription":null,"priority":0,"startTime":"2026-07-02 08:00:00","endTime":"2026-07-02 23:59:00","status":"0","totalScore":null,"submitTime":null,"roundNo":0,"templateId":null,"planId":null,"planDate":null,"isRepeatTask":0,"taskStatus":1,"taskUserId":458,"taskCreateName":null},{"taskId":79,"taskName":"测试重复任务 07-03","taskType":"0","forceFlag":1,"taskDescription":"","priority":1,"startTime":"2026-07-03 00:00:00","endTime":"2026-07-03 23:59:00","status":"0","totalScore":null,"submitTime":null,"roundNo":0,"templateId":null,"planId":1,"planDate":"2026-07-03","isRepeatTask":1,"taskStatus":1,"taskUserId":431,"taskCreateName":"管理员"},{"taskId":80,"taskName":"测试重复任务 07-04","taskType":"0","forceFlag":1,"taskDescription":"","priority":1,"startTime":"2026-07-04 00:00:00","endTime":"2026-07-04 23:59:00","status":"0","totalScore":null,"submitTime":null,"roundNo":0,"templateId":null,"planId":1,"planDate":"2026-07-04","isRepeatTask":1,"taskStatus":1,"taskUserId":438,"taskCreateName":"管理员"},{"taskId":76,"taskName":"普通刷题任务测试","taskType":"0","forceFlag":1,"taskDescription":"","priority":1,"startTime":"2026-07-01 00:00:00","endTime":"2026-07-03 23:59:59","status":"0","totalScore":null,"submitTime":null,"roundNo":1,"templateId":null,"planId":null,"planDate":null,"isRepeatTask":0,"taskStatus":1,"taskUserId":410,"taskCreateName":"管理员"},{"taskId":75,"taskName":"每日复盘","taskType":"3","forceFlag":1,"taskDescription":null,"priority":0,"startTime":"2026-07-01 08:00:00","endTime":"2026-07-01 23:59:00","status":"0","totalScore":null,"submitTime":null,"roundNo":0,"templateId":null,"planId":null,"planDate":null,"isRepeatTask":0,"taskStatus":1,"taskUserId":403,"taskCreateName":null},{"taskId":73,"taskName":"测试班级任务","taskType":"0","forceFlag":1,"taskDescription":"","priority":1,"startTime":"2026-06-29 00:00:00","endTime":"2026-06-30 23:59:59","status":"0","totalScore":null,"submitTime":null,"roundNo":1,"templateId":null,"planId":null,"planDate":null,"isRepeatTask":0,"taskStatus":1,"taskUserId":383,"taskCreateName":"杨少伟"},{"taskId":72,"taskName":"每日复盘","taskType":"3","forceFlag":1,"taskDescription":null,"priority":0,"startTime":"2026-06-29 08:00:00","endTime":"2026-06-29 23:59:00","status":"0","totalScore":null,"submitTime":null,"roundNo":0,"templateId":null,"planId":null,"planDate":null,"isRepeatTask":0,"taskStatus":1,"taskUserId":376,"taskCreateName":null}]}}
2026-07-05 22:36:41.375 [http-nio-8080-exec-1] INFO  [traceId=737b7d9051cb47eaa081ea0ecbf60494 userId= role=] com.kg.interceptor.TraceIdFilter - HTTP_REQUEST_START method=POST uri=/my-task/list query=null requestBody={"pageNum":4,"pageSize":10,"status":"0"} ip=0:0:0:0:0:0:0:1 userAgent=Mozilla/5.0 (Windows NT 10.0; Win64; x64) AppleWebKit/537.36 (KHTML, like Gecko) Chrome/123.0.0.0 Safari/537.36
2026-07-05 22:36:41.378 [http-nio-8080-exec-1] DEBUG [traceId=737b7d9051cb47eaa081ea0ecbf60494 userId= role=] c.k.i.m.SysUserMapper.selectById - ==>  Preparing: SELECT id,account,name,password,role,gender,email,phone,openid,description,teacher_remark,class_id,status,create_by,create_time,update_by,update_time FROM sys_user WHERE id=?
2026-07-05 22:36:41.378 [http-nio-8080-exec-1] DEBUG [traceId=737b7d9051cb47eaa081ea0ecbf60494 userId= role=] c.k.i.m.SysUserMapper.selectById - ==> Parameters: 29(Long)
2026-07-05 22:36:41.379 [http-nio-8080-exec-1] DEBUG [traceId=737b7d9051cb47eaa081ea0ecbf60494 userId= role=] c.k.i.m.SysUserMapper.selectById - <==      Total: 1
2026-07-05 22:36:41.380 [http-nio-8080-exec-1] DEBUG [traceId=737b7d9051cb47eaa081ea0ecbf60494 userId=29 role=2] c.k.i.mapper.MyTaskMapper.count - ==>  Preparing: SELECT COUNT(*) FROM task_user tu JOIN task t ON t.id = tu.task_id WHERE tu.user_id = ? AND tu.status = ?
2026-07-05 22:36:41.381 [http-nio-8080-exec-1] DEBUG [traceId=737b7d9051cb47eaa081ea0ecbf60494 userId=29 role=2] c.k.i.mapper.MyTaskMapper.count - ==> Parameters: 29(Long), 0(String)
2026-07-05 22:36:41.381 [http-nio-8080-exec-1] DEBUG [traceId=737b7d9051cb47eaa081ea0ecbf60494 userId=29 role=2] c.k.i.mapper.MyTaskMapper.count - <==      Total: 1
2026-07-05 22:36:41.383 [http-nio-8080-exec-1] DEBUG [traceId=737b7d9051cb47eaa081ea0ecbf60494 userId=29 role=2] c.k.i.mapper.MyTaskMapper.page - ==>  Preparing: SELECT u.name AS task_create_name,t.round_no AS round_no,t.template_id AS template_id,t.id AS task_id, t.task_name, t.task_type, t.is_mandatory AS force_flag, t.task_description, t.priority, t.task_start_time AS start_time, t.task_end_time AS end_time, t.plan_id AS planId, t.plan_date AS planDate, t.is_repeat_task AS isRepeatTask, t.status AS taskStatus, tu.id AS task_user_id, tu.status, tu.total_score, tu.submit_time FROM task_user tu JOIN task t ON t.id = tu.task_id LEFT JOIN sys_user u ON u.id = t.create_by WHERE tu.user_id = ? AND tu.status = ? ORDER BY t.create_time DESC LIMIT ?, ?
2026-07-05 22:36:41.383 [http-nio-8080-exec-1] DEBUG [traceId=737b7d9051cb47eaa081ea0ecbf60494 userId=29 role=2] c.k.i.mapper.MyTaskMapper.page - ==> Parameters: 29(Long), 0(String), 30(Integer), 10(Integer)
2026-07-05 22:36:41.385 [http-nio-8080-exec-1] DEBUG [traceId=737b7d9051cb47eaa081ea0ecbf60494 userId=29 role=2] c.k.i.mapper.MyTaskMapper.page - <==      Total: 1
2026-07-05 22:36:41.386 [http-nio-8080-exec-1] INFO  [traceId=737b7d9051cb47eaa081ea0ecbf60494 userId=29 role=2] com.kg.interceptor.TraceIdFilter - HTTP_REQUEST_END method=POST uri=/my-task/list status=200 cost=11ms responseBody={"code":200,"message":"查询成功","data":{"total":31,"list":[{"taskId":40,"taskName":"测试颜色3","taskType":"3","forceFlag":1,"taskDescription":"","priority":3,"startTime":"2026-06-13 00:00:00","endTime":"2026-06-14 23:59:59","status":"0","totalScore":null,"submitTime":null,"roundNo":1,"templateId":null,"planId":null,"planDate":null,"isRepeatTask":0,"taskStatus":1,"taskUserId":118,"taskCreateName":"杨少伟"}]}}
2026-07-05 22:39:28.383 [http-nio-8080-exec-9] INFO  [traceId=27f80e1cbefc43278a716648f6df8a21 userId= role=] com.kg.interceptor.TraceIdFilter - HTTP_REQUEST_START method=GET uri=/dict/group/task_type query=null requestBody= ip=0:0:0:0:0:0:0:1 userAgent=Mozilla/5.0 (Windows NT 10.0; Win64; x64) AppleWebKit/537.36 (KHTML, like Gecko) Chrome/123.0.0.0 Safari/537.36
2026-07-05 22:39:28.383 [http-nio-8080-exec-6] INFO  [traceId=dbb25222afa54279aaa9c7da15456b96 userId= role=] com.kg.interceptor.TraceIdFilter - HTTP_REQUEST_START method=POST uri=/my-task/list query=null requestBody={"pageNum":1,"pageSize":10,"status":"0"} ip=0:0:0:0:0:0:0:1 userAgent=Mozilla/5.0 (Windows NT 10.0; Win64; x64) AppleWebKit/537.36 (KHTML, like Gecko) Chrome/123.0.0.0 Safari/537.36
2026-07-05 22:39:28.383 [http-nio-8080-exec-4] INFO  [traceId=b85e6ea139ff424fb5a7eaa6b0bf3da8 userId= role=] com.kg.interceptor.TraceIdFilter - HTTP_REQUEST_START method=POST uri=/my-task/stats query=null requestBody={} ip=0:0:0:0:0:0:0:1 userAgent=Mozilla/5.0 (Windows NT 10.0; Win64; x64) AppleWebKit/537.36 (KHTML, like Gecko) Chrome/123.0.0.0 Safari/537.36
2026-07-05 22:39:28.388 [http-nio-8080-exec-6] DEBUG [traceId=dbb25222afa54279aaa9c7da15456b96 userId= role=] c.k.i.m.SysUserMapper.selectById - ==>  Preparing: SELECT id,account,name,password,role,gender,email,phone,openid,description,teacher_remark,class_id,status,create_by,create_time,update_by,update_time FROM sys_user WHERE id=?
2026-07-05 22:39:28.388 [http-nio-8080-exec-4] DEBUG [traceId=b85e6ea139ff424fb5a7eaa6b0bf3da8 userId= role=] c.k.i.m.SysUserMapper.selectById - ==>  Preparing: SELECT id,account,name,password,role,gender,email,phone,openid,description,teacher_remark,class_id,status,create_by,create_time,update_by,update_time FROM sys_user WHERE id=?
2026-07-05 22:39:28.388 [http-nio-8080-exec-9] DEBUG [traceId=27f80e1cbefc43278a716648f6df8a21 userId= role=] c.k.i.m.SysUserMapper.selectById - ==>  Preparing: SELECT id,account,name,password,role,gender,email,phone,openid,description,teacher_remark,class_id,status,create_by,create_time,update_by,update_time FROM sys_user WHERE id=?
2026-07-05 22:39:28.389 [http-nio-8080-exec-4] DEBUG [traceId=b85e6ea139ff424fb5a7eaa6b0bf3da8 userId= role=] c.k.i.m.SysUserMapper.selectById - ==> Parameters: 29(Long)
2026-07-05 22:39:28.389 [http-nio-8080-exec-9] DEBUG [traceId=27f80e1cbefc43278a716648f6df8a21 userId= role=] c.k.i.m.SysUserMapper.selectById - ==> Parameters: 29(Long)
2026-07-05 22:39:28.389 [http-nio-8080-exec-6] DEBUG [traceId=dbb25222afa54279aaa9c7da15456b96 userId= role=] c.k.i.m.SysUserMapper.selectById - ==> Parameters: 29(Long)
2026-07-05 22:39:28.390 [http-nio-8080-exec-6] DEBUG [traceId=dbb25222afa54279aaa9c7da15456b96 userId= role=] c.k.i.m.SysUserMapper.selectById - <==      Total: 1
2026-07-05 22:39:28.390 [http-nio-8080-exec-4] DEBUG [traceId=b85e6ea139ff424fb5a7eaa6b0bf3da8 userId= role=] c.k.i.m.SysUserMapper.selectById - <==      Total: 1
2026-07-05 22:39:28.390 [http-nio-8080-exec-9] DEBUG [traceId=27f80e1cbefc43278a716648f6df8a21 userId= role=] c.k.i.m.SysUserMapper.selectById - <==      Total: 1
2026-07-05 22:39:28.391 [http-nio-8080-exec-6] DEBUG [traceId=dbb25222afa54279aaa9c7da15456b96 userId=29 role=2] c.k.i.mapper.MyTaskMapper.count - ==>  Preparing: SELECT COUNT(*) FROM task_user tu JOIN task t ON t.id = tu.task_id WHERE tu.user_id = ? AND tu.status = ?
2026-07-05 22:39:28.391 [http-nio-8080-exec-6] DEBUG [traceId=dbb25222afa54279aaa9c7da15456b96 userId=29 role=2] c.k.i.mapper.MyTaskMapper.count - ==> Parameters: 29(Long), 0(String)
2026-07-05 22:39:28.391 [http-nio-8080-exec-4] DEBUG [traceId=b85e6ea139ff424fb5a7eaa6b0bf3da8 userId=29 role=2] c.k.i.m.TaskUserMapper.selectCount - ==>  Preparing: SELECT COUNT( * ) AS total FROM task_user WHERE (user_id = ? AND status = ?)
2026-07-05 22:39:28.391 [http-nio-8080-exec-9] DEBUG [traceId=27f80e1cbefc43278a716648f6df8a21 userId=29 role=2] c.k.i.mapper.DictMapper.selectList - ==>  Preparing: SELECT id,dict_code,dict_name,dict_label,dict_value,display_color,sort_no,status,create_by,create_time,update_by,update_time FROM sys_dict WHERE (dict_code = ?) ORDER BY sort_no ASC
2026-07-05 22:39:28.391 [http-nio-8080-exec-9] DEBUG [traceId=27f80e1cbefc43278a716648f6df8a21 userId=29 role=2] c.k.i.mapper.DictMapper.selectList - ==> Parameters: task_type(String)
2026-07-05 22:39:28.391 [http-nio-8080-exec-4] DEBUG [traceId=b85e6ea139ff424fb5a7eaa6b0bf3da8 userId=29 role=2] c.k.i.m.TaskUserMapper.selectCount - ==> Parameters: 29(Long), 0(String)
2026-07-05 22:39:28.392 [http-nio-8080-exec-4] DEBUG [traceId=b85e6ea139ff424fb5a7eaa6b0bf3da8 userId=29 role=2] c.k.i.m.TaskUserMapper.selectCount - <==      Total: 1
2026-07-05 22:39:28.392 [http-nio-8080-exec-6] DEBUG [traceId=dbb25222afa54279aaa9c7da15456b96 userId=29 role=2] c.k.i.mapper.MyTaskMapper.count - <==      Total: 1
2026-07-05 22:39:28.392 [http-nio-8080-exec-9] DEBUG [traceId=27f80e1cbefc43278a716648f6df8a21 userId=29 role=2] c.k.i.mapper.DictMapper.selectList - <==      Total: 4
2026-07-05 22:39:28.392 [http-nio-8080-exec-6] DEBUG [traceId=dbb25222afa54279aaa9c7da15456b96 userId=29 role=2] c.k.i.mapper.MyTaskMapper.page - ==>  Preparing: SELECT u.name AS task_create_name,t.round_no AS round_no,t.template_id AS template_id,t.id AS task_id, t.task_name, t.task_type, t.is_mandatory AS force_flag, t.task_description, t.priority, t.task_start_time AS start_time, t.task_end_time AS end_time, t.plan_id AS planId, t.plan_date AS planDate, t.is_repeat_task AS isRepeatTask, t.status AS taskStatus, tu.id AS task_user_id, tu.status, tu.total_score, tu.submit_time FROM task_user tu JOIN task t ON t.id = tu.task_id LEFT JOIN sys_user u ON u.id = t.create_by WHERE tu.user_id = ? AND tu.status = ? ORDER BY t.create_time DESC LIMIT ?, ?
2026-07-05 22:39:28.393 [http-nio-8080-exec-6] DEBUG [traceId=dbb25222afa54279aaa9c7da15456b96 userId=29 role=2] c.k.i.mapper.MyTaskMapper.page - ==> Parameters: 29(Long), 0(String), 0(Integer), 10(Integer)
2026-07-05 22:39:28.393 [http-nio-8080-exec-9] INFO  [traceId=27f80e1cbefc43278a716648f6df8a21 userId=29 role=2] com.kg.interceptor.TraceIdFilter - HTTP_REQUEST_END method=GET uri=/dict/group/task_type status=200 cost=10ms responseBody={"code":200,"message":"查询成功","data":{"dictCode":"task_type","dictName":"任务类型","items":[{"dictValue":"0","dictLabel":"刷题","sortNo":0,"status":1,"displayColor":"#ff6f00"},{"dictValue":"1","dictLabel":"学习","sortNo":1,"status":1,"displayColor":"#f7ff00"},{"dictValue":"2","dictLabel":"打卡","sortNo":2,"status":1,"displayColor":"#66ff00"},{"dictValue":"3","dictLabel":"每日复盘","sortNo":3,"status":1,"displayColor":"#00bfff"}]}}
2026-07-05 22:39:28.393 [http-nio-8080-exec-4] DEBUG [traceId=b85e6ea139ff424fb5a7eaa6b0bf3da8 userId=29 role=2] c.k.i.m.TaskUserMapper.selectCount - ==>  Preparing: SELECT COUNT( * ) AS total FROM task_user WHERE (user_id = ? AND status IN (?,?))
2026-07-05 22:39:28.393 [http-nio-8080-exec-4] DEBUG [traceId=b85e6ea139ff424fb5a7eaa6b0bf3da8 userId=29 role=2] c.k.i.m.TaskUserMapper.selectCount - ==> Parameters: 29(Long), 1(String), 2(String)
2026-07-05 22:39:28.395 [http-nio-8080-exec-4] DEBUG [traceId=b85e6ea139ff424fb5a7eaa6b0bf3da8 userId=29 role=2] c.k.i.m.TaskUserMapper.selectCount - <==      Total: 1
2026-07-05 22:39:28.395 [http-nio-8080-exec-4] INFO  [traceId=b85e6ea139ff424fb5a7eaa6b0bf3da8 userId=29 role=2] com.kg.interceptor.TraceIdFilter - HTTP_REQUEST_END method=POST uri=/my-task/stats status=200 cost=12ms responseBody={"code":200,"message":"查询成功","data":{"unfinished":31,"finished":21}}
2026-07-05 22:39:28.396 [http-nio-8080-exec-6] DEBUG [traceId=dbb25222afa54279aaa9c7da15456b96 userId=29 role=2] c.k.i.mapper.MyTaskMapper.page - <==      Total: 10
2026-07-05 22:39:28.397 [http-nio-8080-exec-6] INFO  [traceId=dbb25222afa54279aaa9c7da15456b96 userId=29 role=2] com.kg.interceptor.TraceIdFilter - HTTP_REQUEST_END method=POST uri=/my-task/list status=200 cost=14ms responseBody={"code":200,"message":"查询成功","data":{"total":31,"list":[{"taskId":94,"taskName":"每日打卡","taskType":"2","forceFlag":1,"taskDescription":null,"priority":0,"startTime":"2026-07-05 06:00:00","endTime":"2026-07-05 23:59:00","status":"0","totalScore":null,"submitTime":null,"roundNo":0,"templateId":null,"planId":null,"planDate":null,"isRepeatTask":0,"taskStatus":1,"taskUserId":492,"taskCreateName":null},{"taskId":95,"taskName":"每日复盘","taskType":"3","forceFlag":1,"taskDescription":null,"priority":0,"startTime":"2026-07-05 08:00:00","endTime":"2026-07-05 23:59:00","status":"0","totalScore":null,"submitTime":null,"roundNo":0,"templateId":null,"planId":null,"planDate":null,"isRepeatTask":0,"taskStatus":1,"taskUserId":503,"taskCreateName":null},{"taskId":93,"taskName":"每日复盘","taskType":"3","forceFlag":1,"taskDescription":null,"priority":0,"startTime":"2026-07-03 08:00:00","endTime":"2026-07-03 23:59:00","status":"0","totalScore":null,"submitTime":null,"roundNo":0,"templateId":null,"planId":null,"planDate":null,"isRepeatTask":0,"taskStatus":1,"taskUserId":481,"taskCreateName":null},{"taskId":89,"taskName":"每日复盘","taskType":"3","forceFlag":1,"taskDescription":null,"priority":0,"startTime":"2026-07-02 08:00:00","endTime":"2026-07-02 23:59:00","status":"0","totalScore":null,"submitTime":null,"roundNo":0,"templateId":null,"planId":null,"planDate":null,"isRepeatTask":0,"taskStatus":1,"taskUserId":458,"taskCreateName":null},{"taskId":79,"taskName":"测试重复任务 07-03","taskType":"0","forceFlag":1,"taskDescription":"","priority":1,"startTime":"2026-07-03 00:00:00","endTime":"2026-07-03 23:59:00","status":"0","totalScore":null,"submitTime":null,"roundNo":0,"templateId":null,"planId":1,"planDate":"2026-07-03","isRepeatTask":1,"taskStatus":1,"taskUserId":431,"taskCreateName":"管理员"},{"taskId":80,"taskName":"测试重复任务 07-04","taskType":"0","forceFlag":1,"taskDescription":"","priority":1,"startTime":"2026-07-04 00:00:00","endTime":"2026-07-04 23:59:00","status":"0","totalScore":null,"submitTime":null,"roundNo":0,"templateId":null,"planId":1,"planDate":"2026-07-04","isRepeatTask":1,"taskStatus":1,"taskUserId":438,"taskCreateName":"管理员"},{"taskId":76,"taskName":"普通刷题任务测试","taskType":"0","forceFlag":1,"taskDescription":"","priority":1,"startTime":"2026-07-01 00:00:00","endTime":"2026-07-03 23:59:59","status":"0","totalScore":null,"submitTime":null,"roundNo":1,"templateId":null,"planId":null,"planDate":null,"isRepeatTask":0,"taskStatus":1,"taskUserId":410,"taskCreateName":"管理员"},{"taskId":75,"taskName":"每日复盘","taskType":"3","forceFlag":1,"taskDescription":null,"priority":0,"startTime":"2026-07-01 08:00:00","endTime":"2026-07-01 23:59:00","status":"0","totalScore":null,"submitTime":null,"roundNo":0,"templateId":null,"planId":null,"planDate":null,"isRepeatTask":0,"taskStatus":1,"taskUserId":403,"taskCreateName":null},{"taskId":73,"taskName":"测试班级任务","taskType":"0","forceFlag":1,"taskDescription":"","priority":1,"startTime":"2026-06-29 00:00:00","endTime":"2026-06-30 23:59:59","status":"0","totalScore":null,"submitTime":null,"roundNo":1,"templateId":null,"planId":null,"planDate":null,"isRepeatTask":0,"taskStatus":1,"taskUserId":383,"taskCreateName":"杨少伟"},{"taskId":72,"taskName":"每日复盘","taskType":"3","forceFlag":1,"taskDescription":null,"priority":0,"startTime":"2026-06-29 08:00:00","endTime":"2026-06-29 23:59:00","status":"0","totalScore":null,"submitTime":null,"roundNo":0,"templateId":null,"planId":null,"planDate":null,"isRepeatTask":0,"taskStatus":1,"taskUserId":376,"taskCreateName":null}]}}
2026-07-05 22:43:55.459 [http-nio-8080-exec-3] INFO  [traceId=bef2fed96bf443339abd642067944f33 userId= role=] com.kg.interceptor.TraceIdFilter - HTTP_REQUEST_START method=GET uri=/dict/group/task_type query=null requestBody= ip=0:0:0:0:0:0:0:1 userAgent=Mozilla/5.0 (Windows NT 10.0; Win64; x64) AppleWebKit/537.36 (KHTML, like Gecko) Chrome/123.0.0.0 Safari/537.36
2026-07-05 22:43:55.459 [http-nio-8080-exec-8] INFO  [traceId=545e9def27a5443099b12ed130586374 userId= role=] com.kg.interceptor.TraceIdFilter - HTTP_REQUEST_START method=GET uri=/notification/unread-count query=null requestBody= ip=0:0:0:0:0:0:0:1 userAgent=Mozilla/5.0 (Windows NT 10.0; Win64; x64) AppleWebKit/537.36 (KHTML, like Gecko) Chrome/123.0.0.0 Safari/537.36
2026-07-05 22:43:55.459 [http-nio-8080-exec-7] INFO  [traceId=a65844032122437cbfa09a7b856e11ae userId= role=] com.kg.interceptor.TraceIdFilter - HTTP_REQUEST_START method=POST uri=/my-task/stats query=null requestBody={} ip=0:0:0:0:0:0:0:1 userAgent=Mozilla/5.0 (Windows NT 10.0; Win64; x64) AppleWebKit/537.36 (KHTML, like Gecko) Chrome/123.0.0.0 Safari/537.36
2026-07-05 22:43:55.459 [http-nio-8080-exec-5] INFO  [traceId=c822ad6e0a5642eabec9942f44a13885 userId= role=] com.kg.interceptor.TraceIdFilter - HTTP_REQUEST_START method=POST uri=/my-task/list query=null requestBody={"pageNum":1,"pageSize":10,"status":"0"} ip=0:0:0:0:0:0:0:1 userAgent=Mozilla/5.0 (Windows NT 10.0; Win64; x64) AppleWebKit/537.36 (KHTML, like Gecko) Chrome/123.0.0.0 Safari/537.36
2026-07-05 22:43:55.465 [http-nio-8080-exec-8] DEBUG [traceId=545e9def27a5443099b12ed130586374 userId= role=] c.k.i.m.SysUserMapper.selectById - ==>  Preparing: SELECT id,account,name,password,role,gender,email,phone,openid,description,teacher_remark,class_id,status,create_by,create_time,update_by,update_time FROM sys_user WHERE id=?
2026-07-05 22:43:55.465 [http-nio-8080-exec-7] DEBUG [traceId=a65844032122437cbfa09a7b856e11ae userId= role=] c.k.i.m.SysUserMapper.selectById - ==>  Preparing: SELECT id,account,name,password,role,gender,email,phone,openid,description,teacher_remark,class_id,status,create_by,create_time,update_by,update_time FROM sys_user WHERE id=?
2026-07-05 22:43:55.465 [http-nio-8080-exec-5] DEBUG [traceId=c822ad6e0a5642eabec9942f44a13885 userId= role=] c.k.i.m.SysUserMapper.selectById - ==>  Preparing: SELECT id,account,name,password,role,gender,email,phone,openid,description,teacher_remark,class_id,status,create_by,create_time,update_by,update_time FROM sys_user WHERE id=?
2026-07-05 22:43:55.465 [http-nio-8080-exec-3] DEBUG [traceId=bef2fed96bf443339abd642067944f33 userId= role=] c.k.i.m.SysUserMapper.selectById - ==>  Preparing: SELECT id,account,name,password,role,gender,email,phone,openid,description,teacher_remark,class_id,status,create_by,create_time,update_by,update_time FROM sys_user WHERE id=?
2026-07-05 22:43:55.465 [http-nio-8080-exec-8] DEBUG [traceId=545e9def27a5443099b12ed130586374 userId= role=] c.k.i.m.SysUserMapper.selectById - ==> Parameters: 29(Long)
2026-07-05 22:43:55.465 [http-nio-8080-exec-5] DEBUG [traceId=c822ad6e0a5642eabec9942f44a13885 userId= role=] c.k.i.m.SysUserMapper.selectById - ==> Parameters: 29(Long)
2026-07-05 22:43:55.465 [http-nio-8080-exec-3] DEBUG [traceId=bef2fed96bf443339abd642067944f33 userId= role=] c.k.i.m.SysUserMapper.selectById - ==> Parameters: 29(Long)
2026-07-05 22:43:55.465 [http-nio-8080-exec-7] DEBUG [traceId=a65844032122437cbfa09a7b856e11ae userId= role=] c.k.i.m.SysUserMapper.selectById - ==> Parameters: 29(Long)
2026-07-05 22:43:55.466 [http-nio-8080-exec-7] DEBUG [traceId=a65844032122437cbfa09a7b856e11ae userId= role=] c.k.i.m.SysUserMapper.selectById - <==      Total: 1
2026-07-05 22:43:55.466 [http-nio-8080-exec-8] DEBUG [traceId=545e9def27a5443099b12ed130586374 userId= role=] c.k.i.m.SysUserMapper.selectById - <==      Total: 1
2026-07-05 22:43:55.466 [http-nio-8080-exec-3] DEBUG [traceId=bef2fed96bf443339abd642067944f33 userId= role=] c.k.i.m.SysUserMapper.selectById - <==      Total: 1
2026-07-05 22:43:55.466 [http-nio-8080-exec-5] DEBUG [traceId=c822ad6e0a5642eabec9942f44a13885 userId= role=] c.k.i.m.SysUserMapper.selectById - <==      Total: 1
2026-07-05 22:43:55.467 [http-nio-8080-exec-5] DEBUG [traceId=c822ad6e0a5642eabec9942f44a13885 userId=29 role=2] c.k.i.mapper.MyTaskMapper.count - ==>  Preparing: SELECT COUNT(*) FROM task_user tu JOIN task t ON t.id = tu.task_id WHERE tu.user_id = ? AND tu.status = ?
2026-07-05 22:43:55.468 [http-nio-8080-exec-3] DEBUG [traceId=bef2fed96bf443339abd642067944f33 userId=29 role=2] c.k.i.mapper.DictMapper.selectList - ==>  Preparing: SELECT id,dict_code,dict_name,dict_label,dict_value,display_color,sort_no,status,create_by,create_time,update_by,update_time FROM sys_dict WHERE (dict_code = ?) ORDER BY sort_no ASC
2026-07-05 22:43:55.468 [http-nio-8080-exec-5] DEBUG [traceId=c822ad6e0a5642eabec9942f44a13885 userId=29 role=2] c.k.i.mapper.MyTaskMapper.count - ==> Parameters: 29(Long), 0(String)
2026-07-05 22:43:55.468 [http-nio-8080-exec-7] DEBUG [traceId=a65844032122437cbfa09a7b856e11ae userId=29 role=2] c.k.i.m.TaskUserMapper.selectCount - ==>  Preparing: SELECT COUNT( * ) AS total FROM task_user WHERE (user_id = ? AND status = ?)
2026-07-05 22:43:55.468 [http-nio-8080-exec-3] DEBUG [traceId=bef2fed96bf443339abd642067944f33 userId=29 role=2] c.k.i.mapper.DictMapper.selectList - ==> Parameters: task_type(String)
2026-07-05 22:43:55.468 [http-nio-8080-exec-7] DEBUG [traceId=a65844032122437cbfa09a7b856e11ae userId=29 role=2] c.k.i.m.TaskUserMapper.selectCount - ==> Parameters: 29(Long), 0(String)
2026-07-05 22:43:55.469 [http-nio-8080-exec-8] DEBUG [traceId=545e9def27a5443099b12ed130586374 userId=29 role=2] c.k.i.m.N.selectCount - ==>  Preparing: SELECT COUNT( * ) AS total FROM notification_message WHERE (user_id = ? AND is_read = ? AND status = ? AND notify_time <= ?)
2026-07-05 22:43:55.469 [http-nio-8080-exec-5] DEBUG [traceId=c822ad6e0a5642eabec9942f44a13885 userId=29 role=2] c.k.i.mapper.MyTaskMapper.count - <==      Total: 1
2026-07-05 22:43:55.469 [http-nio-8080-exec-7] DEBUG [traceId=a65844032122437cbfa09a7b856e11ae userId=29 role=2] c.k.i.m.TaskUserMapper.selectCount - <==      Total: 1
2026-07-05 22:43:55.469 [http-nio-8080-exec-3] DEBUG [traceId=bef2fed96bf443339abd642067944f33 userId=29 role=2] c.k.i.mapper.DictMapper.selectList - <==      Total: 4
2026-07-05 22:43:55.470 [http-nio-8080-exec-5] DEBUG [traceId=c822ad6e0a5642eabec9942f44a13885 userId=29 role=2] c.k.i.mapper.MyTaskMapper.page - ==>  Preparing: SELECT u.name AS task_create_name,t.round_no AS round_no,t.template_id AS template_id,t.id AS task_id, t.task_name, t.task_type, t.is_mandatory AS force_flag, t.task_description, t.priority, t.task_start_time AS start_time, t.task_end_time AS end_time, t.plan_id AS planId, t.plan_date AS planDate, t.is_repeat_task AS isRepeatTask, t.status AS taskStatus, tu.id AS task_user_id, tu.status, tu.total_score, tu.submit_time FROM task_user tu JOIN task t ON t.id = tu.task_id LEFT JOIN sys_user u ON u.id = t.create_by WHERE tu.user_id = ? AND tu.status = ? ORDER BY t.create_time DESC LIMIT ?, ?
2026-07-05 22:43:55.470 [http-nio-8080-exec-8] DEBUG [traceId=545e9def27a5443099b12ed130586374 userId=29 role=2] c.k.i.m.N.selectCount - ==> Parameters: 29(Long), 0(Integer), 0(String), 2026-07-05T22:43:55.468(LocalDateTime)
2026-07-05 22:43:55.470 [http-nio-8080-exec-5] DEBUG [traceId=c822ad6e0a5642eabec9942f44a13885 userId=29 role=2] c.k.i.mapper.MyTaskMapper.page - ==> Parameters: 29(Long), 0(String), 0(Integer), 10(Integer)
2026-07-05 22:43:55.470 [http-nio-8080-exec-7] DEBUG [traceId=a65844032122437cbfa09a7b856e11ae userId=29 role=2] c.k.i.m.TaskUserMapper.selectCount - ==>  Preparing: SELECT COUNT( * ) AS total FROM task_user WHERE (user_id = ? AND status IN (?,?))
2026-07-05 22:43:55.470 [http-nio-8080-exec-3] INFO  [traceId=bef2fed96bf443339abd642067944f33 userId=29 role=2] com.kg.interceptor.TraceIdFilter - HTTP_REQUEST_END method=GET uri=/dict/group/task_type status=200 cost=11ms responseBody={"code":200,"message":"查询成功","data":{"dictCode":"task_type","dictName":"任务类型","items":[{"dictValue":"0","dictLabel":"刷题","sortNo":0,"status":1,"displayColor":"#ff6f00"},{"dictValue":"1","dictLabel":"学习","sortNo":1,"status":1,"displayColor":"#f7ff00"},{"dictValue":"2","dictLabel":"打卡","sortNo":2,"status":1,"displayColor":"#66ff00"},{"dictValue":"3","dictLabel":"每日复盘","sortNo":3,"status":1,"displayColor":"#00bfff"}]}}
2026-07-05 22:43:55.470 [http-nio-8080-exec-7] DEBUG [traceId=a65844032122437cbfa09a7b856e11ae userId=29 role=2] c.k.i.m.TaskUserMapper.selectCount - ==> Parameters: 29(Long), 1(String), 2(String)
2026-07-05 22:43:55.471 [http-nio-8080-exec-7] DEBUG [traceId=a65844032122437cbfa09a7b856e11ae userId=29 role=2] c.k.i.m.TaskUserMapper.selectCount - <==      Total: 1
2026-07-05 22:43:55.472 [http-nio-8080-exec-7] INFO  [traceId=a65844032122437cbfa09a7b856e11ae userId=29 role=2] com.kg.interceptor.TraceIdFilter - HTTP_REQUEST_END method=POST uri=/my-task/stats status=200 cost=13ms responseBody={"code":200,"message":"查询成功","data":{"unfinished":31,"finished":21}}
2026-07-05 22:43:55.472 [http-nio-8080-exec-5] DEBUG [traceId=c822ad6e0a5642eabec9942f44a13885 userId=29 role=2] c.k.i.mapper.MyTaskMapper.page - <==      Total: 10
2026-07-05 22:43:55.474 [http-nio-8080-exec-5] INFO  [traceId=c822ad6e0a5642eabec9942f44a13885 userId=29 role=2] com.kg.interceptor.TraceIdFilter - HTTP_REQUEST_END method=POST uri=/my-task/list status=200 cost=15ms responseBody={"code":200,"message":"查询成功","data":{"total":31,"list":[{"taskId":94,"taskName":"每日打卡","taskType":"2","forceFlag":1,"taskDescription":null,"priority":0,"startTime":"2026-07-05 06:00:00","endTime":"2026-07-05 23:59:00","status":"0","totalScore":null,"submitTime":null,"roundNo":0,"templateId":null,"planId":null,"planDate":null,"isRepeatTask":0,"taskStatus":1,"taskUserId":492,"taskCreateName":null},{"taskId":95,"taskName":"每日复盘","taskType":"3","forceFlag":1,"taskDescription":null,"priority":0,"startTime":"2026-07-05 08:00:00","endTime":"2026-07-05 23:59:00","status":"0","totalScore":null,"submitTime":null,"roundNo":0,"templateId":null,"planId":null,"planDate":null,"isRepeatTask":0,"taskStatus":1,"taskUserId":503,"taskCreateName":null},{"taskId":93,"taskName":"每日复盘","taskType":"3","forceFlag":1,"taskDescription":null,"priority":0,"startTime":"2026-07-03 08:00:00","endTime":"2026-07-03 23:59:00","status":"0","totalScore":null,"submitTime":null,"roundNo":0,"templateId":null,"planId":null,"planDate":null,"isRepeatTask":0,"taskStatus":1,"taskUserId":481,"taskCreateName":null},{"taskId":89,"taskName":"每日复盘","taskType":"3","forceFlag":1,"taskDescription":null,"priority":0,"startTime":"2026-07-02 08:00:00","endTime":"2026-07-02 23:59:00","status":"0","totalScore":null,"submitTime":null,"roundNo":0,"templateId":null,"planId":null,"planDate":null,"isRepeatTask":0,"taskStatus":1,"taskUserId":458,"taskCreateName":null},{"taskId":79,"taskName":"测试重复任务 07-03","taskType":"0","forceFlag":1,"taskDescription":"","priority":1,"startTime":"2026-07-03 00:00:00","endTime":"2026-07-03 23:59:00","status":"0","totalScore":null,"submitTime":null,"roundNo":0,"templateId":null,"planId":1,"planDate":"2026-07-03","isRepeatTask":1,"taskStatus":1,"taskUserId":431,"taskCreateName":"管理员"},{"taskId":80,"taskName":"测试重复任务 07-04","taskType":"0","forceFlag":1,"taskDescription":"","priority":1,"startTime":"2026-07-04 00:00:00","endTime":"2026-07-04 23:59:00","status":"0","totalScore":null,"submitTime":null,"roundNo":0,"templateId":null,"planId":1,"planDate":"2026-07-04","isRepeatTask":1,"taskStatus":1,"taskUserId":438,"taskCreateName":"管理员"},{"taskId":76,"taskName":"普通刷题任务测试","taskType":"0","forceFlag":1,"taskDescription":"","priority":1,"startTime":"2026-07-01 00:00:00","endTime":"2026-07-03 23:59:59","status":"0","totalScore":null,"submitTime":null,"roundNo":1,"templateId":null,"planId":null,"planDate":null,"isRepeatTask":0,"taskStatus":1,"taskUserId":410,"taskCreateName":"管理员"},{"taskId":75,"taskName":"每日复盘","taskType":"3","forceFlag":1,"taskDescription":null,"priority":0,"startTime":"2026-07-01 08:00:00","endTime":"2026-07-01 23:59:00","status":"0","totalScore":null,"submitTime":null,"roundNo":0,"templateId":null,"planId":null,"planDate":null,"isRepeatTask":0,"taskStatus":1,"taskUserId":403,"taskCreateName":null},{"taskId":73,"taskName":"测试班级任务","taskType":"0","forceFlag":1,"taskDescription":"","priority":1,"startTime":"2026-06-29 00:00:00","endTime":"2026-06-30 23:59:59","status":"0","totalScore":null,"submitTime":null,"roundNo":1,"templateId":null,"planId":null,"planDate":null,"isRepeatTask":0,"taskStatus":1,"taskUserId":383,"taskCreateName":"杨少伟"},{"taskId":72,"taskName":"每日复盘","taskType":"3","forceFlag":1,"taskDescription":null,"priority":0,"startTime":"2026-06-29 08:00:00","endTime":"2026-06-29 23:59:00","status":"0","totalScore":null,"submitTime":null,"roundNo":0,"templateId":null,"planId":null,"planDate":null,"isRepeatTask":0,"taskStatus":1,"taskUserId":376,"taskCreateName":null}]}}
2026-07-05 22:43:55.478 [http-nio-8080-exec-8] DEBUG [traceId=545e9def27a5443099b12ed130586374 userId=29 role=2] c.k.i.m.N.selectCount - <==      Total: 1
2026-07-05 22:43:55.479 [http-nio-8080-exec-8] INFO  [traceId=545e9def27a5443099b12ed130586374 userId=29 role=2] com.kg.interceptor.TraceIdFilter - HTTP_REQUEST_END method=GET uri=/notification/unread-count status=200 cost=20ms responseBody={"code":200,"message":"查询成功","data":9}
2026-07-05 22:43:57.502 [http-nio-8080-exec-2] INFO  [traceId=a17c2b76c4174db7bf5897867f4c7baf userId= role=] com.kg.interceptor.TraceIdFilter - HTTP_REQUEST_START method=POST uri=/my-task/list query=null requestBody={"pageNum":2,"pageSize":10,"status":"0"} ip=0:0:0:0:0:0:0:1 userAgent=Mozilla/5.0 (Windows NT 10.0; Win64; x64) AppleWebKit/537.36 (KHTML, like Gecko) Chrome/123.0.0.0 Safari/537.36
2026-07-05 22:43:57.505 [http-nio-8080-exec-2] DEBUG [traceId=a17c2b76c4174db7bf5897867f4c7baf userId= role=] c.k.i.m.SysUserMapper.selectById - ==>  Preparing: SELECT id,account,name,password,role,gender,email,phone,openid,description,teacher_remark,class_id,status,create_by,create_time,update_by,update_time FROM sys_user WHERE id=?
2026-07-05 22:43:57.506 [http-nio-8080-exec-2] DEBUG [traceId=a17c2b76c4174db7bf5897867f4c7baf userId= role=] c.k.i.m.SysUserMapper.selectById - ==> Parameters: 29(Long)
2026-07-05 22:43:57.507 [http-nio-8080-exec-2] DEBUG [traceId=a17c2b76c4174db7bf5897867f4c7baf userId= role=] c.k.i.m.SysUserMapper.selectById - <==      Total: 1
2026-07-05 22:43:57.508 [http-nio-8080-exec-2] DEBUG [traceId=a17c2b76c4174db7bf5897867f4c7baf userId=29 role=2] c.k.i.mapper.MyTaskMapper.count - ==>  Preparing: SELECT COUNT(*) FROM task_user tu JOIN task t ON t.id = tu.task_id WHERE tu.user_id = ? AND tu.status = ?
2026-07-05 22:43:57.508 [http-nio-8080-exec-2] DEBUG [traceId=a17c2b76c4174db7bf5897867f4c7baf userId=29 role=2] c.k.i.mapper.MyTaskMapper.count - ==> Parameters: 29(Long), 0(String)
2026-07-05 22:43:57.509 [http-nio-8080-exec-2] DEBUG [traceId=a17c2b76c4174db7bf5897867f4c7baf userId=29 role=2] c.k.i.mapper.MyTaskMapper.count - <==      Total: 1
2026-07-05 22:43:57.509 [http-nio-8080-exec-2] DEBUG [traceId=a17c2b76c4174db7bf5897867f4c7baf userId=29 role=2] c.k.i.mapper.MyTaskMapper.page - ==>  Preparing: SELECT u.name AS task_create_name,t.round_no AS round_no,t.template_id AS template_id,t.id AS task_id, t.task_name, t.task_type, t.is_mandatory AS force_flag, t.task_description, t.priority, t.task_start_time AS start_time, t.task_end_time AS end_time, t.plan_id AS planId, t.plan_date AS planDate, t.is_repeat_task AS isRepeatTask, t.status AS taskStatus, tu.id AS task_user_id, tu.status, tu.total_score, tu.submit_time FROM task_user tu JOIN task t ON t.id = tu.task_id LEFT JOIN sys_user u ON u.id = t.create_by WHERE tu.user_id = ? AND tu.status = ? ORDER BY t.create_time DESC LIMIT ?, ?
2026-07-05 22:43:57.509 [http-nio-8080-exec-2] DEBUG [traceId=a17c2b76c4174db7bf5897867f4c7baf userId=29 role=2] c.k.i.mapper.MyTaskMapper.page - ==> Parameters: 29(Long), 0(String), 10(Integer), 10(Integer)
2026-07-05 22:43:57.511 [http-nio-8080-exec-2] DEBUG [traceId=a17c2b76c4174db7bf5897867f4c7baf userId=29 role=2] c.k.i.mapper.MyTaskMapper.page - <==      Total: 10
2026-07-05 22:43:57.512 [http-nio-8080-exec-2] INFO  [traceId=a17c2b76c4174db7bf5897867f4c7baf userId=29 role=2] com.kg.interceptor.TraceIdFilter - HTTP_REQUEST_END method=POST uri=/my-task/list status=200 cost=9ms responseBody={"code":200,"message":"查询成功","data":{"total":31,"list":[{"taskId":68,"taskName":"班长创建任务","taskType":"0","forceFlag":1,"taskDescription":"","priority":1,"startTime":"2026-06-23 00:00:00","endTime":"2026-07-22 23:59:59","status":"0","totalScore":null,"submitTime":null,"roundNo":1,"templateId":null,"planId":null,"planDate":null,"isRepeatTask":0,"taskStatus":1,"taskUserId":336,"taskCreateName":"杨少伟"},{"taskId":66,"taskName":"145测试","taskType":"0","forceFlag":1,"taskDescription":"考150分","priority":1,"startTime":"2026-06-23 00:00:00","endTime":"2026-06-23 23:59:59","status":"0","totalScore":null,"submitTime":null,"roundNo":1,"templateId":null,"planId":null,"planDate":null,"isRepeatTask":0,"taskStatus":1,"taskUserId":322,"taskCreateName":"杨少伟"},{"taskId":65,"taskName":"每日复盘","taskType":"3","forceFlag":1,"taskDescription":null,"priority":0,"startTime":"2026-06-23 08:00:00","endTime":"2026-06-23 23:59:00","status":"0","totalScore":null,"submitTime":null,"roundNo":0,"templateId":null,"planId":null,"planDate":null,"isRepeatTask":0,"taskStatus":1,"taskUserId":315,"taskCreateName":null},{"taskId":62,"taskName":"每日打卡","taskType":"2","forceFlag":1,"taskDescription":null,"priority":0,"startTime":"2026-06-22 06:00:00","endTime":"2026-06-22 23:59:00","status":"0","totalScore":null,"submitTime":null,"roundNo":0,"templateId":null,"planId":null,"planDate":null,"isRepeatTask":0,"taskStatus":1,"taskUserId":283,"taskCreateName":null},{"taskId":63,"taskName":"每日复盘","taskType":"3","forceFlag":1,"taskDescription":null,"priority":0,"startTime":"2026-06-22 08:00:00","endTime":"2026-06-22 23:59:00","status":"0","totalScore":null,"submitTime":null,"roundNo":0,"templateId":null,"planId":null,"planDate":null,"isRepeatTask":0,"taskStatus":1,"taskUserId":293,"taskCreateName":null},{"taskId":60,"taskName":"每日打卡","taskType":"2","forceFlag":1,"taskDescription":null,"priority":0,"startTime":"2026-06-21 06:00:00","endTime":"2026-06-21 23:59:00","status":"0","totalScore":null,"submitTime":null,"roundNo":0,"templateId":null,"planId":null,"planDate":null,"isRepeatTask":0,"taskStatus":1,"taskUserId":263,"taskCreateName":null},{"taskId":61,"taskName":"每日复盘","taskType":"3","forceFlag":1,"taskDescription":null,"priority":0,"startTime":"2026-06-21 08:00:00","endTime":"2026-06-21 23:59:00","status":"0","totalScore":null,"submitTime":null,"roundNo":0,"templateId":null,"planId":null,"planDate":null,"isRepeatTask":0,"taskStatus":1,"taskUserId":273,"taskCreateName":null},{"taskId":58,"taskName":"每日打卡","taskType":"2","forceFlag":1,"taskDescription":null,"priority":0,"startTime":"2026-06-20 06:00:00","endTime":"2026-06-20 23:59:00","status":"0","totalScore":null,"submitTime":null,"roundNo":0,"templateId":null,"planId":null,"planDate":null,"isRepeatTask":0,"taskStatus":1,"taskUserId":243,"taskCreateName":null},{"taskId":59,"taskName":"每日复盘","taskType":"3","forceFlag":1,"taskDescription":null,"priority":0,"startTime":"2026-06-20 08:00:00","endTime":"2026-06-20 23:59:00","status":"0","totalScore":null,"submitTime":null,"roundNo":0,"templateId":null,"planId":null,"planDate":null,"isRepeatTask":0,"taskStatus":1,"taskUserId":253,"taskCreateName":null},{"taskId":57,"taskName":"任务名称","taskType":"0","forceFlag":1,"taskDescription":"任务描述","priority":1,"startTime":"2026-06-16 00:00:00","endTime":"2026-06-17 23:59:59","status":"0","totalScore":null,"submitTime":null,"roundNo":1,"templateId":null,"planId":null,"planDate":null,"isRepeatTask":0,"taskStatus":1,"taskUserId":231,"taskCreateName":"管理员"}]}}
2026-07-05 22:43:59.413 [http-nio-8080-exec-10] INFO  [traceId=0d406ca7c1114051bd87088236cfa95f userId= role=] com.kg.interceptor.TraceIdFilter - HTTP_REQUEST_START method=POST uri=/my-task/list query=null requestBody={"pageNum":3,"pageSize":10,"status":"0"} ip=0:0:0:0:0:0:0:1 userAgent=Mozilla/5.0 (Windows NT 10.0; Win64; x64) AppleWebKit/537.36 (KHTML, like Gecko) Chrome/123.0.0.0 Safari/537.36
2026-07-05 22:43:59.417 [http-nio-8080-exec-10] DEBUG [traceId=0d406ca7c1114051bd87088236cfa95f userId= role=] c.k.i.m.SysUserMapper.selectById - ==>  Preparing: SELECT id,account,name,password,role,gender,email,phone,openid,description,teacher_remark,class_id,status,create_by,create_time,update_by,update_time FROM sys_user WHERE id=?
2026-07-05 22:43:59.417 [http-nio-8080-exec-10] DEBUG [traceId=0d406ca7c1114051bd87088236cfa95f userId= role=] c.k.i.m.SysUserMapper.selectById - ==> Parameters: 29(Long)
2026-07-05 22:43:59.417 [http-nio-8080-exec-10] DEBUG [traceId=0d406ca7c1114051bd87088236cfa95f userId= role=] c.k.i.m.SysUserMapper.selectById - <==      Total: 1
2026-07-05 22:43:59.419 [http-nio-8080-exec-10] DEBUG [traceId=0d406ca7c1114051bd87088236cfa95f userId=29 role=2] c.k.i.mapper.MyTaskMapper.count - ==>  Preparing: SELECT COUNT(*) FROM task_user tu JOIN task t ON t.id = tu.task_id WHERE tu.user_id = ? AND tu.status = ?
2026-07-05 22:43:59.419 [http-nio-8080-exec-10] DEBUG [traceId=0d406ca7c1114051bd87088236cfa95f userId=29 role=2] c.k.i.mapper.MyTaskMapper.count - ==> Parameters: 29(Long), 0(String)
2026-07-05 22:43:59.420 [http-nio-8080-exec-10] DEBUG [traceId=0d406ca7c1114051bd87088236cfa95f userId=29 role=2] c.k.i.mapper.MyTaskMapper.count - <==      Total: 1
2026-07-05 22:43:59.420 [http-nio-8080-exec-10] DEBUG [traceId=0d406ca7c1114051bd87088236cfa95f userId=29 role=2] c.k.i.mapper.MyTaskMapper.page - ==>  Preparing: SELECT u.name AS task_create_name,t.round_no AS round_no,t.template_id AS template_id,t.id AS task_id, t.task_name, t.task_type, t.is_mandatory AS force_flag, t.task_description, t.priority, t.task_start_time AS start_time, t.task_end_time AS end_time, t.plan_id AS planId, t.plan_date AS planDate, t.is_repeat_task AS isRepeatTask, t.status AS taskStatus, tu.id AS task_user_id, tu.status, tu.total_score, tu.submit_time FROM task_user tu JOIN task t ON t.id = tu.task_id LEFT JOIN sys_user u ON u.id = t.create_by WHERE tu.user_id = ? AND tu.status = ? ORDER BY t.create_time DESC LIMIT ?, ?
2026-07-05 22:43:59.420 [http-nio-8080-exec-10] DEBUG [traceId=0d406ca7c1114051bd87088236cfa95f userId=29 role=2] c.k.i.mapper.MyTaskMapper.page - ==> Parameters: 29(Long), 0(String), 20(Integer), 10(Integer)
2026-07-05 22:43:59.422 [http-nio-8080-exec-10] DEBUG [traceId=0d406ca7c1114051bd87088236cfa95f userId=29 role=2] c.k.i.mapper.MyTaskMapper.page - <==      Total: 10
2026-07-05 22:43:59.423 [http-nio-8080-exec-10] INFO  [traceId=0d406ca7c1114051bd87088236cfa95f userId=29 role=2] com.kg.interceptor.TraceIdFilter - HTTP_REQUEST_END method=POST uri=/my-task/list status=200 cost=10ms responseBody={"code":200,"message":"查询成功","data":{"total":31,"list":[{"taskId":56,"taskName":"每日复盘","taskType":"3","forceFlag":1,"taskDescription":null,"priority":0,"startTime":"2026-06-16 08:00:00","endTime":"2026-06-16 23:59:00","status":"0","totalScore":null,"submitTime":null,"roundNo":0,"templateId":null,"planId":null,"planDate":null,"isRepeatTask":0,"taskStatus":1,"taskUserId":224,"taskCreateName":null},{"taskId":53,"taskName":"每日复盘","taskType":"3","forceFlag":1,"taskDescription":null,"priority":0,"startTime":"2026-06-15 08:00:00","endTime":"2026-06-15 23:59:00","status":"0","totalScore":null,"submitTime":null,"roundNo":0,"templateId":null,"planId":null,"planDate":null,"isRepeatTask":0,"taskStatus":1,"taskUserId":197,"taskCreateName":null},{"taskId":51,"taskName":"每日复盘","taskType":"3","forceFlag":1,"taskDescription":null,"priority":0,"startTime":"2026-06-14 08:00:00","endTime":"2026-06-14 23:59:00","status":"0","totalScore":null,"submitTime":null,"roundNo":0,"templateId":null,"planId":null,"planDate":null,"isRepeatTask":0,"taskStatus":1,"taskUserId":177,"taskCreateName":null},{"taskId":49,"taskName":"测试颜色613","taskType":"3","forceFlag":1,"taskDescription":"","priority":1,"startTime":"2026-06-12 00:00:00","endTime":"2026-06-13 23:59:59","status":"0","totalScore":null,"submitTime":null,"roundNo":1,"templateId":null,"planId":null,"planDate":null,"isRepeatTask":0,"taskStatus":1,"taskUserId":155,"taskCreateName":"管理员"},{"taskId":47,"taskName":"222","taskType":"1","forceFlag":1,"taskDescription":"","priority":1,"startTime":"2026-06-12 00:00:00","endTime":"2026-06-13 23:59:59","status":"0","totalScore":null,"submitTime":null,"roundNo":1,"templateId":null,"planId":null,"planDate":null,"isRepeatTask":0,"taskStatus":1,"taskUserId":148,"taskCreateName":"杨少伟"},{"taskId":46,"taskName":"111","taskType":"2","forceFlag":1,"taskDescription":"","priority":1,"startTime":"2026-06-12 00:00:00","endTime":"2026-06-13 23:59:59","status":"0","totalScore":null,"submitTime":null,"roundNo":1,"templateId":null,"planId":null,"planDate":null,"isRepeatTask":0,"taskStatus":1,"taskUserId":142,"taskCreateName":"管理员"},{"taskId":45,"taskName":"测试颜色5","taskType":"3","forceFlag":1,"taskDescription":"","priority":5,"startTime":"2026-06-13 00:00:00","endTime":"2026-06-14 23:59:59","status":"0","totalScore":null,"submitTime":null,"roundNo":1,"templateId":null,"planId":null,"planDate":null,"isRepeatTask":0,"taskStatus":1,"taskUserId":138,"taskCreateName":"杨少伟"},{"taskId":44,"taskName":"测试颜色4","taskType":"3","forceFlag":1,"taskDescription":"","priority":4,"startTime":"2026-06-12 00:00:00","endTime":"2026-06-13 23:59:59","status":"0","totalScore":null,"submitTime":null,"roundNo":1,"templateId":null,"planId":null,"planDate":null,"isRepeatTask":0,"taskStatus":1,"taskUserId":134,"taskCreateName":"杨少伟"},{"taskId":43,"taskName":"测试颜色1","taskType":"3","forceFlag":1,"taskDescription":"","priority":1,"startTime":"2026-06-12 00:00:00","endTime":"2026-06-13 23:59:59","status":"0","totalScore":null,"submitTime":null,"roundNo":1,"templateId":null,"planId":null,"planDate":null,"isRepeatTask":0,"taskStatus":1,"taskUserId":130,"taskCreateName":"杨少伟"},{"taskId":42,"taskName":"测试颜色2","taskType":"3","forceFlag":1,"taskDescription":"","priority":2,"startTime":"2026-06-13 00:00:00","endTime":"2026-06-14 23:59:59","status":"0","totalScore":null,"submitTime":null,"roundNo":1,"templateId":null,"planId":null,"planDate":null,"isRepeatTask":0,"taskStatus":1,"taskUserId":126,"taskCreateName":"杨少伟"}]}}
2026-07-05 22:44:00.279 [http-nio-8080-exec-1] INFO  [traceId=f8a627871dac4cfab8709fc049ae710a userId= role=] com.kg.interceptor.TraceIdFilter - HTTP_REQUEST_START method=POST uri=/my-task/list query=null requestBody={"pageNum":4,"pageSize":10,"status":"0"} ip=0:0:0:0:0:0:0:1 userAgent=Mozilla/5.0 (Windows NT 10.0; Win64; x64) AppleWebKit/537.36 (KHTML, like Gecko) Chrome/123.0.0.0 Safari/537.36
2026-07-05 22:44:00.281 [http-nio-8080-exec-1] DEBUG [traceId=f8a627871dac4cfab8709fc049ae710a userId= role=] c.k.i.m.SysUserMapper.selectById - ==>  Preparing: SELECT id,account,name,password,role,gender,email,phone,openid,description,teacher_remark,class_id,status,create_by,create_time,update_by,update_time FROM sys_user WHERE id=?
2026-07-05 22:44:00.283 [http-nio-8080-exec-1] DEBUG [traceId=f8a627871dac4cfab8709fc049ae710a userId= role=] c.k.i.m.SysUserMapper.selectById - ==> Parameters: 29(Long)
2026-07-05 22:44:00.283 [http-nio-8080-exec-1] DEBUG [traceId=f8a627871dac4cfab8709fc049ae710a userId= role=] c.k.i.m.SysUserMapper.selectById - <==      Total: 1
2026-07-05 22:44:00.284 [http-nio-8080-exec-1] DEBUG [traceId=f8a627871dac4cfab8709fc049ae710a userId=29 role=2] c.k.i.mapper.MyTaskMapper.count - ==>  Preparing: SELECT COUNT(*) FROM task_user tu JOIN task t ON t.id = tu.task_id WHERE tu.user_id = ? AND tu.status = ?
2026-07-05 22:44:00.285 [http-nio-8080-exec-1] DEBUG [traceId=f8a627871dac4cfab8709fc049ae710a userId=29 role=2] c.k.i.mapper.MyTaskMapper.count - ==> Parameters: 29(Long), 0(String)
2026-07-05 22:44:00.286 [http-nio-8080-exec-1] DEBUG [traceId=f8a627871dac4cfab8709fc049ae710a userId=29 role=2] c.k.i.mapper.MyTaskMapper.count - <==      Total: 1
2026-07-05 22:44:00.286 [http-nio-8080-exec-1] DEBUG [traceId=f8a627871dac4cfab8709fc049ae710a userId=29 role=2] c.k.i.mapper.MyTaskMapper.page - ==>  Preparing: SELECT u.name AS task_create_name,t.round_no AS round_no,t.template_id AS template_id,t.id AS task_id, t.task_name, t.task_type, t.is_mandatory AS force_flag, t.task_description, t.priority, t.task_start_time AS start_time, t.task_end_time AS end_time, t.plan_id AS planId, t.plan_date AS planDate, t.is_repeat_task AS isRepeatTask, t.status AS taskStatus, tu.id AS task_user_id, tu.status, tu.total_score, tu.submit_time FROM task_user tu JOIN task t ON t.id = tu.task_id LEFT JOIN sys_user u ON u.id = t.create_by WHERE tu.user_id = ? AND tu.status = ? ORDER BY t.create_time DESC LIMIT ?, ?
2026-07-05 22:44:00.286 [http-nio-8080-exec-1] DEBUG [traceId=f8a627871dac4cfab8709fc049ae710a userId=29 role=2] c.k.i.mapper.MyTaskMapper.page - ==> Parameters: 29(Long), 0(String), 30(Integer), 10(Integer)
2026-07-05 22:44:00.288 [http-nio-8080-exec-1] DEBUG [traceId=f8a627871dac4cfab8709fc049ae710a userId=29 role=2] c.k.i.mapper.MyTaskMapper.page - <==      Total: 1
2026-07-05 22:44:00.289 [http-nio-8080-exec-1] INFO  [traceId=f8a627871dac4cfab8709fc049ae710a userId=29 role=2] com.kg.interceptor.TraceIdFilter - HTTP_REQUEST_END method=POST uri=/my-task/list status=200 cost=10ms responseBody={"code":200,"message":"查询成功","data":{"total":31,"list":[{"taskId":40,"taskName":"测试颜色3","taskType":"3","forceFlag":1,"taskDescription":"","priority":3,"startTime":"2026-06-13 00:00:00","endTime":"2026-06-14 23:59:59","status":"0","totalScore":null,"submitTime":null,"roundNo":1,"templateId":null,"planId":null,"planDate":null,"isRepeatTask":0,"taskStatus":1,"taskUserId":118,"taskCreateName":"杨少伟"}]}}
2026-07-05 22:44:01.318 [http-nio-8080-exec-9] INFO  [traceId=a72bd8ac1e594591a320e949ecfab449 userId= role=] com.kg.interceptor.TraceIdFilter - HTTP_REQUEST_START method=POST uri=/my-task/list query=null requestBody={"pageNum":1,"pageSize":10,"status":"0"} ip=0:0:0:0:0:0:0:1 userAgent=Mozilla/5.0 (Windows NT 10.0; Win64; x64) AppleWebKit/537.36 (KHTML, like Gecko) Chrome/123.0.0.0 Safari/537.36
2026-07-05 22:44:01.320 [http-nio-8080-exec-9] DEBUG [traceId=a72bd8ac1e594591a320e949ecfab449 userId= role=] c.k.i.m.SysUserMapper.selectById - ==>  Preparing: SELECT id,account,name,password,role,gender,email,phone,openid,description,teacher_remark,class_id,status,create_by,create_time,update_by,update_time FROM sys_user WHERE id=?
2026-07-05 22:44:01.320 [http-nio-8080-exec-9] DEBUG [traceId=a72bd8ac1e594591a320e949ecfab449 userId= role=] c.k.i.m.SysUserMapper.selectById - ==> Parameters: 29(Long)
2026-07-05 22:44:01.321 [http-nio-8080-exec-9] DEBUG [traceId=a72bd8ac1e594591a320e949ecfab449 userId= role=] c.k.i.m.SysUserMapper.selectById - <==      Total: 1
2026-07-05 22:44:01.322 [http-nio-8080-exec-9] DEBUG [traceId=a72bd8ac1e594591a320e949ecfab449 userId=29 role=2] c.k.i.mapper.MyTaskMapper.count - ==>  Preparing: SELECT COUNT(*) FROM task_user tu JOIN task t ON t.id = tu.task_id WHERE tu.user_id = ? AND tu.status = ?
2026-07-05 22:44:01.322 [http-nio-8080-exec-9] DEBUG [traceId=a72bd8ac1e594591a320e949ecfab449 userId=29 role=2] c.k.i.mapper.MyTaskMapper.count - ==> Parameters: 29(Long), 0(String)
2026-07-05 22:44:01.324 [http-nio-8080-exec-9] DEBUG [traceId=a72bd8ac1e594591a320e949ecfab449 userId=29 role=2] c.k.i.mapper.MyTaskMapper.count - <==      Total: 1
2026-07-05 22:44:01.325 [http-nio-8080-exec-9] DEBUG [traceId=a72bd8ac1e594591a320e949ecfab449 userId=29 role=2] c.k.i.mapper.MyTaskMapper.page - ==>  Preparing: SELECT u.name AS task_create_name,t.round_no AS round_no,t.template_id AS template_id,t.id AS task_id, t.task_name, t.task_type, t.is_mandatory AS force_flag, t.task_description, t.priority, t.task_start_time AS start_time, t.task_end_time AS end_time, t.plan_id AS planId, t.plan_date AS planDate, t.is_repeat_task AS isRepeatTask, t.status AS taskStatus, tu.id AS task_user_id, tu.status, tu.total_score, tu.submit_time FROM task_user tu JOIN task t ON t.id = tu.task_id LEFT JOIN sys_user u ON u.id = t.create_by WHERE tu.user_id = ? AND tu.status = ? ORDER BY t.create_time DESC LIMIT ?, ?
2026-07-05 22:44:01.325 [http-nio-8080-exec-9] DEBUG [traceId=a72bd8ac1e594591a320e949ecfab449 userId=29 role=2] c.k.i.mapper.MyTaskMapper.page - ==> Parameters: 29(Long), 0(String), 0(Integer), 10(Integer)
2026-07-05 22:44:01.327 [http-nio-8080-exec-9] DEBUG [traceId=a72bd8ac1e594591a320e949ecfab449 userId=29 role=2] c.k.i.mapper.MyTaskMapper.page - <==      Total: 10
2026-07-05 22:44:01.328 [http-nio-8080-exec-9] INFO  [traceId=a72bd8ac1e594591a320e949ecfab449 userId=29 role=2] com.kg.interceptor.TraceIdFilter - HTTP_REQUEST_END method=POST uri=/my-task/list status=200 cost=10ms responseBody={"code":200,"message":"查询成功","data":{"total":31,"list":[{"taskId":94,"taskName":"每日打卡","taskType":"2","forceFlag":1,"taskDescription":null,"priority":0,"startTime":"2026-07-05 06:00:00","endTime":"2026-07-05 23:59:00","status":"0","totalScore":null,"submitTime":null,"roundNo":0,"templateId":null,"planId":null,"planDate":null,"isRepeatTask":0,"taskStatus":1,"taskUserId":492,"taskCreateName":null},{"taskId":95,"taskName":"每日复盘","taskType":"3","forceFlag":1,"taskDescription":null,"priority":0,"startTime":"2026-07-05 08:00:00","endTime":"2026-07-05 23:59:00","status":"0","totalScore":null,"submitTime":null,"roundNo":0,"templateId":null,"planId":null,"planDate":null,"isRepeatTask":0,"taskStatus":1,"taskUserId":503,"taskCreateName":null},{"taskId":93,"taskName":"每日复盘","taskType":"3","forceFlag":1,"taskDescription":null,"priority":0,"startTime":"2026-07-03 08:00:00","endTime":"2026-07-03 23:59:00","status":"0","totalScore":null,"submitTime":null,"roundNo":0,"templateId":null,"planId":null,"planDate":null,"isRepeatTask":0,"taskStatus":1,"taskUserId":481,"taskCreateName":null},{"taskId":89,"taskName":"每日复盘","taskType":"3","forceFlag":1,"taskDescription":null,"priority":0,"startTime":"2026-07-02 08:00:00","endTime":"2026-07-02 23:59:00","status":"0","totalScore":null,"submitTime":null,"roundNo":0,"templateId":null,"planId":null,"planDate":null,"isRepeatTask":0,"taskStatus":1,"taskUserId":458,"taskCreateName":null},{"taskId":79,"taskName":"测试重复任务 07-03","taskType":"0","forceFlag":1,"taskDescription":"","priority":1,"startTime":"2026-07-03 00:00:00","endTime":"2026-07-03 23:59:00","status":"0","totalScore":null,"submitTime":null,"roundNo":0,"templateId":null,"planId":1,"planDate":"2026-07-03","isRepeatTask":1,"taskStatus":1,"taskUserId":431,"taskCreateName":"管理员"},{"taskId":80,"taskName":"测试重复任务 07-04","taskType":"0","forceFlag":1,"taskDescription":"","priority":1,"startTime":"2026-07-04 00:00:00","endTime":"2026-07-04 23:59:00","status":"0","totalScore":null,"submitTime":null,"roundNo":0,"templateId":null,"planId":1,"planDate":"2026-07-04","isRepeatTask":1,"taskStatus":1,"taskUserId":438,"taskCreateName":"管理员"},{"taskId":76,"taskName":"普通刷题任务测试","taskType":"0","forceFlag":1,"taskDescription":"","priority":1,"startTime":"2026-07-01 00:00:00","endTime":"2026-07-03 23:59:59","status":"0","totalScore":null,"submitTime":null,"roundNo":1,"templateId":null,"planId":null,"planDate":null,"isRepeatTask":0,"taskStatus":1,"taskUserId":410,"taskCreateName":"管理员"},{"taskId":75,"taskName":"每日复盘","taskType":"3","forceFlag":1,"taskDescription":null,"priority":0,"startTime":"2026-07-01 08:00:00","endTime":"2026-07-01 23:59:00","status":"0","totalScore":null,"submitTime":null,"roundNo":0,"templateId":null,"planId":null,"planDate":null,"isRepeatTask":0,"taskStatus":1,"taskUserId":403,"taskCreateName":null},{"taskId":73,"taskName":"测试班级任务","taskType":"0","forceFlag":1,"taskDescription":"","priority":1,"startTime":"2026-06-29 00:00:00","endTime":"2026-06-30 23:59:59","status":"0","totalScore":null,"submitTime":null,"roundNo":1,"templateId":null,"planId":null,"planDate":null,"isRepeatTask":0,"taskStatus":1,"taskUserId":383,"taskCreateName":"杨少伟"},{"taskId":72,"taskName":"每日复盘","taskType":"3","forceFlag":1,"taskDescription":null,"priority":0,"startTime":"2026-06-29 08:00:00","endTime":"2026-06-29 23:59:00","status":"0","totalScore":null,"submitTime":null,"roundNo":0,"templateId":null,"planId":null,"planDate":null,"isRepeatTask":0,"taskStatus":1,"taskUserId":376,"taskCreateName":null}]}}
2026-07-05 22:44:03.491 [http-nio-8080-exec-4] INFO  [traceId=f01f2a42b29143f581b4037b540a4078 userId= role=] com.kg.interceptor.TraceIdFilter - HTTP_REQUEST_START method=POST uri=/my-task/list query=null requestBody={"pageNum":1,"pageSize":10,"status":"1"} ip=0:0:0:0:0:0:0:1 userAgent=Mozilla/5.0 (Windows NT 10.0; Win64; x64) AppleWebKit/537.36 (KHTML, like Gecko) Chrome/123.0.0.0 Safari/537.36
2026-07-05 22:44:03.491 [http-nio-8080-exec-6] INFO  [traceId=48f00ccfd89e490f99d644a9ea7c04d4 userId= role=] com.kg.interceptor.TraceIdFilter - HTTP_REQUEST_START method=POST uri=/my-task/stats query=null requestBody={} ip=0:0:0:0:0:0:0:1 userAgent=Mozilla/5.0 (Windows NT 10.0; Win64; x64) AppleWebKit/537.36 (KHTML, like Gecko) Chrome/123.0.0.0 Safari/537.36
2026-07-05 22:44:03.494 [http-nio-8080-exec-4] DEBUG [traceId=f01f2a42b29143f581b4037b540a4078 userId= role=] c.k.i.m.SysUserMapper.selectById - ==>  Preparing: SELECT id,account,name,password,role,gender,email,phone,openid,description,teacher_remark,class_id,status,create_by,create_time,update_by,update_time FROM sys_user WHERE id=?
2026-07-05 22:44:03.494 [http-nio-8080-exec-6] DEBUG [traceId=48f00ccfd89e490f99d644a9ea7c04d4 userId= role=] c.k.i.m.SysUserMapper.selectById - ==>  Preparing: SELECT id,account,name,password,role,gender,email,phone,openid,description,teacher_remark,class_id,status,create_by,create_time,update_by,update_time FROM sys_user WHERE id=?
2026-07-05 22:44:03.495 [http-nio-8080-exec-6] DEBUG [traceId=48f00ccfd89e490f99d644a9ea7c04d4 userId= role=] c.k.i.m.SysUserMapper.selectById - ==> Parameters: 29(Long)
2026-07-05 22:44:03.495 [http-nio-8080-exec-4] DEBUG [traceId=f01f2a42b29143f581b4037b540a4078 userId= role=] c.k.i.m.SysUserMapper.selectById - ==> Parameters: 29(Long)
2026-07-05 22:44:03.496 [http-nio-8080-exec-6] DEBUG [traceId=48f00ccfd89e490f99d644a9ea7c04d4 userId= role=] c.k.i.m.SysUserMapper.selectById - <==      Total: 1
2026-07-05 22:44:03.496 [http-nio-8080-exec-4] DEBUG [traceId=f01f2a42b29143f581b4037b540a4078 userId= role=] c.k.i.m.SysUserMapper.selectById - <==      Total: 1
2026-07-05 22:44:03.497 [http-nio-8080-exec-4] DEBUG [traceId=f01f2a42b29143f581b4037b540a4078 userId=29 role=2] c.k.i.mapper.MyTaskMapper.count - ==>  Preparing: SELECT COUNT(*) FROM task_user tu JOIN task t ON t.id = tu.task_id WHERE tu.user_id = ? AND tu.status = ?
2026-07-05 22:44:03.497 [http-nio-8080-exec-4] DEBUG [traceId=f01f2a42b29143f581b4037b540a4078 userId=29 role=2] c.k.i.mapper.MyTaskMapper.count - ==> Parameters: 29(Long), 1(String)
2026-07-05 22:44:03.498 [http-nio-8080-exec-6] DEBUG [traceId=48f00ccfd89e490f99d644a9ea7c04d4 userId=29 role=2] c.k.i.m.TaskUserMapper.selectCount - ==>  Preparing: SELECT COUNT( * ) AS total FROM task_user WHERE (user_id = ? AND status = ?)
2026-07-05 22:44:03.498 [http-nio-8080-exec-6] DEBUG [traceId=48f00ccfd89e490f99d644a9ea7c04d4 userId=29 role=2] c.k.i.m.TaskUserMapper.selectCount - ==> Parameters: 29(Long), 0(String)
2026-07-05 22:44:03.499 [http-nio-8080-exec-4] DEBUG [traceId=f01f2a42b29143f581b4037b540a4078 userId=29 role=2] c.k.i.mapper.MyTaskMapper.count - <==      Total: 1
2026-07-05 22:44:03.499 [http-nio-8080-exec-6] DEBUG [traceId=48f00ccfd89e490f99d644a9ea7c04d4 userId=29 role=2] c.k.i.m.TaskUserMapper.selectCount - <==      Total: 1
2026-07-05 22:44:03.499 [http-nio-8080-exec-4] DEBUG [traceId=f01f2a42b29143f581b4037b540a4078 userId=29 role=2] c.k.i.mapper.MyTaskMapper.page - ==>  Preparing: SELECT u.name AS task_create_name,t.round_no AS round_no,t.template_id AS template_id,t.id AS task_id, t.task_name, t.task_type, t.is_mandatory AS force_flag, t.task_description, t.priority, t.task_start_time AS start_time, t.task_end_time AS end_time, t.plan_id AS planId, t.plan_date AS planDate, t.is_repeat_task AS isRepeatTask, t.status AS taskStatus, tu.id AS task_user_id, tu.status, tu.total_score, tu.submit_time FROM task_user tu JOIN task t ON t.id = tu.task_id LEFT JOIN sys_user u ON u.id = t.create_by WHERE tu.user_id = ? AND tu.status = ? ORDER BY t.create_time DESC LIMIT ?, ?
2026-07-05 22:44:03.500 [http-nio-8080-exec-4] DEBUG [traceId=f01f2a42b29143f581b4037b540a4078 userId=29 role=2] c.k.i.mapper.MyTaskMapper.page - ==> Parameters: 29(Long), 1(String), 0(Integer), 10(Integer)
2026-07-05 22:44:03.500 [http-nio-8080-exec-6] DEBUG [traceId=48f00ccfd89e490f99d644a9ea7c04d4 userId=29 role=2] c.k.i.m.TaskUserMapper.selectCount - ==>  Preparing: SELECT COUNT( * ) AS total FROM task_user WHERE (user_id = ? AND status IN (?,?))
2026-07-05 22:44:03.500 [http-nio-8080-exec-6] DEBUG [traceId=48f00ccfd89e490f99d644a9ea7c04d4 userId=29 role=2] c.k.i.m.TaskUserMapper.selectCount - ==> Parameters: 29(Long), 1(String), 2(String)
2026-07-05 22:44:03.501 [http-nio-8080-exec-6] DEBUG [traceId=48f00ccfd89e490f99d644a9ea7c04d4 userId=29 role=2] c.k.i.m.TaskUserMapper.selectCount - <==      Total: 1
2026-07-05 22:44:03.502 [http-nio-8080-exec-4] DEBUG [traceId=f01f2a42b29143f581b4037b540a4078 userId=29 role=2] c.k.i.mapper.MyTaskMapper.page - <==      Total: 10
2026-07-05 22:44:03.502 [http-nio-8080-exec-6] INFO  [traceId=48f00ccfd89e490f99d644a9ea7c04d4 userId=29 role=2] com.kg.interceptor.TraceIdFilter - HTTP_REQUEST_END method=POST uri=/my-task/stats status=200 cost=11ms responseBody={"code":200,"message":"查询成功","data":{"unfinished":31,"finished":21}}
2026-07-05 22:44:03.503 [http-nio-8080-exec-4] INFO  [traceId=f01f2a42b29143f581b4037b540a4078 userId=29 role=2] com.kg.interceptor.TraceIdFilter - HTTP_REQUEST_END method=POST uri=/my-task/list status=200 cost=12ms responseBody={"code":200,"message":"查询成功","data":{"total":21,"list":[{"taskId":92,"taskName":"每日打卡","taskType":"2","forceFlag":1,"taskDescription":null,"priority":0,"startTime":"2026-07-03 06:00:00","endTime":"2026-07-03 23:59:00","status":"1","totalScore":null,"submitTime":"2026-07-03 08:47:44","roundNo":0,"templateId":null,"planId":null,"planDate":null,"isRepeatTask":0,"taskStatus":1,"taskUserId":470,"taskCreateName":null},{"taskId":88,"taskName":"每日打卡","taskType":"2","forceFlag":1,"taskDescription":null,"priority":0,"startTime":"2026-07-02 06:00:00","endTime":"2026-07-02 23:59:00","status":"1","totalScore":null,"submitTime":"2026-07-02 17:10:11","roundNo":0,"templateId":null,"planId":null,"planDate":null,"isRepeatTask":0,"taskStatus":1,"taskUserId":448,"taskCreateName":null},{"taskId":77,"taskName":"测试重复任务 07-01","taskType":"0","forceFlag":1,"taskDescription":"","priority":1,"startTime":"2026-07-01 00:00:00","endTime":"2026-07-01 23:59:00","status":"1","totalScore":null,"submitTime":"2026-07-02 17:07:59","roundNo":0,"templateId":null,"planId":1,"planDate":"2026-07-01","isRepeatTask":1,"taskStatus":1,"taskUserId":417,"taskCreateName":"管理员"},{"taskId":78,"taskName":"测试重复任务 07-02","taskType":"0","forceFlag":1,"taskDescription":"","priority":1,"startTime":"2026-07-02 00:00:00","endTime":"2026-07-02 23:59:00","status":"1","totalScore":null,"submitTime":"2026-07-02 17:08:03","roundNo":0,"templateId":null,"planId":1,"planDate":"2026-07-02","isRepeatTask":1,"taskStatus":1,"taskUserId":424,"taskCreateName":"管理员"},{"taskId":74,"taskName":"每日打卡","taskType":"2","forceFlag":1,"taskDescription":null,"priority":0,"startTime":"2026-07-01 06:00:00","endTime":"2026-07-01 23:59:00","status":"1","totalScore":null,"submitTime":"2026-07-01 16:15:10","roundNo":0,"templateId":null,"planId":null,"planDate":null,"isRepeatTask":0,"taskStatus":1,"taskUserId":393,"taskCreateName":null},{"taskId":71,"taskName":"每日打卡","taskType":"2","forceFlag":1,"taskDescription":null,"priority":0,"startTime":"2026-06-29 06:00:00","endTime":"2026-06-29 23:59:00","status":"1","totalScore":null,"submitTime":"2026-07-02 17:08:12","roundNo":0,"templateId":null,"planId":null,"planDate":null,"isRepeatTask":0,"taskStatus":1,"taskUserId":366,"taskCreateName":null},{"taskId":70,"taskName":"每日复盘","taskType":"3","forceFlag":1,"taskDescription":null,"priority":0,"startTime":"2026-06-28 08:00:00","endTime":"2026-06-28 23:59:00","status":"1","totalScore":null,"submitTime":"2026-07-01 17:47:20","roundNo":0,"templateId":null,"planId":null,"planDate":null,"isRepeatTask":0,"taskStatus":1,"taskUserId":356,"taskCreateName":null},{"taskId":69,"taskName":"每日打卡","taskType":"2","forceFlag":1,"taskDescription":null,"priority":0,"startTime":"2026-06-28 06:00:00","endTime":"2026-06-28 23:59:00","status":"1","totalScore":null,"submitTime":"2026-07-01 17:47:26","roundNo":0,"templateId":null,"planId":null,"planDate":null,"isRepeatTask":0,"taskStatus":1,"taskUserId":346,"taskCreateName":null},{"taskId":67,"taskName":"145测试题","taskType":"0","forceFlag":1,"taskDescription":"145测试题1","priority":1,"startTime":"2026-06-23 00:00:00","endTime":"2026-06-23 23:59:59","status":"1","totalScore":null,"submitTime":"2026-07-02 17:08:33","roundNo":1,"templateId":null,"planId":null,"planDate":null,"isRepeatTask":0,"taskStatus":1,"taskUserId":329,"taskCreateName":"杨少伟"},{"taskId":64,"taskName":"每日打卡","taskType":"2","forceFlag":1,"taskDescription":null,"priority":0,"startTime":"2026-06-23 06:00:00","endTime":"2026-06-23 23:59:00","status":"1","totalScore":null,"submitTime":"2026-06-23 09:53:13","roundNo":0,"templateId":null,"planId":null,"planDate":null,"isRepeatTask":0,"taskStatus":1,"taskUserId":305,"taskCreateName":null}]}}
2026-07-05 22:44:05.680 [http-nio-8080-exec-7] INFO  [traceId=25ca86b5395a404ca09fb8a654a78684 userId= role=] com.kg.interceptor.TraceIdFilter - HTTP_REQUEST_START method=POST uri=/my-task/stats query=null requestBody={} ip=0:0:0:0:0:0:0:1 userAgent=Mozilla/5.0 (Windows NT 10.0; Win64; x64) AppleWebKit/537.36 (KHTML, like Gecko) Chrome/123.0.0.0 Safari/537.36
2026-07-05 22:44:05.680 [http-nio-8080-exec-3] INFO  [traceId=959318a6943d44dfa73eeca13b5f0c6a userId= role=] com.kg.interceptor.TraceIdFilter - HTTP_REQUEST_START method=POST uri=/my-task/list query=null requestBody={"pageNum":1,"pageSize":10,"status":"0"} ip=0:0:0:0:0:0:0:1 userAgent=Mozilla/5.0 (Windows NT 10.0; Win64; x64) AppleWebKit/537.36 (KHTML, like Gecko) Chrome/123.0.0.0 Safari/537.36
2026-07-05 22:44:05.684 [http-nio-8080-exec-7] DEBUG [traceId=25ca86b5395a404ca09fb8a654a78684 userId= role=] c.k.i.m.SysUserMapper.selectById - ==>  Preparing: SELECT id,account,name,password,role,gender,email,phone,openid,description,teacher_remark,class_id,status,create_by,create_time,update_by,update_time FROM sys_user WHERE id=?
2026-07-05 22:44:05.684 [http-nio-8080-exec-3] DEBUG [traceId=959318a6943d44dfa73eeca13b5f0c6a userId= role=] c.k.i.m.SysUserMapper.selectById - ==>  Preparing: SELECT id,account,name,password,role,gender,email,phone,openid,description,teacher_remark,class_id,status,create_by,create_time,update_by,update_time FROM sys_user WHERE id=?
2026-07-05 22:44:05.684 [http-nio-8080-exec-7] DEBUG [traceId=25ca86b5395a404ca09fb8a654a78684 userId= role=] c.k.i.m.SysUserMapper.selectById - ==> Parameters: 29(Long)
2026-07-05 22:44:05.684 [http-nio-8080-exec-3] DEBUG [traceId=959318a6943d44dfa73eeca13b5f0c6a userId= role=] c.k.i.m.SysUserMapper.selectById - ==> Parameters: 29(Long)
2026-07-05 22:44:05.685 [http-nio-8080-exec-3] DEBUG [traceId=959318a6943d44dfa73eeca13b5f0c6a userId= role=] c.k.i.m.SysUserMapper.selectById - <==      Total: 1
2026-07-05 22:44:05.685 [http-nio-8080-exec-7] DEBUG [traceId=25ca86b5395a404ca09fb8a654a78684 userId= role=] c.k.i.m.SysUserMapper.selectById - <==      Total: 1
2026-07-05 22:44:05.686 [http-nio-8080-exec-3] DEBUG [traceId=959318a6943d44dfa73eeca13b5f0c6a userId=29 role=2] c.k.i.mapper.MyTaskMapper.count - ==>  Preparing: SELECT COUNT(*) FROM task_user tu JOIN task t ON t.id = tu.task_id WHERE tu.user_id = ? AND tu.status = ?
2026-07-05 22:44:05.687 [http-nio-8080-exec-3] DEBUG [traceId=959318a6943d44dfa73eeca13b5f0c6a userId=29 role=2] c.k.i.mapper.MyTaskMapper.count - ==> Parameters: 29(Long), 0(String)
2026-07-05 22:44:05.687 [http-nio-8080-exec-7] DEBUG [traceId=25ca86b5395a404ca09fb8a654a78684 userId=29 role=2] c.k.i.m.TaskUserMapper.selectCount - ==>  Preparing: SELECT COUNT( * ) AS total FROM task_user WHERE (user_id = ? AND status = ?)
2026-07-05 22:44:05.687 [http-nio-8080-exec-7] DEBUG [traceId=25ca86b5395a404ca09fb8a654a78684 userId=29 role=2] c.k.i.m.TaskUserMapper.selectCount - ==> Parameters: 29(Long), 0(String)
2026-07-05 22:44:05.688 [http-nio-8080-exec-7] DEBUG [traceId=25ca86b5395a404ca09fb8a654a78684 userId=29 role=2] c.k.i.m.TaskUserMapper.selectCount - <==      Total: 1
2026-07-05 22:44:05.688 [http-nio-8080-exec-3] DEBUG [traceId=959318a6943d44dfa73eeca13b5f0c6a userId=29 role=2] c.k.i.mapper.MyTaskMapper.count - <==      Total: 1
2026-07-05 22:44:05.689 [http-nio-8080-exec-7] DEBUG [traceId=25ca86b5395a404ca09fb8a654a78684 userId=29 role=2] c.k.i.m.TaskUserMapper.selectCount - ==>  Preparing: SELECT COUNT( * ) AS total FROM task_user WHERE (user_id = ? AND status IN (?,?))
2026-07-05 22:44:05.689 [http-nio-8080-exec-3] DEBUG [traceId=959318a6943d44dfa73eeca13b5f0c6a userId=29 role=2] c.k.i.mapper.MyTaskMapper.page - ==>  Preparing: SELECT u.name AS task_create_name,t.round_no AS round_no,t.template_id AS template_id,t.id AS task_id, t.task_name, t.task_type, t.is_mandatory AS force_flag, t.task_description, t.priority, t.task_start_time AS start_time, t.task_end_time AS end_time, t.plan_id AS planId, t.plan_date AS planDate, t.is_repeat_task AS isRepeatTask, t.status AS taskStatus, tu.id AS task_user_id, tu.status, tu.total_score, tu.submit_time FROM task_user tu JOIN task t ON t.id = tu.task_id LEFT JOIN sys_user u ON u.id = t.create_by WHERE tu.user_id = ? AND tu.status = ? ORDER BY t.create_time DESC LIMIT ?, ?
2026-07-05 22:44:05.689 [http-nio-8080-exec-7] DEBUG [traceId=25ca86b5395a404ca09fb8a654a78684 userId=29 role=2] c.k.i.m.TaskUserMapper.selectCount - ==> Parameters: 29(Long), 1(String), 2(String)
2026-07-05 22:44:05.689 [http-nio-8080-exec-3] DEBUG [traceId=959318a6943d44dfa73eeca13b5f0c6a userId=29 role=2] c.k.i.mapper.MyTaskMapper.page - ==> Parameters: 29(Long), 0(String), 0(Integer), 10(Integer)
2026-07-05 22:44:05.690 [http-nio-8080-exec-7] DEBUG [traceId=25ca86b5395a404ca09fb8a654a78684 userId=29 role=2] c.k.i.m.TaskUserMapper.selectCount - <==      Total: 1
2026-07-05 22:44:05.691 [http-nio-8080-exec-7] INFO  [traceId=25ca86b5395a404ca09fb8a654a78684 userId=29 role=2] com.kg.interceptor.TraceIdFilter - HTTP_REQUEST_END method=POST uri=/my-task/stats status=200 cost=11ms responseBody={"code":200,"message":"查询成功","data":{"unfinished":31,"finished":21}}
2026-07-05 22:44:05.691 [http-nio-8080-exec-3] DEBUG [traceId=959318a6943d44dfa73eeca13b5f0c6a userId=29 role=2] c.k.i.mapper.MyTaskMapper.page - <==      Total: 10
2026-07-05 22:44:05.692 [http-nio-8080-exec-3] INFO  [traceId=959318a6943d44dfa73eeca13b5f0c6a userId=29 role=2] com.kg.interceptor.TraceIdFilter - HTTP_REQUEST_END method=POST uri=/my-task/list status=200 cost=12ms responseBody={"code":200,"message":"查询成功","data":{"total":31,"list":[{"taskId":94,"taskName":"每日打卡","taskType":"2","forceFlag":1,"taskDescription":null,"priority":0,"startTime":"2026-07-05 06:00:00","endTime":"2026-07-05 23:59:00","status":"0","totalScore":null,"submitTime":null,"roundNo":0,"templateId":null,"planId":null,"planDate":null,"isRepeatTask":0,"taskStatus":1,"taskUserId":492,"taskCreateName":null},{"taskId":95,"taskName":"每日复盘","taskType":"3","forceFlag":1,"taskDescription":null,"priority":0,"startTime":"2026-07-05 08:00:00","endTime":"2026-07-05 23:59:00","status":"0","totalScore":null,"submitTime":null,"roundNo":0,"templateId":null,"planId":null,"planDate":null,"isRepeatTask":0,"taskStatus":1,"taskUserId":503,"taskCreateName":null},{"taskId":93,"taskName":"每日复盘","taskType":"3","forceFlag":1,"taskDescription":null,"priority":0,"startTime":"2026-07-03 08:00:00","endTime":"2026-07-03 23:59:00","status":"0","totalScore":null,"submitTime":null,"roundNo":0,"templateId":null,"planId":null,"planDate":null,"isRepeatTask":0,"taskStatus":1,"taskUserId":481,"taskCreateName":null},{"taskId":89,"taskName":"每日复盘","taskType":"3","forceFlag":1,"taskDescription":null,"priority":0,"startTime":"2026-07-02 08:00:00","endTime":"2026-07-02 23:59:00","status":"0","totalScore":null,"submitTime":null,"roundNo":0,"templateId":null,"planId":null,"planDate":null,"isRepeatTask":0,"taskStatus":1,"taskUserId":458,"taskCreateName":null},{"taskId":79,"taskName":"测试重复任务 07-03","taskType":"0","forceFlag":1,"taskDescription":"","priority":1,"startTime":"2026-07-03 00:00:00","endTime":"2026-07-03 23:59:00","status":"0","totalScore":null,"submitTime":null,"roundNo":0,"templateId":null,"planId":1,"planDate":"2026-07-03","isRepeatTask":1,"taskStatus":1,"taskUserId":431,"taskCreateName":"管理员"},{"taskId":80,"taskName":"测试重复任务 07-04","taskType":"0","forceFlag":1,"taskDescription":"","priority":1,"startTime":"2026-07-04 00:00:00","endTime":"2026-07-04 23:59:00","status":"0","totalScore":null,"submitTime":null,"roundNo":0,"templateId":null,"planId":1,"planDate":"2026-07-04","isRepeatTask":1,"taskStatus":1,"taskUserId":438,"taskCreateName":"管理员"},{"taskId":76,"taskName":"普通刷题任务测试","taskType":"0","forceFlag":1,"taskDescription":"","priority":1,"startTime":"2026-07-01 00:00:00","endTime":"2026-07-03 23:59:59","status":"0","totalScore":null,"submitTime":null,"roundNo":1,"templateId":null,"planId":null,"planDate":null,"isRepeatTask":0,"taskStatus":1,"taskUserId":410,"taskCreateName":"管理员"},{"taskId":75,"taskName":"每日复盘","taskType":"3","forceFlag":1,"taskDescription":null,"priority":0,"startTime":"2026-07-01 08:00:00","endTime":"2026-07-01 23:59:00","status":"0","totalScore":null,"submitTime":null,"roundNo":0,"templateId":null,"planId":null,"planDate":null,"isRepeatTask":0,"taskStatus":1,"taskUserId":403,"taskCreateName":null},{"taskId":73,"taskName":"测试班级任务","taskType":"0","forceFlag":1,"taskDescription":"","priority":1,"startTime":"2026-06-29 00:00:00","endTime":"2026-06-30 23:59:59","status":"0","totalScore":null,"submitTime":null,"roundNo":1,"templateId":null,"planId":null,"planDate":null,"isRepeatTask":0,"taskStatus":1,"taskUserId":383,"taskCreateName":"杨少伟"},{"taskId":72,"taskName":"每日复盘","taskType":"3","forceFlag":1,"taskDescription":null,"priority":0,"startTime":"2026-06-29 08:00:00","endTime":"2026-06-29 23:59:00","status":"0","totalScore":null,"submitTime":null,"roundNo":0,"templateId":null,"planId":null,"planDate":null,"isRepeatTask":0,"taskStatus":1,"taskUserId":376,"taskCreateName":null}]}}
2026-07-05 22:45:28.688 [http-nio-8080-exec-5] INFO  [traceId=e51b30e200d64555af2974880132b17c userId= role=] com.kg.interceptor.TraceIdFilter - HTTP_REQUEST_START method=GET uri=/dict/group/module_name query=null requestBody= ip=0:0:0:0:0:0:0:1 userAgent=Mozilla/5.0 (Windows NT 10.0; Win64; x64) AppleWebKit/537.36 (KHTML, like Gecko) Chrome/123.0.0.0 Safari/537.36
2026-07-05 22:45:28.692 [http-nio-8080-exec-5] DEBUG [traceId=e51b30e200d64555af2974880132b17c userId= role=] c.k.i.m.SysUserMapper.selectById - ==>  Preparing: SELECT id,account,name,password,role,gender,email,phone,openid,description,teacher_remark,class_id,status,create_by,create_time,update_by,update_time FROM sys_user WHERE id=?
2026-07-05 22:45:28.693 [http-nio-8080-exec-5] DEBUG [traceId=e51b30e200d64555af2974880132b17c userId= role=] c.k.i.m.SysUserMapper.selectById - ==> Parameters: 29(Long)
2026-07-05 22:45:28.693 [http-nio-8080-exec-5] DEBUG [traceId=e51b30e200d64555af2974880132b17c userId= role=] c.k.i.m.SysUserMapper.selectById - <==      Total: 1
2026-07-05 22:45:28.694 [http-nio-8080-exec-5] DEBUG [traceId=e51b30e200d64555af2974880132b17c userId=29 role=2] c.k.i.mapper.DictMapper.selectList - ==>  Preparing: SELECT id,dict_code,dict_name,dict_label,dict_value,display_color,sort_no,status,create_by,create_time,update_by,update_time FROM sys_dict WHERE (dict_code = ?) ORDER BY sort_no ASC
2026-07-05 22:45:28.694 [http-nio-8080-exec-5] DEBUG [traceId=e51b30e200d64555af2974880132b17c userId=29 role=2] c.k.i.mapper.DictMapper.selectList - ==> Parameters: module_name(String)
2026-07-05 22:45:28.695 [http-nio-8080-exec-5] DEBUG [traceId=e51b30e200d64555af2974880132b17c userId=29 role=2] c.k.i.mapper.DictMapper.selectList - <==      Total: 7
2026-07-05 22:45:28.696 [http-nio-8080-exec-5] INFO  [traceId=e51b30e200d64555af2974880132b17c userId=29 role=2] com.kg.interceptor.TraceIdFilter - HTTP_REQUEST_END method=GET uri=/dict/group/module_name status=200 cost=8ms responseBody={"code":200,"message":"查询成功","data":{"dictCode":"module_name","dictName":"成绩模板名","items":[{"dictValue":"1","dictLabel":"行测-常识","sortNo":1,"status":1,"displayColor":null},{"dictValue":"2","dictLabel":"行测-言语","sortNo":2,"status":1,"displayColor":null},{"dictValue":"3","dictLabel":"行测-数量","sortNo":3,"status":1,"displayColor":null},{"dictValue":"4","dictLabel":"行测-判断推理","sortNo":4,"status":1,"displayColor":null},{"dictValue":"5","dictLabel":"行测-资料分析","sortNo":5,"status":1,"displayColor":null},{"dictValue":"6","dictLabel":"申论-小题","sortNo":6,"status":1,"displayColor":null},{"dictValue":"7","dictLabel":"申论-大作文","sortNo":7,"status":1,"displayColor":null}]}}
2026-07-05 22:45:31.172 [http-nio-8080-exec-8] INFO  [traceId=cd5ed99dbf1244858d2d4ed5c2b11140 userId= role=] com.kg.interceptor.TraceIdFilter - HTTP_REQUEST_START method=POST uri=/my-task/complete query=null requestBody={"taskId":79,"durationMinutes":null,"totalScore":null} ip=0:0:0:0:0:0:0:1 userAgent=Mozilla/5.0 (Windows NT 10.0; Win64; x64) AppleWebKit/537.36 (KHTML, like Gecko) Chrome/123.0.0.0 Safari/537.36
2026-07-05 22:45:31.177 [http-nio-8080-exec-8] DEBUG [traceId=cd5ed99dbf1244858d2d4ed5c2b11140 userId= role=] c.k.i.m.SysUserMapper.selectById - ==>  Preparing: SELECT id,account,name,password,role,gender,email,phone,openid,description,teacher_remark,class_id,status,create_by,create_time,update_by,update_time FROM sys_user WHERE id=?
2026-07-05 22:45:31.178 [http-nio-8080-exec-8] DEBUG [traceId=cd5ed99dbf1244858d2d4ed5c2b11140 userId= role=] c.k.i.m.SysUserMapper.selectById - ==> Parameters: 29(Long)
2026-07-05 22:45:31.178 [http-nio-8080-exec-8] DEBUG [traceId=cd5ed99dbf1244858d2d4ed5c2b11140 userId= role=] c.k.i.m.SysUserMapper.selectById - <==      Total: 1
2026-07-05 22:45:31.195 [http-nio-8080-exec-8] DEBUG [traceId=cd5ed99dbf1244858d2d4ed5c2b11140 userId=29 role=2] c.k.i.m.TaskUserMapper.selectList - ==>  Preparing: SELECT id,task_id,user_id,status,start_time,finish_time,duration_minutes,remark,total_score,submit_time,create_by,create_time,update_by,update_time FROM task_user WHERE (task_id = ? AND user_id = ?)
2026-07-05 22:45:31.195 [http-nio-8080-exec-8] DEBUG [traceId=cd5ed99dbf1244858d2d4ed5c2b11140 userId=29 role=2] c.k.i.m.TaskUserMapper.selectList - ==> Parameters: 79(Long), 29(Long)
2026-07-05 22:45:31.197 [http-nio-8080-exec-8] DEBUG [traceId=cd5ed99dbf1244858d2d4ed5c2b11140 userId=29 role=2] c.k.i.m.TaskUserMapper.selectList - <==      Total: 1
2026-07-05 22:45:31.197 [http-nio-8080-exec-8] DEBUG [traceId=cd5ed99dbf1244858d2d4ed5c2b11140 userId=29 role=2] c.k.i.mapper.TaskMapper.selectById - ==>  Preparing: SELECT id,task_name,task_type,template_id,round_no,is_mandatory,task_description,task_start_time,task_end_time,priority,class_id,target_type,target_ids,plan_id,plan_date,is_repeat_task,status,create_by,create_time,update_by,update_time FROM task WHERE id=?
2026-07-05 22:45:31.198 [http-nio-8080-exec-8] DEBUG [traceId=cd5ed99dbf1244858d2d4ed5c2b11140 userId=29 role=2] c.k.i.mapper.TaskMapper.selectById - ==> Parameters: 79(Long)
2026-07-05 22:45:31.198 [http-nio-8080-exec-8] DEBUG [traceId=cd5ed99dbf1244858d2d4ed5c2b11140 userId=29 role=2] c.k.i.mapper.TaskMapper.selectById - <==      Total: 1
2026-07-05 22:45:31.202 [http-nio-8080-exec-8] DEBUG [traceId=cd5ed99dbf1244858d2d4ed5c2b11140 userId=29 role=2] c.k.i.mapper.TaskUserMapper.update - ==>  Preparing: UPDATE task_user SET status=?,finish_time=?,submit_time=?,update_by=? WHERE (id = ?)
2026-07-05 22:45:31.203 [http-nio-8080-exec-8] DEBUG [traceId=cd5ed99dbf1244858d2d4ed5c2b11140 userId=29 role=2] c.k.i.mapper.TaskUserMapper.update - ==> Parameters: 2(String), 2026-07-05T22:45:31.198(LocalDateTime), 2026-07-05T22:45:31.198(LocalDateTime), 29(Long), 431(Long)
2026-07-05 22:45:31.207 [http-nio-8080-exec-8] DEBUG [traceId=cd5ed99dbf1244858d2d4ed5c2b11140 userId=29 role=2] c.k.i.mapper.TaskUserMapper.update - <==    Updates: 1
2026-07-05 22:45:31.208 [http-nio-8080-exec-8] DEBUG [traceId=cd5ed99dbf1244858d2d4ed5c2b11140 userId=29 role=2] c.k.i.m.TaskUserMapper.selectCount - ==>  Preparing: SELECT COUNT( * ) AS total FROM task_user WHERE (task_id = ? AND status = ?)
2026-07-05 22:45:31.208 [http-nio-8080-exec-8] DEBUG [traceId=cd5ed99dbf1244858d2d4ed5c2b11140 userId=29 role=2] c.k.i.m.TaskUserMapper.selectCount - ==> Parameters: 79(Long), 0(String)
2026-07-05 22:45:31.209 [http-nio-8080-exec-8] DEBUG [traceId=cd5ed99dbf1244858d2d4ed5c2b11140 userId=29 role=2] c.k.i.m.TaskUserMapper.selectCount - <==      Total: 1
2026-07-05 22:45:31.211 [http-nio-8080-exec-8] DEBUG [traceId=cd5ed99dbf1244858d2d4ed5c2b11140 userId=29 role=2] c.k.i.mapper.TaskMapper.update - ==>  Preparing: UPDATE task SET status=? WHERE (id = ?)
2026-07-05 22:45:31.211 [http-nio-8080-exec-8] DEBUG [traceId=cd5ed99dbf1244858d2d4ed5c2b11140 userId=29 role=2] c.k.i.mapper.TaskMapper.update - ==> Parameters: 0(String), 79(Long)
2026-07-05 22:45:31.212 [http-nio-8080-exec-8] DEBUG [traceId=cd5ed99dbf1244858d2d4ed5c2b11140 userId=29 role=2] c.k.i.mapper.TaskMapper.update - <==    Updates: 1
2026-07-05 22:45:31.212 [http-nio-8080-exec-8] INFO  [traceId=cd5ed99dbf1244858d2d4ed5c2b11140 userId=29 role=2] c.k.a.s.MyTaskApplicationService - 完成任务成功: taskId=79, userId=29, status=2
2026-07-05 22:45:31.215 [http-nio-8080-exec-8] INFO  [traceId=cd5ed99dbf1244858d2d4ed5c2b11140 userId=29 role=2] com.kg.interceptor.TraceIdFilter - HTTP_REQUEST_END method=POST uri=/my-task/complete status=200 cost=43ms responseBody={"code":200,"message":"提交成功"}
2026-07-05 22:45:31.229 [http-nio-8080-exec-2] INFO  [traceId=c7f4ed1d14e3427fa568b05d5bd72a68 userId= role=] com.kg.interceptor.TraceIdFilter - HTTP_REQUEST_START method=POST uri=/my-task/list query=null requestBody={"pageNum":1,"pageSize":10,"status":"0"} ip=0:0:0:0:0:0:0:1 userAgent=Mozilla/5.0 (Windows NT 10.0; Win64; x64) AppleWebKit/537.36 (KHTML, like Gecko) Chrome/123.0.0.0 Safari/537.36
2026-07-05 22:45:31.232 [http-nio-8080-exec-2] DEBUG [traceId=c7f4ed1d14e3427fa568b05d5bd72a68 userId= role=] c.k.i.m.SysUserMapper.selectById - ==>  Preparing: SELECT id,account,name,password,role,gender,email,phone,openid,description,teacher_remark,class_id,status,create_by,create_time,update_by,update_time FROM sys_user WHERE id=?
2026-07-05 22:45:31.232 [http-nio-8080-exec-2] DEBUG [traceId=c7f4ed1d14e3427fa568b05d5bd72a68 userId= role=] c.k.i.m.SysUserMapper.selectById - ==> Parameters: 29(Long)
2026-07-05 22:45:31.233 [http-nio-8080-exec-2] DEBUG [traceId=c7f4ed1d14e3427fa568b05d5bd72a68 userId= role=] c.k.i.m.SysUserMapper.selectById - <==      Total: 1
2026-07-05 22:45:31.235 [http-nio-8080-exec-2] DEBUG [traceId=c7f4ed1d14e3427fa568b05d5bd72a68 userId=29 role=2] c.k.i.mapper.MyTaskMapper.count - ==>  Preparing: SELECT COUNT(*) FROM task_user tu JOIN task t ON t.id = tu.task_id WHERE tu.user_id = ? AND tu.status = ?
2026-07-05 22:45:31.236 [http-nio-8080-exec-2] DEBUG [traceId=c7f4ed1d14e3427fa568b05d5bd72a68 userId=29 role=2] c.k.i.mapper.MyTaskMapper.count - ==> Parameters: 29(Long), 0(String)
2026-07-05 22:45:31.237 [http-nio-8080-exec-2] DEBUG [traceId=c7f4ed1d14e3427fa568b05d5bd72a68 userId=29 role=2] c.k.i.mapper.MyTaskMapper.count - <==      Total: 1
2026-07-05 22:45:31.237 [http-nio-8080-exec-2] DEBUG [traceId=c7f4ed1d14e3427fa568b05d5bd72a68 userId=29 role=2] c.k.i.mapper.MyTaskMapper.page - ==>  Preparing: SELECT u.name AS task_create_name,t.round_no AS round_no,t.template_id AS template_id,t.id AS task_id, t.task_name, t.task_type, t.is_mandatory AS force_flag, t.task_description, t.priority, t.task_start_time AS start_time, t.task_end_time AS end_time, t.plan_id AS planId, t.plan_date AS planDate, t.is_repeat_task AS isRepeatTask, t.status AS taskStatus, tu.id AS task_user_id, tu.status, tu.total_score, tu.submit_time FROM task_user tu JOIN task t ON t.id = tu.task_id LEFT JOIN sys_user u ON u.id = t.create_by WHERE tu.user_id = ? AND tu.status = ? ORDER BY t.create_time DESC LIMIT ?, ?
2026-07-05 22:45:31.238 [http-nio-8080-exec-2] DEBUG [traceId=c7f4ed1d14e3427fa568b05d5bd72a68 userId=29 role=2] c.k.i.mapper.MyTaskMapper.page - ==> Parameters: 29(Long), 0(String), 0(Integer), 10(Integer)
2026-07-05 22:45:31.241 [http-nio-8080-exec-2] DEBUG [traceId=c7f4ed1d14e3427fa568b05d5bd72a68 userId=29 role=2] c.k.i.mapper.MyTaskMapper.page - <==      Total: 10
2026-07-05 22:45:31.243 [http-nio-8080-exec-2] INFO  [traceId=c7f4ed1d14e3427fa568b05d5bd72a68 userId=29 role=2] com.kg.interceptor.TraceIdFilter - HTTP_REQUEST_END method=POST uri=/my-task/list status=200 cost=13ms responseBody={"code":200,"message":"查询成功","data":{"total":30,"list":[{"taskId":94,"taskName":"每日打卡","taskType":"2","forceFlag":1,"taskDescription":null,"priority":0,"startTime":"2026-07-05 06:00:00","endTime":"2026-07-05 23:59:00","status":"0","totalScore":null,"submitTime":null,"roundNo":0,"templateId":null,"planId":null,"planDate":null,"isRepeatTask":0,"taskStatus":1,"taskUserId":492,"taskCreateName":null},{"taskId":95,"taskName":"每日复盘","taskType":"3","forceFlag":1,"taskDescription":null,"priority":0,"startTime":"2026-07-05 08:00:00","endTime":"2026-07-05 23:59:00","status":"0","totalScore":null,"submitTime":null,"roundNo":0,"templateId":null,"planId":null,"planDate":null,"isRepeatTask":0,"taskStatus":1,"taskUserId":503,"taskCreateName":null},{"taskId":93,"taskName":"每日复盘","taskType":"3","forceFlag":1,"taskDescription":null,"priority":0,"startTime":"2026-07-03 08:00:00","endTime":"2026-07-03 23:59:00","status":"0","totalScore":null,"submitTime":null,"roundNo":0,"templateId":null,"planId":null,"planDate":null,"isRepeatTask":0,"taskStatus":1,"taskUserId":481,"taskCreateName":null},{"taskId":89,"taskName":"每日复盘","taskType":"3","forceFlag":1,"taskDescription":null,"priority":0,"startTime":"2026-07-02 08:00:00","endTime":"2026-07-02 23:59:00","status":"0","totalScore":null,"submitTime":null,"roundNo":0,"templateId":null,"planId":null,"planDate":null,"isRepeatTask":0,"taskStatus":1,"taskUserId":458,"taskCreateName":null},{"taskId":80,"taskName":"测试重复任务 07-04","taskType":"0","forceFlag":1,"taskDescription":"","priority":1,"startTime":"2026-07-04 00:00:00","endTime":"2026-07-04 23:59:00","status":"0","totalScore":null,"submitTime":null,"roundNo":0,"templateId":null,"planId":1,"planDate":"2026-07-04","isRepeatTask":1,"taskStatus":1,"taskUserId":438,"taskCreateName":"管理员"},{"taskId":76,"taskName":"普通刷题任务测试","taskType":"0","forceFlag":1,"taskDescription":"","priority":1,"startTime":"2026-07-01 00:00:00","endTime":"2026-07-03 23:59:59","status":"0","totalScore":null,"submitTime":null,"roundNo":1,"templateId":null,"planId":null,"planDate":null,"isRepeatTask":0,"taskStatus":1,"taskUserId":410,"taskCreateName":"管理员"},{"taskId":75,"taskName":"每日复盘","taskType":"3","forceFlag":1,"taskDescription":null,"priority":0,"startTime":"2026-07-01 08:00:00","endTime":"2026-07-01 23:59:00","status":"0","totalScore":null,"submitTime":null,"roundNo":0,"templateId":null,"planId":null,"planDate":null,"isRepeatTask":0,"taskStatus":1,"taskUserId":403,"taskCreateName":null},{"taskId":73,"taskName":"测试班级任务","taskType":"0","forceFlag":1,"taskDescription":"","priority":1,"startTime":"2026-06-29 00:00:00","endTime":"2026-06-30 23:59:59","status":"0","totalScore":null,"submitTime":null,"roundNo":1,"templateId":null,"planId":null,"planDate":null,"isRepeatTask":0,"taskStatus":1,"taskUserId":383,"taskCreateName":"杨少伟"},{"taskId":72,"taskName":"每日复盘","taskType":"3","forceFlag":1,"taskDescription":null,"priority":0,"startTime":"2026-06-29 08:00:00","endTime":"2026-06-29 23:59:00","status":"0","totalScore":null,"submitTime":null,"roundNo":0,"templateId":null,"planId":null,"planDate":null,"isRepeatTask":0,"taskStatus":1,"taskUserId":376,"taskCreateName":null},{"taskId":68,"taskName":"班长创建任务","taskType":"0","forceFlag":1,"taskDescription":"","priority":1,"startTime":"2026-06-23 00:00:00","endTime":"2026-07-22 23:59:59","status":"0","totalScore":null,"submitTime":null,"roundNo":1,"templateId":null,"planId":null,"planDate":null,"isRepeatTask":0,"taskStatus":1,"taskUserId":336,"taskCreateName":"杨少伟"}]}}
2026-07-05 22:45:32.473 [http-nio-8080-exec-10] INFO  [traceId=1b8cf27c8fb44f7297b66c1299f6a64e userId= role=] com.kg.interceptor.TraceIdFilter - HTTP_REQUEST_START method=POST uri=/my-task/list query=null requestBody={"pageNum":1,"pageSize":10,"status":"1"} ip=0:0:0:0:0:0:0:1 userAgent=Mozilla/5.0 (Windows NT 10.0; Win64; x64) AppleWebKit/537.36 (KHTML, like Gecko) Chrome/123.0.0.0 Safari/537.36
2026-07-05 22:45:32.473 [http-nio-8080-exec-1] INFO  [traceId=eb7a6887ab864a0e9e1a12a330b2cbc6 userId= role=] com.kg.interceptor.TraceIdFilter - HTTP_REQUEST_START method=POST uri=/my-task/stats query=null requestBody={} ip=0:0:0:0:0:0:0:1 userAgent=Mozilla/5.0 (Windows NT 10.0; Win64; x64) AppleWebKit/537.36 (KHTML, like Gecko) Chrome/123.0.0.0 Safari/537.36
2026-07-05 22:45:32.475 [http-nio-8080-exec-1] DEBUG [traceId=eb7a6887ab864a0e9e1a12a330b2cbc6 userId= role=] c.k.i.m.SysUserMapper.selectById - ==>  Preparing: SELECT id,account,name,password,role,gender,email,phone,openid,description,teacher_remark,class_id,status,create_by,create_time,update_by,update_time FROM sys_user WHERE id=?
2026-07-05 22:45:32.475 [http-nio-8080-exec-10] DEBUG [traceId=1b8cf27c8fb44f7297b66c1299f6a64e userId= role=] c.k.i.m.SysUserMapper.selectById - ==>  Preparing: SELECT id,account,name,password,role,gender,email,phone,openid,description,teacher_remark,class_id,status,create_by,create_time,update_by,update_time FROM sys_user WHERE id=?
2026-07-05 22:45:32.477 [http-nio-8080-exec-1] DEBUG [traceId=eb7a6887ab864a0e9e1a12a330b2cbc6 userId= role=] c.k.i.m.SysUserMapper.selectById - ==> Parameters: 29(Long)
2026-07-05 22:45:32.477 [http-nio-8080-exec-10] DEBUG [traceId=1b8cf27c8fb44f7297b66c1299f6a64e userId= role=] c.k.i.m.SysUserMapper.selectById - ==> Parameters: 29(Long)
2026-07-05 22:45:32.478 [http-nio-8080-exec-10] DEBUG [traceId=1b8cf27c8fb44f7297b66c1299f6a64e userId= role=] c.k.i.m.SysUserMapper.selectById - <==      Total: 1
2026-07-05 22:45:32.478 [http-nio-8080-exec-1] DEBUG [traceId=eb7a6887ab864a0e9e1a12a330b2cbc6 userId= role=] c.k.i.m.SysUserMapper.selectById - <==      Total: 1
2026-07-05 22:45:32.479 [http-nio-8080-exec-10] DEBUG [traceId=1b8cf27c8fb44f7297b66c1299f6a64e userId=29 role=2] c.k.i.mapper.MyTaskMapper.count - ==>  Preparing: SELECT COUNT(*) FROM task_user tu JOIN task t ON t.id = tu.task_id WHERE tu.user_id = ? AND tu.status = ?
2026-07-05 22:45:32.479 [http-nio-8080-exec-10] DEBUG [traceId=1b8cf27c8fb44f7297b66c1299f6a64e userId=29 role=2] c.k.i.mapper.MyTaskMapper.count - ==> Parameters: 29(Long), 1(String)
2026-07-05 22:45:32.479 [http-nio-8080-exec-1] DEBUG [traceId=eb7a6887ab864a0e9e1a12a330b2cbc6 userId=29 role=2] c.k.i.m.TaskUserMapper.selectCount - ==>  Preparing: SELECT COUNT( * ) AS total FROM task_user WHERE (user_id = ? AND status = ?)
2026-07-05 22:45:32.479 [http-nio-8080-exec-1] DEBUG [traceId=eb7a6887ab864a0e9e1a12a330b2cbc6 userId=29 role=2] c.k.i.m.TaskUserMapper.selectCount - ==> Parameters: 29(Long), 0(String)
2026-07-05 22:45:32.480 [http-nio-8080-exec-10] DEBUG [traceId=1b8cf27c8fb44f7297b66c1299f6a64e userId=29 role=2] c.k.i.mapper.MyTaskMapper.count - <==      Total: 1
2026-07-05 22:45:32.480 [http-nio-8080-exec-1] DEBUG [traceId=eb7a6887ab864a0e9e1a12a330b2cbc6 userId=29 role=2] c.k.i.m.TaskUserMapper.selectCount - <==      Total: 1
2026-07-05 22:45:32.481 [http-nio-8080-exec-10] DEBUG [traceId=1b8cf27c8fb44f7297b66c1299f6a64e userId=29 role=2] c.k.i.mapper.MyTaskMapper.page - ==>  Preparing: SELECT u.name AS task_create_name,t.round_no AS round_no,t.template_id AS template_id,t.id AS task_id, t.task_name, t.task_type, t.is_mandatory AS force_flag, t.task_description, t.priority, t.task_start_time AS start_time, t.task_end_time AS end_time, t.plan_id AS planId, t.plan_date AS planDate, t.is_repeat_task AS isRepeatTask, t.status AS taskStatus, tu.id AS task_user_id, tu.status, tu.total_score, tu.submit_time FROM task_user tu JOIN task t ON t.id = tu.task_id LEFT JOIN sys_user u ON u.id = t.create_by WHERE tu.user_id = ? AND tu.status = ? ORDER BY t.create_time DESC LIMIT ?, ?
2026-07-05 22:45:32.481 [http-nio-8080-exec-10] DEBUG [traceId=1b8cf27c8fb44f7297b66c1299f6a64e userId=29 role=2] c.k.i.mapper.MyTaskMapper.page - ==> Parameters: 29(Long), 1(String), 0(Integer), 10(Integer)
2026-07-05 22:45:32.481 [http-nio-8080-exec-1] DEBUG [traceId=eb7a6887ab864a0e9e1a12a330b2cbc6 userId=29 role=2] c.k.i.m.TaskUserMapper.selectCount - ==>  Preparing: SELECT COUNT( * ) AS total FROM task_user WHERE (user_id = ? AND status IN (?,?))
2026-07-05 22:45:32.481 [http-nio-8080-exec-1] DEBUG [traceId=eb7a6887ab864a0e9e1a12a330b2cbc6 userId=29 role=2] c.k.i.m.TaskUserMapper.selectCount - ==> Parameters: 29(Long), 1(String), 2(String)
2026-07-05 22:45:32.482 [http-nio-8080-exec-1] DEBUG [traceId=eb7a6887ab864a0e9e1a12a330b2cbc6 userId=29 role=2] c.k.i.m.TaskUserMapper.selectCount - <==      Total: 1
2026-07-05 22:45:32.484 [http-nio-8080-exec-10] DEBUG [traceId=1b8cf27c8fb44f7297b66c1299f6a64e userId=29 role=2] c.k.i.mapper.MyTaskMapper.page - <==      Total: 10
2026-07-05 22:45:32.484 [http-nio-8080-exec-1] INFO  [traceId=eb7a6887ab864a0e9e1a12a330b2cbc6 userId=29 role=2] com.kg.interceptor.TraceIdFilter - HTTP_REQUEST_END method=POST uri=/my-task/stats status=200 cost=11ms responseBody={"code":200,"message":"查询成功","data":{"unfinished":30,"finished":22}}
2026-07-05 22:45:32.485 [http-nio-8080-exec-10] INFO  [traceId=1b8cf27c8fb44f7297b66c1299f6a64e userId=29 role=2] com.kg.interceptor.TraceIdFilter - HTTP_REQUEST_END method=POST uri=/my-task/list status=200 cost=12ms responseBody={"code":200,"message":"查询成功","data":{"total":21,"list":[{"taskId":92,"taskName":"每日打卡","taskType":"2","forceFlag":1,"taskDescription":null,"priority":0,"startTime":"2026-07-03 06:00:00","endTime":"2026-07-03 23:59:00","status":"1","totalScore":null,"submitTime":"2026-07-03 08:47:44","roundNo":0,"templateId":null,"planId":null,"planDate":null,"isRepeatTask":0,"taskStatus":1,"taskUserId":470,"taskCreateName":null},{"taskId":88,"taskName":"每日打卡","taskType":"2","forceFlag":1,"taskDescription":null,"priority":0,"startTime":"2026-07-02 06:00:00","endTime":"2026-07-02 23:59:00","status":"1","totalScore":null,"submitTime":"2026-07-02 17:10:11","roundNo":0,"templateId":null,"planId":null,"planDate":null,"isRepeatTask":0,"taskStatus":1,"taskUserId":448,"taskCreateName":null},{"taskId":77,"taskName":"测试重复任务 07-01","taskType":"0","forceFlag":1,"taskDescription":"","priority":1,"startTime":"2026-07-01 00:00:00","endTime":"2026-07-01 23:59:00","status":"1","totalScore":null,"submitTime":"2026-07-02 17:07:59","roundNo":0,"templateId":null,"planId":1,"planDate":"2026-07-01","isRepeatTask":1,"taskStatus":1,"taskUserId":417,"taskCreateName":"管理员"},{"taskId":78,"taskName":"测试重复任务 07-02","taskType":"0","forceFlag":1,"taskDescription":"","priority":1,"startTime":"2026-07-02 00:00:00","endTime":"2026-07-02 23:59:00","status":"1","totalScore":null,"submitTime":"2026-07-02 17:08:03","roundNo":0,"templateId":null,"planId":1,"planDate":"2026-07-02","isRepeatTask":1,"taskStatus":1,"taskUserId":424,"taskCreateName":"管理员"},{"taskId":74,"taskName":"每日打卡","taskType":"2","forceFlag":1,"taskDescription":null,"priority":0,"startTime":"2026-07-01 06:00:00","endTime":"2026-07-01 23:59:00","status":"1","totalScore":null,"submitTime":"2026-07-01 16:15:10","roundNo":0,"templateId":null,"planId":null,"planDate":null,"isRepeatTask":0,"taskStatus":1,"taskUserId":393,"taskCreateName":null},{"taskId":71,"taskName":"每日打卡","taskType":"2","forceFlag":1,"taskDescription":null,"priority":0,"startTime":"2026-06-29 06:00:00","endTime":"2026-06-29 23:59:00","status":"1","totalScore":null,"submitTime":"2026-07-02 17:08:12","roundNo":0,"templateId":null,"planId":null,"planDate":null,"isRepeatTask":0,"taskStatus":1,"taskUserId":366,"taskCreateName":null},{"taskId":70,"taskName":"每日复盘","taskType":"3","forceFlag":1,"taskDescription":null,"priority":0,"startTime":"2026-06-28 08:00:00","endTime":"2026-06-28 23:59:00","status":"1","totalScore":null,"submitTime":"2026-07-01 17:47:20","roundNo":0,"templateId":null,"planId":null,"planDate":null,"isRepeatTask":0,"taskStatus":1,"taskUserId":356,"taskCreateName":null},{"taskId":69,"taskName":"每日打卡","taskType":"2","forceFlag":1,"taskDescription":null,"priority":0,"startTime":"2026-06-28 06:00:00","endTime":"2026-06-28 23:59:00","status":"1","totalScore":null,"submitTime":"2026-07-01 17:47:26","roundNo":0,"templateId":null,"planId":null,"planDate":null,"isRepeatTask":0,"taskStatus":1,"taskUserId":346,"taskCreateName":null},{"taskId":67,"taskName":"145测试题","taskType":"0","forceFlag":1,"taskDescription":"145测试题1","priority":1,"startTime":"2026-06-23 00:00:00","endTime":"2026-06-23 23:59:59","status":"1","totalScore":null,"submitTime":"2026-07-02 17:08:33","roundNo":1,"templateId":null,"planId":null,"planDate":null,"isRepeatTask":0,"taskStatus":1,"taskUserId":329,"taskCreateName":"杨少伟"},{"taskId":64,"taskName":"每日打卡","taskType":"2","forceFlag":1,"taskDescription":null,"priority":0,"startTime":"2026-06-23 06:00:00","endTime":"2026-06-23 23:59:00","status":"1","totalScore":null,"submitTime":"2026-06-23 09:53:13","roundNo":0,"templateId":null,"planId":null,"planDate":null,"isRepeatTask":0,"taskStatus":1,"taskUserId":305,"taskCreateName":null}]}}
2026-07-05 22:45:34.178 [http-nio-8080-exec-9] INFO  [traceId=cef860a23d174ec28941e325e21bac21 userId= role=] com.kg.interceptor.TraceIdFilter - HTTP_REQUEST_START method=POST uri=/my-task/list query=null requestBody={"pageNum":1,"pageSize":10,"status":"1","taskName":"测试重复任务 07-03\t"} ip=0:0:0:0:0:0:0:1 userAgent=Mozilla/5.0 (Windows NT 10.0; Win64; x64) AppleWebKit/537.36 (KHTML, like Gecko) Chrome/123.0.0.0 Safari/537.36
2026-07-05 22:45:34.182 [http-nio-8080-exec-9] DEBUG [traceId=cef860a23d174ec28941e325e21bac21 userId= role=] c.k.i.m.SysUserMapper.selectById - ==>  Preparing: SELECT id,account,name,password,role,gender,email,phone,openid,description,teacher_remark,class_id,status,create_by,create_time,update_by,update_time FROM sys_user WHERE id=?
2026-07-05 22:45:34.182 [http-nio-8080-exec-9] DEBUG [traceId=cef860a23d174ec28941e325e21bac21 userId= role=] c.k.i.m.SysUserMapper.selectById - ==> Parameters: 29(Long)
2026-07-05 22:45:34.183 [http-nio-8080-exec-9] DEBUG [traceId=cef860a23d174ec28941e325e21bac21 userId= role=] c.k.i.m.SysUserMapper.selectById - <==      Total: 1
2026-07-05 22:45:34.184 [http-nio-8080-exec-9] DEBUG [traceId=cef860a23d174ec28941e325e21bac21 userId=29 role=2] c.k.i.mapper.MyTaskMapper.count - ==>  Preparing: SELECT COUNT(*) FROM task_user tu JOIN task t ON t.id = tu.task_id WHERE tu.user_id = ? AND tu.status = ? AND t.task_name LIKE CONCAT('%', ?, '%')
2026-07-05 22:45:34.184 [http-nio-8080-exec-9] DEBUG [traceId=cef860a23d174ec28941e325e21bac21 userId=29 role=2] c.k.i.mapper.MyTaskMapper.count - ==> Parameters: 29(Long), 1(String), 测试重复任务 07-03	(String)
2026-07-05 22:45:34.186 [http-nio-8080-exec-9] DEBUG [traceId=cef860a23d174ec28941e325e21bac21 userId=29 role=2] c.k.i.mapper.MyTaskMapper.count - <==      Total: 1
2026-07-05 22:45:34.187 [http-nio-8080-exec-9] DEBUG [traceId=cef860a23d174ec28941e325e21bac21 userId=29 role=2] c.k.i.mapper.MyTaskMapper.page - ==>  Preparing: SELECT u.name AS task_create_name,t.round_no AS round_no,t.template_id AS template_id,t.id AS task_id, t.task_name, t.task_type, t.is_mandatory AS force_flag, t.task_description, t.priority, t.task_start_time AS start_time, t.task_end_time AS end_time, t.plan_id AS planId, t.plan_date AS planDate, t.is_repeat_task AS isRepeatTask, t.status AS taskStatus, tu.id AS task_user_id, tu.status, tu.total_score, tu.submit_time FROM task_user tu JOIN task t ON t.id = tu.task_id LEFT JOIN sys_user u ON u.id = t.create_by WHERE tu.user_id = ? AND tu.status = ? AND t.task_name LIKE CONCAT('%', ?, '%') ORDER BY t.create_time DESC LIMIT ?, ?
2026-07-05 22:45:34.187 [http-nio-8080-exec-9] DEBUG [traceId=cef860a23d174ec28941e325e21bac21 userId=29 role=2] c.k.i.mapper.MyTaskMapper.page - ==> Parameters: 29(Long), 1(String), 测试重复任务 07-03	(String), 0(Integer), 10(Integer)
2026-07-05 22:45:34.189 [http-nio-8080-exec-9] DEBUG [traceId=cef860a23d174ec28941e325e21bac21 userId=29 role=2] c.k.i.mapper.MyTaskMapper.page - <==      Total: 0
2026-07-05 22:45:34.190 [http-nio-8080-exec-9] INFO  [traceId=cef860a23d174ec28941e325e21bac21 userId=29 role=2] com.kg.interceptor.TraceIdFilter - HTTP_REQUEST_END method=POST uri=/my-task/list status=200 cost=12ms responseBody={"code":200,"message":"查询成功","data":{"total":0,"list":[]}}
2026-07-05 22:45:41.264 [http-nio-8080-exec-6] INFO  [traceId=2d05f565328d4a969c1d6480e437c07c userId= role=] com.kg.interceptor.TraceIdFilter - HTTP_REQUEST_START method=POST uri=/my-task/list query=null requestBody={"pageNum":1,"pageSize":10,"status":"1","taskName":"测试重复任务 07-03"} ip=0:0:0:0:0:0:0:1 userAgent=Mozilla/5.0 (Windows NT 10.0; Win64; x64) AppleWebKit/537.36 (KHTML, like Gecko) Chrome/123.0.0.0 Safari/537.36
2026-07-05 22:45:41.268 [http-nio-8080-exec-6] DEBUG [traceId=2d05f565328d4a969c1d6480e437c07c userId= role=] c.k.i.m.SysUserMapper.selectById - ==>  Preparing: SELECT id,account,name,password,role,gender,email,phone,openid,description,teacher_remark,class_id,status,create_by,create_time,update_by,update_time FROM sys_user WHERE id=?
2026-07-05 22:45:41.269 [http-nio-8080-exec-6] DEBUG [traceId=2d05f565328d4a969c1d6480e437c07c userId= role=] c.k.i.m.SysUserMapper.selectById - ==> Parameters: 29(Long)
2026-07-05 22:45:41.269 [http-nio-8080-exec-6] DEBUG [traceId=2d05f565328d4a969c1d6480e437c07c userId= role=] c.k.i.m.SysUserMapper.selectById - <==      Total: 1
2026-07-05 22:45:41.270 [http-nio-8080-exec-6] DEBUG [traceId=2d05f565328d4a969c1d6480e437c07c userId=29 role=2] c.k.i.mapper.MyTaskMapper.count - ==>  Preparing: SELECT COUNT(*) FROM task_user tu JOIN task t ON t.id = tu.task_id WHERE tu.user_id = ? AND tu.status = ? AND t.task_name LIKE CONCAT('%', ?, '%')
2026-07-05 22:45:41.272 [http-nio-8080-exec-6] DEBUG [traceId=2d05f565328d4a969c1d6480e437c07c userId=29 role=2] c.k.i.mapper.MyTaskMapper.count - ==> Parameters: 29(Long), 1(String), 测试重复任务 07-03(String)
2026-07-05 22:45:41.272 [http-nio-8080-exec-6] DEBUG [traceId=2d05f565328d4a969c1d6480e437c07c userId=29 role=2] c.k.i.mapper.MyTaskMapper.count - <==      Total: 1
2026-07-05 22:45:41.273 [http-nio-8080-exec-6] DEBUG [traceId=2d05f565328d4a969c1d6480e437c07c userId=29 role=2] c.k.i.mapper.MyTaskMapper.page - ==>  Preparing: SELECT u.name AS task_create_name,t.round_no AS round_no,t.template_id AS template_id,t.id AS task_id, t.task_name, t.task_type, t.is_mandatory AS force_flag, t.task_description, t.priority, t.task_start_time AS start_time, t.task_end_time AS end_time, t.plan_id AS planId, t.plan_date AS planDate, t.is_repeat_task AS isRepeatTask, t.status AS taskStatus, tu.id AS task_user_id, tu.status, tu.total_score, tu.submit_time FROM task_user tu JOIN task t ON t.id = tu.task_id LEFT JOIN sys_user u ON u.id = t.create_by WHERE tu.user_id = ? AND tu.status = ? AND t.task_name LIKE CONCAT('%', ?, '%') ORDER BY t.create_time DESC LIMIT ?, ?
2026-07-05 22:45:41.273 [http-nio-8080-exec-6] DEBUG [traceId=2d05f565328d4a969c1d6480e437c07c userId=29 role=2] c.k.i.mapper.MyTaskMapper.page - ==> Parameters: 29(Long), 1(String), 测试重复任务 07-03(String), 0(Integer), 10(Integer)
2026-07-05 22:45:41.274 [http-nio-8080-exec-6] DEBUG [traceId=2d05f565328d4a969c1d6480e437c07c userId=29 role=2] c.k.i.mapper.MyTaskMapper.page - <==      Total: 0
2026-07-05 22:45:41.275 [http-nio-8080-exec-6] INFO  [traceId=2d05f565328d4a969c1d6480e437c07c userId=29 role=2] com.kg.interceptor.TraceIdFilter - HTTP_REQUEST_END method=POST uri=/my-task/list status=200 cost=11ms responseBody={"code":200,"message":"查询成功","data":{"total":0,"list":[]}}
2026-07-05 22:45:42.528 [http-nio-8080-exec-4] INFO  [traceId=44bb88ce7cdb46d4b4b66608fb71ad1b userId= role=] com.kg.interceptor.TraceIdFilter - HTTP_REQUEST_START method=POST uri=/my-task/list query=null requestBody={"pageNum":1,"pageSize":10,"status":"1","taskName":"测试重复任务 07-03"} ip=0:0:0:0:0:0:0:1 userAgent=Mozilla/5.0 (Windows NT 10.0; Win64; x64) AppleWebKit/537.36 (KHTML, like Gecko) Chrome/123.0.0.0 Safari/537.36
2026-07-05 22:45:42.531 [http-nio-8080-exec-4] DEBUG [traceId=44bb88ce7cdb46d4b4b66608fb71ad1b userId= role=] c.k.i.m.SysUserMapper.selectById - ==>  Preparing: SELECT id,account,name,password,role,gender,email,phone,openid,description,teacher_remark,class_id,status,create_by,create_time,update_by,update_time FROM sys_user WHERE id=?
2026-07-05 22:45:42.531 [http-nio-8080-exec-4] DEBUG [traceId=44bb88ce7cdb46d4b4b66608fb71ad1b userId= role=] c.k.i.m.SysUserMapper.selectById - ==> Parameters: 29(Long)
2026-07-05 22:45:42.532 [http-nio-8080-exec-4] DEBUG [traceId=44bb88ce7cdb46d4b4b66608fb71ad1b userId= role=] c.k.i.m.SysUserMapper.selectById - <==      Total: 1
2026-07-05 22:45:42.533 [http-nio-8080-exec-4] DEBUG [traceId=44bb88ce7cdb46d4b4b66608fb71ad1b userId=29 role=2] c.k.i.mapper.MyTaskMapper.count - ==>  Preparing: SELECT COUNT(*) FROM task_user tu JOIN task t ON t.id = tu.task_id WHERE tu.user_id = ? AND tu.status = ? AND t.task_name LIKE CONCAT('%', ?, '%')
2026-07-05 22:45:42.533 [http-nio-8080-exec-4] DEBUG [traceId=44bb88ce7cdb46d4b4b66608fb71ad1b userId=29 role=2] c.k.i.mapper.MyTaskMapper.count - ==> Parameters: 29(Long), 1(String), 测试重复任务 07-03(String)
2026-07-05 22:45:42.534 [http-nio-8080-exec-4] DEBUG [traceId=44bb88ce7cdb46d4b4b66608fb71ad1b userId=29 role=2] c.k.i.mapper.MyTaskMapper.count - <==      Total: 1
2026-07-05 22:45:42.534 [http-nio-8080-exec-4] DEBUG [traceId=44bb88ce7cdb46d4b4b66608fb71ad1b userId=29 role=2] c.k.i.mapper.MyTaskMapper.page - ==>  Preparing: SELECT u.name AS task_create_name,t.round_no AS round_no,t.template_id AS template_id,t.id AS task_id, t.task_name, t.task_type, t.is_mandatory AS force_flag, t.task_description, t.priority, t.task_start_time AS start_time, t.task_end_time AS end_time, t.plan_id AS planId, t.plan_date AS planDate, t.is_repeat_task AS isRepeatTask, t.status AS taskStatus, tu.id AS task_user_id, tu.status, tu.total_score, tu.submit_time FROM task_user tu JOIN task t ON t.id = tu.task_id LEFT JOIN sys_user u ON u.id = t.create_by WHERE tu.user_id = ? AND tu.status = ? AND t.task_name LIKE CONCAT('%', ?, '%') ORDER BY t.create_time DESC LIMIT ?, ?
2026-07-05 22:45:42.535 [http-nio-8080-exec-4] DEBUG [traceId=44bb88ce7cdb46d4b4b66608fb71ad1b userId=29 role=2] c.k.i.mapper.MyTaskMapper.page - ==> Parameters: 29(Long), 1(String), 测试重复任务 07-03(String), 0(Integer), 10(Integer)
2026-07-05 22:45:42.535 [http-nio-8080-exec-4] DEBUG [traceId=44bb88ce7cdb46d4b4b66608fb71ad1b userId=29 role=2] c.k.i.mapper.MyTaskMapper.page - <==      Total: 0
2026-07-05 22:45:42.536 [http-nio-8080-exec-4] INFO  [traceId=44bb88ce7cdb46d4b4b66608fb71ad1b userId=29 role=2] com.kg.interceptor.TraceIdFilter - HTTP_REQUEST_END method=POST uri=/my-task/list status=200 cost=8ms responseBody={"code":200,"message":"查询成功","data":{"total":0,"list":[]}}
2026-07-05 22:45:44.706 [http-nio-8080-exec-7] INFO  [traceId=bb0b0655f7894e618905580dc56fda9e userId= role=] com.kg.interceptor.TraceIdFilter - HTTP_REQUEST_START method=POST uri=/my-task/list query=null requestBody={"pageNum":1,"pageSize":10,"status":"1"} ip=0:0:0:0:0:0:0:1 userAgent=Mozilla/5.0 (Windows NT 10.0; Win64; x64) AppleWebKit/537.36 (KHTML, like Gecko) Chrome/123.0.0.0 Safari/537.36
2026-07-05 22:45:44.708 [http-nio-8080-exec-7] DEBUG [traceId=bb0b0655f7894e618905580dc56fda9e userId= role=] c.k.i.m.SysUserMapper.selectById - ==>  Preparing: SELECT id,account,name,password,role,gender,email,phone,openid,description,teacher_remark,class_id,status,create_by,create_time,update_by,update_time FROM sys_user WHERE id=?
2026-07-05 22:45:44.710 [http-nio-8080-exec-7] DEBUG [traceId=bb0b0655f7894e618905580dc56fda9e userId= role=] c.k.i.m.SysUserMapper.selectById - ==> Parameters: 29(Long)
2026-07-05 22:45:44.710 [http-nio-8080-exec-7] DEBUG [traceId=bb0b0655f7894e618905580dc56fda9e userId= role=] c.k.i.m.SysUserMapper.selectById - <==      Total: 1
2026-07-05 22:45:44.711 [http-nio-8080-exec-7] DEBUG [traceId=bb0b0655f7894e618905580dc56fda9e userId=29 role=2] c.k.i.mapper.MyTaskMapper.count - ==>  Preparing: SELECT COUNT(*) FROM task_user tu JOIN task t ON t.id = tu.task_id WHERE tu.user_id = ? AND tu.status = ?
2026-07-05 22:45:44.712 [http-nio-8080-exec-7] DEBUG [traceId=bb0b0655f7894e618905580dc56fda9e userId=29 role=2] c.k.i.mapper.MyTaskMapper.count - ==> Parameters: 29(Long), 1(String)
2026-07-05 22:45:44.713 [http-nio-8080-exec-7] DEBUG [traceId=bb0b0655f7894e618905580dc56fda9e userId=29 role=2] c.k.i.mapper.MyTaskMapper.count - <==      Total: 1
2026-07-05 22:45:44.713 [http-nio-8080-exec-7] DEBUG [traceId=bb0b0655f7894e618905580dc56fda9e userId=29 role=2] c.k.i.mapper.MyTaskMapper.page - ==>  Preparing: SELECT u.name AS task_create_name,t.round_no AS round_no,t.template_id AS template_id,t.id AS task_id, t.task_name, t.task_type, t.is_mandatory AS force_flag, t.task_description, t.priority, t.task_start_time AS start_time, t.task_end_time AS end_time, t.plan_id AS planId, t.plan_date AS planDate, t.is_repeat_task AS isRepeatTask, t.status AS taskStatus, tu.id AS task_user_id, tu.status, tu.total_score, tu.submit_time FROM task_user tu JOIN task t ON t.id = tu.task_id LEFT JOIN sys_user u ON u.id = t.create_by WHERE tu.user_id = ? AND tu.status = ? ORDER BY t.create_time DESC LIMIT ?, ?
2026-07-05 22:45:44.713 [http-nio-8080-exec-7] DEBUG [traceId=bb0b0655f7894e618905580dc56fda9e userId=29 role=2] c.k.i.mapper.MyTaskMapper.page - ==> Parameters: 29(Long), 1(String), 0(Integer), 10(Integer)
2026-07-05 22:45:44.715 [http-nio-8080-exec-7] DEBUG [traceId=bb0b0655f7894e618905580dc56fda9e userId=29 role=2] c.k.i.mapper.MyTaskMapper.page - <==      Total: 10
2026-07-05 22:45:44.716 [http-nio-8080-exec-7] INFO  [traceId=bb0b0655f7894e618905580dc56fda9e userId=29 role=2] com.kg.interceptor.TraceIdFilter - HTTP_REQUEST_END method=POST uri=/my-task/list status=200 cost=10ms responseBody={"code":200,"message":"查询成功","data":{"total":21,"list":[{"taskId":92,"taskName":"每日打卡","taskType":"2","forceFlag":1,"taskDescription":null,"priority":0,"startTime":"2026-07-03 06:00:00","endTime":"2026-07-03 23:59:00","status":"1","totalScore":null,"submitTime":"2026-07-03 08:47:44","roundNo":0,"templateId":null,"planId":null,"planDate":null,"isRepeatTask":0,"taskStatus":1,"taskUserId":470,"taskCreateName":null},{"taskId":88,"taskName":"每日打卡","taskType":"2","forceFlag":1,"taskDescription":null,"priority":0,"startTime":"2026-07-02 06:00:00","endTime":"2026-07-02 23:59:00","status":"1","totalScore":null,"submitTime":"2026-07-02 17:10:11","roundNo":0,"templateId":null,"planId":null,"planDate":null,"isRepeatTask":0,"taskStatus":1,"taskUserId":448,"taskCreateName":null},{"taskId":77,"taskName":"测试重复任务 07-01","taskType":"0","forceFlag":1,"taskDescription":"","priority":1,"startTime":"2026-07-01 00:00:00","endTime":"2026-07-01 23:59:00","status":"1","totalScore":null,"submitTime":"2026-07-02 17:07:59","roundNo":0,"templateId":null,"planId":1,"planDate":"2026-07-01","isRepeatTask":1,"taskStatus":1,"taskUserId":417,"taskCreateName":"管理员"},{"taskId":78,"taskName":"测试重复任务 07-02","taskType":"0","forceFlag":1,"taskDescription":"","priority":1,"startTime":"2026-07-02 00:00:00","endTime":"2026-07-02 23:59:00","status":"1","totalScore":null,"submitTime":"2026-07-02 17:08:03","roundNo":0,"templateId":null,"planId":1,"planDate":"2026-07-02","isRepeatTask":1,"taskStatus":1,"taskUserId":424,"taskCreateName":"管理员"},{"taskId":74,"taskName":"每日打卡","taskType":"2","forceFlag":1,"taskDescription":null,"priority":0,"startTime":"2026-07-01 06:00:00","endTime":"2026-07-01 23:59:00","status":"1","totalScore":null,"submitTime":"2026-07-01 16:15:10","roundNo":0,"templateId":null,"planId":null,"planDate":null,"isRepeatTask":0,"taskStatus":1,"taskUserId":393,"taskCreateName":null},{"taskId":71,"taskName":"每日打卡","taskType":"2","forceFlag":1,"taskDescription":null,"priority":0,"startTime":"2026-06-29 06:00:00","endTime":"2026-06-29 23:59:00","status":"1","totalScore":null,"submitTime":"2026-07-02 17:08:12","roundNo":0,"templateId":null,"planId":null,"planDate":null,"isRepeatTask":0,"taskStatus":1,"taskUserId":366,"taskCreateName":null},{"taskId":70,"taskName":"每日复盘","taskType":"3","forceFlag":1,"taskDescription":null,"priority":0,"startTime":"2026-06-28 08:00:00","endTime":"2026-06-28 23:59:00","status":"1","totalScore":null,"submitTime":"2026-07-01 17:47:20","roundNo":0,"templateId":null,"planId":null,"planDate":null,"isRepeatTask":0,"taskStatus":1,"taskUserId":356,"taskCreateName":null},{"taskId":69,"taskName":"每日打卡","taskType":"2","forceFlag":1,"taskDescription":null,"priority":0,"startTime":"2026-06-28 06:00:00","endTime":"2026-06-28 23:59:00","status":"1","totalScore":null,"submitTime":"2026-07-01 17:47:26","roundNo":0,"templateId":null,"planId":null,"planDate":null,"isRepeatTask":0,"taskStatus":1,"taskUserId":346,"taskCreateName":null},{"taskId":67,"taskName":"145测试题","taskType":"0","forceFlag":1,"taskDescription":"145测试题1","priority":1,"startTime":"2026-06-23 00:00:00","endTime":"2026-06-23 23:59:59","status":"1","totalScore":null,"submitTime":"2026-07-02 17:08:33","roundNo":1,"templateId":null,"planId":null,"planDate":null,"isRepeatTask":0,"taskStatus":1,"taskUserId":329,"taskCreateName":"杨少伟"},{"taskId":64,"taskName":"每日打卡","taskType":"2","forceFlag":1,"taskDescription":null,"priority":0,"startTime":"2026-06-23 06:00:00","endTime":"2026-06-23 23:59:00","status":"1","totalScore":null,"submitTime":"2026-06-23 09:53:13","roundNo":0,"templateId":null,"planId":null,"planDate":null,"isRepeatTask":0,"taskStatus":1,"taskUserId":305,"taskCreateName":null}]}}
2026-07-05 22:45:54.118 [http-nio-8080-exec-3] INFO  [traceId=51627b3fe6574bc18e5f97d951f53596 userId= role=] com.kg.interceptor.TraceIdFilter - HTTP_REQUEST_START method=POST uri=/my-task/list query=null requestBody={"pageNum":1,"pageSize":10,"status":"1"} ip=0:0:0:0:0:0:0:1 userAgent=Mozilla/5.0 (Windows NT 10.0; Win64; x64) AppleWebKit/537.36 (KHTML, like Gecko) Chrome/123.0.0.0 Safari/537.36
2026-07-05 22:45:54.122 [http-nio-8080-exec-3] DEBUG [traceId=51627b3fe6574bc18e5f97d951f53596 userId= role=] c.k.i.m.SysUserMapper.selectById - ==>  Preparing: SELECT id,account,name,password,role,gender,email,phone,openid,description,teacher_remark,class_id,status,create_by,create_time,update_by,update_time FROM sys_user WHERE id=?
2026-07-05 22:45:54.122 [http-nio-8080-exec-3] DEBUG [traceId=51627b3fe6574bc18e5f97d951f53596 userId= role=] c.k.i.m.SysUserMapper.selectById - ==> Parameters: 29(Long)
2026-07-05 22:45:54.123 [http-nio-8080-exec-3] DEBUG [traceId=51627b3fe6574bc18e5f97d951f53596 userId= role=] c.k.i.m.SysUserMapper.selectById - <==      Total: 1
2026-07-05 22:45:54.124 [http-nio-8080-exec-3] DEBUG [traceId=51627b3fe6574bc18e5f97d951f53596 userId=29 role=2] c.k.i.mapper.MyTaskMapper.count - ==>  Preparing: SELECT COUNT(*) FROM task_user tu JOIN task t ON t.id = tu.task_id WHERE tu.user_id = ? AND tu.status = ?
2026-07-05 22:45:54.124 [http-nio-8080-exec-3] DEBUG [traceId=51627b3fe6574bc18e5f97d951f53596 userId=29 role=2] c.k.i.mapper.MyTaskMapper.count - ==> Parameters: 29(Long), 1(String)
2026-07-05 22:45:54.125 [http-nio-8080-exec-3] DEBUG [traceId=51627b3fe6574bc18e5f97d951f53596 userId=29 role=2] c.k.i.mapper.MyTaskMapper.count - <==      Total: 1
2026-07-05 22:45:54.126 [http-nio-8080-exec-3] DEBUG [traceId=51627b3fe6574bc18e5f97d951f53596 userId=29 role=2] c.k.i.mapper.MyTaskMapper.page - ==>  Preparing: SELECT u.name AS task_create_name,t.round_no AS round_no,t.template_id AS template_id,t.id AS task_id, t.task_name, t.task_type, t.is_mandatory AS force_flag, t.task_description, t.priority, t.task_start_time AS start_time, t.task_end_time AS end_time, t.plan_id AS planId, t.plan_date AS planDate, t.is_repeat_task AS isRepeatTask, t.status AS taskStatus, tu.id AS task_user_id, tu.status, tu.total_score, tu.submit_time FROM task_user tu JOIN task t ON t.id = tu.task_id LEFT JOIN sys_user u ON u.id = t.create_by WHERE tu.user_id = ? AND tu.status = ? ORDER BY t.create_time DESC LIMIT ?, ?
2026-07-05 22:45:54.126 [http-nio-8080-exec-3] DEBUG [traceId=51627b3fe6574bc18e5f97d951f53596 userId=29 role=2] c.k.i.mapper.MyTaskMapper.page - ==> Parameters: 29(Long), 1(String), 0(Integer), 10(Integer)
2026-07-05 22:45:54.129 [http-nio-8080-exec-3] DEBUG [traceId=51627b3fe6574bc18e5f97d951f53596 userId=29 role=2] c.k.i.mapper.MyTaskMapper.page - <==      Total: 10
2026-07-05 22:45:54.130 [http-nio-8080-exec-3] INFO  [traceId=51627b3fe6574bc18e5f97d951f53596 userId=29 role=2] com.kg.interceptor.TraceIdFilter - HTTP_REQUEST_END method=POST uri=/my-task/list status=200 cost=12ms responseBody={"code":200,"message":"查询成功","data":{"total":21,"list":[{"taskId":92,"taskName":"每日打卡","taskType":"2","forceFlag":1,"taskDescription":null,"priority":0,"startTime":"2026-07-03 06:00:00","endTime":"2026-07-03 23:59:00","status":"1","totalScore":null,"submitTime":"2026-07-03 08:47:44","roundNo":0,"templateId":null,"planId":null,"planDate":null,"isRepeatTask":0,"taskStatus":1,"taskUserId":470,"taskCreateName":null},{"taskId":88,"taskName":"每日打卡","taskType":"2","forceFlag":1,"taskDescription":null,"priority":0,"startTime":"2026-07-02 06:00:00","endTime":"2026-07-02 23:59:00","status":"1","totalScore":null,"submitTime":"2026-07-02 17:10:11","roundNo":0,"templateId":null,"planId":null,"planDate":null,"isRepeatTask":0,"taskStatus":1,"taskUserId":448,"taskCreateName":null},{"taskId":77,"taskName":"测试重复任务 07-01","taskType":"0","forceFlag":1,"taskDescription":"","priority":1,"startTime":"2026-07-01 00:00:00","endTime":"2026-07-01 23:59:00","status":"1","totalScore":null,"submitTime":"2026-07-02 17:07:59","roundNo":0,"templateId":null,"planId":1,"planDate":"2026-07-01","isRepeatTask":1,"taskStatus":1,"taskUserId":417,"taskCreateName":"管理员"},{"taskId":78,"taskName":"测试重复任务 07-02","taskType":"0","forceFlag":1,"taskDescription":"","priority":1,"startTime":"2026-07-02 00:00:00","endTime":"2026-07-02 23:59:00","status":"1","totalScore":null,"submitTime":"2026-07-02 17:08:03","roundNo":0,"templateId":null,"planId":1,"planDate":"2026-07-02","isRepeatTask":1,"taskStatus":1,"taskUserId":424,"taskCreateName":"管理员"},{"taskId":74,"taskName":"每日打卡","taskType":"2","forceFlag":1,"taskDescription":null,"priority":0,"startTime":"2026-07-01 06:00:00","endTime":"2026-07-01 23:59:00","status":"1","totalScore":null,"submitTime":"2026-07-01 16:15:10","roundNo":0,"templateId":null,"planId":null,"planDate":null,"isRepeatTask":0,"taskStatus":1,"taskUserId":393,"taskCreateName":null},{"taskId":71,"taskName":"每日打卡","taskType":"2","forceFlag":1,"taskDescription":null,"priority":0,"startTime":"2026-06-29 06:00:00","endTime":"2026-06-29 23:59:00","status":"1","totalScore":null,"submitTime":"2026-07-02 17:08:12","roundNo":0,"templateId":null,"planId":null,"planDate":null,"isRepeatTask":0,"taskStatus":1,"taskUserId":366,"taskCreateName":null},{"taskId":70,"taskName":"每日复盘","taskType":"3","forceFlag":1,"taskDescription":null,"priority":0,"startTime":"2026-06-28 08:00:00","endTime":"2026-06-28 23:59:00","status":"1","totalScore":null,"submitTime":"2026-07-01 17:47:20","roundNo":0,"templateId":null,"planId":null,"planDate":null,"isRepeatTask":0,"taskStatus":1,"taskUserId":356,"taskCreateName":null},{"taskId":69,"taskName":"每日打卡","taskType":"2","forceFlag":1,"taskDescription":null,"priority":0,"startTime":"2026-06-28 06:00:00","endTime":"2026-06-28 23:59:00","status":"1","totalScore":null,"submitTime":"2026-07-01 17:47:26","roundNo":0,"templateId":null,"planId":null,"planDate":null,"isRepeatTask":0,"taskStatus":1,"taskUserId":346,"taskCreateName":null},{"taskId":67,"taskName":"145测试题","taskType":"0","forceFlag":1,"taskDescription":"145测试题1","priority":1,"startTime":"2026-06-23 00:00:00","endTime":"2026-06-23 23:59:59","status":"1","totalScore":null,"submitTime":"2026-07-02 17:08:33","roundNo":1,"templateId":null,"planId":null,"planDate":null,"isRepeatTask":0,"taskStatus":1,"taskUserId":329,"taskCreateName":"杨少伟"},{"taskId":64,"taskName":"每日打卡","taskType":"2","forceFlag":1,"taskDescription":null,"priority":0,"startTime":"2026-06-23 06:00:00","endTime":"2026-06-23 23:59:00","status":"1","totalScore":null,"submitTime":"2026-06-23 09:53:13","roundNo":0,"templateId":null,"planId":null,"planDate":null,"isRepeatTask":0,"taskStatus":1,"taskUserId":305,"taskCreateName":null}]}}
2026-07-05 22:55:58.337 [SpringApplicationShutdownHook] INFO  [traceId= userId= role=] com.zaxxer.hikari.HikariDataSource - HikariPool-1 - Shutdown initiated...
2026-07-05 22:55:58.344 [SpringApplicationShutdownHook] INFO  [traceId= userId= role=] com.zaxxer.hikari.HikariDataSource - HikariPool-1 - Shutdown completed.
