2026-07-06 09:45:44.340 [background-preinit] INFO  [traceId= userId= role=] o.h.validator.internal.util.Version - HV000001: Hibernate Validator 6.2.5.Final
2026-07-06 09:45:44.348 [main] INFO  [traceId= userId= role=] com.kg.KgApplication - Starting KgApplication using Java 1.8.0_271 on LAPTOP-O2F6G5FB with PID 17716 (F:\aiProject\smart-study-system\backend\target\classes started by 86198 in F:\aiProject\smart-study-system\backend)
2026-07-06 09:45:44.363 [main] INFO  [traceId= userId= role=] com.kg.KgApplication - No active profile set, falling back to 1 default profile: "default"
2026-07-06 09:45:48.361 [main] INFO  [traceId= userId= role=] o.s.b.w.e.tomcat.TomcatWebServer - Tomcat initialized with port(s): 8080 (http)
2026-07-06 09:45:48.372 [main] INFO  [traceId= userId= role=] o.a.coyote.http11.Http11NioProtocol - Initializing ProtocolHandler ["http-nio-8080"]
2026-07-06 09:45:48.375 [main] INFO  [traceId= userId= role=] o.a.catalina.core.StandardService - Starting service [Tomcat]
2026-07-06 09:45:48.375 [main] INFO  [traceId= userId= role=] o.a.catalina.core.StandardEngine - Starting Servlet engine: [Apache Tomcat/9.0.83]
2026-07-06 09:45:48.648 [main] INFO  [traceId= userId= role=] o.a.c.c.C.[Tomcat].[localhost].[/] - Initializing Spring embedded WebApplicationContext
2026-07-06 09:45:48.648 [main] INFO  [traceId= userId= role=] o.s.b.w.s.c.ServletWebServerApplicationContext - Root WebApplicationContext: initialization completed in 4121 ms
2026-07-06 09:45:55.932 [main] INFO  [traceId= userId= role=] o.a.coyote.http11.Http11NioProtocol - Starting ProtocolHandler ["http-nio-8080"]
2026-07-06 09:45:55.984 [main] INFO  [traceId= userId= role=] o.s.b.w.e.tomcat.TomcatWebServer - Tomcat started on port(s): 8080 (http) with context path ''
2026-07-06 09:45:56.009 [main] INFO  [traceId= userId= role=] com.kg.KgApplication - Started KgApplication in 12.585 seconds (JVM running for 13.73)
2026-07-06 09:45:56.112 [main] INFO  [traceId= userId= role=] com.zaxxer.hikari.HikariDataSource - HikariPool-1 - Starting...
2026-07-06 09:45:57.354 [main] INFO  [traceId= userId= role=] com.zaxxer.hikari.HikariDataSource - HikariPool-1 - Start completed.
2026-07-06 09:45:57.360 [main] DEBUG [traceId= userId= role=] c.k.i.m.SysUserMapper.selectList - ==>  Preparing: SELECT id,account,name,password,role,gender,email,phone,openid,description,teacher_remark,class_id,status,create_by,create_time,update_by,update_time FROM sys_user WHERE (account = ?)
2026-07-06 09:45:57.383 [main] DEBUG [traceId= userId= role=] c.k.i.m.SysUserMapper.selectList - ==> Parameters: root(String)
2026-07-06 09:45:57.425 [main] DEBUG [traceId= userId= role=] c.k.i.m.SysUserMapper.selectList - <==      Total: 1
2026-07-06 09:45:57.430 [main] INFO  [traceId= userId= role=] com.kg.config.DataInitializer - 默认管理员账号已存在：account=root
2026-07-06 09:45:57.430 [main] INFO  [traceId= userId= role=] c.k.scheduler.DailyTaskStartupRunner - ====== 开始执行每日任务补偿检查 ======
2026-07-06 09:45:57.449 [main] DEBUG [traceId= userId= role=] c.k.i.mapper.TaskMapper.selectList - ==>  Preparing: SELECT id,task_name,task_type,template_id,round_no,is_mandatory,task_description,task_start_time,task_end_time,priority,class_id,target_type,target_ids,plan_id,plan_date,is_repeat_task,status,create_by,create_time,update_by,update_time FROM task WHERE ((status = ? OR status IS NULL)) ORDER BY id DESC LIMIT 0,500
2026-07-06 09:45:57.450 [main] DEBUG [traceId= userId= role=] c.k.i.mapper.TaskMapper.selectList - ==> Parameters: 1(Integer)
2026-07-06 09:45:57.486 [main] DEBUG [traceId= userId= role=] c.k.i.mapper.TaskMapper.selectList - <==      Total: 67
2026-07-06 09:45:57.488 [main] INFO  [traceId= userId= role=] c.k.a.service.BatchTaskService - 【启动补偿】每日打卡 (2026-07-06) 不存在，开始补生成
2026-07-06 09:45:57.491 [main] DEBUG [traceId= userId= role=] c.k.i.mapper.TaskMapper.selectList - ==>  Preparing: SELECT id,task_name,task_type,template_id,round_no,is_mandatory,task_description,task_start_time,task_end_time,priority,class_id,target_type,target_ids,plan_id,plan_date,is_repeat_task,status,create_by,create_time,update_by,update_time FROM task WHERE ((status = ? OR status IS NULL)) ORDER BY id DESC LIMIT 0,500
2026-07-06 09:45:57.491 [main] DEBUG [traceId= userId= role=] c.k.i.mapper.TaskMapper.selectList - ==> Parameters: 1(Integer)
2026-07-06 09:45:57.507 [main] DEBUG [traceId= userId= role=] c.k.i.mapper.TaskMapper.selectList - <==      Total: 67
2026-07-06 09:45:57.654 [main] DEBUG [traceId= userId= role=] c.k.i.m.ClassInfoMapper.selectList - ==>  Preparing: SELECT id,class_name,description,status,create_by,create_time,update_by,update_time FROM class_info WHERE (status = ?) ORDER BY class_name ASC
2026-07-06 09:45:57.654 [main] DEBUG [traceId= userId= role=] c.k.i.m.ClassInfoMapper.selectList - ==> Parameters: 1(Integer)
2026-07-06 09:45:57.658 [main] DEBUG [traceId= userId= role=] c.k.i.m.ClassInfoMapper.selectList - <==      Total: 3
2026-07-06 09:45:57.669 [main] DEBUG [traceId= userId= role=] c.k.i.mapper.TaskMapper.insert - ==>  Preparing: INSERT INTO task ( task_name, task_type, is_mandatory, task_start_time, task_end_time, target_type, target_ids, create_by, create_time ) VALUES ( ?, ?, ?, ?, ?, ?, ?, ?, ? )
2026-07-06 09:45:57.670 [main] DEBUG [traceId= userId= role=] c.k.i.mapper.TaskMapper.insert - ==> Parameters: 每日打卡(String), 2(String), 1(Integer), 2026-07-06T06:00(LocalDateTime), 2026-07-06T23:59(LocalDateTime), 1(Integer), 8,9,10(String), 0(Long), 2026-07-06T09:45:57.660(LocalDateTime)
2026-07-06 09:45:57.682 [main] DEBUG [traceId= userId= role=] c.k.i.mapper.TaskMapper.insert - <==    Updates: 1
2026-07-06 09:45:57.694 [main] DEBUG [traceId= userId= role=] c.k.i.m.SysUserMapper.selectList - ==>  Preparing: SELECT id,account,name,password,role,gender,email,phone,openid,description,teacher_remark,class_id,status,create_by,create_time,update_by,update_time FROM sys_user WHERE (role IN (?,?) AND status = ?)
2026-07-06 09:45:57.695 [main] DEBUG [traceId= userId= role=] c.k.i.m.SysUserMapper.selectList - ==> Parameters: 2(String), 3(String), 1(Integer)
2026-07-06 09:45:57.699 [main] DEBUG [traceId= userId= role=] c.k.i.m.SysUserMapper.selectList - <==      Total: 11
2026-07-06 09:45:57.710 [main] DEBUG [traceId= userId= role=] c.k.i.mapper.TaskUserMapper.insert - ==>  Preparing: INSERT INTO task_user ( task_id, user_id, status ) VALUES ( ?, ?, ? )
2026-07-06 09:45:57.711 [main] DEBUG [traceId= userId= role=] c.k.i.mapper.TaskUserMapper.insert - ==> Parameters: 96(Long), 23(Long), 0(String)
2026-07-06 09:45:57.718 [main] DEBUG [traceId= userId= role=] c.k.i.mapper.TaskUserMapper.insert - <==    Updates: 1
2026-07-06 09:45:57.719 [main] DEBUG [traceId= userId= role=] c.k.i.mapper.TaskUserMapper.insert - ==>  Preparing: INSERT INTO task_user ( task_id, user_id, status ) VALUES ( ?, ?, ? )
2026-07-06 09:45:57.720 [main] DEBUG [traceId= userId= role=] c.k.i.mapper.TaskUserMapper.insert - ==> Parameters: 96(Long), 24(Long), 0(String)
2026-07-06 09:45:57.723 [main] DEBUG [traceId= userId= role=] c.k.i.mapper.TaskUserMapper.insert - <==    Updates: 1
2026-07-06 09:45:57.724 [main] DEBUG [traceId= userId= role=] c.k.i.mapper.TaskUserMapper.insert - ==>  Preparing: INSERT INTO task_user ( task_id, user_id, status ) VALUES ( ?, ?, ? )
2026-07-06 09:45:57.724 [main] DEBUG [traceId= userId= role=] c.k.i.mapper.TaskUserMapper.insert - ==> Parameters: 96(Long), 25(Long), 0(String)
2026-07-06 09:45:57.727 [main] DEBUG [traceId= userId= role=] c.k.i.mapper.TaskUserMapper.insert - <==    Updates: 1
2026-07-06 09:45:57.728 [main] DEBUG [traceId= userId= role=] c.k.i.mapper.TaskUserMapper.insert - ==>  Preparing: INSERT INTO task_user ( task_id, user_id, status ) VALUES ( ?, ?, ? )
2026-07-06 09:45:57.728 [main] DEBUG [traceId= userId= role=] c.k.i.mapper.TaskUserMapper.insert - ==> Parameters: 96(Long), 26(Long), 0(String)
2026-07-06 09:45:57.731 [main] DEBUG [traceId= userId= role=] c.k.i.mapper.TaskUserMapper.insert - <==    Updates: 1
2026-07-06 09:45:57.732 [main] DEBUG [traceId= userId= role=] c.k.i.mapper.TaskUserMapper.insert - ==>  Preparing: INSERT INTO task_user ( task_id, user_id, status ) VALUES ( ?, ?, ? )
2026-07-06 09:45:57.732 [main] DEBUG [traceId= userId= role=] c.k.i.mapper.TaskUserMapper.insert - ==> Parameters: 96(Long), 27(Long), 0(String)
2026-07-06 09:45:57.734 [main] DEBUG [traceId= userId= role=] c.k.i.mapper.TaskUserMapper.insert - <==    Updates: 1
2026-07-06 09:45:57.736 [main] DEBUG [traceId= userId= role=] c.k.i.mapper.TaskUserMapper.insert - ==>  Preparing: INSERT INTO task_user ( task_id, user_id, status ) VALUES ( ?, ?, ? )
2026-07-06 09:45:57.736 [main] DEBUG [traceId= userId= role=] c.k.i.mapper.TaskUserMapper.insert - ==> Parameters: 96(Long), 28(Long), 0(String)
2026-07-06 09:45:57.739 [main] DEBUG [traceId= userId= role=] c.k.i.mapper.TaskUserMapper.insert - <==    Updates: 1
2026-07-06 09:45:57.740 [main] DEBUG [traceId= userId= role=] c.k.i.mapper.TaskUserMapper.insert - ==>  Preparing: INSERT INTO task_user ( task_id, user_id, status ) VALUES ( ?, ?, ? )
2026-07-06 09:45:57.740 [main] DEBUG [traceId= userId= role=] c.k.i.mapper.TaskUserMapper.insert - ==> Parameters: 96(Long), 29(Long), 0(String)
2026-07-06 09:45:57.743 [main] DEBUG [traceId= userId= role=] c.k.i.mapper.TaskUserMapper.insert - <==    Updates: 1
2026-07-06 09:45:57.746 [main] DEBUG [traceId= userId= role=] c.k.i.mapper.TaskUserMapper.insert - ==>  Preparing: INSERT INTO task_user ( task_id, user_id, status ) VALUES ( ?, ?, ? )
2026-07-06 09:45:57.747 [main] DEBUG [traceId= userId= role=] c.k.i.mapper.TaskUserMapper.insert - ==> Parameters: 96(Long), 30(Long), 0(String)
2026-07-06 09:45:57.751 [main] DEBUG [traceId= userId= role=] c.k.i.mapper.TaskUserMapper.insert - <==    Updates: 1
2026-07-06 09:45:57.752 [main] DEBUG [traceId= userId= role=] c.k.i.mapper.TaskUserMapper.insert - ==>  Preparing: INSERT INTO task_user ( task_id, user_id, status ) VALUES ( ?, ?, ? )
2026-07-06 09:45:57.753 [main] DEBUG [traceId= userId= role=] c.k.i.mapper.TaskUserMapper.insert - ==> Parameters: 96(Long), 31(Long), 0(String)
2026-07-06 09:45:57.756 [main] DEBUG [traceId= userId= role=] c.k.i.mapper.TaskUserMapper.insert - <==    Updates: 1
2026-07-06 09:45:57.757 [main] DEBUG [traceId= userId= role=] c.k.i.mapper.TaskUserMapper.insert - ==>  Preparing: INSERT INTO task_user ( task_id, user_id, status ) VALUES ( ?, ?, ? )
2026-07-06 09:45:57.758 [main] DEBUG [traceId= userId= role=] c.k.i.mapper.TaskUserMapper.insert - ==> Parameters: 96(Long), 32(Long), 0(String)
2026-07-06 09:45:57.762 [main] DEBUG [traceId= userId= role=] c.k.i.mapper.TaskUserMapper.insert - <==    Updates: 1
2026-07-06 09:45:57.763 [main] DEBUG [traceId= userId= role=] c.k.i.mapper.TaskUserMapper.insert - ==>  Preparing: INSERT INTO task_user ( task_id, user_id, status ) VALUES ( ?, ?, ? )
2026-07-06 09:45:57.764 [main] DEBUG [traceId= userId= role=] c.k.i.mapper.TaskUserMapper.insert - ==> Parameters: 96(Long), 33(Long), 0(String)
2026-07-06 09:45:57.766 [main] DEBUG [traceId= userId= role=] c.k.i.mapper.TaskUserMapper.insert - <==    Updates: 1
2026-07-06 09:45:57.767 [main] INFO  [traceId= userId= role=] c.k.a.service.BatchTaskService - 每日打卡创建成功: taskId=96, date=2026-07-06, targetType=1, 分配11人
2026-07-06 09:45:57.768 [main] DEBUG [traceId= userId= role=] c.k.i.mapper.TaskMapper.selectList - ==>  Preparing: SELECT id,task_name,task_type,template_id,round_no,is_mandatory,task_description,task_start_time,task_end_time,priority,class_id,target_type,target_ids,plan_id,plan_date,is_repeat_task,status,create_by,create_time,update_by,update_time FROM task WHERE ((status = ? OR status IS NULL)) ORDER BY id DESC LIMIT 0,500
2026-07-06 09:45:57.769 [main] DEBUG [traceId= userId= role=] c.k.i.mapper.TaskMapper.selectList - ==> Parameters: 1(Integer)
2026-07-06 09:45:57.777 [main] DEBUG [traceId= userId= role=] c.k.i.mapper.TaskMapper.selectList - <==      Total: 68
2026-07-06 09:45:57.778 [main] INFO  [traceId= userId= role=] c.k.a.service.BatchTaskService - 【启动补偿】每日复盘 (2026-07-06) 不存在，开始补生成
2026-07-06 09:45:57.780 [main] DEBUG [traceId= userId= role=] c.k.i.mapper.TaskMapper.selectList - ==>  Preparing: SELECT id,task_name,task_type,template_id,round_no,is_mandatory,task_description,task_start_time,task_end_time,priority,class_id,target_type,target_ids,plan_id,plan_date,is_repeat_task,status,create_by,create_time,update_by,update_time FROM task WHERE ((status = ? OR status IS NULL)) ORDER BY id DESC LIMIT 0,500
2026-07-06 09:45:57.781 [main] DEBUG [traceId= userId= role=] c.k.i.mapper.TaskMapper.selectList - ==> Parameters: 1(Integer)
2026-07-06 09:45:57.791 [main] DEBUG [traceId= userId= role=] c.k.i.mapper.TaskMapper.selectList - <==      Total: 68
2026-07-06 09:45:57.793 [main] DEBUG [traceId= userId= role=] c.k.i.m.ClassInfoMapper.selectList - ==>  Preparing: SELECT id,class_name,description,status,create_by,create_time,update_by,update_time FROM class_info WHERE (status = ?) ORDER BY class_name ASC
2026-07-06 09:45:57.794 [main] DEBUG [traceId= userId= role=] c.k.i.m.ClassInfoMapper.selectList - ==> Parameters: 1(Integer)
2026-07-06 09:45:57.798 [main] DEBUG [traceId= userId= role=] c.k.i.m.ClassInfoMapper.selectList - <==      Total: 3
2026-07-06 09:45:57.800 [main] DEBUG [traceId= userId= role=] c.k.i.mapper.TaskMapper.insert - ==>  Preparing: INSERT INTO task ( task_name, task_type, is_mandatory, task_start_time, task_end_time, target_type, target_ids, create_by, create_time ) VALUES ( ?, ?, ?, ?, ?, ?, ?, ?, ? )
2026-07-06 09:45:57.801 [main] DEBUG [traceId= userId= role=] c.k.i.mapper.TaskMapper.insert - ==> Parameters: 每日复盘(String), 3(String), 1(Integer), 2026-07-06T08:00(LocalDateTime), 2026-07-06T23:59(LocalDateTime), 1(Integer), 8,9,10(String), 0(Long), 2026-07-06T09:45:57.800(LocalDateTime)
2026-07-06 09:45:57.804 [main] DEBUG [traceId= userId= role=] c.k.i.mapper.TaskMapper.insert - <==    Updates: 1
2026-07-06 09:45:57.807 [main] DEBUG [traceId= userId= role=] c.k.i.m.SysUserMapper.selectList - ==>  Preparing: SELECT id,account,name,password,role,gender,email,phone,openid,description,teacher_remark,class_id,status,create_by,create_time,update_by,update_time FROM sys_user WHERE (role IN (?,?) AND status = ?)
2026-07-06 09:45:57.807 [main] DEBUG [traceId= userId= role=] c.k.i.m.SysUserMapper.selectList - ==> Parameters: 2(String), 3(String), 1(Integer)
2026-07-06 09:45:57.814 [main] DEBUG [traceId= userId= role=] c.k.i.m.SysUserMapper.selectList - <==      Total: 11
2026-07-06 09:45:57.815 [main] DEBUG [traceId= userId= role=] c.k.i.mapper.TaskUserMapper.insert - ==>  Preparing: INSERT INTO task_user ( task_id, user_id, status ) VALUES ( ?, ?, ? )
2026-07-06 09:45:57.816 [main] DEBUG [traceId= userId= role=] c.k.i.mapper.TaskUserMapper.insert - ==> Parameters: 97(Long), 23(Long), 0(String)
2026-07-06 09:45:57.819 [main] DEBUG [traceId= userId= role=] c.k.i.mapper.TaskUserMapper.insert - <==    Updates: 1
2026-07-06 09:45:57.819 [main] DEBUG [traceId= userId= role=] c.k.i.mapper.TaskUserMapper.insert - ==>  Preparing: INSERT INTO task_user ( task_id, user_id, status ) VALUES ( ?, ?, ? )
2026-07-06 09:45:57.820 [main] DEBUG [traceId= userId= role=] c.k.i.mapper.TaskUserMapper.insert - ==> Parameters: 97(Long), 24(Long), 0(String)
2026-07-06 09:45:57.822 [main] DEBUG [traceId= userId= role=] c.k.i.mapper.TaskUserMapper.insert - <==    Updates: 1
2026-07-06 09:45:57.823 [main] DEBUG [traceId= userId= role=] c.k.i.mapper.TaskUserMapper.insert - ==>  Preparing: INSERT INTO task_user ( task_id, user_id, status ) VALUES ( ?, ?, ? )
2026-07-06 09:45:57.824 [main] DEBUG [traceId= userId= role=] c.k.i.mapper.TaskUserMapper.insert - ==> Parameters: 97(Long), 25(Long), 0(String)
2026-07-06 09:45:57.827 [main] DEBUG [traceId= userId= role=] c.k.i.mapper.TaskUserMapper.insert - <==    Updates: 1
2026-07-06 09:45:57.828 [main] DEBUG [traceId= userId= role=] c.k.i.mapper.TaskUserMapper.insert - ==>  Preparing: INSERT INTO task_user ( task_id, user_id, status ) VALUES ( ?, ?, ? )
2026-07-06 09:45:57.828 [main] DEBUG [traceId= userId= role=] c.k.i.mapper.TaskUserMapper.insert - ==> Parameters: 97(Long), 26(Long), 0(String)
2026-07-06 09:45:57.831 [main] DEBUG [traceId= userId= role=] c.k.i.mapper.TaskUserMapper.insert - <==    Updates: 1
2026-07-06 09:45:57.832 [main] DEBUG [traceId= userId= role=] c.k.i.mapper.TaskUserMapper.insert - ==>  Preparing: INSERT INTO task_user ( task_id, user_id, status ) VALUES ( ?, ?, ? )
2026-07-06 09:45:57.832 [main] DEBUG [traceId= userId= role=] c.k.i.mapper.TaskUserMapper.insert - ==> Parameters: 97(Long), 27(Long), 0(String)
2026-07-06 09:45:57.835 [main] DEBUG [traceId= userId= role=] c.k.i.mapper.TaskUserMapper.insert - <==    Updates: 1
2026-07-06 09:45:57.836 [main] DEBUG [traceId= userId= role=] c.k.i.mapper.TaskUserMapper.insert - ==>  Preparing: INSERT INTO task_user ( task_id, user_id, status ) VALUES ( ?, ?, ? )
2026-07-06 09:45:57.837 [main] DEBUG [traceId= userId= role=] c.k.i.mapper.TaskUserMapper.insert - ==> Parameters: 97(Long), 28(Long), 0(String)
2026-07-06 09:45:57.839 [main] DEBUG [traceId= userId= role=] c.k.i.mapper.TaskUserMapper.insert - <==    Updates: 1
2026-07-06 09:45:57.840 [main] DEBUG [traceId= userId= role=] c.k.i.mapper.TaskUserMapper.insert - ==>  Preparing: INSERT INTO task_user ( task_id, user_id, status ) VALUES ( ?, ?, ? )
2026-07-06 09:45:57.840 [main] DEBUG [traceId= userId= role=] c.k.i.mapper.TaskUserMapper.insert - ==> Parameters: 97(Long), 29(Long), 0(String)
2026-07-06 09:45:57.843 [main] DEBUG [traceId= userId= role=] c.k.i.mapper.TaskUserMapper.insert - <==    Updates: 1
2026-07-06 09:45:57.844 [main] DEBUG [traceId= userId= role=] c.k.i.mapper.TaskUserMapper.insert - ==>  Preparing: INSERT INTO task_user ( task_id, user_id, status ) VALUES ( ?, ?, ? )
2026-07-06 09:45:57.844 [main] DEBUG [traceId= userId= role=] c.k.i.mapper.TaskUserMapper.insert - ==> Parameters: 97(Long), 30(Long), 0(String)
2026-07-06 09:45:57.847 [main] DEBUG [traceId= userId= role=] c.k.i.mapper.TaskUserMapper.insert - <==    Updates: 1
2026-07-06 09:45:57.848 [main] DEBUG [traceId= userId= role=] c.k.i.mapper.TaskUserMapper.insert - ==>  Preparing: INSERT INTO task_user ( task_id, user_id, status ) VALUES ( ?, ?, ? )
2026-07-06 09:45:57.848 [main] DEBUG [traceId= userId= role=] c.k.i.mapper.TaskUserMapper.insert - ==> Parameters: 97(Long), 31(Long), 0(String)
2026-07-06 09:45:57.851 [main] DEBUG [traceId= userId= role=] c.k.i.mapper.TaskUserMapper.insert - <==    Updates: 1
2026-07-06 09:45:57.852 [main] DEBUG [traceId= userId= role=] c.k.i.mapper.TaskUserMapper.insert - ==>  Preparing: INSERT INTO task_user ( task_id, user_id, status ) VALUES ( ?, ?, ? )
2026-07-06 09:45:57.852 [main] DEBUG [traceId= userId= role=] c.k.i.mapper.TaskUserMapper.insert - ==> Parameters: 97(Long), 32(Long), 0(String)
2026-07-06 09:45:57.855 [main] DEBUG [traceId= userId= role=] c.k.i.mapper.TaskUserMapper.insert - <==    Updates: 1
2026-07-06 09:45:57.856 [main] DEBUG [traceId= userId= role=] c.k.i.mapper.TaskUserMapper.insert - ==>  Preparing: INSERT INTO task_user ( task_id, user_id, status ) VALUES ( ?, ?, ? )
2026-07-06 09:45:57.857 [main] DEBUG [traceId= userId= role=] c.k.i.mapper.TaskUserMapper.insert - ==> Parameters: 97(Long), 33(Long), 0(String)
2026-07-06 09:45:57.859 [main] DEBUG [traceId= userId= role=] c.k.i.mapper.TaskUserMapper.insert - <==    Updates: 1
2026-07-06 09:45:57.860 [main] INFO  [traceId= userId= role=] c.k.a.service.BatchTaskService - 每日复盘创建成功: taskId=97, date=2026-07-06, targetType=1, 分配11人
2026-07-06 09:45:57.860 [main] INFO  [traceId= userId= role=] c.k.scheduler.DailyTaskStartupRunner - ====== 每日任务补偿检查完成 ======
2026-07-06 09:46:36.422 [http-nio-8080-exec-3] INFO  [traceId= userId= role=] o.a.c.c.C.[Tomcat].[localhost].[/] - Initializing Spring DispatcherServlet 'dispatcherServlet'
2026-07-06 09:46:36.423 [http-nio-8080-exec-3] INFO  [traceId= userId= role=] o.s.web.servlet.DispatcherServlet - Initializing Servlet 'dispatcherServlet'
2026-07-06 09:46:36.424 [http-nio-8080-exec-3] INFO  [traceId= userId= role=] o.s.web.servlet.DispatcherServlet - Completed initialization in 1 ms
2026-07-06 09:46:36.434 [http-nio-8080-exec-3] INFO  [traceId=5cd28cc023574191af5b46298e14c32c userId= role=] com.kg.interceptor.TraceIdFilter - HTTP_REQUEST_START method=GET uri=/notification/unread-count query=null requestBody= ip=0:0:0:0:0:0:0:1 userAgent=Mozilla/5.0 (Windows NT 10.0; Win64; x64) AppleWebKit/537.36 (KHTML, like Gecko) Chrome/123.0.0.0 Safari/537.36
2026-07-06 09:46:36.434 [http-nio-8080-exec-2] INFO  [traceId=49053f5346f64082879b31464f38e0bd userId= role=] com.kg.interceptor.TraceIdFilter - HTTP_REQUEST_START method=GET uri=/home/stat query=null requestBody= ip=0:0:0:0:0:0:0:1 userAgent=Mozilla/5.0 (Windows NT 10.0; Win64; x64) AppleWebKit/537.36 (KHTML, like Gecko) Chrome/123.0.0.0 Safari/537.36
2026-07-06 09:46:36.539 [http-nio-8080-exec-2] DEBUG [traceId=49053f5346f64082879b31464f38e0bd userId= role=] c.k.i.m.SysUserMapper.selectById - ==>  Preparing: SELECT id,account,name,password,role,gender,email,phone,openid,description,teacher_remark,class_id,status,create_by,create_time,update_by,update_time FROM sys_user WHERE id=?
2026-07-06 09:46:36.539 [http-nio-8080-exec-3] DEBUG [traceId=5cd28cc023574191af5b46298e14c32c userId= role=] c.k.i.m.SysUserMapper.selectById - ==>  Preparing: SELECT id,account,name,password,role,gender,email,phone,openid,description,teacher_remark,class_id,status,create_by,create_time,update_by,update_time FROM sys_user WHERE id=?
2026-07-06 09:46:36.540 [http-nio-8080-exec-3] DEBUG [traceId=5cd28cc023574191af5b46298e14c32c userId= role=] c.k.i.m.SysUserMapper.selectById - ==> Parameters: 21(Long)
2026-07-06 09:46:36.540 [http-nio-8080-exec-2] DEBUG [traceId=49053f5346f64082879b31464f38e0bd userId= role=] c.k.i.m.SysUserMapper.selectById - ==> Parameters: 21(Long)
2026-07-06 09:46:36.541 [http-nio-8080-exec-2] DEBUG [traceId=49053f5346f64082879b31464f38e0bd userId= role=] c.k.i.m.SysUserMapper.selectById - <==      Total: 1
2026-07-06 09:46:36.543 [http-nio-8080-exec-3] DEBUG [traceId=5cd28cc023574191af5b46298e14c32c userId= role=] c.k.i.m.SysUserMapper.selectById - <==      Total: 1
2026-07-06 09:46:36.560 [http-nio-8080-exec-2] DEBUG [traceId=49053f5346f64082879b31464f38e0bd userId=21 role=1] c.k.i.m.H.countCurrentTasksForTeacher - ==>  Preparing: SELECT COUNT(*) FROM task WHERE task_start_time <= NOW() AND task_end_time >= NOW()
2026-07-06 09:46:36.561 [http-nio-8080-exec-2] DEBUG [traceId=49053f5346f64082879b31464f38e0bd userId=21 role=1] c.k.i.m.H.countCurrentTasksForTeacher - ==> Parameters: 
2026-07-06 09:46:36.563 [http-nio-8080-exec-3] DEBUG [traceId=5cd28cc023574191af5b46298e14c32c userId=21 role=1] c.k.i.m.N.selectCount - ==>  Preparing: SELECT COUNT( * ) AS total FROM notification_message WHERE (user_id = ? AND is_read = ? AND status = ? AND notify_time <= ?)
2026-07-06 09:46:36.563 [http-nio-8080-exec-3] DEBUG [traceId=5cd28cc023574191af5b46298e14c32c userId=21 role=1] c.k.i.m.N.selectCount - ==> Parameters: 21(Long), 0(Integer), 0(String), 2026-07-06T09:46:36.561(LocalDateTime)
2026-07-06 09:46:36.566 [http-nio-8080-exec-2] DEBUG [traceId=49053f5346f64082879b31464f38e0bd userId=21 role=1] c.k.i.m.H.countCurrentTasksForTeacher - <==      Total: 1
2026-07-06 09:46:36.566 [http-nio-8080-exec-3] DEBUG [traceId=5cd28cc023574191af5b46298e14c32c userId=21 role=1] c.k.i.m.N.selectCount - <==      Total: 1
2026-07-06 09:46:36.566 [http-nio-8080-exec-2] DEBUG [traceId=49053f5346f64082879b31464f38e0bd userId=21 role=1] c.k.i.m.H.countForceTasksForTeacher - ==>  Preparing: SELECT COUNT(*) FROM task WHERE is_mandatory = 1
2026-07-06 09:46:36.566 [http-nio-8080-exec-2] DEBUG [traceId=49053f5346f64082879b31464f38e0bd userId=21 role=1] c.k.i.m.H.countForceTasksForTeacher - ==> Parameters: 
2026-07-06 09:46:36.567 [http-nio-8080-exec-2] DEBUG [traceId=49053f5346f64082879b31464f38e0bd userId=21 role=1] c.k.i.m.H.countForceTasksForTeacher - <==      Total: 1
2026-07-06 09:46:36.567 [http-nio-8080-exec-2] DEBUG [traceId=49053f5346f64082879b31464f38e0bd userId=21 role=1] c.k.i.m.H.countTotalTasksForTeacher - ==>  Preparing: SELECT COUNT(*) FROM task
2026-07-06 09:46:36.567 [http-nio-8080-exec-2] DEBUG [traceId=49053f5346f64082879b31464f38e0bd userId=21 role=1] c.k.i.m.H.countTotalTasksForTeacher - ==> Parameters: 
2026-07-06 09:46:36.568 [http-nio-8080-exec-2] DEBUG [traceId=49053f5346f64082879b31464f38e0bd userId=21 role=1] c.k.i.m.H.countTotalTasksForTeacher - <==      Total: 1
2026-07-06 09:46:36.568 [http-nio-8080-exec-2] DEBUG [traceId=49053f5346f64082879b31464f38e0bd userId=21 role=1] c.k.i.m.H.completionStatsForTeacher - ==>  Preparing: SELECT COUNT(*) AS total, SUM(CASE WHEN tu.status IN ('1','2') THEN 1 ELSE 0 END) AS completed, SUM(CASE WHEN tu.status = '0' THEN 1 ELSE 0 END) AS uncompleted FROM task_user tu JOIN task t ON t.id = tu.task_id
2026-07-06 09:46:36.569 [http-nio-8080-exec-2] DEBUG [traceId=49053f5346f64082879b31464f38e0bd userId=21 role=1] c.k.i.m.H.completionStatsForTeacher - ==> Parameters: 
2026-07-06 09:46:36.576 [http-nio-8080-exec-2] DEBUG [traceId=49053f5346f64082879b31464f38e0bd userId=21 role=1] c.k.i.m.H.completionStatsForTeacher - <==      Total: 1
2026-07-06 09:46:36.578 [http-nio-8080-exec-2] DEBUG [traceId=49053f5346f64082879b31464f38e0bd userId=21 role=1] c.k.i.m.H.lowCompletedTop3ForTeacher - ==>  Preparing: SELECT t.id AS task_id, t.task_name, t.task_end_time AS end_time, COUNT(*) AS total, SUM(CASE WHEN tu.status IN ('1','2') THEN 1 ELSE 0 END) AS completed, SUM(CASE WHEN tu.status = '0' THEN 1 ELSE 0 END) AS uncompleted FROM task t JOIN task_user tu ON tu.task_id = t.id GROUP BY t.id, t.task_name, t.task_end_time ORDER BY (SUM(CASE WHEN tu.status IN ('1','2') THEN 1 ELSE 0 END) * 1.0 / COUNT(*)) ASC LIMIT 3
2026-07-06 09:46:36.578 [http-nio-8080-exec-2] DEBUG [traceId=49053f5346f64082879b31464f38e0bd userId=21 role=1] c.k.i.m.H.lowCompletedTop3ForTeacher - ==> Parameters: 
2026-07-06 09:46:36.585 [http-nio-8080-exec-2] DEBUG [traceId=49053f5346f64082879b31464f38e0bd userId=21 role=1] c.k.i.m.H.lowCompletedTop3ForTeacher - <==      Total: 3
2026-07-06 09:46:36.605 [http-nio-8080-exec-3] INFO  [traceId=5cd28cc023574191af5b46298e14c32c userId=21 role=1] com.kg.interceptor.TraceIdFilter - HTTP_REQUEST_END method=GET uri=/notification/unread-count status=200 cost=177ms responseBody={"code":200,"message":"查询成功","data":0}
2026-07-06 09:46:36.639 [http-nio-8080-exec-2] INFO  [traceId=49053f5346f64082879b31464f38e0bd userId=21 role=1] com.kg.interceptor.TraceIdFilter - HTTP_REQUEST_END method=GET uri=/home/stat status=200 cost=211ms responseBody={"code":200,"message":"查询成功","data":{"currentTaskCount":3,"forceTaskCount":74,"totalTaskCount":76,"completedTaskUserCount":33,"unCompletedTaskUserCount":429,"completedRate":7,"lowCompletedTasks":[{"taskId":66,"taskName":"145测试","totalUserCount":7,"completedUserCount":0,"unCompletedUserCount":7,"completedRate":0,"endTime":"2026-06-23T23:59:59"},{"taskId":44,"taskName":"测试颜色4","totalUserCount":4,"completedUserCount":0,"unCompletedUserCount":4,"completedRate":0,"endTime":"2026-06-13T23:59:59"},{"taskId":49,"taskName":"测试颜色613","totalUserCount":9,"completedUserCount":0,"unCompletedUserCount":9,"completedRate":0,"endTime":"2026-06-13T23:59:59"}]}}
2026-07-06 09:46:36.674 [http-nio-8080-exec-1] INFO  [traceId=ece7c5ee5233427e850bdfefa2fb4c7a userId= role=] com.kg.interceptor.TraceIdFilter - HTTP_REQUEST_START method=GET uri=/class/options query=null requestBody= ip=0:0:0:0:0:0:0:1 userAgent=Mozilla/5.0 (Windows NT 10.0; Win64; x64) AppleWebKit/537.36 (KHTML, like Gecko) Chrome/123.0.0.0 Safari/537.36
2026-07-06 09:46:36.679 [http-nio-8080-exec-1] DEBUG [traceId=ece7c5ee5233427e850bdfefa2fb4c7a userId= role=] c.k.i.m.SysUserMapper.selectById - ==>  Preparing: SELECT id,account,name,password,role,gender,email,phone,openid,description,teacher_remark,class_id,status,create_by,create_time,update_by,update_time FROM sys_user WHERE id=?
2026-07-06 09:46:36.679 [http-nio-8080-exec-1] DEBUG [traceId=ece7c5ee5233427e850bdfefa2fb4c7a userId= role=] c.k.i.m.SysUserMapper.selectById - ==> Parameters: 21(Long)
2026-07-06 09:46:36.681 [http-nio-8080-exec-1] DEBUG [traceId=ece7c5ee5233427e850bdfefa2fb4c7a userId= role=] c.k.i.m.SysUserMapper.selectById - <==      Total: 1
2026-07-06 09:46:36.685 [http-nio-8080-exec-1] DEBUG [traceId=ece7c5ee5233427e850bdfefa2fb4c7a userId=21 role=1] c.k.i.m.ClassInfoMapper.selectList - ==>  Preparing: SELECT id,class_name,description,status,create_by,create_time,update_by,update_time FROM class_info WHERE (status = ?) ORDER BY class_name ASC
2026-07-06 09:46:36.686 [http-nio-8080-exec-1] DEBUG [traceId=ece7c5ee5233427e850bdfefa2fb4c7a userId=21 role=1] c.k.i.m.ClassInfoMapper.selectList - ==> Parameters: 1(Integer)
2026-07-06 09:46:36.687 [http-nio-8080-exec-1] DEBUG [traceId=ece7c5ee5233427e850bdfefa2fb4c7a userId=21 role=1] c.k.i.m.ClassInfoMapper.selectList - <==      Total: 3
2026-07-06 09:46:36.692 [http-nio-8080-exec-1] INFO  [traceId=ece7c5ee5233427e850bdfefa2fb4c7a userId=21 role=1] com.kg.interceptor.TraceIdFilter - HTTP_REQUEST_END method=GET uri=/class/options status=200 cost=18ms responseBody={"code":200,"message":"查询成功","data":[{"id":8,"className":"1班"},{"id":9,"className":"2班"},{"id":10,"className":"线上学习1班"}]}
2026-07-06 09:46:36.708 [http-nio-8080-exec-4] INFO  [traceId=24869fefa617442f87d8e71d3ca42d63 userId= role=] com.kg.interceptor.TraceIdFilter - HTTP_REQUEST_START method=GET uri=/study-phase/calendar query=startDate=2026-07-01&endDate=2026-07-31&classId=8 requestBody= ip=0:0:0:0:0:0:0:1 userAgent=Mozilla/5.0 (Windows NT 10.0; Win64; x64) AppleWebKit/537.36 (KHTML, like Gecko) Chrome/123.0.0.0 Safari/537.36
2026-07-06 09:46:36.713 [http-nio-8080-exec-4] DEBUG [traceId=24869fefa617442f87d8e71d3ca42d63 userId= role=] c.k.i.m.SysUserMapper.selectById - ==>  Preparing: SELECT id,account,name,password,role,gender,email,phone,openid,description,teacher_remark,class_id,status,create_by,create_time,update_by,update_time FROM sys_user WHERE id=?
2026-07-06 09:46:36.714 [http-nio-8080-exec-4] DEBUG [traceId=24869fefa617442f87d8e71d3ca42d63 userId= role=] c.k.i.m.SysUserMapper.selectById - ==> Parameters: 21(Long)
2026-07-06 09:46:36.715 [http-nio-8080-exec-4] DEBUG [traceId=24869fefa617442f87d8e71d3ca42d63 userId= role=] c.k.i.m.SysUserMapper.selectById - <==      Total: 1
2026-07-06 09:46:36.734 [http-nio-8080-exec-4] DEBUG [traceId=24869fefa617442f87d8e71d3ca42d63 userId=21 role=1] c.k.i.m.S.selectList - ==>  Preparing: SELECT id,phase_id,class_id,create_time FROM study_phase_class WHERE (class_id = ?)
2026-07-06 09:46:36.734 [http-nio-8080-exec-4] DEBUG [traceId=24869fefa617442f87d8e71d3ca42d63 userId=21 role=1] c.k.i.m.S.selectList - ==> Parameters: 8(Long)
2026-07-06 09:46:36.740 [http-nio-8080-exec-4] DEBUG [traceId=24869fefa617442f87d8e71d3ca42d63 userId=21 role=1] c.k.i.m.S.selectList - <==      Total: 2
2026-07-06 09:46:36.744 [http-nio-8080-exec-4] DEBUG [traceId=24869fefa617442f87d8e71d3ca42d63 userId=21 role=1] c.k.i.m.StudyPhaseMapper.selectList - ==>  Preparing: SELECT id,phase_title,phase_content,start_date,end_date,display_color,status,create_by,create_time,update_by,update_time FROM study_phase WHERE (id IN (?,?) AND status = ? AND start_date <= ? AND end_date >= ?) ORDER BY start_date ASC
2026-07-06 09:46:36.745 [http-nio-8080-exec-4] DEBUG [traceId=24869fefa617442f87d8e71d3ca42d63 userId=21 role=1] c.k.i.m.StudyPhaseMapper.selectList - ==> Parameters: 2(Long), 1(Long), 1(Integer), 2026-07-31(LocalDate), 2026-07-01(LocalDate)
2026-07-06 09:46:36.752 [http-nio-8080-exec-4] DEBUG [traceId=24869fefa617442f87d8e71d3ca42d63 userId=21 role=1] c.k.i.m.StudyPhaseMapper.selectList - <==      Total: 2
2026-07-06 09:46:36.754 [http-nio-8080-exec-4] DEBUG [traceId=24869fefa617442f87d8e71d3ca42d63 userId=21 role=1] c.k.i.m.S.selectList - ==>  Preparing: SELECT id,phase_id,class_id,create_time FROM study_phase_class WHERE (phase_id = ?)
2026-07-06 09:46:36.754 [http-nio-8080-exec-4] DEBUG [traceId=24869fefa617442f87d8e71d3ca42d63 userId=21 role=1] c.k.i.m.S.selectList - ==> Parameters: 1(Long)
2026-07-06 09:46:36.755 [http-nio-8080-exec-4] DEBUG [traceId=24869fefa617442f87d8e71d3ca42d63 userId=21 role=1] c.k.i.m.S.selectList - <==      Total: 3
2026-07-06 09:46:36.756 [http-nio-8080-exec-4] DEBUG [traceId=24869fefa617442f87d8e71d3ca42d63 userId=21 role=1] c.k.i.m.ClassInfoMapper.selectById - ==>  Preparing: SELECT id,class_name,description,status,create_by,create_time,update_by,update_time FROM class_info WHERE id=?
2026-07-06 09:46:36.756 [http-nio-8080-exec-4] DEBUG [traceId=24869fefa617442f87d8e71d3ca42d63 userId=21 role=1] c.k.i.m.ClassInfoMapper.selectById - ==> Parameters: 8(Long)
2026-07-06 09:46:36.757 [http-nio-8080-exec-4] DEBUG [traceId=24869fefa617442f87d8e71d3ca42d63 userId=21 role=1] c.k.i.m.ClassInfoMapper.selectById - <==      Total: 1
2026-07-06 09:46:36.759 [http-nio-8080-exec-4] DEBUG [traceId=24869fefa617442f87d8e71d3ca42d63 userId=21 role=1] c.k.i.m.ClassInfoMapper.selectById - ==>  Preparing: SELECT id,class_name,description,status,create_by,create_time,update_by,update_time FROM class_info WHERE id=?
2026-07-06 09:46:36.759 [http-nio-8080-exec-4] DEBUG [traceId=24869fefa617442f87d8e71d3ca42d63 userId=21 role=1] c.k.i.m.ClassInfoMapper.selectById - ==> Parameters: 9(Long)
2026-07-06 09:46:36.760 [http-nio-8080-exec-4] DEBUG [traceId=24869fefa617442f87d8e71d3ca42d63 userId=21 role=1] c.k.i.m.ClassInfoMapper.selectById - <==      Total: 1
2026-07-06 09:46:36.761 [http-nio-8080-exec-4] DEBUG [traceId=24869fefa617442f87d8e71d3ca42d63 userId=21 role=1] c.k.i.m.ClassInfoMapper.selectById - ==>  Preparing: SELECT id,class_name,description,status,create_by,create_time,update_by,update_time FROM class_info WHERE id=?
2026-07-06 09:46:36.761 [http-nio-8080-exec-4] DEBUG [traceId=24869fefa617442f87d8e71d3ca42d63 userId=21 role=1] c.k.i.m.ClassInfoMapper.selectById - ==> Parameters: 10(Long)
2026-07-06 09:46:36.762 [http-nio-8080-exec-4] DEBUG [traceId=24869fefa617442f87d8e71d3ca42d63 userId=21 role=1] c.k.i.m.ClassInfoMapper.selectById - <==      Total: 1
2026-07-06 09:46:36.763 [http-nio-8080-exec-4] DEBUG [traceId=24869fefa617442f87d8e71d3ca42d63 userId=21 role=1] c.k.i.m.S.selectList - ==>  Preparing: SELECT id,phase_id,class_id,create_time FROM study_phase_class WHERE (phase_id = ?)
2026-07-06 09:46:36.763 [http-nio-8080-exec-4] DEBUG [traceId=24869fefa617442f87d8e71d3ca42d63 userId=21 role=1] c.k.i.m.S.selectList - ==> Parameters: 2(Long)
2026-07-06 09:46:36.766 [http-nio-8080-exec-4] DEBUG [traceId=24869fefa617442f87d8e71d3ca42d63 userId=21 role=1] c.k.i.m.S.selectList - <==      Total: 1
2026-07-06 09:46:36.766 [http-nio-8080-exec-4] DEBUG [traceId=24869fefa617442f87d8e71d3ca42d63 userId=21 role=1] c.k.i.m.ClassInfoMapper.selectById - ==>  Preparing: SELECT id,class_name,description,status,create_by,create_time,update_by,update_time FROM class_info WHERE id=?
2026-07-06 09:46:36.767 [http-nio-8080-exec-4] DEBUG [traceId=24869fefa617442f87d8e71d3ca42d63 userId=21 role=1] c.k.i.m.ClassInfoMapper.selectById - ==> Parameters: 8(Long)
2026-07-06 09:46:36.768 [http-nio-8080-exec-4] DEBUG [traceId=24869fefa617442f87d8e71d3ca42d63 userId=21 role=1] c.k.i.m.ClassInfoMapper.selectById - <==      Total: 1
2026-07-06 09:46:36.771 [http-nio-8080-exec-4] INFO  [traceId=24869fefa617442f87d8e71d3ca42d63 userId=21 role=1] com.kg.interceptor.TraceIdFilter - HTTP_REQUEST_END method=GET uri=/study-phase/calendar status=200 cost=62ms responseBody={"code":200,"message":"查询成功","data":[{"id":1,"phaseTitle":"测试阶段","phaseContent":"这是一条描述","startDate":"2026-07-01","endDate":"2026-07-03","displayColor":"#ee6262","status":1,"classIds":[8,9,10],"classNames":["1班","2班","线上学习1班"],"createTime":"2026-07-02 21:13:33"},{"id":2,"phaseTitle":"测试阶段2","phaseContent":"这是测试阶段2的描述","startDate":"2026-07-02","endDate":"2026-07-09","displayColor":"#6367d4","status":1,"classIds":[8],"classNames":["1班"],"createTime":"2026-07-02 21:23:49"}]}
2026-07-06 10:50:17.929 [background-preinit] INFO  [traceId= userId= role=] o.h.validator.internal.util.Version - HV000001: Hibernate Validator 6.2.5.Final
2026-07-06 10:50:17.947 [main] INFO  [traceId= userId= role=] com.kg.KgApplication - Starting KgApplication using Java 1.8.0_271 on LAPTOP-O2F6G5FB with PID 37596 (F:\aiProject\smart-study-system\backend\target\classes started by 86198 in F:\aiProject\smart-study-system\backend)
2026-07-06 10:50:17.949 [main] INFO  [traceId= userId= role=] com.kg.KgApplication - No active profile set, falling back to 1 default profile: "default"
2026-07-06 10:50:20.565 [main] INFO  [traceId= userId= role=] o.s.b.w.e.tomcat.TomcatWebServer - Tomcat initialized with port(s): 8080 (http)
2026-07-06 10:50:20.574 [main] INFO  [traceId= userId= role=] o.a.coyote.http11.Http11NioProtocol - Initializing ProtocolHandler ["http-nio-8080"]
2026-07-06 10:50:20.578 [main] INFO  [traceId= userId= role=] o.a.catalina.core.StandardService - Starting service [Tomcat]
2026-07-06 10:50:20.578 [main] INFO  [traceId= userId= role=] o.a.catalina.core.StandardEngine - Starting Servlet engine: [Apache Tomcat/9.0.83]
2026-07-06 10:50:20.814 [main] INFO  [traceId= userId= role=] o.a.c.c.C.[Tomcat].[localhost].[/] - Initializing Spring embedded WebApplicationContext
2026-07-06 10:50:20.815 [main] INFO  [traceId= userId= role=] o.s.b.w.s.c.ServletWebServerApplicationContext - Root WebApplicationContext: initialization completed in 2793 ms
2026-07-06 10:50:24.370 [main] INFO  [traceId= userId= role=] o.a.coyote.http11.Http11NioProtocol - Starting ProtocolHandler ["http-nio-8080"]
2026-07-06 10:50:24.419 [main] INFO  [traceId= userId= role=] o.s.b.w.e.tomcat.TomcatWebServer - Tomcat started on port(s): 8080 (http) with context path ''
2026-07-06 10:50:24.441 [main] INFO  [traceId= userId= role=] com.kg.KgApplication - Started KgApplication in 7.279 seconds (JVM running for 8.25)
2026-07-06 10:50:24.515 [main] INFO  [traceId= userId= role=] com.zaxxer.hikari.HikariDataSource - HikariPool-1 - Starting...
2026-07-06 10:50:25.567 [main] INFO  [traceId= userId= role=] com.zaxxer.hikari.HikariDataSource - HikariPool-1 - Start completed.
2026-07-06 10:50:25.573 [main] DEBUG [traceId= userId= role=] c.k.i.m.SysUserMapper.selectList - ==>  Preparing: SELECT id,account,name,password,role,gender,email,phone,openid,description,teacher_remark,class_id,status,create_by,create_time,update_by,update_time FROM sys_user WHERE (account = ?)
2026-07-06 10:50:25.592 [main] DEBUG [traceId= userId= role=] c.k.i.m.SysUserMapper.selectList - ==> Parameters: root(String)
2026-07-06 10:50:25.628 [main] DEBUG [traceId= userId= role=] c.k.i.m.SysUserMapper.selectList - <==      Total: 1
2026-07-06 10:50:25.632 [main] INFO  [traceId= userId= role=] com.kg.config.DataInitializer - 默认管理员账号已存在：account=root
2026-07-06 10:50:25.632 [main] INFO  [traceId= userId= role=] c.k.scheduler.DailyTaskStartupRunner - ====== 开始执行每日任务补偿检查 ======
2026-07-06 10:50:25.645 [main] DEBUG [traceId= userId= role=] c.k.i.mapper.TaskMapper.selectList - ==>  Preparing: SELECT id,task_name,task_type,template_id,round_no,is_mandatory,task_description,task_start_time,task_end_time,priority,class_id,target_type,target_ids,plan_id,plan_date,is_repeat_task,status,create_by,create_time,update_by,update_time FROM task WHERE ((status = ? OR status IS NULL)) ORDER BY id DESC LIMIT 0,500
2026-07-06 10:50:25.647 [main] DEBUG [traceId= userId= role=] c.k.i.mapper.TaskMapper.selectList - ==> Parameters: 1(Integer)
2026-07-06 10:50:25.667 [main] DEBUG [traceId= userId= role=] c.k.i.mapper.TaskMapper.selectList - <==      Total: 69
2026-07-06 10:50:25.669 [main] INFO  [traceId= userId= role=] c.k.a.service.BatchTaskService - 【启动补偿】每日打卡 (2026-07-06) 已存在，跳过
2026-07-06 10:50:25.670 [main] DEBUG [traceId= userId= role=] c.k.i.mapper.TaskMapper.selectList - ==>  Preparing: SELECT id,task_name,task_type,template_id,round_no,is_mandatory,task_description,task_start_time,task_end_time,priority,class_id,target_type,target_ids,plan_id,plan_date,is_repeat_task,status,create_by,create_time,update_by,update_time FROM task WHERE ((status = ? OR status IS NULL)) ORDER BY id DESC LIMIT 0,500
2026-07-06 10:50:25.671 [main] DEBUG [traceId= userId= role=] c.k.i.mapper.TaskMapper.selectList - ==> Parameters: 1(Integer)
2026-07-06 10:50:25.678 [main] DEBUG [traceId= userId= role=] c.k.i.mapper.TaskMapper.selectList - <==      Total: 69
2026-07-06 10:50:25.678 [main] INFO  [traceId= userId= role=] c.k.a.service.BatchTaskService - 【启动补偿】每日复盘 (2026-07-06) 已存在，跳过
2026-07-06 10:50:25.678 [main] INFO  [traceId= userId= role=] c.k.scheduler.DailyTaskStartupRunner - ====== 每日任务补偿检查完成 ======
2026-07-06 10:50:44.893 [http-nio-8080-exec-4] INFO  [traceId= userId= role=] o.a.c.c.C.[Tomcat].[localhost].[/] - Initializing Spring DispatcherServlet 'dispatcherServlet'
2026-07-06 10:50:44.894 [http-nio-8080-exec-4] INFO  [traceId= userId= role=] o.s.web.servlet.DispatcherServlet - Initializing Servlet 'dispatcherServlet'
2026-07-06 10:50:44.895 [http-nio-8080-exec-4] INFO  [traceId= userId= role=] o.s.web.servlet.DispatcherServlet - Completed initialization in 1 ms
2026-07-06 10:50:44.907 [http-nio-8080-exec-2] INFO  [traceId=28a29b3e5a0b459b93ad33e4d222f27e userId= role=] com.kg.interceptor.TraceIdFilter - HTTP_REQUEST_START method=GET uri=/home/stat query=null requestBody= ip=0:0:0:0:0:0:0:1 userAgent=Mozilla/5.0 (Windows NT 10.0; Win64; x64) AppleWebKit/537.36 (KHTML, like Gecko) Chrome/123.0.0.0 Safari/537.36
2026-07-06 10:50:44.907 [http-nio-8080-exec-4] INFO  [traceId=eb8afc355ea54c2da0985571a3843551 userId= role=] com.kg.interceptor.TraceIdFilter - HTTP_REQUEST_START method=GET uri=/notification/unread-count query=null requestBody= ip=0:0:0:0:0:0:0:1 userAgent=Mozilla/5.0 (Windows NT 10.0; Win64; x64) AppleWebKit/537.36 (KHTML, like Gecko) Chrome/123.0.0.0 Safari/537.36
2026-07-06 10:50:45.019 [http-nio-8080-exec-2] DEBUG [traceId=28a29b3e5a0b459b93ad33e4d222f27e userId= role=] c.k.i.m.SysUserMapper.selectById - ==>  Preparing: SELECT id,account,name,password,role,gender,email,phone,openid,description,teacher_remark,class_id,status,create_by,create_time,update_by,update_time FROM sys_user WHERE id=?
2026-07-06 10:50:45.019 [http-nio-8080-exec-4] DEBUG [traceId=eb8afc355ea54c2da0985571a3843551 userId= role=] c.k.i.m.SysUserMapper.selectById - ==>  Preparing: SELECT id,account,name,password,role,gender,email,phone,openid,description,teacher_remark,class_id,status,create_by,create_time,update_by,update_time FROM sys_user WHERE id=?
2026-07-06 10:50:45.020 [http-nio-8080-exec-4] DEBUG [traceId=eb8afc355ea54c2da0985571a3843551 userId= role=] c.k.i.m.SysUserMapper.selectById - ==> Parameters: 21(Long)
2026-07-06 10:50:45.020 [http-nio-8080-exec-2] DEBUG [traceId=28a29b3e5a0b459b93ad33e4d222f27e userId= role=] c.k.i.m.SysUserMapper.selectById - ==> Parameters: 21(Long)
2026-07-06 10:50:45.021 [http-nio-8080-exec-2] DEBUG [traceId=28a29b3e5a0b459b93ad33e4d222f27e userId= role=] c.k.i.m.SysUserMapper.selectById - <==      Total: 1
2026-07-06 10:50:45.022 [http-nio-8080-exec-4] DEBUG [traceId=eb8afc355ea54c2da0985571a3843551 userId= role=] c.k.i.m.SysUserMapper.selectById - <==      Total: 1
2026-07-06 10:50:45.042 [http-nio-8080-exec-2] DEBUG [traceId=28a29b3e5a0b459b93ad33e4d222f27e userId=21 role=1] c.k.i.m.H.countCurrentTasksForTeacher - ==>  Preparing: SELECT COUNT(*) FROM task WHERE task_start_time <= NOW() AND task_end_time >= NOW()
2026-07-06 10:50:45.043 [http-nio-8080-exec-2] DEBUG [traceId=28a29b3e5a0b459b93ad33e4d222f27e userId=21 role=1] c.k.i.m.H.countCurrentTasksForTeacher - ==> Parameters: 
2026-07-06 10:50:45.045 [http-nio-8080-exec-4] DEBUG [traceId=eb8afc355ea54c2da0985571a3843551 userId=21 role=1] c.k.i.m.N.selectCount - ==>  Preparing: SELECT COUNT( * ) AS total FROM notification_message WHERE (user_id = ? AND is_read = ? AND status = ? AND notify_time <= ?)
2026-07-06 10:50:45.045 [http-nio-8080-exec-4] DEBUG [traceId=eb8afc355ea54c2da0985571a3843551 userId=21 role=1] c.k.i.m.N.selectCount - ==> Parameters: 21(Long), 0(Integer), 0(String), 2026-07-06T10:50:45.043(LocalDateTime)
2026-07-06 10:50:45.047 [http-nio-8080-exec-2] DEBUG [traceId=28a29b3e5a0b459b93ad33e4d222f27e userId=21 role=1] c.k.i.m.H.countCurrentTasksForTeacher - <==      Total: 1
2026-07-06 10:50:45.048 [http-nio-8080-exec-2] DEBUG [traceId=28a29b3e5a0b459b93ad33e4d222f27e userId=21 role=1] c.k.i.m.H.countForceTasksForTeacher - ==>  Preparing: SELECT COUNT(*) FROM task WHERE is_mandatory = 1
2026-07-06 10:50:45.048 [http-nio-8080-exec-2] DEBUG [traceId=28a29b3e5a0b459b93ad33e4d222f27e userId=21 role=1] c.k.i.m.H.countForceTasksForTeacher - ==> Parameters: 
2026-07-06 10:50:45.050 [http-nio-8080-exec-2] DEBUG [traceId=28a29b3e5a0b459b93ad33e4d222f27e userId=21 role=1] c.k.i.m.H.countForceTasksForTeacher - <==      Total: 1
2026-07-06 10:50:45.050 [http-nio-8080-exec-2] DEBUG [traceId=28a29b3e5a0b459b93ad33e4d222f27e userId=21 role=1] c.k.i.m.H.countTotalTasksForTeacher - ==>  Preparing: SELECT COUNT(*) FROM task
2026-07-06 10:50:45.051 [http-nio-8080-exec-2] DEBUG [traceId=28a29b3e5a0b459b93ad33e4d222f27e userId=21 role=1] c.k.i.m.H.countTotalTasksForTeacher - ==> Parameters: 
2026-07-06 10:50:45.052 [http-nio-8080-exec-2] DEBUG [traceId=28a29b3e5a0b459b93ad33e4d222f27e userId=21 role=1] c.k.i.m.H.countTotalTasksForTeacher - <==      Total: 1
2026-07-06 10:50:45.052 [http-nio-8080-exec-2] DEBUG [traceId=28a29b3e5a0b459b93ad33e4d222f27e userId=21 role=1] c.k.i.m.H.completionStatsForTeacher - ==>  Preparing: SELECT COUNT(*) AS total, SUM(CASE WHEN tu.status IN ('1','2') THEN 1 ELSE 0 END) AS completed, SUM(CASE WHEN tu.status = '0' THEN 1 ELSE 0 END) AS uncompleted FROM task_user tu JOIN task t ON t.id = tu.task_id
2026-07-06 10:50:45.053 [http-nio-8080-exec-2] DEBUG [traceId=28a29b3e5a0b459b93ad33e4d222f27e userId=21 role=1] c.k.i.m.H.completionStatsForTeacher - ==> Parameters: 
2026-07-06 10:50:45.056 [http-nio-8080-exec-2] DEBUG [traceId=28a29b3e5a0b459b93ad33e4d222f27e userId=21 role=1] c.k.i.m.H.completionStatsForTeacher - <==      Total: 1
2026-07-06 10:50:45.058 [http-nio-8080-exec-2] DEBUG [traceId=28a29b3e5a0b459b93ad33e4d222f27e userId=21 role=1] c.k.i.m.H.lowCompletedTop3ForTeacher - ==>  Preparing: SELECT t.id AS task_id, t.task_name, t.task_end_time AS end_time, COUNT(*) AS total, SUM(CASE WHEN tu.status IN ('1','2') THEN 1 ELSE 0 END) AS completed, SUM(CASE WHEN tu.status = '0' THEN 1 ELSE 0 END) AS uncompleted FROM task t JOIN task_user tu ON tu.task_id = t.id GROUP BY t.id, t.task_name, t.task_end_time ORDER BY (SUM(CASE WHEN tu.status IN ('1','2') THEN 1 ELSE 0 END) * 1.0 / COUNT(*)) ASC LIMIT 3
2026-07-06 10:50:45.058 [http-nio-8080-exec-2] DEBUG [traceId=28a29b3e5a0b459b93ad33e4d222f27e userId=21 role=1] c.k.i.m.H.lowCompletedTop3ForTeacher - ==> Parameters: 
2026-07-06 10:50:45.059 [http-nio-8080-exec-4] DEBUG [traceId=eb8afc355ea54c2da0985571a3843551 userId=21 role=1] c.k.i.m.N.selectCount - <==      Total: 1
2026-07-06 10:50:45.063 [http-nio-8080-exec-2] DEBUG [traceId=28a29b3e5a0b459b93ad33e4d222f27e userId=21 role=1] c.k.i.m.H.lowCompletedTop3ForTeacher - <==      Total: 3
2026-07-06 10:50:45.093 [http-nio-8080-exec-4] INFO  [traceId=eb8afc355ea54c2da0985571a3843551 userId=21 role=1] com.kg.interceptor.TraceIdFilter - HTTP_REQUEST_END method=GET uri=/notification/unread-count status=200 cost=193ms responseBody={"code":200,"message":"查询成功","data":0}
2026-07-06 10:50:45.125 [http-nio-8080-exec-2] INFO  [traceId=28a29b3e5a0b459b93ad33e4d222f27e userId=21 role=1] com.kg.interceptor.TraceIdFilter - HTTP_REQUEST_END method=GET uri=/home/stat status=200 cost=225ms responseBody={"code":200,"message":"查询成功","data":{"currentTaskCount":3,"forceTaskCount":74,"totalTaskCount":76,"completedTaskUserCount":33,"unCompletedTaskUserCount":429,"completedRate":7,"lowCompletedTasks":[{"taskId":42,"taskName":"测试颜色2","totalUserCount":4,"completedUserCount":0,"unCompletedUserCount":4,"completedRate":0,"endTime":"2026-06-14T23:59:59"},{"taskId":47,"taskName":"222","totalUserCount":5,"completedUserCount":0,"unCompletedUserCount":5,"completedRate":0,"endTime":"2026-06-13T23:59:59"},{"taskId":91,"taskName":"26行政执法","totalUserCount":1,"completedUserCount":0,"unCompletedUserCount":1,"completedRate":0,"endTime":"2026-07-02T23:59:59"}]}}
2026-07-06 10:50:45.154 [http-nio-8080-exec-3] INFO  [traceId=170f6ae29685466a8480261730b1324b userId= role=] com.kg.interceptor.TraceIdFilter - HTTP_REQUEST_START method=GET uri=/class/options query=null requestBody= ip=0:0:0:0:0:0:0:1 userAgent=Mozilla/5.0 (Windows NT 10.0; Win64; x64) AppleWebKit/537.36 (KHTML, like Gecko) Chrome/123.0.0.0 Safari/537.36
2026-07-06 10:50:45.159 [http-nio-8080-exec-3] DEBUG [traceId=170f6ae29685466a8480261730b1324b userId= role=] c.k.i.m.SysUserMapper.selectById - ==>  Preparing: SELECT id,account,name,password,role,gender,email,phone,openid,description,teacher_remark,class_id,status,create_by,create_time,update_by,update_time FROM sys_user WHERE id=?
2026-07-06 10:50:45.159 [http-nio-8080-exec-3] DEBUG [traceId=170f6ae29685466a8480261730b1324b userId= role=] c.k.i.m.SysUserMapper.selectById - ==> Parameters: 21(Long)
2026-07-06 10:50:45.162 [http-nio-8080-exec-3] DEBUG [traceId=170f6ae29685466a8480261730b1324b userId= role=] c.k.i.m.SysUserMapper.selectById - <==      Total: 1
2026-07-06 10:50:45.170 [http-nio-8080-exec-3] DEBUG [traceId=170f6ae29685466a8480261730b1324b userId=21 role=1] c.k.i.m.ClassInfoMapper.selectList - ==>  Preparing: SELECT id,class_name,description,status,create_by,create_time,update_by,update_time FROM class_info WHERE (status = ?) ORDER BY class_name ASC
2026-07-06 10:50:45.171 [http-nio-8080-exec-3] DEBUG [traceId=170f6ae29685466a8480261730b1324b userId=21 role=1] c.k.i.m.ClassInfoMapper.selectList - ==> Parameters: 1(Integer)
2026-07-06 10:50:45.173 [http-nio-8080-exec-3] DEBUG [traceId=170f6ae29685466a8480261730b1324b userId=21 role=1] c.k.i.m.ClassInfoMapper.selectList - <==      Total: 3
2026-07-06 10:50:45.180 [http-nio-8080-exec-3] INFO  [traceId=170f6ae29685466a8480261730b1324b userId=21 role=1] com.kg.interceptor.TraceIdFilter - HTTP_REQUEST_END method=GET uri=/class/options status=200 cost=26ms responseBody={"code":200,"message":"查询成功","data":[{"id":8,"className":"1班"},{"id":9,"className":"2班"},{"id":10,"className":"线上学习1班"}]}
2026-07-06 10:50:45.196 [http-nio-8080-exec-5] INFO  [traceId=bbfe66cb99e449e6af3274a86a37d25d userId= role=] com.kg.interceptor.TraceIdFilter - HTTP_REQUEST_START method=GET uri=/study-phase/calendar query=startDate=2026-07-01&endDate=2026-07-31&classId=8 requestBody= ip=0:0:0:0:0:0:0:1 userAgent=Mozilla/5.0 (Windows NT 10.0; Win64; x64) AppleWebKit/537.36 (KHTML, like Gecko) Chrome/123.0.0.0 Safari/537.36
2026-07-06 10:50:45.200 [http-nio-8080-exec-5] DEBUG [traceId=bbfe66cb99e449e6af3274a86a37d25d userId= role=] c.k.i.m.SysUserMapper.selectById - ==>  Preparing: SELECT id,account,name,password,role,gender,email,phone,openid,description,teacher_remark,class_id,status,create_by,create_time,update_by,update_time FROM sys_user WHERE id=?
2026-07-06 10:50:45.200 [http-nio-8080-exec-5] DEBUG [traceId=bbfe66cb99e449e6af3274a86a37d25d userId= role=] c.k.i.m.SysUserMapper.selectById - ==> Parameters: 21(Long)
2026-07-06 10:50:45.201 [http-nio-8080-exec-5] DEBUG [traceId=bbfe66cb99e449e6af3274a86a37d25d userId= role=] c.k.i.m.SysUserMapper.selectById - <==      Total: 1
2026-07-06 10:50:45.215 [http-nio-8080-exec-5] DEBUG [traceId=bbfe66cb99e449e6af3274a86a37d25d userId=21 role=1] c.k.i.m.S.selectList - ==>  Preparing: SELECT id,phase_id,class_id,create_time FROM study_phase_class WHERE (class_id = ?)
2026-07-06 10:50:45.215 [http-nio-8080-exec-5] DEBUG [traceId=bbfe66cb99e449e6af3274a86a37d25d userId=21 role=1] c.k.i.m.S.selectList - ==> Parameters: 8(Long)
2026-07-06 10:50:45.221 [http-nio-8080-exec-5] DEBUG [traceId=bbfe66cb99e449e6af3274a86a37d25d userId=21 role=1] c.k.i.m.S.selectList - <==      Total: 2
2026-07-06 10:50:45.224 [http-nio-8080-exec-5] DEBUG [traceId=bbfe66cb99e449e6af3274a86a37d25d userId=21 role=1] c.k.i.m.StudyPhaseMapper.selectList - ==>  Preparing: SELECT id,phase_title,phase_content,start_date,end_date,display_color,status,create_by,create_time,update_by,update_time FROM study_phase WHERE (id IN (?,?) AND status = ? AND start_date <= ? AND end_date >= ?) ORDER BY start_date ASC
2026-07-06 10:50:45.225 [http-nio-8080-exec-5] DEBUG [traceId=bbfe66cb99e449e6af3274a86a37d25d userId=21 role=1] c.k.i.m.StudyPhaseMapper.selectList - ==> Parameters: 2(Long), 1(Long), 1(Integer), 2026-07-31(LocalDate), 2026-07-01(LocalDate)
2026-07-06 10:50:45.231 [http-nio-8080-exec-5] DEBUG [traceId=bbfe66cb99e449e6af3274a86a37d25d userId=21 role=1] c.k.i.m.StudyPhaseMapper.selectList - <==      Total: 2
2026-07-06 10:50:45.234 [http-nio-8080-exec-5] DEBUG [traceId=bbfe66cb99e449e6af3274a86a37d25d userId=21 role=1] c.k.i.m.S.selectList - ==>  Preparing: SELECT id,phase_id,class_id,create_time FROM study_phase_class WHERE (phase_id = ?)
2026-07-06 10:50:45.234 [http-nio-8080-exec-5] DEBUG [traceId=bbfe66cb99e449e6af3274a86a37d25d userId=21 role=1] c.k.i.m.S.selectList - ==> Parameters: 1(Long)
2026-07-06 10:50:45.236 [http-nio-8080-exec-5] DEBUG [traceId=bbfe66cb99e449e6af3274a86a37d25d userId=21 role=1] c.k.i.m.S.selectList - <==      Total: 3
2026-07-06 10:50:45.236 [http-nio-8080-exec-5] DEBUG [traceId=bbfe66cb99e449e6af3274a86a37d25d userId=21 role=1] c.k.i.m.ClassInfoMapper.selectById - ==>  Preparing: SELECT id,class_name,description,status,create_by,create_time,update_by,update_time FROM class_info WHERE id=?
2026-07-06 10:50:45.237 [http-nio-8080-exec-5] DEBUG [traceId=bbfe66cb99e449e6af3274a86a37d25d userId=21 role=1] c.k.i.m.ClassInfoMapper.selectById - ==> Parameters: 8(Long)
2026-07-06 10:50:45.237 [http-nio-8080-exec-5] DEBUG [traceId=bbfe66cb99e449e6af3274a86a37d25d userId=21 role=1] c.k.i.m.ClassInfoMapper.selectById - <==      Total: 1
2026-07-06 10:50:45.238 [http-nio-8080-exec-5] DEBUG [traceId=bbfe66cb99e449e6af3274a86a37d25d userId=21 role=1] c.k.i.m.ClassInfoMapper.selectById - ==>  Preparing: SELECT id,class_name,description,status,create_by,create_time,update_by,update_time FROM class_info WHERE id=?
2026-07-06 10:50:45.238 [http-nio-8080-exec-5] DEBUG [traceId=bbfe66cb99e449e6af3274a86a37d25d userId=21 role=1] c.k.i.m.ClassInfoMapper.selectById - ==> Parameters: 9(Long)
2026-07-06 10:50:45.239 [http-nio-8080-exec-5] DEBUG [traceId=bbfe66cb99e449e6af3274a86a37d25d userId=21 role=1] c.k.i.m.ClassInfoMapper.selectById - <==      Total: 1
2026-07-06 10:50:45.239 [http-nio-8080-exec-5] DEBUG [traceId=bbfe66cb99e449e6af3274a86a37d25d userId=21 role=1] c.k.i.m.ClassInfoMapper.selectById - ==>  Preparing: SELECT id,class_name,description,status,create_by,create_time,update_by,update_time FROM class_info WHERE id=?
2026-07-06 10:50:45.239 [http-nio-8080-exec-5] DEBUG [traceId=bbfe66cb99e449e6af3274a86a37d25d userId=21 role=1] c.k.i.m.ClassInfoMapper.selectById - ==> Parameters: 10(Long)
2026-07-06 10:50:45.240 [http-nio-8080-exec-5] DEBUG [traceId=bbfe66cb99e449e6af3274a86a37d25d userId=21 role=1] c.k.i.m.ClassInfoMapper.selectById - <==      Total: 1
2026-07-06 10:50:45.242 [http-nio-8080-exec-5] DEBUG [traceId=bbfe66cb99e449e6af3274a86a37d25d userId=21 role=1] c.k.i.m.S.selectList - ==>  Preparing: SELECT id,phase_id,class_id,create_time FROM study_phase_class WHERE (phase_id = ?)
2026-07-06 10:50:45.242 [http-nio-8080-exec-5] DEBUG [traceId=bbfe66cb99e449e6af3274a86a37d25d userId=21 role=1] c.k.i.m.S.selectList - ==> Parameters: 2(Long)
2026-07-06 10:50:45.243 [http-nio-8080-exec-5] DEBUG [traceId=bbfe66cb99e449e6af3274a86a37d25d userId=21 role=1] c.k.i.m.S.selectList - <==      Total: 1
2026-07-06 10:50:45.243 [http-nio-8080-exec-5] DEBUG [traceId=bbfe66cb99e449e6af3274a86a37d25d userId=21 role=1] c.k.i.m.ClassInfoMapper.selectById - ==>  Preparing: SELECT id,class_name,description,status,create_by,create_time,update_by,update_time FROM class_info WHERE id=?
2026-07-06 10:50:45.243 [http-nio-8080-exec-5] DEBUG [traceId=bbfe66cb99e449e6af3274a86a37d25d userId=21 role=1] c.k.i.m.ClassInfoMapper.selectById - ==> Parameters: 8(Long)
2026-07-06 10:50:45.244 [http-nio-8080-exec-5] DEBUG [traceId=bbfe66cb99e449e6af3274a86a37d25d userId=21 role=1] c.k.i.m.ClassInfoMapper.selectById - <==      Total: 1
2026-07-06 10:50:45.246 [http-nio-8080-exec-5] INFO  [traceId=bbfe66cb99e449e6af3274a86a37d25d userId=21 role=1] com.kg.interceptor.TraceIdFilter - HTTP_REQUEST_END method=GET uri=/study-phase/calendar status=200 cost=50ms responseBody={"code":200,"message":"查询成功","data":[{"id":1,"phaseTitle":"测试阶段","phaseContent":"这是一条描述","startDate":"2026-07-01","endDate":"2026-07-03","displayColor":"#ee6262","status":1,"classIds":[8,9,10],"classNames":["1班","2班","线上学习1班"],"createTime":"2026-07-02 21:13:33"},{"id":2,"phaseTitle":"测试阶段2","phaseContent":"这是测试阶段2的描述","startDate":"2026-07-02","endDate":"2026-07-09","displayColor":"#6367d4","status":1,"classIds":[8],"classNames":["1班"],"createTime":"2026-07-02 21:23:49"}]}
2026-07-06 10:52:00.386 [http-nio-8080-exec-1] INFO  [traceId=cfc67ede236044dbbf011157af625b74 userId= role=] com.kg.interceptor.TraceIdFilter - HTTP_REQUEST_START method=GET uri=/dict/group/task_type query=null requestBody= ip=0:0:0:0:0:0:0:1 userAgent=Mozilla/5.0 (Windows NT 10.0; Win64; x64) AppleWebKit/537.36 (KHTML, like Gecko) Chrome/123.0.0.0 Safari/537.36
2026-07-06 10:52:00.392 [http-nio-8080-exec-1] DEBUG [traceId=cfc67ede236044dbbf011157af625b74 userId= role=] c.k.i.m.SysUserMapper.selectById - ==>  Preparing: SELECT id,account,name,password,role,gender,email,phone,openid,description,teacher_remark,class_id,status,create_by,create_time,update_by,update_time FROM sys_user WHERE id=?
2026-07-06 10:52:00.392 [http-nio-8080-exec-1] DEBUG [traceId=cfc67ede236044dbbf011157af625b74 userId= role=] c.k.i.m.SysUserMapper.selectById - ==> Parameters: 21(Long)
2026-07-06 10:52:00.393 [http-nio-8080-exec-1] DEBUG [traceId=cfc67ede236044dbbf011157af625b74 userId= role=] c.k.i.m.SysUserMapper.selectById - <==      Total: 1
2026-07-06 10:52:00.403 [http-nio-8080-exec-1] DEBUG [traceId=cfc67ede236044dbbf011157af625b74 userId=21 role=1] c.k.i.mapper.DictMapper.selectList - ==>  Preparing: SELECT id,dict_code,dict_name,dict_label,dict_value,display_color,sort_no,status,create_by,create_time,update_by,update_time FROM sys_dict WHERE (dict_code = ?) ORDER BY sort_no ASC
2026-07-06 10:52:00.404 [http-nio-8080-exec-1] DEBUG [traceId=cfc67ede236044dbbf011157af625b74 userId=21 role=1] c.k.i.mapper.DictMapper.selectList - ==> Parameters: task_type(String)
2026-07-06 10:52:00.409 [http-nio-8080-exec-1] DEBUG [traceId=cfc67ede236044dbbf011157af625b74 userId=21 role=1] c.k.i.mapper.DictMapper.selectList - <==      Total: 4
2026-07-06 10:52:00.412 [http-nio-8080-exec-1] INFO  [traceId=cfc67ede236044dbbf011157af625b74 userId=21 role=1] com.kg.interceptor.TraceIdFilter - HTTP_REQUEST_END method=GET uri=/dict/group/task_type status=200 cost=26ms responseBody={"code":200,"message":"查询成功","data":{"dictCode":"task_type","dictName":"任务类型","items":[{"dictValue":"0","dictLabel":"刷题","sortNo":0,"status":1,"displayColor":"#ff6f00"},{"dictValue":"1","dictLabel":"学习","sortNo":1,"status":1,"displayColor":"#f7ff00"},{"dictValue":"2","dictLabel":"打卡","sortNo":2,"status":1,"displayColor":"#66ff00"},{"dictValue":"3","dictLabel":"每日复盘","sortNo":3,"status":1,"displayColor":"#00bfff"}]}}
2026-07-06 10:52:00.421 [http-nio-8080-exec-6] INFO  [traceId=b81addab6f5f41dab26bd014f90bcdf2 userId= role=] com.kg.interceptor.TraceIdFilter - HTTP_REQUEST_START method=POST uri=/task-template/page query=null requestBody={"pageNum":1,"pageSize":10} ip=0:0:0:0:0:0:0:1 userAgent=Mozilla/5.0 (Windows NT 10.0; Win64; x64) AppleWebKit/537.36 (KHTML, like Gecko) Chrome/123.0.0.0 Safari/537.36
2026-07-06 10:52:00.424 [http-nio-8080-exec-6] DEBUG [traceId=b81addab6f5f41dab26bd014f90bcdf2 userId= role=] c.k.i.m.SysUserMapper.selectById - ==>  Preparing: SELECT id,account,name,password,role,gender,email,phone,openid,description,teacher_remark,class_id,status,create_by,create_time,update_by,update_time FROM sys_user WHERE id=?
2026-07-06 10:52:00.424 [http-nio-8080-exec-6] DEBUG [traceId=b81addab6f5f41dab26bd014f90bcdf2 userId= role=] c.k.i.m.SysUserMapper.selectById - ==> Parameters: 21(Long)
2026-07-06 10:52:00.426 [http-nio-8080-exec-6] DEBUG [traceId=b81addab6f5f41dab26bd014f90bcdf2 userId= role=] c.k.i.m.SysUserMapper.selectById - <==      Total: 1
2026-07-06 10:52:00.504 [http-nio-8080-exec-6] DEBUG [traceId=b81addab6f5f41dab26bd014f90bcdf2 userId=21 role=1] c.k.i.m.T.selectCount - ==>  Preparing: SELECT COUNT( * ) AS total FROM task_template
2026-07-06 10:52:00.504 [http-nio-8080-exec-6] DEBUG [traceId=b81addab6f5f41dab26bd014f90bcdf2 userId=21 role=1] c.k.i.m.T.selectCount - ==> Parameters: 
2026-07-06 10:52:00.512 [http-nio-8080-exec-6] DEBUG [traceId=b81addab6f5f41dab26bd014f90bcdf2 userId=21 role=1] c.k.i.m.T.selectCount - <==      Total: 1
2026-07-06 10:52:00.513 [http-nio-8080-exec-6] DEBUG [traceId=b81addab6f5f41dab26bd014f90bcdf2 userId=21 role=1] c.k.i.m.T.selectList - ==>  Preparing: SELECT id,template_name,task_type,is_mandatory,task_description,default_priority,create_by,create_time,update_by,update_time FROM task_template ORDER BY id DESC LIMIT 0,10
2026-07-06 10:52:00.514 [http-nio-8080-exec-6] DEBUG [traceId=b81addab6f5f41dab26bd014f90bcdf2 userId=21 role=1] c.k.i.m.T.selectList - ==> Parameters: 
2026-07-06 10:52:00.515 [http-nio-8080-exec-6] DEBUG [traceId=b81addab6f5f41dab26bd014f90bcdf2 userId=21 role=1] c.k.i.m.T.selectList - <==      Total: 3
2026-07-06 10:52:00.518 [http-nio-8080-exec-6] INFO  [traceId=b81addab6f5f41dab26bd014f90bcdf2 userId=21 role=1] com.kg.interceptor.TraceIdFilter - HTTP_REQUEST_END method=POST uri=/task-template/page status=200 cost=97ms responseBody={"code":200,"message":"查询成功","data":{"total":3,"list":[{"id":6,"templateName":"2026真题","taskType":"0","isMandatory":1,"taskDescription":"真题模拟","defaultPriority":1,"createTime":"2026-06-09 21:45:43"},{"id":5,"templateName":"20260608","taskType":"2","isMandatory":1,"taskDescription":"做2026年国考","defaultPriority":1,"createTime":"2026-06-08 10:52:36"},{"id":4,"templateName":"模板任务1","taskType":"0","isMandatory":1,"taskDescription":"","defaultPriority":1,"createTime":"2026-06-01 00:27:11"}]}}
2026-07-06 10:52:01.159 [http-nio-8080-exec-7] INFO  [traceId=31ce03ea1306496c803953230fcf5daf userId= role=] com.kg.interceptor.TraceIdFilter - HTTP_REQUEST_START method=GET uri=/dict/group/task_type query=null requestBody= ip=0:0:0:0:0:0:0:1 userAgent=Mozilla/5.0 (Windows NT 10.0; Win64; x64) AppleWebKit/537.36 (KHTML, like Gecko) Chrome/123.0.0.0 Safari/537.36
2026-07-06 10:52:01.162 [http-nio-8080-exec-7] DEBUG [traceId=31ce03ea1306496c803953230fcf5daf userId= role=] c.k.i.m.SysUserMapper.selectById - ==>  Preparing: SELECT id,account,name,password,role,gender,email,phone,openid,description,teacher_remark,class_id,status,create_by,create_time,update_by,update_time FROM sys_user WHERE id=?
2026-07-06 10:52:01.163 [http-nio-8080-exec-7] DEBUG [traceId=31ce03ea1306496c803953230fcf5daf userId= role=] c.k.i.m.SysUserMapper.selectById - ==> Parameters: 21(Long)
2026-07-06 10:52:01.164 [http-nio-8080-exec-7] DEBUG [traceId=31ce03ea1306496c803953230fcf5daf userId= role=] c.k.i.m.SysUserMapper.selectById - <==      Total: 1
2026-07-06 10:52:01.165 [http-nio-8080-exec-7] DEBUG [traceId=31ce03ea1306496c803953230fcf5daf userId=21 role=1] c.k.i.mapper.DictMapper.selectList - ==>  Preparing: SELECT id,dict_code,dict_name,dict_label,dict_value,display_color,sort_no,status,create_by,create_time,update_by,update_time FROM sys_dict WHERE (dict_code = ?) ORDER BY sort_no ASC
2026-07-06 10:52:01.166 [http-nio-8080-exec-7] DEBUG [traceId=31ce03ea1306496c803953230fcf5daf userId=21 role=1] c.k.i.mapper.DictMapper.selectList - ==> Parameters: task_type(String)
2026-07-06 10:52:01.167 [http-nio-8080-exec-7] DEBUG [traceId=31ce03ea1306496c803953230fcf5daf userId=21 role=1] c.k.i.mapper.DictMapper.selectList - <==      Total: 4
2026-07-06 10:52:01.167 [http-nio-8080-exec-7] INFO  [traceId=31ce03ea1306496c803953230fcf5daf userId=21 role=1] com.kg.interceptor.TraceIdFilter - HTTP_REQUEST_END method=GET uri=/dict/group/task_type status=200 cost=8ms responseBody={"code":200,"message":"查询成功","data":{"dictCode":"task_type","dictName":"任务类型","items":[{"dictValue":"0","dictLabel":"刷题","sortNo":0,"status":1,"displayColor":"#ff6f00"},{"dictValue":"1","dictLabel":"学习","sortNo":1,"status":1,"displayColor":"#f7ff00"},{"dictValue":"2","dictLabel":"打卡","sortNo":2,"status":1,"displayColor":"#66ff00"},{"dictValue":"3","dictLabel":"每日复盘","sortNo":3,"status":1,"displayColor":"#00bfff"}]}}
2026-07-06 10:52:01.202 [http-nio-8080-exec-10] INFO  [traceId=53c626a5af924cd0b1e9be7f029a47d3 userId= role=] com.kg.interceptor.TraceIdFilter - HTTP_REQUEST_START method=GET uri=/class/options query=null requestBody= ip=0:0:0:0:0:0:0:1 userAgent=Mozilla/5.0 (Windows NT 10.0; Win64; x64) AppleWebKit/537.36 (KHTML, like Gecko) Chrome/123.0.0.0 Safari/537.36
2026-07-06 10:52:01.202 [http-nio-8080-exec-8] INFO  [traceId=d7f92d1658134a1b8f27bd917b12fd6b userId= role=] com.kg.interceptor.TraceIdFilter - HTTP_REQUEST_START method=POST uri=/task/page query=null requestBody={"pageNum":1,"pageSize":10} ip=0:0:0:0:0:0:0:1 userAgent=Mozilla/5.0 (Windows NT 10.0; Win64; x64) AppleWebKit/537.36 (KHTML, like Gecko) Chrome/123.0.0.0 Safari/537.36
2026-07-06 10:52:01.202 [http-nio-8080-exec-9] INFO  [traceId=202e1eea5e354473a18bfeb0c2963e00 userId= role=] com.kg.interceptor.TraceIdFilter - HTTP_REQUEST_START method=GET uri=/class/student-options query=null requestBody= ip=0:0:0:0:0:0:0:1 userAgent=Mozilla/5.0 (Windows NT 10.0; Win64; x64) AppleWebKit/537.36 (KHTML, like Gecko) Chrome/123.0.0.0 Safari/537.36
2026-07-06 10:52:01.207 [http-nio-8080-exec-10] DEBUG [traceId=53c626a5af924cd0b1e9be7f029a47d3 userId= role=] c.k.i.m.SysUserMapper.selectById - ==>  Preparing: SELECT id,account,name,password,role,gender,email,phone,openid,description,teacher_remark,class_id,status,create_by,create_time,update_by,update_time FROM sys_user WHERE id=?
2026-07-06 10:52:01.207 [http-nio-8080-exec-9] DEBUG [traceId=202e1eea5e354473a18bfeb0c2963e00 userId= role=] c.k.i.m.SysUserMapper.selectById - ==>  Preparing: SELECT id,account,name,password,role,gender,email,phone,openid,description,teacher_remark,class_id,status,create_by,create_time,update_by,update_time FROM sys_user WHERE id=?
2026-07-06 10:52:01.207 [http-nio-8080-exec-8] DEBUG [traceId=d7f92d1658134a1b8f27bd917b12fd6b userId= role=] c.k.i.m.SysUserMapper.selectById - ==>  Preparing: SELECT id,account,name,password,role,gender,email,phone,openid,description,teacher_remark,class_id,status,create_by,create_time,update_by,update_time FROM sys_user WHERE id=?
2026-07-06 10:52:01.208 [http-nio-8080-exec-10] DEBUG [traceId=53c626a5af924cd0b1e9be7f029a47d3 userId= role=] c.k.i.m.SysUserMapper.selectById - ==> Parameters: 21(Long)
2026-07-06 10:52:01.208 [http-nio-8080-exec-9] DEBUG [traceId=202e1eea5e354473a18bfeb0c2963e00 userId= role=] c.k.i.m.SysUserMapper.selectById - ==> Parameters: 21(Long)
2026-07-06 10:52:01.208 [http-nio-8080-exec-8] DEBUG [traceId=d7f92d1658134a1b8f27bd917b12fd6b userId= role=] c.k.i.m.SysUserMapper.selectById - ==> Parameters: 21(Long)
2026-07-06 10:52:01.208 [http-nio-8080-exec-10] DEBUG [traceId=53c626a5af924cd0b1e9be7f029a47d3 userId= role=] c.k.i.m.SysUserMapper.selectById - <==      Total: 1
2026-07-06 10:52:01.210 [http-nio-8080-exec-9] DEBUG [traceId=202e1eea5e354473a18bfeb0c2963e00 userId= role=] c.k.i.m.SysUserMapper.selectById - <==      Total: 1
2026-07-06 10:52:01.211 [http-nio-8080-exec-10] DEBUG [traceId=53c626a5af924cd0b1e9be7f029a47d3 userId=21 role=1] c.k.i.m.ClassInfoMapper.selectList - ==>  Preparing: SELECT id,class_name,description,status,create_by,create_time,update_by,update_time FROM class_info WHERE (status = ?) ORDER BY class_name ASC
2026-07-06 10:52:01.211 [http-nio-8080-exec-10] DEBUG [traceId=53c626a5af924cd0b1e9be7f029a47d3 userId=21 role=1] c.k.i.m.ClassInfoMapper.selectList - ==> Parameters: 1(Integer)
2026-07-06 10:52:01.212 [http-nio-8080-exec-10] DEBUG [traceId=53c626a5af924cd0b1e9be7f029a47d3 userId=21 role=1] c.k.i.m.ClassInfoMapper.selectList - <==      Total: 3
2026-07-06 10:52:01.212 [http-nio-8080-exec-8] DEBUG [traceId=d7f92d1658134a1b8f27bd917b12fd6b userId= role=] c.k.i.m.SysUserMapper.selectById - <==      Total: 1
2026-07-06 10:52:01.214 [http-nio-8080-exec-10] INFO  [traceId=53c626a5af924cd0b1e9be7f029a47d3 userId=21 role=1] com.kg.interceptor.TraceIdFilter - HTTP_REQUEST_END method=GET uri=/class/options status=200 cost=12ms responseBody={"code":200,"message":"查询成功","data":[{"id":8,"className":"1班"},{"id":9,"className":"2班"},{"id":10,"className":"线上学习1班"}]}
2026-07-06 10:52:01.216 [http-nio-8080-exec-9] DEBUG [traceId=202e1eea5e354473a18bfeb0c2963e00 userId=21 role=1] c.k.i.m.SysUserMapper.selectList - ==>  Preparing: SELECT id,account,name,password,role,gender,email,phone,openid,description,teacher_remark,class_id,status,create_by,create_time,update_by,update_time FROM sys_user WHERE (role IN (?,?) AND status = ?)
2026-07-06 10:52:01.216 [http-nio-8080-exec-9] DEBUG [traceId=202e1eea5e354473a18bfeb0c2963e00 userId=21 role=1] c.k.i.m.SysUserMapper.selectList - ==> Parameters: 2(String), 3(String), 1(Integer)
2026-07-06 10:52:01.222 [http-nio-8080-exec-9] DEBUG [traceId=202e1eea5e354473a18bfeb0c2963e00 userId=21 role=1] c.k.i.m.SysUserMapper.selectList - <==      Total: 11
2026-07-06 10:52:01.225 [http-nio-8080-exec-9] INFO  [traceId=202e1eea5e354473a18bfeb0c2963e00 userId=21 role=1] com.kg.interceptor.TraceIdFilter - HTTP_REQUEST_END method=GET uri=/class/student-options status=200 cost=23ms responseBody={"code":200,"message":"查询成功","data":[{"id":23,"name":"张三","classId":8},{"id":24,"name":"李四","classId":9},{"id":25,"name":"王五","classId":8},{"id":26,"name":"赵六","classId":9},{"id":27,"name":"赵七","classId":null},{"id":28,"name":"赵八","classId":8},{"id":29,"name":"杨少伟","classId":8},{"id":30,"name":"测试新增用户任务","classId":8},{"id":31,"name":"11","classId":8},{"id":32,"name":"11","classId":8},{"id":33,"name":"五四","classId":10}]}
2026-07-06 10:52:01.228 [http-nio-8080-exec-8] DEBUG [traceId=d7f92d1658134a1b8f27bd917b12fd6b userId=21 role=1] c.k.i.mapper.TaskMapper.selectList - ==>  Preparing: SELECT id,task_name,task_type,template_id,round_no,is_mandatory,task_description,task_start_time,task_end_time,priority,class_id,target_type,target_ids,plan_id,plan_date,is_repeat_task,status,create_by,create_time,update_by,update_time FROM task WHERE ((status = ? OR status IS NULL)) ORDER BY id DESC LIMIT 0,10
2026-07-06 10:52:01.229 [http-nio-8080-exec-8] DEBUG [traceId=d7f92d1658134a1b8f27bd917b12fd6b userId=21 role=1] c.k.i.mapper.TaskMapper.selectList - ==> Parameters: 1(Integer)
2026-07-06 10:52:01.230 [http-nio-8080-exec-8] DEBUG [traceId=d7f92d1658134a1b8f27bd917b12fd6b userId=21 role=1] c.k.i.mapper.TaskMapper.selectList - <==      Total: 10
2026-07-06 10:52:01.232 [http-nio-8080-exec-8] DEBUG [traceId=d7f92d1658134a1b8f27bd917b12fd6b userId=21 role=1] c.k.i.mapper.TaskMapper.selectCount - ==>  Preparing: SELECT COUNT( * ) AS total FROM task WHERE ((status = ? OR status IS NULL))
2026-07-06 10:52:01.233 [http-nio-8080-exec-8] DEBUG [traceId=d7f92d1658134a1b8f27bd917b12fd6b userId=21 role=1] c.k.i.mapper.TaskMapper.selectCount - ==> Parameters: 1(Integer)
2026-07-06 10:52:01.233 [http-nio-8080-exec-8] DEBUG [traceId=d7f92d1658134a1b8f27bd917b12fd6b userId=21 role=1] c.k.i.mapper.TaskMapper.selectCount - <==      Total: 1
2026-07-06 10:52:01.238 [http-nio-8080-exec-8] DEBUG [traceId=d7f92d1658134a1b8f27bd917b12fd6b userId=21 role=1] c.k.i.m.TaskUserMapper.selectList - ==>  Preparing: SELECT id,task_id,user_id,status,start_time,finish_time,duration_minutes,remark,total_score,submit_time,create_by,create_time,update_by,update_time FROM task_user WHERE (task_id = ?)
2026-07-06 10:52:01.239 [http-nio-8080-exec-8] DEBUG [traceId=d7f92d1658134a1b8f27bd917b12fd6b userId=21 role=1] c.k.i.m.TaskUserMapper.selectList - ==> Parameters: 97(Long)
2026-07-06 10:52:01.245 [http-nio-8080-exec-8] DEBUG [traceId=d7f92d1658134a1b8f27bd917b12fd6b userId=21 role=1] c.k.i.m.TaskUserMapper.selectList - <==      Total: 11
2026-07-06 10:52:01.247 [http-nio-8080-exec-8] DEBUG [traceId=d7f92d1658134a1b8f27bd917b12fd6b userId=21 role=1] c.k.i.m.ClassInfoMapper.selectById - ==>  Preparing: SELECT id,class_name,description,status,create_by,create_time,update_by,update_time FROM class_info WHERE id=?
2026-07-06 10:52:01.248 [http-nio-8080-exec-8] DEBUG [traceId=d7f92d1658134a1b8f27bd917b12fd6b userId=21 role=1] c.k.i.m.ClassInfoMapper.selectById - ==> Parameters: 8(Long)
2026-07-06 10:52:01.252 [http-nio-8080-exec-8] DEBUG [traceId=d7f92d1658134a1b8f27bd917b12fd6b userId=21 role=1] c.k.i.m.ClassInfoMapper.selectById - <==      Total: 1
2026-07-06 10:52:01.252 [http-nio-8080-exec-8] DEBUG [traceId=d7f92d1658134a1b8f27bd917b12fd6b userId=21 role=1] c.k.i.m.ClassInfoMapper.selectById - ==>  Preparing: SELECT id,class_name,description,status,create_by,create_time,update_by,update_time FROM class_info WHERE id=?
2026-07-06 10:52:01.253 [http-nio-8080-exec-8] DEBUG [traceId=d7f92d1658134a1b8f27bd917b12fd6b userId=21 role=1] c.k.i.m.ClassInfoMapper.selectById - ==> Parameters: 9(Long)
2026-07-06 10:52:01.253 [http-nio-8080-exec-8] DEBUG [traceId=d7f92d1658134a1b8f27bd917b12fd6b userId=21 role=1] c.k.i.m.ClassInfoMapper.selectById - <==      Total: 1
2026-07-06 10:52:01.254 [http-nio-8080-exec-8] DEBUG [traceId=d7f92d1658134a1b8f27bd917b12fd6b userId=21 role=1] c.k.i.m.ClassInfoMapper.selectById - ==>  Preparing: SELECT id,class_name,description,status,create_by,create_time,update_by,update_time FROM class_info WHERE id=?
2026-07-06 10:52:01.254 [http-nio-8080-exec-8] DEBUG [traceId=d7f92d1658134a1b8f27bd917b12fd6b userId=21 role=1] c.k.i.m.ClassInfoMapper.selectById - ==> Parameters: 10(Long)
2026-07-06 10:52:01.256 [http-nio-8080-exec-8] DEBUG [traceId=d7f92d1658134a1b8f27bd917b12fd6b userId=21 role=1] c.k.i.m.ClassInfoMapper.selectById - <==      Total: 1
2026-07-06 10:52:01.257 [http-nio-8080-exec-8] DEBUG [traceId=d7f92d1658134a1b8f27bd917b12fd6b userId=21 role=1] c.k.i.m.TaskUserMapper.selectList - ==>  Preparing: SELECT id,task_id,user_id,status,start_time,finish_time,duration_minutes,remark,total_score,submit_time,create_by,create_time,update_by,update_time FROM task_user WHERE (task_id = ?)
2026-07-06 10:52:01.257 [http-nio-8080-exec-8] DEBUG [traceId=d7f92d1658134a1b8f27bd917b12fd6b userId=21 role=1] c.k.i.m.TaskUserMapper.selectList - ==> Parameters: 96(Long)
2026-07-06 10:52:01.260 [http-nio-8080-exec-8] DEBUG [traceId=d7f92d1658134a1b8f27bd917b12fd6b userId=21 role=1] c.k.i.m.TaskUserMapper.selectList - <==      Total: 11
2026-07-06 10:52:01.260 [http-nio-8080-exec-8] DEBUG [traceId=d7f92d1658134a1b8f27bd917b12fd6b userId=21 role=1] c.k.i.m.ClassInfoMapper.selectById - ==>  Preparing: SELECT id,class_name,description,status,create_by,create_time,update_by,update_time FROM class_info WHERE id=?
2026-07-06 10:52:01.260 [http-nio-8080-exec-8] DEBUG [traceId=d7f92d1658134a1b8f27bd917b12fd6b userId=21 role=1] c.k.i.m.ClassInfoMapper.selectById - ==> Parameters: 8(Long)
2026-07-06 10:52:01.261 [http-nio-8080-exec-8] DEBUG [traceId=d7f92d1658134a1b8f27bd917b12fd6b userId=21 role=1] c.k.i.m.ClassInfoMapper.selectById - <==      Total: 1
2026-07-06 10:52:01.261 [http-nio-8080-exec-8] DEBUG [traceId=d7f92d1658134a1b8f27bd917b12fd6b userId=21 role=1] c.k.i.m.ClassInfoMapper.selectById - ==>  Preparing: SELECT id,class_name,description,status,create_by,create_time,update_by,update_time FROM class_info WHERE id=?
2026-07-06 10:52:01.263 [http-nio-8080-exec-8] DEBUG [traceId=d7f92d1658134a1b8f27bd917b12fd6b userId=21 role=1] c.k.i.m.ClassInfoMapper.selectById - ==> Parameters: 9(Long)
2026-07-06 10:52:01.264 [http-nio-8080-exec-8] DEBUG [traceId=d7f92d1658134a1b8f27bd917b12fd6b userId=21 role=1] c.k.i.m.ClassInfoMapper.selectById - <==      Total: 1
2026-07-06 10:52:01.264 [http-nio-8080-exec-8] DEBUG [traceId=d7f92d1658134a1b8f27bd917b12fd6b userId=21 role=1] c.k.i.m.ClassInfoMapper.selectById - ==>  Preparing: SELECT id,class_name,description,status,create_by,create_time,update_by,update_time FROM class_info WHERE id=?
2026-07-06 10:52:01.264 [http-nio-8080-exec-8] DEBUG [traceId=d7f92d1658134a1b8f27bd917b12fd6b userId=21 role=1] c.k.i.m.ClassInfoMapper.selectById - ==> Parameters: 10(Long)
2026-07-06 10:52:01.266 [http-nio-8080-exec-8] DEBUG [traceId=d7f92d1658134a1b8f27bd917b12fd6b userId=21 role=1] c.k.i.m.ClassInfoMapper.selectById - <==      Total: 1
2026-07-06 10:52:01.267 [http-nio-8080-exec-8] DEBUG [traceId=d7f92d1658134a1b8f27bd917b12fd6b userId=21 role=1] c.k.i.m.TaskUserMapper.selectList - ==>  Preparing: SELECT id,task_id,user_id,status,start_time,finish_time,duration_minutes,remark,total_score,submit_time,create_by,create_time,update_by,update_time FROM task_user WHERE (task_id = ?)
2026-07-06 10:52:01.267 [http-nio-8080-exec-8] DEBUG [traceId=d7f92d1658134a1b8f27bd917b12fd6b userId=21 role=1] c.k.i.m.TaskUserMapper.selectList - ==> Parameters: 95(Long)
2026-07-06 10:52:01.268 [http-nio-8080-exec-8] DEBUG [traceId=d7f92d1658134a1b8f27bd917b12fd6b userId=21 role=1] c.k.i.m.TaskUserMapper.selectList - <==      Total: 11
2026-07-06 10:52:01.269 [http-nio-8080-exec-8] DEBUG [traceId=d7f92d1658134a1b8f27bd917b12fd6b userId=21 role=1] c.k.i.m.ClassInfoMapper.selectById - ==>  Preparing: SELECT id,class_name,description,status,create_by,create_time,update_by,update_time FROM class_info WHERE id=?
2026-07-06 10:52:01.269 [http-nio-8080-exec-8] DEBUG [traceId=d7f92d1658134a1b8f27bd917b12fd6b userId=21 role=1] c.k.i.m.ClassInfoMapper.selectById - ==> Parameters: 8(Long)
2026-07-06 10:52:01.270 [http-nio-8080-exec-8] DEBUG [traceId=d7f92d1658134a1b8f27bd917b12fd6b userId=21 role=1] c.k.i.m.ClassInfoMapper.selectById - <==      Total: 1
2026-07-06 10:52:01.270 [http-nio-8080-exec-8] DEBUG [traceId=d7f92d1658134a1b8f27bd917b12fd6b userId=21 role=1] c.k.i.m.ClassInfoMapper.selectById - ==>  Preparing: SELECT id,class_name,description,status,create_by,create_time,update_by,update_time FROM class_info WHERE id=?
2026-07-06 10:52:01.270 [http-nio-8080-exec-8] DEBUG [traceId=d7f92d1658134a1b8f27bd917b12fd6b userId=21 role=1] c.k.i.m.ClassInfoMapper.selectById - ==> Parameters: 9(Long)
2026-07-06 10:52:01.271 [http-nio-8080-exec-8] DEBUG [traceId=d7f92d1658134a1b8f27bd917b12fd6b userId=21 role=1] c.k.i.m.ClassInfoMapper.selectById - <==      Total: 1
2026-07-06 10:52:01.271 [http-nio-8080-exec-8] DEBUG [traceId=d7f92d1658134a1b8f27bd917b12fd6b userId=21 role=1] c.k.i.m.ClassInfoMapper.selectById - ==>  Preparing: SELECT id,class_name,description,status,create_by,create_time,update_by,update_time FROM class_info WHERE id=?
2026-07-06 10:52:01.272 [http-nio-8080-exec-8] DEBUG [traceId=d7f92d1658134a1b8f27bd917b12fd6b userId=21 role=1] c.k.i.m.ClassInfoMapper.selectById - ==> Parameters: 10(Long)
2026-07-06 10:52:01.272 [http-nio-8080-exec-8] DEBUG [traceId=d7f92d1658134a1b8f27bd917b12fd6b userId=21 role=1] c.k.i.m.ClassInfoMapper.selectById - <==      Total: 1
2026-07-06 10:52:01.273 [http-nio-8080-exec-8] DEBUG [traceId=d7f92d1658134a1b8f27bd917b12fd6b userId=21 role=1] c.k.i.m.TaskUserMapper.selectList - ==>  Preparing: SELECT id,task_id,user_id,status,start_time,finish_time,duration_minutes,remark,total_score,submit_time,create_by,create_time,update_by,update_time FROM task_user WHERE (task_id = ?)
2026-07-06 10:52:01.273 [http-nio-8080-exec-8] DEBUG [traceId=d7f92d1658134a1b8f27bd917b12fd6b userId=21 role=1] c.k.i.m.TaskUserMapper.selectList - ==> Parameters: 94(Long)
2026-07-06 10:52:01.275 [http-nio-8080-exec-8] DEBUG [traceId=d7f92d1658134a1b8f27bd917b12fd6b userId=21 role=1] c.k.i.m.TaskUserMapper.selectList - <==      Total: 11
2026-07-06 10:52:01.275 [http-nio-8080-exec-8] DEBUG [traceId=d7f92d1658134a1b8f27bd917b12fd6b userId=21 role=1] c.k.i.m.ClassInfoMapper.selectById - ==>  Preparing: SELECT id,class_name,description,status,create_by,create_time,update_by,update_time FROM class_info WHERE id=?
2026-07-06 10:52:01.276 [http-nio-8080-exec-8] DEBUG [traceId=d7f92d1658134a1b8f27bd917b12fd6b userId=21 role=1] c.k.i.m.ClassInfoMapper.selectById - ==> Parameters: 8(Long)
2026-07-06 10:52:01.277 [http-nio-8080-exec-8] DEBUG [traceId=d7f92d1658134a1b8f27bd917b12fd6b userId=21 role=1] c.k.i.m.ClassInfoMapper.selectById - <==      Total: 1
2026-07-06 10:52:01.277 [http-nio-8080-exec-8] DEBUG [traceId=d7f92d1658134a1b8f27bd917b12fd6b userId=21 role=1] c.k.i.m.ClassInfoMapper.selectById - ==>  Preparing: SELECT id,class_name,description,status,create_by,create_time,update_by,update_time FROM class_info WHERE id=?
2026-07-06 10:52:01.277 [http-nio-8080-exec-8] DEBUG [traceId=d7f92d1658134a1b8f27bd917b12fd6b userId=21 role=1] c.k.i.m.ClassInfoMapper.selectById - ==> Parameters: 9(Long)
2026-07-06 10:52:01.278 [http-nio-8080-exec-8] DEBUG [traceId=d7f92d1658134a1b8f27bd917b12fd6b userId=21 role=1] c.k.i.m.ClassInfoMapper.selectById - <==      Total: 1
2026-07-06 10:52:01.278 [http-nio-8080-exec-8] DEBUG [traceId=d7f92d1658134a1b8f27bd917b12fd6b userId=21 role=1] c.k.i.m.ClassInfoMapper.selectById - ==>  Preparing: SELECT id,class_name,description,status,create_by,create_time,update_by,update_time FROM class_info WHERE id=?
2026-07-06 10:52:01.278 [http-nio-8080-exec-8] DEBUG [traceId=d7f92d1658134a1b8f27bd917b12fd6b userId=21 role=1] c.k.i.m.ClassInfoMapper.selectById - ==> Parameters: 10(Long)
2026-07-06 10:52:01.279 [http-nio-8080-exec-8] DEBUG [traceId=d7f92d1658134a1b8f27bd917b12fd6b userId=21 role=1] c.k.i.m.ClassInfoMapper.selectById - <==      Total: 1
2026-07-06 10:52:01.280 [http-nio-8080-exec-8] DEBUG [traceId=d7f92d1658134a1b8f27bd917b12fd6b userId=21 role=1] c.k.i.m.TaskUserMapper.selectList - ==>  Preparing: SELECT id,task_id,user_id,status,start_time,finish_time,duration_minutes,remark,total_score,submit_time,create_by,create_time,update_by,update_time FROM task_user WHERE (task_id = ?)
2026-07-06 10:52:01.280 [http-nio-8080-exec-8] DEBUG [traceId=d7f92d1658134a1b8f27bd917b12fd6b userId=21 role=1] c.k.i.m.TaskUserMapper.selectList - ==> Parameters: 93(Long)
2026-07-06 10:52:01.281 [http-nio-8080-exec-8] DEBUG [traceId=d7f92d1658134a1b8f27bd917b12fd6b userId=21 role=1] c.k.i.m.TaskUserMapper.selectList - <==      Total: 11
2026-07-06 10:52:01.281 [http-nio-8080-exec-8] DEBUG [traceId=d7f92d1658134a1b8f27bd917b12fd6b userId=21 role=1] c.k.i.m.ClassInfoMapper.selectById - ==>  Preparing: SELECT id,class_name,description,status,create_by,create_time,update_by,update_time FROM class_info WHERE id=?
2026-07-06 10:52:01.281 [http-nio-8080-exec-8] DEBUG [traceId=d7f92d1658134a1b8f27bd917b12fd6b userId=21 role=1] c.k.i.m.ClassInfoMapper.selectById - ==> Parameters: 8(Long)
2026-07-06 10:52:01.282 [http-nio-8080-exec-8] DEBUG [traceId=d7f92d1658134a1b8f27bd917b12fd6b userId=21 role=1] c.k.i.m.ClassInfoMapper.selectById - <==      Total: 1
2026-07-06 10:52:01.282 [http-nio-8080-exec-8] DEBUG [traceId=d7f92d1658134a1b8f27bd917b12fd6b userId=21 role=1] c.k.i.m.ClassInfoMapper.selectById - ==>  Preparing: SELECT id,class_name,description,status,create_by,create_time,update_by,update_time FROM class_info WHERE id=?
2026-07-06 10:52:01.282 [http-nio-8080-exec-8] DEBUG [traceId=d7f92d1658134a1b8f27bd917b12fd6b userId=21 role=1] c.k.i.m.ClassInfoMapper.selectById - ==> Parameters: 9(Long)
2026-07-06 10:52:01.284 [http-nio-8080-exec-8] DEBUG [traceId=d7f92d1658134a1b8f27bd917b12fd6b userId=21 role=1] c.k.i.m.ClassInfoMapper.selectById - <==      Total: 1
2026-07-06 10:52:01.284 [http-nio-8080-exec-8] DEBUG [traceId=d7f92d1658134a1b8f27bd917b12fd6b userId=21 role=1] c.k.i.m.ClassInfoMapper.selectById - ==>  Preparing: SELECT id,class_name,description,status,create_by,create_time,update_by,update_time FROM class_info WHERE id=?
2026-07-06 10:52:01.284 [http-nio-8080-exec-8] DEBUG [traceId=d7f92d1658134a1b8f27bd917b12fd6b userId=21 role=1] c.k.i.m.ClassInfoMapper.selectById - ==> Parameters: 10(Long)
2026-07-06 10:52:01.284 [http-nio-8080-exec-8] DEBUG [traceId=d7f92d1658134a1b8f27bd917b12fd6b userId=21 role=1] c.k.i.m.ClassInfoMapper.selectById - <==      Total: 1
2026-07-06 10:52:01.285 [http-nio-8080-exec-8] DEBUG [traceId=d7f92d1658134a1b8f27bd917b12fd6b userId=21 role=1] c.k.i.m.TaskUserMapper.selectList - ==>  Preparing: SELECT id,task_id,user_id,status,start_time,finish_time,duration_minutes,remark,total_score,submit_time,create_by,create_time,update_by,update_time FROM task_user WHERE (task_id = ?)
2026-07-06 10:52:01.285 [http-nio-8080-exec-8] DEBUG [traceId=d7f92d1658134a1b8f27bd917b12fd6b userId=21 role=1] c.k.i.m.TaskUserMapper.selectList - ==> Parameters: 92(Long)
2026-07-06 10:52:01.286 [http-nio-8080-exec-8] DEBUG [traceId=d7f92d1658134a1b8f27bd917b12fd6b userId=21 role=1] c.k.i.m.TaskUserMapper.selectList - <==      Total: 11
2026-07-06 10:52:01.287 [http-nio-8080-exec-8] DEBUG [traceId=d7f92d1658134a1b8f27bd917b12fd6b userId=21 role=1] c.k.i.m.ClassInfoMapper.selectById - ==>  Preparing: SELECT id,class_name,description,status,create_by,create_time,update_by,update_time FROM class_info WHERE id=?
2026-07-06 10:52:01.287 [http-nio-8080-exec-8] DEBUG [traceId=d7f92d1658134a1b8f27bd917b12fd6b userId=21 role=1] c.k.i.m.ClassInfoMapper.selectById - ==> Parameters: 8(Long)
2026-07-06 10:52:01.288 [http-nio-8080-exec-8] DEBUG [traceId=d7f92d1658134a1b8f27bd917b12fd6b userId=21 role=1] c.k.i.m.ClassInfoMapper.selectById - <==      Total: 1
2026-07-06 10:52:01.288 [http-nio-8080-exec-8] DEBUG [traceId=d7f92d1658134a1b8f27bd917b12fd6b userId=21 role=1] c.k.i.m.ClassInfoMapper.selectById - ==>  Preparing: SELECT id,class_name,description,status,create_by,create_time,update_by,update_time FROM class_info WHERE id=?
2026-07-06 10:52:01.288 [http-nio-8080-exec-8] DEBUG [traceId=d7f92d1658134a1b8f27bd917b12fd6b userId=21 role=1] c.k.i.m.ClassInfoMapper.selectById - ==> Parameters: 9(Long)
2026-07-06 10:52:01.289 [http-nio-8080-exec-8] DEBUG [traceId=d7f92d1658134a1b8f27bd917b12fd6b userId=21 role=1] c.k.i.m.ClassInfoMapper.selectById - <==      Total: 1
2026-07-06 10:52:01.289 [http-nio-8080-exec-8] DEBUG [traceId=d7f92d1658134a1b8f27bd917b12fd6b userId=21 role=1] c.k.i.m.ClassInfoMapper.selectById - ==>  Preparing: SELECT id,class_name,description,status,create_by,create_time,update_by,update_time FROM class_info WHERE id=?
2026-07-06 10:52:01.289 [http-nio-8080-exec-8] DEBUG [traceId=d7f92d1658134a1b8f27bd917b12fd6b userId=21 role=1] c.k.i.m.ClassInfoMapper.selectById - ==> Parameters: 10(Long)
2026-07-06 10:52:01.289 [http-nio-8080-exec-8] DEBUG [traceId=d7f92d1658134a1b8f27bd917b12fd6b userId=21 role=1] c.k.i.m.ClassInfoMapper.selectById - <==      Total: 1
2026-07-06 10:52:01.290 [http-nio-8080-exec-8] DEBUG [traceId=d7f92d1658134a1b8f27bd917b12fd6b userId=21 role=1] c.k.i.m.TaskUserMapper.selectList - ==>  Preparing: SELECT id,task_id,user_id,status,start_time,finish_time,duration_minutes,remark,total_score,submit_time,create_by,create_time,update_by,update_time FROM task_user WHERE (task_id = ?)
2026-07-06 10:52:01.291 [http-nio-8080-exec-8] DEBUG [traceId=d7f92d1658134a1b8f27bd917b12fd6b userId=21 role=1] c.k.i.m.TaskUserMapper.selectList - ==> Parameters: 91(Long)
2026-07-06 10:52:01.291 [http-nio-8080-exec-8] DEBUG [traceId=d7f92d1658134a1b8f27bd917b12fd6b userId=21 role=1] c.k.i.m.TaskUserMapper.selectList - <==      Total: 1
2026-07-06 10:52:01.291 [http-nio-8080-exec-8] DEBUG [traceId=d7f92d1658134a1b8f27bd917b12fd6b userId=21 role=1] c.k.i.m.ClassInfoMapper.selectById - ==>  Preparing: SELECT id,class_name,description,status,create_by,create_time,update_by,update_time FROM class_info WHERE id=?
2026-07-06 10:52:01.291 [http-nio-8080-exec-8] DEBUG [traceId=d7f92d1658134a1b8f27bd917b12fd6b userId=21 role=1] c.k.i.m.ClassInfoMapper.selectById - ==> Parameters: 10(Long)
2026-07-06 10:52:01.292 [http-nio-8080-exec-8] DEBUG [traceId=d7f92d1658134a1b8f27bd917b12fd6b userId=21 role=1] c.k.i.m.ClassInfoMapper.selectById - <==      Total: 1
2026-07-06 10:52:01.292 [http-nio-8080-exec-8] DEBUG [traceId=d7f92d1658134a1b8f27bd917b12fd6b userId=21 role=1] c.k.i.m.TaskUserMapper.selectList - ==>  Preparing: SELECT id,task_id,user_id,status,start_time,finish_time,duration_minutes,remark,total_score,submit_time,create_by,create_time,update_by,update_time FROM task_user WHERE (task_id = ?)
2026-07-06 10:52:01.293 [http-nio-8080-exec-8] DEBUG [traceId=d7f92d1658134a1b8f27bd917b12fd6b userId=21 role=1] c.k.i.m.TaskUserMapper.selectList - ==> Parameters: 90(Long)
2026-07-06 10:52:01.293 [http-nio-8080-exec-8] DEBUG [traceId=d7f92d1658134a1b8f27bd917b12fd6b userId=21 role=1] c.k.i.m.TaskUserMapper.selectList - <==      Total: 1
2026-07-06 10:52:01.294 [http-nio-8080-exec-8] DEBUG [traceId=d7f92d1658134a1b8f27bd917b12fd6b userId=21 role=1] c.k.i.m.ClassInfoMapper.selectById - ==>  Preparing: SELECT id,class_name,description,status,create_by,create_time,update_by,update_time FROM class_info WHERE id=?
2026-07-06 10:52:01.294 [http-nio-8080-exec-8] DEBUG [traceId=d7f92d1658134a1b8f27bd917b12fd6b userId=21 role=1] c.k.i.m.ClassInfoMapper.selectById - ==> Parameters: 10(Long)
2026-07-06 10:52:01.294 [http-nio-8080-exec-8] DEBUG [traceId=d7f92d1658134a1b8f27bd917b12fd6b userId=21 role=1] c.k.i.m.ClassInfoMapper.selectById - <==      Total: 1
2026-07-06 10:52:01.295 [http-nio-8080-exec-8] DEBUG [traceId=d7f92d1658134a1b8f27bd917b12fd6b userId=21 role=1] c.k.i.m.TaskUserMapper.selectList - ==>  Preparing: SELECT id,task_id,user_id,status,start_time,finish_time,duration_minutes,remark,total_score,submit_time,create_by,create_time,update_by,update_time FROM task_user WHERE (task_id = ?)
2026-07-06 10:52:01.295 [http-nio-8080-exec-8] DEBUG [traceId=d7f92d1658134a1b8f27bd917b12fd6b userId=21 role=1] c.k.i.m.TaskUserMapper.selectList - ==> Parameters: 89(Long)
2026-07-06 10:52:01.296 [http-nio-8080-exec-8] DEBUG [traceId=d7f92d1658134a1b8f27bd917b12fd6b userId=21 role=1] c.k.i.m.TaskUserMapper.selectList - <==      Total: 10
2026-07-06 10:52:01.296 [http-nio-8080-exec-8] DEBUG [traceId=d7f92d1658134a1b8f27bd917b12fd6b userId=21 role=1] c.k.i.m.ClassInfoMapper.selectById - ==>  Preparing: SELECT id,class_name,description,status,create_by,create_time,update_by,update_time FROM class_info WHERE id=?
2026-07-06 10:52:01.296 [http-nio-8080-exec-8] DEBUG [traceId=d7f92d1658134a1b8f27bd917b12fd6b userId=21 role=1] c.k.i.m.ClassInfoMapper.selectById - ==> Parameters: 8(Long)
2026-07-06 10:52:01.297 [http-nio-8080-exec-8] DEBUG [traceId=d7f92d1658134a1b8f27bd917b12fd6b userId=21 role=1] c.k.i.m.ClassInfoMapper.selectById - <==      Total: 1
2026-07-06 10:52:01.297 [http-nio-8080-exec-8] DEBUG [traceId=d7f92d1658134a1b8f27bd917b12fd6b userId=21 role=1] c.k.i.m.ClassInfoMapper.selectById - ==>  Preparing: SELECT id,class_name,description,status,create_by,create_time,update_by,update_time FROM class_info WHERE id=?
2026-07-06 10:52:01.297 [http-nio-8080-exec-8] DEBUG [traceId=d7f92d1658134a1b8f27bd917b12fd6b userId=21 role=1] c.k.i.m.ClassInfoMapper.selectById - ==> Parameters: 9(Long)
2026-07-06 10:52:01.297 [http-nio-8080-exec-8] DEBUG [traceId=d7f92d1658134a1b8f27bd917b12fd6b userId=21 role=1] c.k.i.m.ClassInfoMapper.selectById - <==      Total: 1
2026-07-06 10:52:01.299 [http-nio-8080-exec-8] DEBUG [traceId=d7f92d1658134a1b8f27bd917b12fd6b userId=21 role=1] c.k.i.m.TaskUserMapper.selectList - ==>  Preparing: SELECT id,task_id,user_id,status,start_time,finish_time,duration_minutes,remark,total_score,submit_time,create_by,create_time,update_by,update_time FROM task_user WHERE (task_id = ?)
2026-07-06 10:52:01.300 [http-nio-8080-exec-8] DEBUG [traceId=d7f92d1658134a1b8f27bd917b12fd6b userId=21 role=1] c.k.i.m.TaskUserMapper.selectList - ==> Parameters: 88(Long)
2026-07-06 10:52:01.300 [http-nio-8080-exec-8] DEBUG [traceId=d7f92d1658134a1b8f27bd917b12fd6b userId=21 role=1] c.k.i.m.TaskUserMapper.selectList - <==      Total: 10
2026-07-06 10:52:01.301 [http-nio-8080-exec-8] DEBUG [traceId=d7f92d1658134a1b8f27bd917b12fd6b userId=21 role=1] c.k.i.m.ClassInfoMapper.selectById - ==>  Preparing: SELECT id,class_name,description,status,create_by,create_time,update_by,update_time FROM class_info WHERE id=?
2026-07-06 10:52:01.301 [http-nio-8080-exec-8] DEBUG [traceId=d7f92d1658134a1b8f27bd917b12fd6b userId=21 role=1] c.k.i.m.ClassInfoMapper.selectById - ==> Parameters: 8(Long)
2026-07-06 10:52:01.301 [http-nio-8080-exec-8] DEBUG [traceId=d7f92d1658134a1b8f27bd917b12fd6b userId=21 role=1] c.k.i.m.ClassInfoMapper.selectById - <==      Total: 1
2026-07-06 10:52:01.301 [http-nio-8080-exec-8] DEBUG [traceId=d7f92d1658134a1b8f27bd917b12fd6b userId=21 role=1] c.k.i.m.ClassInfoMapper.selectById - ==>  Preparing: SELECT id,class_name,description,status,create_by,create_time,update_by,update_time FROM class_info WHERE id=?
2026-07-06 10:52:01.302 [http-nio-8080-exec-8] DEBUG [traceId=d7f92d1658134a1b8f27bd917b12fd6b userId=21 role=1] c.k.i.m.ClassInfoMapper.selectById - ==> Parameters: 9(Long)
2026-07-06 10:52:01.302 [http-nio-8080-exec-8] DEBUG [traceId=d7f92d1658134a1b8f27bd917b12fd6b userId=21 role=1] c.k.i.m.ClassInfoMapper.selectById - <==      Total: 1
2026-07-06 10:52:01.307 [http-nio-8080-exec-8] INFO  [traceId=d7f92d1658134a1b8f27bd917b12fd6b userId=21 role=1] com.kg.interceptor.TraceIdFilter - HTTP_REQUEST_END method=POST uri=/task/page status=200 cost=105ms responseBody={"code":200,"message":"查询成功","data":{"total":69,"list":[{"id":97,"taskName":"每日复盘","taskType":"3","templateId":null,"roundNo":0,"isMandatory":1,"taskDescription":null,"taskStartTime":"2026-07-06 08:00:00","taskEndTime":"2026-07-06 23:59:00","priority":0,"classId":null,"targetType":1,"targetIds":"8,9,10","selectedClassList":[{"id":8,"className":"1班"},{"id":9,"className":"2班"},{"id":10,"className":"线上学习1班"}],"selectedStudentList":null,"completedCount":0,"uncompletedCount":11,"completionPercent":0,"createTime":"2026-07-06 09:45:58","planId":null,"planDate":null,"isRepeatTask":0,"status":1},{"id":96,"taskName":"每日打卡","taskType":"2","templateId":null,"roundNo":0,"isMandatory":1,"taskDescription":null,"taskStartTime":"2026-07-06 06:00:00","taskEndTime":"2026-07-06 23:59:00","priority":0,"classId":null,"targetType":1,"targetIds":"8,9,10","selectedClassList":[{"id":8,"className":"1班"},{"id":9,"className":"2班"},{"id":10,"className":"线上学习1班"}],"selectedStudentList":null,"completedCount":0,"uncompletedCount":11,"completionPercent":0,"createTime":"2026-07-06 09:45:58","planId":null,"planDate":null,"isRepeatTask":0,"status":1},{"id":95,"taskName":"每日复盘","taskType":"3","templateId":null,"roundNo":0,"isMandatory":1,"taskDescription":null,"taskStartTime":"2026-07-05 08:00:00","taskEndTime":"2026-07-05 23:59:00","priority":0,"classId":null,"targetType":1,"targetIds":"8,9,10","selectedClassList":[{"id":8,"className":"1班"},{"id":9,"className":"2班"},{"id":10,"className":"线上学习1班"}],"selectedStudentList":null,"completedCount":0,"uncompletedCount":11,"completionPercent":0,"createTime":"2026-07-05 18:12:39","planId":null,"planDate":null,"isRepeatTask":0,"status":1},{"id":94,"taskName":"每日打卡","taskType":"2","templateId":null,"roundNo":0,"isMandatory":1,"taskDescription":null,"taskStartTime":"2026-07-05 06:00:00","taskEndTime":"2026-07-05 23:59:00","priority":0,"classId":null,"targetType":1,"targetIds":"8,9,10","selectedClassList":[{"id":8,"className":"1班"},{"id":9,"className":"2班"},{"id":10,"className":"线上学习1班"}],"selectedStudentList":null,"completedCount":0,"uncompletedCount":11,"completionPercent":0,"createTime":"2026-07-05 18:12:39","planId":null,"planDate":null,"isRepeatTask":0,"status":1},{"id":93,"taskName":"每日复盘","taskType":"3","templateId":null,"roundNo":0,"isMandatory":1,"taskDescription":null,"taskStartTime":"2026-07-03 08:00:00","taskEndTime":"2026-07-03 23:59:00","priority":0,"classId":null,"targetType":1,"targetIds":"8,9,10","selectedClassList":[{"id":8,"className":"1班"},{"id":9,"className":"2班"},{"id":10,"className":"线上学习1班"}],"selectedStudentList":null,"completedCount":0,"uncompletedCount":11,"completionPercent":0,"createTime":"2026-07-03 08:46:13","planId":null,"planDate":null,"isRepeatTask":0,"status":1},{"id":92,"taskName":"每日打卡","taskType":"2","templateId":null,"roundNo":0,"isMandatory":1,"taskDescription":null,"taskStartTime":"2026-07-03 06:00:00","taskEndTime":"2026-07-03 23:59:00","priority":0,"classId":null,"targetType":1,"targetIds":"8,9,10","selectedClassList":[{"id":8,"className":"1班"},{"id":9,"className":"2班"},{"id":10,"className":"线上学习1班"}],"selectedStudentList":null,"completedCount":1,"uncompletedCount":10,"completionPercent":9,"createTime":"2026-07-03 08:46:13","planId":null,"planDate":null,"isRepeatTask":0,"status":1},{"id":91,"taskName":"26行政执法","taskType":"0","templateId":null,"roundNo":1,"isMandatory":1,"taskDescription":"全做","taskStartTime":"2026-07-02 00:00:00","taskEndTime":"2026-07-02 23:59:59","priority":0,"classId":null,"targetType":1,"targetIds":"10","selectedClassList":[{"id":10,"className":"线上学习1班"}],"selectedStudentList":null,"completedCount":0,"uncompletedCount":1,"completionPercent":0,"createTime":"2026-07-02 17:32:35","planId":null,"planDate":null,"isRepeatTask":0,"status":1},{"id":90,"taskName":"资料分析第一章，一般增长率","taskType":"1","templateId":null,"roundNo":1,"isMandatory":1,"taskDescription":"做完后再做1套资料","taskStartTime":"2026-07-02 00:00:00","taskEndTime":"2026-07-02 23:59:59","priority":0,"classId":null,"targetType":1,"targetIds":"10","selectedClassList":[{"id":10,"className":"线上学习1班"}],"selectedStudentList":null,"completedCount":1,"uncompletedCount":0,"completionPercent":100,"createTime":"2026-07-02 17:32:06","planId":null,"planDate":null,"isRepeatTask":0,"status":1},{"id":89,"taskName":"每日复盘","taskType":"3","templateId":null,"roundNo":0,"isMandatory":1,"taskDescription":null,"taskStartTime":"2026-07-02 08:00:00","taskEndTime":"2026-07-02 23:59:00","priority":0,"classId":null,"targetType":1,"targetIds":"8,9","selectedClassList":[{"id":8,"className":"1班"},{"id":9,"className":"2班"}],"selectedStudentList":null,"completedCount":0,"uncompletedCount":10,"completionPercent":0,"createTime":"2026-07-02 08:00:00","planId":null,"planDate":null,"isRepeatTask":0,"status":1},{"id":88,"taskName":"每日打卡","taskType":"2","templateId":null,"roundNo":0,"isMandatory":1,"taskDescription":null,"taskStartTime":"2026-07-02 06:00:00","taskEndTime":"2026-07-02 23:59:00","priority":0,"classId":null,"targetType":1,"t...[TRUNCATED length=5276]
2026-07-06 13:37:37.985 [http-nio-8080-exec-4] INFO  [traceId=b58e38b30b95424a89a11fb26fdbc8a3 userId= role=] com.kg.interceptor.TraceIdFilter - HTTP_REQUEST_START method=GET uri=/notification/unread-count query=null requestBody= ip=0:0:0:0:0:0:0:1 userAgent=Mozilla/5.0 (Windows NT 10.0; Win64; x64) AppleWebKit/537.36 (KHTML, like Gecko) Chrome/123.0.0.0 Safari/537.36
2026-07-06 13:37:37.985 [http-nio-8080-exec-2] INFO  [traceId=c1372097699f4c359e689ae9d994412b userId= role=] com.kg.interceptor.TraceIdFilter - HTTP_REQUEST_START method=GET uri=/dict/group/task_type query=null requestBody= ip=0:0:0:0:0:0:0:1 userAgent=Mozilla/5.0 (Windows NT 10.0; Win64; x64) AppleWebKit/537.36 (KHTML, like Gecko) Chrome/123.0.0.0 Safari/537.36
2026-07-06 13:37:37.997 [http-nio-8080-exec-4] DEBUG [traceId=b58e38b30b95424a89a11fb26fdbc8a3 userId= role=] c.k.i.m.SysUserMapper.selectById - ==>  Preparing: SELECT id,account,name,password,role,gender,email,phone,openid,description,teacher_remark,class_id,status,create_by,create_time,update_by,update_time FROM sys_user WHERE id=?
2026-07-06 13:37:37.997 [http-nio-8080-exec-2] DEBUG [traceId=c1372097699f4c359e689ae9d994412b userId= role=] c.k.i.m.SysUserMapper.selectById - ==>  Preparing: SELECT id,account,name,password,role,gender,email,phone,openid,description,teacher_remark,class_id,status,create_by,create_time,update_by,update_time FROM sys_user WHERE id=?
2026-07-06 13:37:37.997 [http-nio-8080-exec-4] DEBUG [traceId=b58e38b30b95424a89a11fb26fdbc8a3 userId= role=] c.k.i.m.SysUserMapper.selectById - ==> Parameters: 21(Long)
2026-07-06 13:37:37.997 [http-nio-8080-exec-2] DEBUG [traceId=c1372097699f4c359e689ae9d994412b userId= role=] c.k.i.m.SysUserMapper.selectById - ==> Parameters: 21(Long)
2026-07-06 13:37:37.999 [http-nio-8080-exec-4] DEBUG [traceId=b58e38b30b95424a89a11fb26fdbc8a3 userId= role=] c.k.i.m.SysUserMapper.selectById - <==      Total: 1
2026-07-06 13:37:38.001 [http-nio-8080-exec-4] DEBUG [traceId=b58e38b30b95424a89a11fb26fdbc8a3 userId=21 role=1] c.k.i.m.N.selectCount - ==>  Preparing: SELECT COUNT( * ) AS total FROM notification_message WHERE (user_id = ? AND is_read = ? AND status = ? AND notify_time <= ?)
2026-07-06 13:37:38.001 [http-nio-8080-exec-4] DEBUG [traceId=b58e38b30b95424a89a11fb26fdbc8a3 userId=21 role=1] c.k.i.m.N.selectCount - ==> Parameters: 21(Long), 0(Integer), 0(String), 2026-07-06T13:37:37.999(LocalDateTime)
2026-07-06 13:37:38.003 [http-nio-8080-exec-2] DEBUG [traceId=c1372097699f4c359e689ae9d994412b userId= role=] c.k.i.m.SysUserMapper.selectById - <==      Total: 1
2026-07-06 13:37:38.005 [http-nio-8080-exec-2] DEBUG [traceId=c1372097699f4c359e689ae9d994412b userId=21 role=1] c.k.i.mapper.DictMapper.selectList - ==>  Preparing: SELECT id,dict_code,dict_name,dict_label,dict_value,display_color,sort_no,status,create_by,create_time,update_by,update_time FROM sys_dict WHERE (dict_code = ?) ORDER BY sort_no ASC
2026-07-06 13:37:38.005 [http-nio-8080-exec-2] DEBUG [traceId=c1372097699f4c359e689ae9d994412b userId=21 role=1] c.k.i.mapper.DictMapper.selectList - ==> Parameters: task_type(String)
2026-07-06 13:37:38.005 [http-nio-8080-exec-4] DEBUG [traceId=b58e38b30b95424a89a11fb26fdbc8a3 userId=21 role=1] c.k.i.m.N.selectCount - <==      Total: 1
2026-07-06 13:37:38.008 [http-nio-8080-exec-4] INFO  [traceId=b58e38b30b95424a89a11fb26fdbc8a3 userId=21 role=1] com.kg.interceptor.TraceIdFilter - HTTP_REQUEST_END method=GET uri=/notification/unread-count status=200 cost=24ms responseBody={"code":200,"message":"查询成功","data":0}
2026-07-06 13:37:38.010 [http-nio-8080-exec-2] DEBUG [traceId=c1372097699f4c359e689ae9d994412b userId=21 role=1] c.k.i.mapper.DictMapper.selectList - <==      Total: 4
2026-07-06 13:37:38.011 [http-nio-8080-exec-2] INFO  [traceId=c1372097699f4c359e689ae9d994412b userId=21 role=1] com.kg.interceptor.TraceIdFilter - HTTP_REQUEST_END method=GET uri=/dict/group/task_type status=200 cost=27ms responseBody={"code":200,"message":"查询成功","data":{"dictCode":"task_type","dictName":"任务类型","items":[{"dictValue":"0","dictLabel":"刷题","sortNo":0,"status":1,"displayColor":"#ff6f00"},{"dictValue":"1","dictLabel":"学习","sortNo":1,"status":1,"displayColor":"#f7ff00"},{"dictValue":"2","dictLabel":"打卡","sortNo":2,"status":1,"displayColor":"#66ff00"},{"dictValue":"3","dictLabel":"每日复盘","sortNo":3,"status":1,"displayColor":"#00bfff"}]}}
2026-07-06 13:37:38.037 [http-nio-8080-exec-5] INFO  [traceId=a4c5c59ce69a441d861c2286eb94bebd userId= role=] com.kg.interceptor.TraceIdFilter - HTTP_REQUEST_START method=GET uri=/class/options query=null requestBody= ip=0:0:0:0:0:0:0:1 userAgent=Mozilla/5.0 (Windows NT 10.0; Win64; x64) AppleWebKit/537.36 (KHTML, like Gecko) Chrome/123.0.0.0 Safari/537.36
2026-07-06 13:37:38.037 [http-nio-8080-exec-1] INFO  [traceId=c5924e83cb344668903eb33bc0f55f76 userId= role=] com.kg.interceptor.TraceIdFilter - HTTP_REQUEST_START method=GET uri=/class/student-options query=null requestBody= ip=0:0:0:0:0:0:0:1 userAgent=Mozilla/5.0 (Windows NT 10.0; Win64; x64) AppleWebKit/537.36 (KHTML, like Gecko) Chrome/123.0.0.0 Safari/537.36
2026-07-06 13:37:38.037 [http-nio-8080-exec-3] INFO  [traceId=09fb8d1856b54088bcf639201b249a87 userId= role=] com.kg.interceptor.TraceIdFilter - HTTP_REQUEST_START method=POST uri=/task/page query=null requestBody={"pageNum":1,"pageSize":10} ip=0:0:0:0:0:0:0:1 userAgent=Mozilla/5.0 (Windows NT 10.0; Win64; x64) AppleWebKit/537.36 (KHTML, like Gecko) Chrome/123.0.0.0 Safari/537.36
2026-07-06 13:37:38.042 [http-nio-8080-exec-1] DEBUG [traceId=c5924e83cb344668903eb33bc0f55f76 userId= role=] c.k.i.m.SysUserMapper.selectById - ==>  Preparing: SELECT id,account,name,password,role,gender,email,phone,openid,description,teacher_remark,class_id,status,create_by,create_time,update_by,update_time FROM sys_user WHERE id=?
2026-07-06 13:37:38.042 [http-nio-8080-exec-3] DEBUG [traceId=09fb8d1856b54088bcf639201b249a87 userId= role=] c.k.i.m.SysUserMapper.selectById - ==>  Preparing: SELECT id,account,name,password,role,gender,email,phone,openid,description,teacher_remark,class_id,status,create_by,create_time,update_by,update_time FROM sys_user WHERE id=?
2026-07-06 13:37:38.043 [http-nio-8080-exec-1] DEBUG [traceId=c5924e83cb344668903eb33bc0f55f76 userId= role=] c.k.i.m.SysUserMapper.selectById - ==> Parameters: 21(Long)
2026-07-06 13:37:38.043 [http-nio-8080-exec-3] DEBUG [traceId=09fb8d1856b54088bcf639201b249a87 userId= role=] c.k.i.m.SysUserMapper.selectById - ==> Parameters: 21(Long)
2026-07-06 13:37:38.043 [http-nio-8080-exec-5] DEBUG [traceId=a4c5c59ce69a441d861c2286eb94bebd userId= role=] c.k.i.m.SysUserMapper.selectById - ==>  Preparing: SELECT id,account,name,password,role,gender,email,phone,openid,description,teacher_remark,class_id,status,create_by,create_time,update_by,update_time FROM sys_user WHERE id=?
2026-07-06 13:37:38.043 [http-nio-8080-exec-5] DEBUG [traceId=a4c5c59ce69a441d861c2286eb94bebd userId= role=] c.k.i.m.SysUserMapper.selectById - ==> Parameters: 21(Long)
2026-07-06 13:37:38.044 [http-nio-8080-exec-1] DEBUG [traceId=c5924e83cb344668903eb33bc0f55f76 userId= role=] c.k.i.m.SysUserMapper.selectById - <==      Total: 1
2026-07-06 13:37:38.044 [http-nio-8080-exec-3] DEBUG [traceId=09fb8d1856b54088bcf639201b249a87 userId= role=] c.k.i.m.SysUserMapper.selectById - <==      Total: 1
2026-07-06 13:37:38.046 [http-nio-8080-exec-1] DEBUG [traceId=c5924e83cb344668903eb33bc0f55f76 userId=21 role=1] c.k.i.m.SysUserMapper.selectList - ==>  Preparing: SELECT id,account,name,password,role,gender,email,phone,openid,description,teacher_remark,class_id,status,create_by,create_time,update_by,update_time FROM sys_user WHERE (role IN (?,?) AND status = ?)
2026-07-06 13:37:38.046 [http-nio-8080-exec-1] DEBUG [traceId=c5924e83cb344668903eb33bc0f55f76 userId=21 role=1] c.k.i.m.SysUserMapper.selectList - ==> Parameters: 2(String), 3(String), 1(Integer)
2026-07-06 13:37:38.048 [http-nio-8080-exec-3] DEBUG [traceId=09fb8d1856b54088bcf639201b249a87 userId=21 role=1] c.k.i.mapper.TaskMapper.selectList - ==>  Preparing: SELECT id,task_name,task_type,template_id,round_no,is_mandatory,task_description,task_start_time,task_end_time,priority,class_id,target_type,target_ids,plan_id,plan_date,is_repeat_task,status,create_by,create_time,update_by,update_time FROM task WHERE ((status = ? OR status IS NULL)) ORDER BY id DESC LIMIT 0,10
2026-07-06 13:37:38.048 [http-nio-8080-exec-3] DEBUG [traceId=09fb8d1856b54088bcf639201b249a87 userId=21 role=1] c.k.i.mapper.TaskMapper.selectList - ==> Parameters: 1(Integer)
2026-07-06 13:37:38.049 [http-nio-8080-exec-5] DEBUG [traceId=a4c5c59ce69a441d861c2286eb94bebd userId= role=] c.k.i.m.SysUserMapper.selectById - <==      Total: 1
2026-07-06 13:37:38.050 [http-nio-8080-exec-1] DEBUG [traceId=c5924e83cb344668903eb33bc0f55f76 userId=21 role=1] c.k.i.m.SysUserMapper.selectList - <==      Total: 11
2026-07-06 13:37:38.050 [http-nio-8080-exec-5] DEBUG [traceId=a4c5c59ce69a441d861c2286eb94bebd userId=21 role=1] c.k.i.m.ClassInfoMapper.selectList - ==>  Preparing: SELECT id,class_name,description,status,create_by,create_time,update_by,update_time FROM class_info WHERE (status = ?) ORDER BY class_name ASC
2026-07-06 13:37:38.050 [http-nio-8080-exec-5] DEBUG [traceId=a4c5c59ce69a441d861c2286eb94bebd userId=21 role=1] c.k.i.m.ClassInfoMapper.selectList - ==> Parameters: 1(Integer)
2026-07-06 13:37:38.051 [http-nio-8080-exec-1] INFO  [traceId=c5924e83cb344668903eb33bc0f55f76 userId=21 role=1] com.kg.interceptor.TraceIdFilter - HTTP_REQUEST_END method=GET uri=/class/student-options status=200 cost=14ms responseBody={"code":200,"message":"查询成功","data":[{"id":23,"name":"张三","classId":8},{"id":24,"name":"李四","classId":9},{"id":25,"name":"王五","classId":8},{"id":26,"name":"赵六","classId":9},{"id":27,"name":"赵七","classId":null},{"id":28,"name":"赵八","classId":8},{"id":29,"name":"杨少伟","classId":8},{"id":30,"name":"测试新增用户任务","classId":8},{"id":31,"name":"11","classId":8},{"id":32,"name":"11","classId":8},{"id":33,"name":"五四","classId":10}]}
2026-07-06 13:37:38.052 [http-nio-8080-exec-3] DEBUG [traceId=09fb8d1856b54088bcf639201b249a87 userId=21 role=1] c.k.i.mapper.TaskMapper.selectList - <==      Total: 10
2026-07-06 13:37:38.053 [http-nio-8080-exec-3] DEBUG [traceId=09fb8d1856b54088bcf639201b249a87 userId=21 role=1] c.k.i.mapper.TaskMapper.selectCount - ==>  Preparing: SELECT COUNT( * ) AS total FROM task WHERE ((status = ? OR status IS NULL))
2026-07-06 13:37:38.054 [http-nio-8080-exec-3] DEBUG [traceId=09fb8d1856b54088bcf639201b249a87 userId=21 role=1] c.k.i.mapper.TaskMapper.selectCount - ==> Parameters: 1(Integer)
2026-07-06 13:37:38.054 [http-nio-8080-exec-5] DEBUG [traceId=a4c5c59ce69a441d861c2286eb94bebd userId=21 role=1] c.k.i.m.ClassInfoMapper.selectList - <==      Total: 3
2026-07-06 13:37:38.054 [http-nio-8080-exec-3] DEBUG [traceId=09fb8d1856b54088bcf639201b249a87 userId=21 role=1] c.k.i.mapper.TaskMapper.selectCount - <==      Total: 1
2026-07-06 13:37:38.055 [http-nio-8080-exec-5] INFO  [traceId=a4c5c59ce69a441d861c2286eb94bebd userId=21 role=1] com.kg.interceptor.TraceIdFilter - HTTP_REQUEST_END method=GET uri=/class/options status=200 cost=18ms responseBody={"code":200,"message":"查询成功","data":[{"id":8,"className":"1班"},{"id":9,"className":"2班"},{"id":10,"className":"线上学习1班"}]}
2026-07-06 13:37:38.055 [http-nio-8080-exec-3] DEBUG [traceId=09fb8d1856b54088bcf639201b249a87 userId=21 role=1] c.k.i.m.TaskUserMapper.selectList - ==>  Preparing: SELECT id,task_id,user_id,status,start_time,finish_time,duration_minutes,remark,total_score,submit_time,create_by,create_time,update_by,update_time FROM task_user WHERE (task_id = ?)
2026-07-06 13:37:38.055 [http-nio-8080-exec-3] DEBUG [traceId=09fb8d1856b54088bcf639201b249a87 userId=21 role=1] c.k.i.m.TaskUserMapper.selectList - ==> Parameters: 97(Long)
2026-07-06 13:37:38.060 [http-nio-8080-exec-3] DEBUG [traceId=09fb8d1856b54088bcf639201b249a87 userId=21 role=1] c.k.i.m.TaskUserMapper.selectList - <==      Total: 11
2026-07-06 13:37:38.061 [http-nio-8080-exec-3] DEBUG [traceId=09fb8d1856b54088bcf639201b249a87 userId=21 role=1] c.k.i.m.ClassInfoMapper.selectById - ==>  Preparing: SELECT id,class_name,description,status,create_by,create_time,update_by,update_time FROM class_info WHERE id=?
2026-07-06 13:37:38.061 [http-nio-8080-exec-3] DEBUG [traceId=09fb8d1856b54088bcf639201b249a87 userId=21 role=1] c.k.i.m.ClassInfoMapper.selectById - ==> Parameters: 8(Long)
2026-07-06 13:37:38.064 [http-nio-8080-exec-3] DEBUG [traceId=09fb8d1856b54088bcf639201b249a87 userId=21 role=1] c.k.i.m.ClassInfoMapper.selectById - <==      Total: 1
2026-07-06 13:37:38.064 [http-nio-8080-exec-3] DEBUG [traceId=09fb8d1856b54088bcf639201b249a87 userId=21 role=1] c.k.i.m.ClassInfoMapper.selectById - ==>  Preparing: SELECT id,class_name,description,status,create_by,create_time,update_by,update_time FROM class_info WHERE id=?
2026-07-06 13:37:38.064 [http-nio-8080-exec-3] DEBUG [traceId=09fb8d1856b54088bcf639201b249a87 userId=21 role=1] c.k.i.m.ClassInfoMapper.selectById - ==> Parameters: 9(Long)
2026-07-06 13:37:38.065 [http-nio-8080-exec-3] DEBUG [traceId=09fb8d1856b54088bcf639201b249a87 userId=21 role=1] c.k.i.m.ClassInfoMapper.selectById - <==      Total: 1
2026-07-06 13:37:38.065 [http-nio-8080-exec-3] DEBUG [traceId=09fb8d1856b54088bcf639201b249a87 userId=21 role=1] c.k.i.m.ClassInfoMapper.selectById - ==>  Preparing: SELECT id,class_name,description,status,create_by,create_time,update_by,update_time FROM class_info WHERE id=?
2026-07-06 13:37:38.065 [http-nio-8080-exec-3] DEBUG [traceId=09fb8d1856b54088bcf639201b249a87 userId=21 role=1] c.k.i.m.ClassInfoMapper.selectById - ==> Parameters: 10(Long)
2026-07-06 13:37:38.065 [http-nio-8080-exec-3] DEBUG [traceId=09fb8d1856b54088bcf639201b249a87 userId=21 role=1] c.k.i.m.ClassInfoMapper.selectById - <==      Total: 1
2026-07-06 13:37:38.066 [http-nio-8080-exec-3] DEBUG [traceId=09fb8d1856b54088bcf639201b249a87 userId=21 role=1] c.k.i.m.TaskUserMapper.selectList - ==>  Preparing: SELECT id,task_id,user_id,status,start_time,finish_time,duration_minutes,remark,total_score,submit_time,create_by,create_time,update_by,update_time FROM task_user WHERE (task_id = ?)
2026-07-06 13:37:38.066 [http-nio-8080-exec-3] DEBUG [traceId=09fb8d1856b54088bcf639201b249a87 userId=21 role=1] c.k.i.m.TaskUserMapper.selectList - ==> Parameters: 96(Long)
2026-07-06 13:37:38.067 [http-nio-8080-exec-3] DEBUG [traceId=09fb8d1856b54088bcf639201b249a87 userId=21 role=1] c.k.i.m.TaskUserMapper.selectList - <==      Total: 11
2026-07-06 13:37:38.067 [http-nio-8080-exec-3] DEBUG [traceId=09fb8d1856b54088bcf639201b249a87 userId=21 role=1] c.k.i.m.ClassInfoMapper.selectById - ==>  Preparing: SELECT id,class_name,description,status,create_by,create_time,update_by,update_time FROM class_info WHERE id=?
2026-07-06 13:37:38.068 [http-nio-8080-exec-3] DEBUG [traceId=09fb8d1856b54088bcf639201b249a87 userId=21 role=1] c.k.i.m.ClassInfoMapper.selectById - ==> Parameters: 8(Long)
2026-07-06 13:37:38.068 [http-nio-8080-exec-3] DEBUG [traceId=09fb8d1856b54088bcf639201b249a87 userId=21 role=1] c.k.i.m.ClassInfoMapper.selectById - <==      Total: 1
2026-07-06 13:37:38.068 [http-nio-8080-exec-3] DEBUG [traceId=09fb8d1856b54088bcf639201b249a87 userId=21 role=1] c.k.i.m.ClassInfoMapper.selectById - ==>  Preparing: SELECT id,class_name,description,status,create_by,create_time,update_by,update_time FROM class_info WHERE id=?
2026-07-06 13:37:38.068 [http-nio-8080-exec-3] DEBUG [traceId=09fb8d1856b54088bcf639201b249a87 userId=21 role=1] c.k.i.m.ClassInfoMapper.selectById - ==> Parameters: 9(Long)
2026-07-06 13:37:38.069 [http-nio-8080-exec-3] DEBUG [traceId=09fb8d1856b54088bcf639201b249a87 userId=21 role=1] c.k.i.m.ClassInfoMapper.selectById - <==      Total: 1
2026-07-06 13:37:38.069 [http-nio-8080-exec-3] DEBUG [traceId=09fb8d1856b54088bcf639201b249a87 userId=21 role=1] c.k.i.m.ClassInfoMapper.selectById - ==>  Preparing: SELECT id,class_name,description,status,create_by,create_time,update_by,update_time FROM class_info WHERE id=?
2026-07-06 13:37:38.069 [http-nio-8080-exec-3] DEBUG [traceId=09fb8d1856b54088bcf639201b249a87 userId=21 role=1] c.k.i.m.ClassInfoMapper.selectById - ==> Parameters: 10(Long)
2026-07-06 13:37:38.069 [http-nio-8080-exec-3] DEBUG [traceId=09fb8d1856b54088bcf639201b249a87 userId=21 role=1] c.k.i.m.ClassInfoMapper.selectById - <==      Total: 1
2026-07-06 13:37:38.070 [http-nio-8080-exec-3] DEBUG [traceId=09fb8d1856b54088bcf639201b249a87 userId=21 role=1] c.k.i.m.TaskUserMapper.selectList - ==>  Preparing: SELECT id,task_id,user_id,status,start_time,finish_time,duration_minutes,remark,total_score,submit_time,create_by,create_time,update_by,update_time FROM task_user WHERE (task_id = ?)
2026-07-06 13:37:38.070 [http-nio-8080-exec-3] DEBUG [traceId=09fb8d1856b54088bcf639201b249a87 userId=21 role=1] c.k.i.m.TaskUserMapper.selectList - ==> Parameters: 95(Long)
2026-07-06 13:37:38.071 [http-nio-8080-exec-3] DEBUG [traceId=09fb8d1856b54088bcf639201b249a87 userId=21 role=1] c.k.i.m.TaskUserMapper.selectList - <==      Total: 11
2026-07-06 13:37:38.071 [http-nio-8080-exec-3] DEBUG [traceId=09fb8d1856b54088bcf639201b249a87 userId=21 role=1] c.k.i.m.ClassInfoMapper.selectById - ==>  Preparing: SELECT id,class_name,description,status,create_by,create_time,update_by,update_time FROM class_info WHERE id=?
2026-07-06 13:37:38.071 [http-nio-8080-exec-3] DEBUG [traceId=09fb8d1856b54088bcf639201b249a87 userId=21 role=1] c.k.i.m.ClassInfoMapper.selectById - ==> Parameters: 8(Long)
2026-07-06 13:37:38.072 [http-nio-8080-exec-3] DEBUG [traceId=09fb8d1856b54088bcf639201b249a87 userId=21 role=1] c.k.i.m.ClassInfoMapper.selectById - <==      Total: 1
2026-07-06 13:37:38.072 [http-nio-8080-exec-3] DEBUG [traceId=09fb8d1856b54088bcf639201b249a87 userId=21 role=1] c.k.i.m.ClassInfoMapper.selectById - ==>  Preparing: SELECT id,class_name,description,status,create_by,create_time,update_by,update_time FROM class_info WHERE id=?
2026-07-06 13:37:38.072 [http-nio-8080-exec-3] DEBUG [traceId=09fb8d1856b54088bcf639201b249a87 userId=21 role=1] c.k.i.m.ClassInfoMapper.selectById - ==> Parameters: 9(Long)
2026-07-06 13:37:38.072 [http-nio-8080-exec-3] DEBUG [traceId=09fb8d1856b54088bcf639201b249a87 userId=21 role=1] c.k.i.m.ClassInfoMapper.selectById - <==      Total: 1
2026-07-06 13:37:38.072 [http-nio-8080-exec-3] DEBUG [traceId=09fb8d1856b54088bcf639201b249a87 userId=21 role=1] c.k.i.m.ClassInfoMapper.selectById - ==>  Preparing: SELECT id,class_name,description,status,create_by,create_time,update_by,update_time FROM class_info WHERE id=?
2026-07-06 13:37:38.074 [http-nio-8080-exec-3] DEBUG [traceId=09fb8d1856b54088bcf639201b249a87 userId=21 role=1] c.k.i.m.ClassInfoMapper.selectById - ==> Parameters: 10(Long)
2026-07-06 13:37:38.074 [http-nio-8080-exec-3] DEBUG [traceId=09fb8d1856b54088bcf639201b249a87 userId=21 role=1] c.k.i.m.ClassInfoMapper.selectById - <==      Total: 1
2026-07-06 13:37:38.075 [http-nio-8080-exec-3] DEBUG [traceId=09fb8d1856b54088bcf639201b249a87 userId=21 role=1] c.k.i.m.TaskUserMapper.selectList - ==>  Preparing: SELECT id,task_id,user_id,status,start_time,finish_time,duration_minutes,remark,total_score,submit_time,create_by,create_time,update_by,update_time FROM task_user WHERE (task_id = ?)
2026-07-06 13:37:38.075 [http-nio-8080-exec-3] DEBUG [traceId=09fb8d1856b54088bcf639201b249a87 userId=21 role=1] c.k.i.m.TaskUserMapper.selectList - ==> Parameters: 94(Long)
2026-07-06 13:37:38.076 [http-nio-8080-exec-3] DEBUG [traceId=09fb8d1856b54088bcf639201b249a87 userId=21 role=1] c.k.i.m.TaskUserMapper.selectList - <==      Total: 11
2026-07-06 13:37:38.076 [http-nio-8080-exec-3] DEBUG [traceId=09fb8d1856b54088bcf639201b249a87 userId=21 role=1] c.k.i.m.ClassInfoMapper.selectById - ==>  Preparing: SELECT id,class_name,description,status,create_by,create_time,update_by,update_time FROM class_info WHERE id=?
2026-07-06 13:37:38.076 [http-nio-8080-exec-3] DEBUG [traceId=09fb8d1856b54088bcf639201b249a87 userId=21 role=1] c.k.i.m.ClassInfoMapper.selectById - ==> Parameters: 8(Long)
2026-07-06 13:37:38.076 [http-nio-8080-exec-3] DEBUG [traceId=09fb8d1856b54088bcf639201b249a87 userId=21 role=1] c.k.i.m.ClassInfoMapper.selectById - <==      Total: 1
2026-07-06 13:37:38.077 [http-nio-8080-exec-3] DEBUG [traceId=09fb8d1856b54088bcf639201b249a87 userId=21 role=1] c.k.i.m.ClassInfoMapper.selectById - ==>  Preparing: SELECT id,class_name,description,status,create_by,create_time,update_by,update_time FROM class_info WHERE id=?
2026-07-06 13:37:38.077 [http-nio-8080-exec-3] DEBUG [traceId=09fb8d1856b54088bcf639201b249a87 userId=21 role=1] c.k.i.m.ClassInfoMapper.selectById - ==> Parameters: 9(Long)
2026-07-06 13:37:38.077 [http-nio-8080-exec-3] DEBUG [traceId=09fb8d1856b54088bcf639201b249a87 userId=21 role=1] c.k.i.m.ClassInfoMapper.selectById - <==      Total: 1
2026-07-06 13:37:38.077 [http-nio-8080-exec-3] DEBUG [traceId=09fb8d1856b54088bcf639201b249a87 userId=21 role=1] c.k.i.m.ClassInfoMapper.selectById - ==>  Preparing: SELECT id,class_name,description,status,create_by,create_time,update_by,update_time FROM class_info WHERE id=?
2026-07-06 13:37:38.077 [http-nio-8080-exec-3] DEBUG [traceId=09fb8d1856b54088bcf639201b249a87 userId=21 role=1] c.k.i.m.ClassInfoMapper.selectById - ==> Parameters: 10(Long)
2026-07-06 13:37:38.078 [http-nio-8080-exec-3] DEBUG [traceId=09fb8d1856b54088bcf639201b249a87 userId=21 role=1] c.k.i.m.ClassInfoMapper.selectById - <==      Total: 1
2026-07-06 13:37:38.079 [http-nio-8080-exec-3] DEBUG [traceId=09fb8d1856b54088bcf639201b249a87 userId=21 role=1] c.k.i.m.TaskUserMapper.selectList - ==>  Preparing: SELECT id,task_id,user_id,status,start_time,finish_time,duration_minutes,remark,total_score,submit_time,create_by,create_time,update_by,update_time FROM task_user WHERE (task_id = ?)
2026-07-06 13:37:38.079 [http-nio-8080-exec-3] DEBUG [traceId=09fb8d1856b54088bcf639201b249a87 userId=21 role=1] c.k.i.m.TaskUserMapper.selectList - ==> Parameters: 93(Long)
2026-07-06 13:37:38.079 [http-nio-8080-exec-3] DEBUG [traceId=09fb8d1856b54088bcf639201b249a87 userId=21 role=1] c.k.i.m.TaskUserMapper.selectList - <==      Total: 11
2026-07-06 13:37:38.080 [http-nio-8080-exec-3] DEBUG [traceId=09fb8d1856b54088bcf639201b249a87 userId=21 role=1] c.k.i.m.ClassInfoMapper.selectById - ==>  Preparing: SELECT id,class_name,description,status,create_by,create_time,update_by,update_time FROM class_info WHERE id=?
2026-07-06 13:37:38.080 [http-nio-8080-exec-3] DEBUG [traceId=09fb8d1856b54088bcf639201b249a87 userId=21 role=1] c.k.i.m.ClassInfoMapper.selectById - ==> Parameters: 8(Long)
2026-07-06 13:37:38.080 [http-nio-8080-exec-3] DEBUG [traceId=09fb8d1856b54088bcf639201b249a87 userId=21 role=1] c.k.i.m.ClassInfoMapper.selectById - <==      Total: 1
2026-07-06 13:37:38.080 [http-nio-8080-exec-3] DEBUG [traceId=09fb8d1856b54088bcf639201b249a87 userId=21 role=1] c.k.i.m.ClassInfoMapper.selectById - ==>  Preparing: SELECT id,class_name,description,status,create_by,create_time,update_by,update_time FROM class_info WHERE id=?
2026-07-06 13:37:38.080 [http-nio-8080-exec-3] DEBUG [traceId=09fb8d1856b54088bcf639201b249a87 userId=21 role=1] c.k.i.m.ClassInfoMapper.selectById - ==> Parameters: 9(Long)
2026-07-06 13:37:38.081 [http-nio-8080-exec-3] DEBUG [traceId=09fb8d1856b54088bcf639201b249a87 userId=21 role=1] c.k.i.m.ClassInfoMapper.selectById - <==      Total: 1
2026-07-06 13:37:38.081 [http-nio-8080-exec-3] DEBUG [traceId=09fb8d1856b54088bcf639201b249a87 userId=21 role=1] c.k.i.m.ClassInfoMapper.selectById - ==>  Preparing: SELECT id,class_name,description,status,create_by,create_time,update_by,update_time FROM class_info WHERE id=?
2026-07-06 13:37:38.081 [http-nio-8080-exec-3] DEBUG [traceId=09fb8d1856b54088bcf639201b249a87 userId=21 role=1] c.k.i.m.ClassInfoMapper.selectById - ==> Parameters: 10(Long)
2026-07-06 13:37:38.081 [http-nio-8080-exec-3] DEBUG [traceId=09fb8d1856b54088bcf639201b249a87 userId=21 role=1] c.k.i.m.ClassInfoMapper.selectById - <==      Total: 1
2026-07-06 13:37:38.082 [http-nio-8080-exec-3] DEBUG [traceId=09fb8d1856b54088bcf639201b249a87 userId=21 role=1] c.k.i.m.TaskUserMapper.selectList - ==>  Preparing: SELECT id,task_id,user_id,status,start_time,finish_time,duration_minutes,remark,total_score,submit_time,create_by,create_time,update_by,update_time FROM task_user WHERE (task_id = ?)
2026-07-06 13:37:38.082 [http-nio-8080-exec-3] DEBUG [traceId=09fb8d1856b54088bcf639201b249a87 userId=21 role=1] c.k.i.m.TaskUserMapper.selectList - ==> Parameters: 92(Long)
2026-07-06 13:37:38.083 [http-nio-8080-exec-3] DEBUG [traceId=09fb8d1856b54088bcf639201b249a87 userId=21 role=1] c.k.i.m.TaskUserMapper.selectList - <==      Total: 11
2026-07-06 13:37:38.083 [http-nio-8080-exec-3] DEBUG [traceId=09fb8d1856b54088bcf639201b249a87 userId=21 role=1] c.k.i.m.ClassInfoMapper.selectById - ==>  Preparing: SELECT id,class_name,description,status,create_by,create_time,update_by,update_time FROM class_info WHERE id=?
2026-07-06 13:37:38.083 [http-nio-8080-exec-3] DEBUG [traceId=09fb8d1856b54088bcf639201b249a87 userId=21 role=1] c.k.i.m.ClassInfoMapper.selectById - ==> Parameters: 8(Long)
2026-07-06 13:37:38.084 [http-nio-8080-exec-3] DEBUG [traceId=09fb8d1856b54088bcf639201b249a87 userId=21 role=1] c.k.i.m.ClassInfoMapper.selectById - <==      Total: 1
2026-07-06 13:37:38.084 [http-nio-8080-exec-3] DEBUG [traceId=09fb8d1856b54088bcf639201b249a87 userId=21 role=1] c.k.i.m.ClassInfoMapper.selectById - ==>  Preparing: SELECT id,class_name,description,status,create_by,create_time,update_by,update_time FROM class_info WHERE id=?
2026-07-06 13:37:38.084 [http-nio-8080-exec-3] DEBUG [traceId=09fb8d1856b54088bcf639201b249a87 userId=21 role=1] c.k.i.m.ClassInfoMapper.selectById - ==> Parameters: 9(Long)
2026-07-06 13:37:38.084 [http-nio-8080-exec-3] DEBUG [traceId=09fb8d1856b54088bcf639201b249a87 userId=21 role=1] c.k.i.m.ClassInfoMapper.selectById - <==      Total: 1
2026-07-06 13:37:38.084 [http-nio-8080-exec-3] DEBUG [traceId=09fb8d1856b54088bcf639201b249a87 userId=21 role=1] c.k.i.m.ClassInfoMapper.selectById - ==>  Preparing: SELECT id,class_name,description,status,create_by,create_time,update_by,update_time FROM class_info WHERE id=?
2026-07-06 13:37:38.084 [http-nio-8080-exec-3] DEBUG [traceId=09fb8d1856b54088bcf639201b249a87 userId=21 role=1] c.k.i.m.ClassInfoMapper.selectById - ==> Parameters: 10(Long)
2026-07-06 13:37:38.085 [http-nio-8080-exec-3] DEBUG [traceId=09fb8d1856b54088bcf639201b249a87 userId=21 role=1] c.k.i.m.ClassInfoMapper.selectById - <==      Total: 1
2026-07-06 13:37:38.086 [http-nio-8080-exec-3] DEBUG [traceId=09fb8d1856b54088bcf639201b249a87 userId=21 role=1] c.k.i.m.TaskUserMapper.selectList - ==>  Preparing: SELECT id,task_id,user_id,status,start_time,finish_time,duration_minutes,remark,total_score,submit_time,create_by,create_time,update_by,update_time FROM task_user WHERE (task_id = ?)
2026-07-06 13:37:38.086 [http-nio-8080-exec-3] DEBUG [traceId=09fb8d1856b54088bcf639201b249a87 userId=21 role=1] c.k.i.m.TaskUserMapper.selectList - ==> Parameters: 91(Long)
2026-07-06 13:37:38.086 [http-nio-8080-exec-3] DEBUG [traceId=09fb8d1856b54088bcf639201b249a87 userId=21 role=1] c.k.i.m.TaskUserMapper.selectList - <==      Total: 1
2026-07-06 13:37:38.087 [http-nio-8080-exec-3] DEBUG [traceId=09fb8d1856b54088bcf639201b249a87 userId=21 role=1] c.k.i.m.ClassInfoMapper.selectById - ==>  Preparing: SELECT id,class_name,description,status,create_by,create_time,update_by,update_time FROM class_info WHERE id=?
2026-07-06 13:37:38.087 [http-nio-8080-exec-3] DEBUG [traceId=09fb8d1856b54088bcf639201b249a87 userId=21 role=1] c.k.i.m.ClassInfoMapper.selectById - ==> Parameters: 10(Long)
2026-07-06 13:37:38.087 [http-nio-8080-exec-3] DEBUG [traceId=09fb8d1856b54088bcf639201b249a87 userId=21 role=1] c.k.i.m.ClassInfoMapper.selectById - <==      Total: 1
2026-07-06 13:37:38.088 [http-nio-8080-exec-3] DEBUG [traceId=09fb8d1856b54088bcf639201b249a87 userId=21 role=1] c.k.i.m.TaskUserMapper.selectList - ==>  Preparing: SELECT id,task_id,user_id,status,start_time,finish_time,duration_minutes,remark,total_score,submit_time,create_by,create_time,update_by,update_time FROM task_user WHERE (task_id = ?)
2026-07-06 13:37:38.088 [http-nio-8080-exec-3] DEBUG [traceId=09fb8d1856b54088bcf639201b249a87 userId=21 role=1] c.k.i.m.TaskUserMapper.selectList - ==> Parameters: 90(Long)
2026-07-06 13:37:38.089 [http-nio-8080-exec-3] DEBUG [traceId=09fb8d1856b54088bcf639201b249a87 userId=21 role=1] c.k.i.m.TaskUserMapper.selectList - <==      Total: 1
2026-07-06 13:37:38.089 [http-nio-8080-exec-3] DEBUG [traceId=09fb8d1856b54088bcf639201b249a87 userId=21 role=1] c.k.i.m.ClassInfoMapper.selectById - ==>  Preparing: SELECT id,class_name,description,status,create_by,create_time,update_by,update_time FROM class_info WHERE id=?
2026-07-06 13:37:38.089 [http-nio-8080-exec-3] DEBUG [traceId=09fb8d1856b54088bcf639201b249a87 userId=21 role=1] c.k.i.m.ClassInfoMapper.selectById - ==> Parameters: 10(Long)
2026-07-06 13:37:38.089 [http-nio-8080-exec-3] DEBUG [traceId=09fb8d1856b54088bcf639201b249a87 userId=21 role=1] c.k.i.m.ClassInfoMapper.selectById - <==      Total: 1
2026-07-06 13:37:38.090 [http-nio-8080-exec-3] DEBUG [traceId=09fb8d1856b54088bcf639201b249a87 userId=21 role=1] c.k.i.m.TaskUserMapper.selectList - ==>  Preparing: SELECT id,task_id,user_id,status,start_time,finish_time,duration_minutes,remark,total_score,submit_time,create_by,create_time,update_by,update_time FROM task_user WHERE (task_id = ?)
2026-07-06 13:37:38.091 [http-nio-8080-exec-3] DEBUG [traceId=09fb8d1856b54088bcf639201b249a87 userId=21 role=1] c.k.i.m.TaskUserMapper.selectList - ==> Parameters: 89(Long)
2026-07-06 13:37:38.091 [http-nio-8080-exec-3] DEBUG [traceId=09fb8d1856b54088bcf639201b249a87 userId=21 role=1] c.k.i.m.TaskUserMapper.selectList - <==      Total: 10
2026-07-06 13:37:38.092 [http-nio-8080-exec-3] DEBUG [traceId=09fb8d1856b54088bcf639201b249a87 userId=21 role=1] c.k.i.m.ClassInfoMapper.selectById - ==>  Preparing: SELECT id,class_name,description,status,create_by,create_time,update_by,update_time FROM class_info WHERE id=?
2026-07-06 13:37:38.092 [http-nio-8080-exec-3] DEBUG [traceId=09fb8d1856b54088bcf639201b249a87 userId=21 role=1] c.k.i.m.ClassInfoMapper.selectById - ==> Parameters: 8(Long)
2026-07-06 13:37:38.092 [http-nio-8080-exec-3] DEBUG [traceId=09fb8d1856b54088bcf639201b249a87 userId=21 role=1] c.k.i.m.ClassInfoMapper.selectById - <==      Total: 1
2026-07-06 13:37:38.093 [http-nio-8080-exec-3] DEBUG [traceId=09fb8d1856b54088bcf639201b249a87 userId=21 role=1] c.k.i.m.ClassInfoMapper.selectById - ==>  Preparing: SELECT id,class_name,description,status,create_by,create_time,update_by,update_time FROM class_info WHERE id=?
2026-07-06 13:37:38.093 [http-nio-8080-exec-3] DEBUG [traceId=09fb8d1856b54088bcf639201b249a87 userId=21 role=1] c.k.i.m.ClassInfoMapper.selectById - ==> Parameters: 9(Long)
2026-07-06 13:37:38.094 [http-nio-8080-exec-3] DEBUG [traceId=09fb8d1856b54088bcf639201b249a87 userId=21 role=1] c.k.i.m.ClassInfoMapper.selectById - <==      Total: 1
2026-07-06 13:37:38.094 [http-nio-8080-exec-3] DEBUG [traceId=09fb8d1856b54088bcf639201b249a87 userId=21 role=1] c.k.i.m.TaskUserMapper.selectList - ==>  Preparing: SELECT id,task_id,user_id,status,start_time,finish_time,duration_minutes,remark,total_score,submit_time,create_by,create_time,update_by,update_time FROM task_user WHERE (task_id = ?)
2026-07-06 13:37:38.095 [http-nio-8080-exec-3] DEBUG [traceId=09fb8d1856b54088bcf639201b249a87 userId=21 role=1] c.k.i.m.TaskUserMapper.selectList - ==> Parameters: 88(Long)
2026-07-06 13:37:38.096 [http-nio-8080-exec-3] DEBUG [traceId=09fb8d1856b54088bcf639201b249a87 userId=21 role=1] c.k.i.m.TaskUserMapper.selectList - <==      Total: 10
2026-07-06 13:37:38.096 [http-nio-8080-exec-3] DEBUG [traceId=09fb8d1856b54088bcf639201b249a87 userId=21 role=1] c.k.i.m.ClassInfoMapper.selectById - ==>  Preparing: SELECT id,class_name,description,status,create_by,create_time,update_by,update_time FROM class_info WHERE id=?
2026-07-06 13:37:38.096 [http-nio-8080-exec-3] DEBUG [traceId=09fb8d1856b54088bcf639201b249a87 userId=21 role=1] c.k.i.m.ClassInfoMapper.selectById - ==> Parameters: 8(Long)
2026-07-06 13:37:38.096 [http-nio-8080-exec-3] DEBUG [traceId=09fb8d1856b54088bcf639201b249a87 userId=21 role=1] c.k.i.m.ClassInfoMapper.selectById - <==      Total: 1
2026-07-06 13:37:38.097 [http-nio-8080-exec-3] DEBUG [traceId=09fb8d1856b54088bcf639201b249a87 userId=21 role=1] c.k.i.m.ClassInfoMapper.selectById - ==>  Preparing: SELECT id,class_name,description,status,create_by,create_time,update_by,update_time FROM class_info WHERE id=?
2026-07-06 13:37:38.097 [http-nio-8080-exec-3] DEBUG [traceId=09fb8d1856b54088bcf639201b249a87 userId=21 role=1] c.k.i.m.ClassInfoMapper.selectById - ==> Parameters: 9(Long)
2026-07-06 13:37:38.097 [http-nio-8080-exec-3] DEBUG [traceId=09fb8d1856b54088bcf639201b249a87 userId=21 role=1] c.k.i.m.ClassInfoMapper.selectById - <==      Total: 1
2026-07-06 13:37:38.101 [http-nio-8080-exec-3] INFO  [traceId=09fb8d1856b54088bcf639201b249a87 userId=21 role=1] com.kg.interceptor.TraceIdFilter - HTTP_REQUEST_END method=POST uri=/task/page status=200 cost=64ms responseBody={"code":200,"message":"查询成功","data":{"total":69,"list":[{"id":97,"taskName":"每日复盘","taskType":"3","templateId":null,"roundNo":0,"isMandatory":1,"taskDescription":null,"taskStartTime":"2026-07-06 08:00:00","taskEndTime":"2026-07-06 23:59:00","priority":0,"classId":null,"targetType":1,"targetIds":"8,9,10","selectedClassList":[{"id":8,"className":"1班"},{"id":9,"className":"2班"},{"id":10,"className":"线上学习1班"}],"selectedStudentList":null,"completedCount":0,"uncompletedCount":11,"completionPercent":0,"createTime":"2026-07-06 09:45:58","planId":null,"planDate":null,"isRepeatTask":0,"status":1},{"id":96,"taskName":"每日打卡","taskType":"2","templateId":null,"roundNo":0,"isMandatory":1,"taskDescription":null,"taskStartTime":"2026-07-06 06:00:00","taskEndTime":"2026-07-06 23:59:00","priority":0,"classId":null,"targetType":1,"targetIds":"8,9,10","selectedClassList":[{"id":8,"className":"1班"},{"id":9,"className":"2班"},{"id":10,"className":"线上学习1班"}],"selectedStudentList":null,"completedCount":0,"uncompletedCount":11,"completionPercent":0,"createTime":"2026-07-06 09:45:58","planId":null,"planDate":null,"isRepeatTask":0,"status":1},{"id":95,"taskName":"每日复盘","taskType":"3","templateId":null,"roundNo":0,"isMandatory":1,"taskDescription":null,"taskStartTime":"2026-07-05 08:00:00","taskEndTime":"2026-07-05 23:59:00","priority":0,"classId":null,"targetType":1,"targetIds":"8,9,10","selectedClassList":[{"id":8,"className":"1班"},{"id":9,"className":"2班"},{"id":10,"className":"线上学习1班"}],"selectedStudentList":null,"completedCount":0,"uncompletedCount":11,"completionPercent":0,"createTime":"2026-07-05 18:12:39","planId":null,"planDate":null,"isRepeatTask":0,"status":1},{"id":94,"taskName":"每日打卡","taskType":"2","templateId":null,"roundNo":0,"isMandatory":1,"taskDescription":null,"taskStartTime":"2026-07-05 06:00:00","taskEndTime":"2026-07-05 23:59:00","priority":0,"classId":null,"targetType":1,"targetIds":"8,9,10","selectedClassList":[{"id":8,"className":"1班"},{"id":9,"className":"2班"},{"id":10,"className":"线上学习1班"}],"selectedStudentList":null,"completedCount":0,"uncompletedCount":11,"completionPercent":0,"createTime":"2026-07-05 18:12:39","planId":null,"planDate":null,"isRepeatTask":0,"status":1},{"id":93,"taskName":"每日复盘","taskType":"3","templateId":null,"roundNo":0,"isMandatory":1,"taskDescription":null,"taskStartTime":"2026-07-03 08:00:00","taskEndTime":"2026-07-03 23:59:00","priority":0,"classId":null,"targetType":1,"targetIds":"8,9,10","selectedClassList":[{"id":8,"className":"1班"},{"id":9,"className":"2班"},{"id":10,"className":"线上学习1班"}],"selectedStudentList":null,"completedCount":0,"uncompletedCount":11,"completionPercent":0,"createTime":"2026-07-03 08:46:13","planId":null,"planDate":null,"isRepeatTask":0,"status":1},{"id":92,"taskName":"每日打卡","taskType":"2","templateId":null,"roundNo":0,"isMandatory":1,"taskDescription":null,"taskStartTime":"2026-07-03 06:00:00","taskEndTime":"2026-07-03 23:59:00","priority":0,"classId":null,"targetType":1,"targetIds":"8,9,10","selectedClassList":[{"id":8,"className":"1班"},{"id":9,"className":"2班"},{"id":10,"className":"线上学习1班"}],"selectedStudentList":null,"completedCount":1,"uncompletedCount":10,"completionPercent":9,"createTime":"2026-07-03 08:46:13","planId":null,"planDate":null,"isRepeatTask":0,"status":1},{"id":91,"taskName":"26行政执法","taskType":"0","templateId":null,"roundNo":1,"isMandatory":1,"taskDescription":"全做","taskStartTime":"2026-07-02 00:00:00","taskEndTime":"2026-07-02 23:59:59","priority":0,"classId":null,"targetType":1,"targetIds":"10","selectedClassList":[{"id":10,"className":"线上学习1班"}],"selectedStudentList":null,"completedCount":0,"uncompletedCount":1,"completionPercent":0,"createTime":"2026-07-02 17:32:35","planId":null,"planDate":null,"isRepeatTask":0,"status":1},{"id":90,"taskName":"资料分析第一章，一般增长率","taskType":"1","templateId":null,"roundNo":1,"isMandatory":1,"taskDescription":"做完后再做1套资料","taskStartTime":"2026-07-02 00:00:00","taskEndTime":"2026-07-02 23:59:59","priority":0,"classId":null,"targetType":1,"targetIds":"10","selectedClassList":[{"id":10,"className":"线上学习1班"}],"selectedStudentList":null,"completedCount":1,"uncompletedCount":0,"completionPercent":100,"createTime":"2026-07-02 17:32:06","planId":null,"planDate":null,"isRepeatTask":0,"status":1},{"id":89,"taskName":"每日复盘","taskType":"3","templateId":null,"roundNo":0,"isMandatory":1,"taskDescription":null,"taskStartTime":"2026-07-02 08:00:00","taskEndTime":"2026-07-02 23:59:00","priority":0,"classId":null,"targetType":1,"targetIds":"8,9","selectedClassList":[{"id":8,"className":"1班"},{"id":9,"className":"2班"}],"selectedStudentList":null,"completedCount":0,"uncompletedCount":10,"completionPercent":0,"createTime":"2026-07-02 08:00:00","planId":null,"planDate":null,"isRepeatTask":0,"status":1},{"id":88,"taskName":"每日打卡","taskType":"2","templateId":null,"roundNo":0,"isMandatory":1,"taskDescription":null,"taskStartTime":"2026-07-02 06:00:00","taskEndTime":"2026-07-02 23:59:00","priority":0,"classId":null,"targetType":1,"t...[TRUNCATED length=5276]
2026-07-06 13:37:42.314 [http-nio-8080-exec-6] INFO  [traceId=1778b12f184045deb45821021f001b34 userId= role=] com.kg.interceptor.TraceIdFilter - HTTP_REQUEST_START method=GET uri=/home/stat query=null requestBody= ip=0:0:0:0:0:0:0:1 userAgent=Mozilla/5.0 (Windows NT 10.0; Win64; x64) AppleWebKit/537.36 (KHTML, like Gecko) Chrome/123.0.0.0 Safari/537.36
2026-07-06 13:37:42.318 [http-nio-8080-exec-6] DEBUG [traceId=1778b12f184045deb45821021f001b34 userId= role=] c.k.i.m.SysUserMapper.selectById - ==>  Preparing: SELECT id,account,name,password,role,gender,email,phone,openid,description,teacher_remark,class_id,status,create_by,create_time,update_by,update_time FROM sys_user WHERE id=?
2026-07-06 13:37:42.318 [http-nio-8080-exec-6] DEBUG [traceId=1778b12f184045deb45821021f001b34 userId= role=] c.k.i.m.SysUserMapper.selectById - ==> Parameters: 21(Long)
2026-07-06 13:37:42.319 [http-nio-8080-exec-6] DEBUG [traceId=1778b12f184045deb45821021f001b34 userId= role=] c.k.i.m.SysUserMapper.selectById - <==      Total: 1
2026-07-06 13:37:42.319 [http-nio-8080-exec-6] DEBUG [traceId=1778b12f184045deb45821021f001b34 userId=21 role=1] c.k.i.m.H.countCurrentTasksForTeacher - ==>  Preparing: SELECT COUNT(*) FROM task WHERE task_start_time <= NOW() AND task_end_time >= NOW()
2026-07-06 13:37:42.319 [http-nio-8080-exec-6] DEBUG [traceId=1778b12f184045deb45821021f001b34 userId=21 role=1] c.k.i.m.H.countCurrentTasksForTeacher - ==> Parameters: 
2026-07-06 13:37:42.320 [http-nio-8080-exec-6] DEBUG [traceId=1778b12f184045deb45821021f001b34 userId=21 role=1] c.k.i.m.H.countCurrentTasksForTeacher - <==      Total: 1
2026-07-06 13:37:42.320 [http-nio-8080-exec-6] DEBUG [traceId=1778b12f184045deb45821021f001b34 userId=21 role=1] c.k.i.m.H.countForceTasksForTeacher - ==>  Preparing: SELECT COUNT(*) FROM task WHERE is_mandatory = 1
2026-07-06 13:37:42.320 [http-nio-8080-exec-6] DEBUG [traceId=1778b12f184045deb45821021f001b34 userId=21 role=1] c.k.i.m.H.countForceTasksForTeacher - ==> Parameters: 
2026-07-06 13:37:42.320 [http-nio-8080-exec-6] DEBUG [traceId=1778b12f184045deb45821021f001b34 userId=21 role=1] c.k.i.m.H.countForceTasksForTeacher - <==      Total: 1
2026-07-06 13:37:42.321 [http-nio-8080-exec-6] DEBUG [traceId=1778b12f184045deb45821021f001b34 userId=21 role=1] c.k.i.m.H.countTotalTasksForTeacher - ==>  Preparing: SELECT COUNT(*) FROM task
2026-07-06 13:37:42.321 [http-nio-8080-exec-6] DEBUG [traceId=1778b12f184045deb45821021f001b34 userId=21 role=1] c.k.i.m.H.countTotalTasksForTeacher - ==> Parameters: 
2026-07-06 13:37:42.321 [http-nio-8080-exec-6] DEBUG [traceId=1778b12f184045deb45821021f001b34 userId=21 role=1] c.k.i.m.H.countTotalTasksForTeacher - <==      Total: 1
2026-07-06 13:37:42.322 [http-nio-8080-exec-6] DEBUG [traceId=1778b12f184045deb45821021f001b34 userId=21 role=1] c.k.i.m.H.completionStatsForTeacher - ==>  Preparing: SELECT COUNT(*) AS total, SUM(CASE WHEN tu.status IN ('1','2') THEN 1 ELSE 0 END) AS completed, SUM(CASE WHEN tu.status = '0' THEN 1 ELSE 0 END) AS uncompleted FROM task_user tu JOIN task t ON t.id = tu.task_id
2026-07-06 13:37:42.322 [http-nio-8080-exec-6] DEBUG [traceId=1778b12f184045deb45821021f001b34 userId=21 role=1] c.k.i.m.H.completionStatsForTeacher - ==> Parameters: 
2026-07-06 13:37:42.324 [http-nio-8080-exec-6] DEBUG [traceId=1778b12f184045deb45821021f001b34 userId=21 role=1] c.k.i.m.H.completionStatsForTeacher - <==      Total: 1
2026-07-06 13:37:42.324 [http-nio-8080-exec-6] DEBUG [traceId=1778b12f184045deb45821021f001b34 userId=21 role=1] c.k.i.m.H.lowCompletedTop3ForTeacher - ==>  Preparing: SELECT t.id AS task_id, t.task_name, t.task_end_time AS end_time, COUNT(*) AS total, SUM(CASE WHEN tu.status IN ('1','2') THEN 1 ELSE 0 END) AS completed, SUM(CASE WHEN tu.status = '0' THEN 1 ELSE 0 END) AS uncompleted FROM task t JOIN task_user tu ON tu.task_id = t.id GROUP BY t.id, t.task_name, t.task_end_time ORDER BY (SUM(CASE WHEN tu.status IN ('1','2') THEN 1 ELSE 0 END) * 1.0 / COUNT(*)) ASC LIMIT 3
2026-07-06 13:37:42.324 [http-nio-8080-exec-6] DEBUG [traceId=1778b12f184045deb45821021f001b34 userId=21 role=1] c.k.i.m.H.lowCompletedTop3ForTeacher - ==> Parameters: 
2026-07-06 13:37:42.326 [http-nio-8080-exec-6] DEBUG [traceId=1778b12f184045deb45821021f001b34 userId=21 role=1] c.k.i.m.H.lowCompletedTop3ForTeacher - <==      Total: 3
2026-07-06 13:37:42.327 [http-nio-8080-exec-6] INFO  [traceId=1778b12f184045deb45821021f001b34 userId=21 role=1] com.kg.interceptor.TraceIdFilter - HTTP_REQUEST_END method=GET uri=/home/stat status=200 cost=13ms responseBody={"code":200,"message":"查询成功","data":{"currentTaskCount":3,"forceTaskCount":74,"totalTaskCount":76,"completedTaskUserCount":33,"unCompletedTaskUserCount":429,"completedRate":7,"lowCompletedTasks":[{"taskId":60,"taskName":"每日打卡","totalUserCount":10,"completedUserCount":0,"unCompletedUserCount":10,"completedRate":0,"endTime":"2026-06-21T23:59"},{"taskId":22,"taskName":"模板任务1 第3轮","totalUserCount":6,"completedUserCount":0,"unCompletedUserCount":6,"completedRate":0,"endTime":"2026-06-04T23:59:59"},{"taskId":65,"taskName":"每日复盘","totalUserCount":10,"completedUserCount":0,"unCompletedUserCount":10,"completedRate":0,"endTime":"2026-06-23T23:59"}]}}
2026-07-06 13:37:42.350 [http-nio-8080-exec-7] INFO  [traceId=abbc88d419c847849e99593715ac5217 userId= role=] com.kg.interceptor.TraceIdFilter - HTTP_REQUEST_START method=GET uri=/class/options query=null requestBody= ip=0:0:0:0:0:0:0:1 userAgent=Mozilla/5.0 (Windows NT 10.0; Win64; x64) AppleWebKit/537.36 (KHTML, like Gecko) Chrome/123.0.0.0 Safari/537.36
2026-07-06 13:37:42.353 [http-nio-8080-exec-7] DEBUG [traceId=abbc88d419c847849e99593715ac5217 userId= role=] c.k.i.m.SysUserMapper.selectById - ==>  Preparing: SELECT id,account,name,password,role,gender,email,phone,openid,description,teacher_remark,class_id,status,create_by,create_time,update_by,update_time FROM sys_user WHERE id=?
2026-07-06 13:37:42.354 [http-nio-8080-exec-7] DEBUG [traceId=abbc88d419c847849e99593715ac5217 userId= role=] c.k.i.m.SysUserMapper.selectById - ==> Parameters: 21(Long)
2026-07-06 13:37:42.354 [http-nio-8080-exec-7] DEBUG [traceId=abbc88d419c847849e99593715ac5217 userId= role=] c.k.i.m.SysUserMapper.selectById - <==      Total: 1
2026-07-06 13:37:42.356 [http-nio-8080-exec-7] DEBUG [traceId=abbc88d419c847849e99593715ac5217 userId=21 role=1] c.k.i.m.ClassInfoMapper.selectList - ==>  Preparing: SELECT id,class_name,description,status,create_by,create_time,update_by,update_time FROM class_info WHERE (status = ?) ORDER BY class_name ASC
2026-07-06 13:37:42.356 [http-nio-8080-exec-7] DEBUG [traceId=abbc88d419c847849e99593715ac5217 userId=21 role=1] c.k.i.m.ClassInfoMapper.selectList - ==> Parameters: 1(Integer)
2026-07-06 13:37:42.357 [http-nio-8080-exec-7] DEBUG [traceId=abbc88d419c847849e99593715ac5217 userId=21 role=1] c.k.i.m.ClassInfoMapper.selectList - <==      Total: 3
2026-07-06 13:37:42.358 [http-nio-8080-exec-7] INFO  [traceId=abbc88d419c847849e99593715ac5217 userId=21 role=1] com.kg.interceptor.TraceIdFilter - HTTP_REQUEST_END method=GET uri=/class/options status=200 cost=7ms responseBody={"code":200,"message":"查询成功","data":[{"id":8,"className":"1班"},{"id":9,"className":"2班"},{"id":10,"className":"线上学习1班"}]}
2026-07-06 13:37:42.369 [http-nio-8080-exec-10] INFO  [traceId=f09424e14a91495eb8ea6ca259f31643 userId= role=] com.kg.interceptor.TraceIdFilter - HTTP_REQUEST_START method=GET uri=/study-phase/calendar query=startDate=2026-07-01&endDate=2026-07-31&classId=8 requestBody= ip=0:0:0:0:0:0:0:1 userAgent=Mozilla/5.0 (Windows NT 10.0; Win64; x64) AppleWebKit/537.36 (KHTML, like Gecko) Chrome/123.0.0.0 Safari/537.36
2026-07-06 13:37:42.373 [http-nio-8080-exec-10] DEBUG [traceId=f09424e14a91495eb8ea6ca259f31643 userId= role=] c.k.i.m.SysUserMapper.selectById - ==>  Preparing: SELECT id,account,name,password,role,gender,email,phone,openid,description,teacher_remark,class_id,status,create_by,create_time,update_by,update_time FROM sys_user WHERE id=?
2026-07-06 13:37:42.373 [http-nio-8080-exec-10] DEBUG [traceId=f09424e14a91495eb8ea6ca259f31643 userId= role=] c.k.i.m.SysUserMapper.selectById - ==> Parameters: 21(Long)
2026-07-06 13:37:42.374 [http-nio-8080-exec-10] DEBUG [traceId=f09424e14a91495eb8ea6ca259f31643 userId= role=] c.k.i.m.SysUserMapper.selectById - <==      Total: 1
2026-07-06 13:37:42.376 [http-nio-8080-exec-10] DEBUG [traceId=f09424e14a91495eb8ea6ca259f31643 userId=21 role=1] c.k.i.m.S.selectList - ==>  Preparing: SELECT id,phase_id,class_id,create_time FROM study_phase_class WHERE (class_id = ?)
2026-07-06 13:37:42.376 [http-nio-8080-exec-10] DEBUG [traceId=f09424e14a91495eb8ea6ca259f31643 userId=21 role=1] c.k.i.m.S.selectList - ==> Parameters: 8(Long)
2026-07-06 13:37:42.379 [http-nio-8080-exec-10] DEBUG [traceId=f09424e14a91495eb8ea6ca259f31643 userId=21 role=1] c.k.i.m.S.selectList - <==      Total: 2
2026-07-06 13:37:42.380 [http-nio-8080-exec-10] DEBUG [traceId=f09424e14a91495eb8ea6ca259f31643 userId=21 role=1] c.k.i.m.StudyPhaseMapper.selectList - ==>  Preparing: SELECT id,phase_title,phase_content,start_date,end_date,display_color,status,create_by,create_time,update_by,update_time FROM study_phase WHERE (id IN (?,?) AND status = ? AND start_date <= ? AND end_date >= ?) ORDER BY start_date ASC
2026-07-06 13:37:42.381 [http-nio-8080-exec-10] DEBUG [traceId=f09424e14a91495eb8ea6ca259f31643 userId=21 role=1] c.k.i.m.StudyPhaseMapper.selectList - ==> Parameters: 2(Long), 1(Long), 1(Integer), 2026-07-31(LocalDate), 2026-07-01(LocalDate)
2026-07-06 13:37:42.385 [http-nio-8080-exec-10] DEBUG [traceId=f09424e14a91495eb8ea6ca259f31643 userId=21 role=1] c.k.i.m.StudyPhaseMapper.selectList - <==      Total: 2
2026-07-06 13:37:42.385 [http-nio-8080-exec-10] DEBUG [traceId=f09424e14a91495eb8ea6ca259f31643 userId=21 role=1] c.k.i.m.S.selectList - ==>  Preparing: SELECT id,phase_id,class_id,create_time FROM study_phase_class WHERE (phase_id = ?)
2026-07-06 13:37:42.386 [http-nio-8080-exec-10] DEBUG [traceId=f09424e14a91495eb8ea6ca259f31643 userId=21 role=1] c.k.i.m.S.selectList - ==> Parameters: 1(Long)
2026-07-06 13:37:42.386 [http-nio-8080-exec-10] DEBUG [traceId=f09424e14a91495eb8ea6ca259f31643 userId=21 role=1] c.k.i.m.S.selectList - <==      Total: 3
2026-07-06 13:37:42.386 [http-nio-8080-exec-10] DEBUG [traceId=f09424e14a91495eb8ea6ca259f31643 userId=21 role=1] c.k.i.m.ClassInfoMapper.selectById - ==>  Preparing: SELECT id,class_name,description,status,create_by,create_time,update_by,update_time FROM class_info WHERE id=?
2026-07-06 13:37:42.387 [http-nio-8080-exec-10] DEBUG [traceId=f09424e14a91495eb8ea6ca259f31643 userId=21 role=1] c.k.i.m.ClassInfoMapper.selectById - ==> Parameters: 8(Long)
2026-07-06 13:37:42.389 [http-nio-8080-exec-10] DEBUG [traceId=f09424e14a91495eb8ea6ca259f31643 userId=21 role=1] c.k.i.m.ClassInfoMapper.selectById - <==      Total: 1
2026-07-06 13:37:42.389 [http-nio-8080-exec-10] DEBUG [traceId=f09424e14a91495eb8ea6ca259f31643 userId=21 role=1] c.k.i.m.ClassInfoMapper.selectById - ==>  Preparing: SELECT id,class_name,description,status,create_by,create_time,update_by,update_time FROM class_info WHERE id=?
2026-07-06 13:37:42.389 [http-nio-8080-exec-10] DEBUG [traceId=f09424e14a91495eb8ea6ca259f31643 userId=21 role=1] c.k.i.m.ClassInfoMapper.selectById - ==> Parameters: 9(Long)
2026-07-06 13:37:42.390 [http-nio-8080-exec-10] DEBUG [traceId=f09424e14a91495eb8ea6ca259f31643 userId=21 role=1] c.k.i.m.ClassInfoMapper.selectById - <==      Total: 1
2026-07-06 13:37:42.390 [http-nio-8080-exec-10] DEBUG [traceId=f09424e14a91495eb8ea6ca259f31643 userId=21 role=1] c.k.i.m.ClassInfoMapper.selectById - ==>  Preparing: SELECT id,class_name,description,status,create_by,create_time,update_by,update_time FROM class_info WHERE id=?
2026-07-06 13:37:42.390 [http-nio-8080-exec-10] DEBUG [traceId=f09424e14a91495eb8ea6ca259f31643 userId=21 role=1] c.k.i.m.ClassInfoMapper.selectById - ==> Parameters: 10(Long)
2026-07-06 13:37:42.390 [http-nio-8080-exec-10] DEBUG [traceId=f09424e14a91495eb8ea6ca259f31643 userId=21 role=1] c.k.i.m.ClassInfoMapper.selectById - <==      Total: 1
2026-07-06 13:37:42.391 [http-nio-8080-exec-10] DEBUG [traceId=f09424e14a91495eb8ea6ca259f31643 userId=21 role=1] c.k.i.m.S.selectList - ==>  Preparing: SELECT id,phase_id,class_id,create_time FROM study_phase_class WHERE (phase_id = ?)
2026-07-06 13:37:42.392 [http-nio-8080-exec-10] DEBUG [traceId=f09424e14a91495eb8ea6ca259f31643 userId=21 role=1] c.k.i.m.S.selectList - ==> Parameters: 2(Long)
2026-07-06 13:37:42.392 [http-nio-8080-exec-10] DEBUG [traceId=f09424e14a91495eb8ea6ca259f31643 userId=21 role=1] c.k.i.m.S.selectList - <==      Total: 1
2026-07-06 13:37:42.392 [http-nio-8080-exec-10] DEBUG [traceId=f09424e14a91495eb8ea6ca259f31643 userId=21 role=1] c.k.i.m.ClassInfoMapper.selectById - ==>  Preparing: SELECT id,class_name,description,status,create_by,create_time,update_by,update_time FROM class_info WHERE id=?
2026-07-06 13:37:42.392 [http-nio-8080-exec-10] DEBUG [traceId=f09424e14a91495eb8ea6ca259f31643 userId=21 role=1] c.k.i.m.ClassInfoMapper.selectById - ==> Parameters: 8(Long)
2026-07-06 13:37:42.393 [http-nio-8080-exec-10] DEBUG [traceId=f09424e14a91495eb8ea6ca259f31643 userId=21 role=1] c.k.i.m.ClassInfoMapper.selectById - <==      Total: 1
2026-07-06 13:37:42.394 [http-nio-8080-exec-10] INFO  [traceId=f09424e14a91495eb8ea6ca259f31643 userId=21 role=1] com.kg.interceptor.TraceIdFilter - HTTP_REQUEST_END method=GET uri=/study-phase/calendar status=200 cost=25ms responseBody={"code":200,"message":"查询成功","data":[{"id":1,"phaseTitle":"测试阶段","phaseContent":"这是一条描述","startDate":"2026-07-01","endDate":"2026-07-03","displayColor":"#ee6262","status":1,"classIds":[8,9,10],"classNames":["1班","2班","线上学习1班"],"createTime":"2026-07-02 21:13:33"},{"id":2,"phaseTitle":"测试阶段2","phaseContent":"这是测试阶段2的描述","startDate":"2026-07-02","endDate":"2026-07-09","displayColor":"#6367d4","status":1,"classIds":[8],"classNames":["1班"],"createTime":"2026-07-02 21:23:49"}]}
2026-07-06 14:07:49.800 [http-nio-8080-exec-4] INFO  [traceId=69789f8fb76c41869334004c50a97e36 userId= role=] com.kg.interceptor.TraceIdFilter - HTTP_REQUEST_START method=GET uri=/class/options query=null requestBody= ip=0:0:0:0:0:0:0:1 userAgent=Mozilla/5.0 (Windows NT 10.0; Win64; x64) AppleWebKit/537.36 (KHTML, like Gecko) Chrome/123.0.0.0 Safari/537.36
2026-07-06 14:07:49.800 [http-nio-8080-exec-9] INFO  [traceId=2345426d15b342238181841ca883b641 userId= role=] com.kg.interceptor.TraceIdFilter - HTTP_REQUEST_START method=GET uri=/dict/group/task_type query=null requestBody= ip=0:0:0:0:0:0:0:1 userAgent=Mozilla/5.0 (Windows NT 10.0; Win64; x64) AppleWebKit/537.36 (KHTML, like Gecko) Chrome/123.0.0.0 Safari/537.36
2026-07-06 14:07:49.800 [http-nio-8080-exec-8] INFO  [traceId=a12637b5bbd5437cbe07decadd7219c9 userId= role=] com.kg.interceptor.TraceIdFilter - HTTP_REQUEST_START method=POST uri=/student/page query=null requestBody={"pageNum":1,"pageSize":10} ip=0:0:0:0:0:0:0:1 userAgent=Mozilla/5.0 (Windows NT 10.0; Win64; x64) AppleWebKit/537.36 (KHTML, like Gecko) Chrome/123.0.0.0 Safari/537.36
2026-07-06 14:07:49.802 [http-nio-8080-exec-2] INFO  [traceId=8579afb1d02a4f579ee324530697da8d userId= role=] com.kg.interceptor.TraceIdFilter - HTTP_REQUEST_START method=GET uri=/dict/ROLE query=null requestBody= ip=0:0:0:0:0:0:0:1 userAgent=Mozilla/5.0 (Windows NT 10.0; Win64; x64) AppleWebKit/537.36 (KHTML, like Gecko) Chrome/123.0.0.0 Safari/537.36
2026-07-06 14:07:49.809 [http-nio-8080-exec-8] DEBUG [traceId=a12637b5bbd5437cbe07decadd7219c9 userId= role=] c.k.i.m.SysUserMapper.selectById - ==>  Preparing: SELECT id,account,name,password,role,gender,email,phone,openid,description,teacher_remark,class_id,status,create_by,create_time,update_by,update_time FROM sys_user WHERE id=?
2026-07-06 14:07:49.809 [http-nio-8080-exec-9] DEBUG [traceId=2345426d15b342238181841ca883b641 userId= role=] c.k.i.m.SysUserMapper.selectById - ==>  Preparing: SELECT id,account,name,password,role,gender,email,phone,openid,description,teacher_remark,class_id,status,create_by,create_time,update_by,update_time FROM sys_user WHERE id=?
2026-07-06 14:07:49.809 [http-nio-8080-exec-4] DEBUG [traceId=69789f8fb76c41869334004c50a97e36 userId= role=] c.k.i.m.SysUserMapper.selectById - ==>  Preparing: SELECT id,account,name,password,role,gender,email,phone,openid,description,teacher_remark,class_id,status,create_by,create_time,update_by,update_time FROM sys_user WHERE id=?
2026-07-06 14:07:49.809 [http-nio-8080-exec-2] DEBUG [traceId=8579afb1d02a4f579ee324530697da8d userId= role=] c.k.i.m.SysUserMapper.selectById - ==>  Preparing: SELECT id,account,name,password,role,gender,email,phone,openid,description,teacher_remark,class_id,status,create_by,create_time,update_by,update_time FROM sys_user WHERE id=?
2026-07-06 14:07:49.810 [http-nio-8080-exec-8] DEBUG [traceId=a12637b5bbd5437cbe07decadd7219c9 userId= role=] c.k.i.m.SysUserMapper.selectById - ==> Parameters: 21(Long)
2026-07-06 14:07:49.810 [http-nio-8080-exec-9] DEBUG [traceId=2345426d15b342238181841ca883b641 userId= role=] c.k.i.m.SysUserMapper.selectById - ==> Parameters: 21(Long)
2026-07-06 14:07:49.810 [http-nio-8080-exec-4] DEBUG [traceId=69789f8fb76c41869334004c50a97e36 userId= role=] c.k.i.m.SysUserMapper.selectById - ==> Parameters: 21(Long)
2026-07-06 14:07:49.810 [http-nio-8080-exec-2] DEBUG [traceId=8579afb1d02a4f579ee324530697da8d userId= role=] c.k.i.m.SysUserMapper.selectById - ==> Parameters: 21(Long)
2026-07-06 14:07:49.812 [http-nio-8080-exec-9] DEBUG [traceId=2345426d15b342238181841ca883b641 userId= role=] c.k.i.m.SysUserMapper.selectById - <==      Total: 1
2026-07-06 14:07:49.812 [http-nio-8080-exec-2] DEBUG [traceId=8579afb1d02a4f579ee324530697da8d userId= role=] c.k.i.m.SysUserMapper.selectById - <==      Total: 1
2026-07-06 14:07:49.812 [http-nio-8080-exec-4] DEBUG [traceId=69789f8fb76c41869334004c50a97e36 userId= role=] c.k.i.m.SysUserMapper.selectById - <==      Total: 1
2026-07-06 14:07:49.813 [http-nio-8080-exec-8] DEBUG [traceId=a12637b5bbd5437cbe07decadd7219c9 userId= role=] c.k.i.m.SysUserMapper.selectById - <==      Total: 1
2026-07-06 14:07:49.815 [http-nio-8080-exec-9] DEBUG [traceId=2345426d15b342238181841ca883b641 userId=21 role=1] c.k.i.mapper.DictMapper.selectList - ==>  Preparing: SELECT id,dict_code,dict_name,dict_label,dict_value,display_color,sort_no,status,create_by,create_time,update_by,update_time FROM sys_dict WHERE (dict_code = ?) ORDER BY sort_no ASC
2026-07-06 14:07:49.815 [http-nio-8080-exec-4] DEBUG [traceId=69789f8fb76c41869334004c50a97e36 userId=21 role=1] c.k.i.m.ClassInfoMapper.selectList - ==>  Preparing: SELECT id,class_name,description,status,create_by,create_time,update_by,update_time FROM class_info WHERE (status = ?) ORDER BY class_name ASC
2026-07-06 14:07:49.815 [http-nio-8080-exec-9] DEBUG [traceId=2345426d15b342238181841ca883b641 userId=21 role=1] c.k.i.mapper.DictMapper.selectList - ==> Parameters: task_type(String)
2026-07-06 14:07:49.815 [http-nio-8080-exec-4] DEBUG [traceId=69789f8fb76c41869334004c50a97e36 userId=21 role=1] c.k.i.m.ClassInfoMapper.selectList - ==> Parameters: 1(Integer)
2026-07-06 14:07:49.819 [http-nio-8080-exec-4] DEBUG [traceId=69789f8fb76c41869334004c50a97e36 userId=21 role=1] c.k.i.m.ClassInfoMapper.selectList - <==      Total: 3
2026-07-06 14:07:49.820 [http-nio-8080-exec-9] DEBUG [traceId=2345426d15b342238181841ca883b641 userId=21 role=1] c.k.i.mapper.DictMapper.selectList - <==      Total: 4
2026-07-06 14:07:49.820 [http-nio-8080-exec-4] INFO  [traceId=69789f8fb76c41869334004c50a97e36 userId=21 role=1] com.kg.interceptor.TraceIdFilter - HTTP_REQUEST_END method=GET uri=/class/options status=200 cost=20ms responseBody={"code":200,"message":"查询成功","data":[{"id":8,"className":"1班"},{"id":9,"className":"2班"},{"id":10,"className":"线上学习1班"}]}
2026-07-06 14:07:49.820 [http-nio-8080-exec-2] DEBUG [traceId=8579afb1d02a4f579ee324530697da8d userId=21 role=1] c.k.i.mapper.DictMapper.selectList - ==>  Preparing: SELECT id,dict_code,dict_name,dict_label,dict_value,display_color,sort_no,status,create_by,create_time,update_by,update_time FROM sys_dict WHERE (dict_code = ? AND status = ?) ORDER BY sort_no ASC
2026-07-06 14:07:49.821 [http-nio-8080-exec-2] DEBUG [traceId=8579afb1d02a4f579ee324530697da8d userId=21 role=1] c.k.i.mapper.DictMapper.selectList - ==> Parameters: ROLE(String), 1(Integer)
2026-07-06 14:07:49.822 [http-nio-8080-exec-9] INFO  [traceId=2345426d15b342238181841ca883b641 userId=21 role=1] com.kg.interceptor.TraceIdFilter - HTTP_REQUEST_END method=GET uri=/dict/group/task_type status=200 cost=22ms responseBody={"code":200,"message":"查询成功","data":{"dictCode":"task_type","dictName":"任务类型","items":[{"dictValue":"0","dictLabel":"刷题","sortNo":0,"status":1,"displayColor":"#ff6f00"},{"dictValue":"1","dictLabel":"学习","sortNo":1,"status":1,"displayColor":"#f7ff00"},{"dictValue":"2","dictLabel":"打卡","sortNo":2,"status":1,"displayColor":"#66ff00"},{"dictValue":"3","dictLabel":"每日复盘","sortNo":3,"status":1,"displayColor":"#00bfff"}]}}
2026-07-06 14:07:49.822 [http-nio-8080-exec-2] DEBUG [traceId=8579afb1d02a4f579ee324530697da8d userId=21 role=1] c.k.i.mapper.DictMapper.selectList - <==      Total: 3
2026-07-06 14:07:49.826 [http-nio-8080-exec-2] INFO  [traceId=8579afb1d02a4f579ee324530697da8d userId=21 role=1] com.kg.interceptor.TraceIdFilter - HTTP_REQUEST_END method=GET uri=/dict/ROLE status=200 cost=24ms responseBody={"code":200,"message":"查询成功","data":[{"value":"1","label":"老师"},{"value":"2","label":"班长"},{"value":"3","label":"学生"}]}
2026-07-06 14:07:49.834 [http-nio-8080-exec-8] DEBUG [traceId=a12637b5bbd5437cbe07decadd7219c9 userId=21 role=1] c.k.i.m.SysUserMapper.selectCount - ==>  Preparing: SELECT COUNT( * ) AS total FROM sys_user WHERE (role IN (?,?,?))
2026-07-06 14:07:49.834 [http-nio-8080-exec-8] DEBUG [traceId=a12637b5bbd5437cbe07decadd7219c9 userId=21 role=1] c.k.i.m.SysUserMapper.selectCount - ==> Parameters: 1(String), 2(String), 3(String)
2026-07-06 14:07:49.835 [http-nio-8080-exec-8] DEBUG [traceId=a12637b5bbd5437cbe07decadd7219c9 userId=21 role=1] c.k.i.m.SysUserMapper.selectCount - <==      Total: 1
2026-07-06 14:07:49.837 [http-nio-8080-exec-8] DEBUG [traceId=a12637b5bbd5437cbe07decadd7219c9 userId=21 role=1] c.k.i.m.SysUserMapper.selectList - ==>  Preparing: SELECT id,account,name,password,role,gender,email,phone,openid,description,teacher_remark,class_id,status,create_by,create_time,update_by,update_time FROM sys_user WHERE (role IN (?,?,?)) ORDER BY id DESC LIMIT 0,10
2026-07-06 14:07:49.838 [http-nio-8080-exec-8] DEBUG [traceId=a12637b5bbd5437cbe07decadd7219c9 userId=21 role=1] c.k.i.m.SysUserMapper.selectList - ==> Parameters: 1(String), 2(String), 3(String)
2026-07-06 14:07:49.840 [http-nio-8080-exec-8] DEBUG [traceId=a12637b5bbd5437cbe07decadd7219c9 userId=21 role=1] c.k.i.m.SysUserMapper.selectList - <==      Total: 10
2026-07-06 14:07:49.844 [http-nio-8080-exec-8] INFO  [traceId=a12637b5bbd5437cbe07decadd7219c9 userId=21 role=1] com.kg.interceptor.TraceIdFilter - HTTP_REQUEST_END method=POST uri=/student/page status=200 cost=44ms responseBody={"code":200,"message":"查询成功","data":{"total":13,"list":[{"id":33,"name":"五四","role":"3","phone":"18135257653","classId":10,"gender":1,"email":"","status":1,"teacherRemark":"此人资料分析很强","createTime":"2026-07-02 17:26:00"},{"id":32,"name":"11","role":"3","phone":"123","classId":8,"gender":1,"email":"","status":1,"teacherRemark":null,"createTime":"2026-06-12 23:07:07"},{"id":31,"name":"11","role":"3","phone":"111122223333","classId":8,"gender":1,"email":"","status":1,"teacherRemark":null,"createTime":"2026-06-12 23:00:58"},{"id":30,"name":"测试新增用户任务","role":"3","phone":"13233571111","classId":8,"gender":1,"email":"","status":1,"teacherRemark":null,"createTime":"2026-06-12 22:58:24"},{"id":29,"name":"杨少伟","role":"2","phone":"18295917653","classId":8,"gender":1,"email":"2739244843@qq.com","status":1,"teacherRemark":"资料不行","createTime":"2026-06-08 10:51:02"},{"id":28,"name":"赵八","role":"2","phone":"17200615566","classId":8,"gender":1,"email":"","status":1,"teacherRemark":null,"createTime":"2026-06-01 00:25:25"},{"id":27,"name":"赵七","role":"2","phone":"17200615565","classId":null,"gender":1,"email":null,"status":1,"teacherRemark":null,"createTime":"2026-06-01 00:22:14"},{"id":26,"name":"赵六","role":"2","phone":"17200615564","classId":9,"gender":1,"email":null,"status":1,"teacherRemark":null,"createTime":"2026-06-01 00:14:23"},{"id":25,"name":"王五","role":"3","phone":"17200615560","classId":8,"gender":1,"email":"","status":1,"teacherRemark":"这是老师的备注","createTime":"2026-06-01 00:13:01"},{"id":24,"name":"李四","role":"3","phone":"17200615561","classId":9,"gender":2,"email":"","status":1,"teacherRemark":null,"createTime":"2026-06-01 00:12:50"}]}}
2026-07-06 14:08:10.309 [http-nio-8080-exec-1] INFO  [traceId=10a1b79f4caf4efabc9d6666431cca86 userId= role=] com.kg.interceptor.TraceIdFilter - HTTP_REQUEST_START method=POST uri=/auth/login query=null requestBody={"account":"18295917653","password":"123456"} ip=0:0:0:0:0:0:0:1 userAgent=Mozilla/5.0 (Windows NT 10.0; Win64; x64) AppleWebKit/537.36 (KHTML, like Gecko) Chrome/123.0.0.0 Safari/537.36
2026-07-06 14:08:10.320 [http-nio-8080-exec-1] DEBUG [traceId=10a1b79f4caf4efabc9d6666431cca86 userId= role=] c.k.i.m.SysUserMapper.selectList - ==>  Preparing: SELECT id,account,name,password,role,gender,email,phone,openid,description,teacher_remark,class_id,status,create_by,create_time,update_by,update_time FROM sys_user WHERE (account = ?)
2026-07-06 14:08:10.321 [http-nio-8080-exec-1] DEBUG [traceId=10a1b79f4caf4efabc9d6666431cca86 userId= role=] c.k.i.m.SysUserMapper.selectList - ==> Parameters: 18295917653(String)
2026-07-06 14:08:10.321 [http-nio-8080-exec-1] DEBUG [traceId=10a1b79f4caf4efabc9d6666431cca86 userId= role=] c.k.i.m.SysUserMapper.selectList - <==      Total: 1
2026-07-06 14:08:10.388 [http-nio-8080-exec-1] DEBUG [traceId=10a1b79f4caf4efabc9d6666431cca86 userId= role=] c.k.i.m.ClassInfoMapper.selectById - ==>  Preparing: SELECT id,class_name,description,status,create_by,create_time,update_by,update_time FROM class_info WHERE id=?
2026-07-06 14:08:10.388 [http-nio-8080-exec-1] DEBUG [traceId=10a1b79f4caf4efabc9d6666431cca86 userId= role=] c.k.i.m.ClassInfoMapper.selectById - ==> Parameters: 8(Long)
2026-07-06 14:08:10.391 [http-nio-8080-exec-1] DEBUG [traceId=10a1b79f4caf4efabc9d6666431cca86 userId= role=] c.k.i.m.ClassInfoMapper.selectById - <==      Total: 1
2026-07-06 14:08:10.401 [http-nio-8080-exec-1] INFO  [traceId=10a1b79f4caf4efabc9d6666431cca86 userId= role=] c.k.a.service.AuthApplicationService - 登录成功: userId=29, account=18295917653, role=2
2026-07-06 14:08:10.402 [http-nio-8080-exec-1] INFO  [traceId=10a1b79f4caf4efabc9d6666431cca86 userId= role=] com.kg.interceptor.TraceIdFilter - HTTP_REQUEST_END method=POST uri=/auth/login status=200 cost=93ms responseBody={"code":200,"message":"登录成功","data":{"token":"eyJhbGciOiJIUzI1NiJ9.eyJyb2xlIjoiMiIsInN1YiI6IjI5IiwiaWF0IjoxNzgzMzE4MDkwLCJleHAiOjE3ODM0MDQ0OTB9.RbDUxhTCgPQu-bn8ZfFwq-XW7mcwON4ZQV2O1uyctwc","userId":29,"account":"18295917653","name":"杨少伟","role":"2","classId":8,"className":"1班"}}
2026-07-06 14:08:10.551 [http-nio-8080-exec-5] INFO  [traceId=b6ed8d46e9064c8cbcf394331bbe0b21 userId= role=] com.kg.interceptor.TraceIdFilter - HTTP_REQUEST_START method=GET uri=/home/stat query=null requestBody= ip=0:0:0:0:0:0:0:1 userAgent=Mozilla/5.0 (Windows NT 10.0; Win64; x64) AppleWebKit/537.36 (KHTML, like Gecko) Chrome/123.0.0.0 Safari/537.36
2026-07-06 14:08:10.551 [http-nio-8080-exec-3] INFO  [traceId=ef1d1a835760450895e78b4fcf37d475 userId= role=] com.kg.interceptor.TraceIdFilter - HTTP_REQUEST_START method=GET uri=/notification/unread-count query=null requestBody= ip=0:0:0:0:0:0:0:1 userAgent=Mozilla/5.0 (Windows NT 10.0; Win64; x64) AppleWebKit/537.36 (KHTML, like Gecko) Chrome/123.0.0.0 Safari/537.36
2026-07-06 14:08:10.555 [http-nio-8080-exec-5] DEBUG [traceId=b6ed8d46e9064c8cbcf394331bbe0b21 userId= role=] c.k.i.m.SysUserMapper.selectById - ==>  Preparing: SELECT id,account,name,password,role,gender,email,phone,openid,description,teacher_remark,class_id,status,create_by,create_time,update_by,update_time FROM sys_user WHERE id=?
2026-07-06 14:08:10.556 [http-nio-8080-exec-5] DEBUG [traceId=b6ed8d46e9064c8cbcf394331bbe0b21 userId= role=] c.k.i.m.SysUserMapper.selectById - ==> Parameters: 29(Long)
2026-07-06 14:08:10.557 [http-nio-8080-exec-3] DEBUG [traceId=ef1d1a835760450895e78b4fcf37d475 userId= role=] c.k.i.m.SysUserMapper.selectById - ==>  Preparing: SELECT id,account,name,password,role,gender,email,phone,openid,description,teacher_remark,class_id,status,create_by,create_time,update_by,update_time FROM sys_user WHERE id=?
2026-07-06 14:08:10.557 [http-nio-8080-exec-3] DEBUG [traceId=ef1d1a835760450895e78b4fcf37d475 userId= role=] c.k.i.m.SysUserMapper.selectById - ==> Parameters: 29(Long)
2026-07-06 14:08:10.558 [http-nio-8080-exec-5] DEBUG [traceId=b6ed8d46e9064c8cbcf394331bbe0b21 userId= role=] c.k.i.m.SysUserMapper.selectById - <==      Total: 1
2026-07-06 14:08:10.558 [http-nio-8080-exec-3] DEBUG [traceId=ef1d1a835760450895e78b4fcf37d475 userId= role=] c.k.i.m.SysUserMapper.selectById - <==      Total: 1
2026-07-06 14:08:10.558 [http-nio-8080-exec-5] DEBUG [traceId=b6ed8d46e9064c8cbcf394331bbe0b21 userId=29 role=2] c.k.i.m.H.countCurrentTasksForHeadmaster - ==>  Preparing: SELECT COUNT(*) FROM task WHERE task_start_time <= NOW() AND task_end_time >= NOW() AND create_by = ?
2026-07-06 14:08:10.559 [http-nio-8080-exec-5] DEBUG [traceId=b6ed8d46e9064c8cbcf394331bbe0b21 userId=29 role=2] c.k.i.m.H.countCurrentTasksForHeadmaster - ==> Parameters: 29(Long)
2026-07-06 14:08:10.559 [http-nio-8080-exec-3] DEBUG [traceId=ef1d1a835760450895e78b4fcf37d475 userId=29 role=2] c.k.i.m.N.selectCount - ==>  Preparing: SELECT COUNT( * ) AS total FROM notification_message WHERE (user_id = ? AND is_read = ? AND status = ? AND notify_time <= ?)
2026-07-06 14:08:10.559 [http-nio-8080-exec-5] DEBUG [traceId=b6ed8d46e9064c8cbcf394331bbe0b21 userId=29 role=2] c.k.i.m.H.countCurrentTasksForHeadmaster - <==      Total: 1
2026-07-06 14:08:10.559 [http-nio-8080-exec-3] DEBUG [traceId=ef1d1a835760450895e78b4fcf37d475 userId=29 role=2] c.k.i.m.N.selectCount - ==> Parameters: 29(Long), 0(Integer), 0(String), 2026-07-06T14:08:10.558(LocalDateTime)
2026-07-06 14:08:10.560 [http-nio-8080-exec-5] DEBUG [traceId=b6ed8d46e9064c8cbcf394331bbe0b21 userId=29 role=2] c.k.i.m.H.countForceTasksForHeadmaster - ==>  Preparing: SELECT COUNT(*) FROM task WHERE is_mandatory = 1 AND create_by = ?
2026-07-06 14:08:10.560 [http-nio-8080-exec-5] DEBUG [traceId=b6ed8d46e9064c8cbcf394331bbe0b21 userId=29 role=2] c.k.i.m.H.countForceTasksForHeadmaster - ==> Parameters: 29(Long)
2026-07-06 14:08:10.561 [http-nio-8080-exec-5] DEBUG [traceId=b6ed8d46e9064c8cbcf394331bbe0b21 userId=29 role=2] c.k.i.m.H.countForceTasksForHeadmaster - <==      Total: 1
2026-07-06 14:08:10.561 [http-nio-8080-exec-5] DEBUG [traceId=b6ed8d46e9064c8cbcf394331bbe0b21 userId=29 role=2] c.k.i.m.H.countTotalTasksForHeadmaster - ==>  Preparing: SELECT COUNT(*) FROM task WHERE create_by = ?
2026-07-06 14:08:10.563 [http-nio-8080-exec-5] DEBUG [traceId=b6ed8d46e9064c8cbcf394331bbe0b21 userId=29 role=2] c.k.i.m.H.countTotalTasksForHeadmaster - ==> Parameters: 29(Long)
2026-07-06 14:08:10.563 [http-nio-8080-exec-5] DEBUG [traceId=b6ed8d46e9064c8cbcf394331bbe0b21 userId=29 role=2] c.k.i.m.H.countTotalTasksForHeadmaster - <==      Total: 1
2026-07-06 14:08:10.564 [http-nio-8080-exec-5] DEBUG [traceId=b6ed8d46e9064c8cbcf394331bbe0b21 userId=29 role=2] c.k.i.m.H.completionStatsForHeadmaster - ==>  Preparing: SELECT COUNT(*) AS total, SUM(CASE WHEN tu.status IN ('1','2') THEN 1 ELSE 0 END) AS completed, SUM(CASE WHEN tu.status = '0' THEN 1 ELSE 0 END) AS uncompleted FROM task_user tu JOIN task t ON t.id = tu.task_id WHERE t.create_by = ?
2026-07-06 14:08:10.564 [http-nio-8080-exec-5] DEBUG [traceId=b6ed8d46e9064c8cbcf394331bbe0b21 userId=29 role=2] c.k.i.m.H.completionStatsForHeadmaster - ==> Parameters: 29(Long)
2026-07-06 14:08:10.564 [http-nio-8080-exec-3] DEBUG [traceId=ef1d1a835760450895e78b4fcf37d475 userId=29 role=2] c.k.i.m.N.selectCount - <==      Total: 1
2026-07-06 14:08:10.565 [http-nio-8080-exec-3] INFO  [traceId=ef1d1a835760450895e78b4fcf37d475 userId=29 role=2] com.kg.interceptor.TraceIdFilter - HTTP_REQUEST_END method=GET uri=/notification/unread-count status=200 cost=14ms responseBody={"code":200,"message":"查询成功","data":9}
2026-07-06 14:08:10.565 [http-nio-8080-exec-5] DEBUG [traceId=b6ed8d46e9064c8cbcf394331bbe0b21 userId=29 role=2] c.k.i.m.H.completionStatsForHeadmaster - <==      Total: 1
2026-07-06 14:08:10.566 [http-nio-8080-exec-5] DEBUG [traceId=b6ed8d46e9064c8cbcf394331bbe0b21 userId=29 role=2] c.k.i.m.H.lowCompletedTop3ForHeadmaster - ==>  Preparing: SELECT t.id AS task_id, t.task_name, t.task_end_time AS end_time, COUNT(*) AS total, SUM(CASE WHEN tu.status IN ('1','2') THEN 1 ELSE 0 END) AS completed, SUM(CASE WHEN tu.status = '0' THEN 1 ELSE 0 END) AS uncompleted FROM task t JOIN task_user tu ON tu.task_id = t.id WHERE t.create_by = ? GROUP BY t.id, t.task_name, t.task_end_time ORDER BY (SUM(CASE WHEN tu.status IN ('1','2') THEN 1 ELSE 0 END) * 1.0 / COUNT(*)) ASC LIMIT 3
2026-07-06 14:08:10.566 [http-nio-8080-exec-5] DEBUG [traceId=b6ed8d46e9064c8cbcf394331bbe0b21 userId=29 role=2] c.k.i.m.H.lowCompletedTop3ForHeadmaster - ==> Parameters: 29(Long)
2026-07-06 14:08:10.568 [http-nio-8080-exec-5] DEBUG [traceId=b6ed8d46e9064c8cbcf394331bbe0b21 userId=29 role=2] c.k.i.m.H.lowCompletedTop3ForHeadmaster - <==      Total: 3
2026-07-06 14:08:10.569 [http-nio-8080-exec-5] INFO  [traceId=b6ed8d46e9064c8cbcf394331bbe0b21 userId=29 role=2] com.kg.interceptor.TraceIdFilter - HTTP_REQUEST_END method=GET uri=/home/stat status=200 cost=18ms responseBody={"code":200,"message":"查询成功","data":{"currentTaskCount":1,"forceTaskCount":14,"totalTaskCount":14,"completedTaskUserCount":5,"unCompletedTaskUserCount":61,"completedRate":8,"lowCompletedTasks":[{"taskId":48,"taskName":"222","totalUserCount":1,"completedUserCount":0,"unCompletedUserCount":1,"completedRate":0,"endTime":"2026-06-13T23:59:59"},{"taskId":73,"taskName":"测试班级任务","totalUserCount":7,"completedUserCount":0,"unCompletedUserCount":7,"completedRate":0,"endTime":"2026-06-30T23:59:59"},{"taskId":45,"taskName":"测试颜色5","totalUserCount":4,"completedUserCount":0,"unCompletedUserCount":4,"completedRate":0,"endTime":"2026-06-14T23:59:59"}]}}
2026-07-06 14:08:10.608 [http-nio-8080-exec-6] INFO  [traceId=c510eb0c223f43cb81c1928b5a384a3b userId= role=] com.kg.interceptor.TraceIdFilter - HTTP_REQUEST_START method=GET uri=/student/checkin/stat query=null requestBody= ip=0:0:0:0:0:0:0:1 userAgent=Mozilla/5.0 (Windows NT 10.0; Win64; x64) AppleWebKit/537.36 (KHTML, like Gecko) Chrome/123.0.0.0 Safari/537.36
2026-07-06 14:08:10.613 [http-nio-8080-exec-6] DEBUG [traceId=c510eb0c223f43cb81c1928b5a384a3b userId= role=] c.k.i.m.SysUserMapper.selectById - ==>  Preparing: SELECT id,account,name,password,role,gender,email,phone,openid,description,teacher_remark,class_id,status,create_by,create_time,update_by,update_time FROM sys_user WHERE id=?
2026-07-06 14:08:10.613 [http-nio-8080-exec-6] DEBUG [traceId=c510eb0c223f43cb81c1928b5a384a3b userId= role=] c.k.i.m.SysUserMapper.selectById - ==> Parameters: 29(Long)
2026-07-06 14:08:10.614 [http-nio-8080-exec-6] DEBUG [traceId=c510eb0c223f43cb81c1928b5a384a3b userId= role=] c.k.i.m.SysUserMapper.selectById - <==      Total: 1
2026-07-06 14:08:10.615 [http-nio-8080-exec-6] DEBUG [traceId=c510eb0c223f43cb81c1928b5a384a3b userId=29 role=2] c.k.i.m.S.findCheckinDates - ==>  Preparing: SELECT DISTINCT DATE(t.task_start_time) AS checkinDate FROM task_user tu JOIN task t ON t.id = tu.task_id WHERE tu.user_id = ? AND t.task_type = ? AND tu.status IN ('1','2') ORDER BY checkinDate DESC
2026-07-06 14:08:10.616 [http-nio-8080-exec-6] DEBUG [traceId=c510eb0c223f43cb81c1928b5a384a3b userId=29 role=2] c.k.i.m.S.findCheckinDates - ==> Parameters: 29(Long), 2(String)
2026-07-06 14:08:10.620 [http-nio-8080-exec-6] DEBUG [traceId=c510eb0c223f43cb81c1928b5a384a3b userId=29 role=2] c.k.i.m.S.findCheckinDates - <==      Total: 11
2026-07-06 14:08:10.622 [http-nio-8080-exec-6] INFO  [traceId=c510eb0c223f43cb81c1928b5a384a3b userId=29 role=2] com.kg.interceptor.TraceIdFilter - HTTP_REQUEST_END method=GET uri=/student/checkin/stat status=200 cost=14ms responseBody={"code":200,"message":"查询成功","data":{"continuousDays":0,"monthCheckinCount":3,"todayChecked":false}}
2026-07-06 14:08:10.879 [http-nio-8080-exec-7] INFO  [traceId=d9601d13a93a44c09ccba82e4e38fa61 userId= role=] com.kg.interceptor.TraceIdFilter - HTTP_REQUEST_START method=GET uri=/dict/group/task_type query=null requestBody= ip=0:0:0:0:0:0:0:1 userAgent=Mozilla/5.0 (Windows NT 10.0; Win64; x64) AppleWebKit/537.36 (KHTML, like Gecko) Chrome/123.0.0.0 Safari/537.36
2026-07-06 14:08:10.883 [http-nio-8080-exec-7] DEBUG [traceId=d9601d13a93a44c09ccba82e4e38fa61 userId= role=] c.k.i.m.SysUserMapper.selectById - ==>  Preparing: SELECT id,account,name,password,role,gender,email,phone,openid,description,teacher_remark,class_id,status,create_by,create_time,update_by,update_time FROM sys_user WHERE id=?
2026-07-06 14:08:10.883 [http-nio-8080-exec-7] DEBUG [traceId=d9601d13a93a44c09ccba82e4e38fa61 userId= role=] c.k.i.m.SysUserMapper.selectById - ==> Parameters: 29(Long)
2026-07-06 14:08:10.885 [http-nio-8080-exec-7] DEBUG [traceId=d9601d13a93a44c09ccba82e4e38fa61 userId= role=] c.k.i.m.SysUserMapper.selectById - <==      Total: 1
2026-07-06 14:08:10.886 [http-nio-8080-exec-7] DEBUG [traceId=d9601d13a93a44c09ccba82e4e38fa61 userId=29 role=2] c.k.i.mapper.DictMapper.selectList - ==>  Preparing: SELECT id,dict_code,dict_name,dict_label,dict_value,display_color,sort_no,status,create_by,create_time,update_by,update_time FROM sys_dict WHERE (dict_code = ?) ORDER BY sort_no ASC
2026-07-06 14:08:10.886 [http-nio-8080-exec-7] DEBUG [traceId=d9601d13a93a44c09ccba82e4e38fa61 userId=29 role=2] c.k.i.mapper.DictMapper.selectList - ==> Parameters: task_type(String)
2026-07-06 14:08:10.888 [http-nio-8080-exec-7] DEBUG [traceId=d9601d13a93a44c09ccba82e4e38fa61 userId=29 role=2] c.k.i.mapper.DictMapper.selectList - <==      Total: 4
2026-07-06 14:08:10.889 [http-nio-8080-exec-7] INFO  [traceId=d9601d13a93a44c09ccba82e4e38fa61 userId=29 role=2] com.kg.interceptor.TraceIdFilter - HTTP_REQUEST_END method=GET uri=/dict/group/task_type status=200 cost=10ms responseBody={"code":200,"message":"查询成功","data":{"dictCode":"task_type","dictName":"任务类型","items":[{"dictValue":"0","dictLabel":"刷题","sortNo":0,"status":1,"displayColor":"#ff6f00"},{"dictValue":"1","dictLabel":"学习","sortNo":1,"status":1,"displayColor":"#f7ff00"},{"dictValue":"2","dictLabel":"打卡","sortNo":2,"status":1,"displayColor":"#66ff00"},{"dictValue":"3","dictLabel":"每日复盘","sortNo":3,"status":1,"displayColor":"#00bfff"}]}}
2026-07-06 14:08:10.901 [http-nio-8080-exec-10] INFO  [traceId=6468785bf1f44cb5a120081af73f38e0 userId= role=] com.kg.interceptor.TraceIdFilter - HTTP_REQUEST_START method=POST uri=/my-task/list query=null requestBody={"pageNum":1,"pageSize":500,"status":"1"} ip=0:0:0:0:0:0:0:1 userAgent=Mozilla/5.0 (Windows NT 10.0; Win64; x64) AppleWebKit/537.36 (KHTML, like Gecko) Chrome/123.0.0.0 Safari/537.36
2026-07-06 14:08:10.901 [http-nio-8080-exec-4] INFO  [traceId=ab54ca37883e4ca283443ba6e2599ee0 userId= role=] com.kg.interceptor.TraceIdFilter - HTTP_REQUEST_START method=POST uri=/my-task/list query=null requestBody={"pageNum":1,"pageSize":5,"status":"1","finishTimeStart":"2026-07-06 00:00:00","finishTimeEnd":"2026-07-06 23:59:59"} ip=0:0:0:0:0:0:0:1 userAgent=Mozilla/5.0 (Windows NT 10.0; Win64; x64) AppleWebKit/537.36 (KHTML, like Gecko) Chrome/123.0.0.0 Safari/537.36
2026-07-06 14:08:10.901 [http-nio-8080-exec-9] INFO  [traceId=3b283fbc4c91454b8f13038b3a9a3524 userId= role=] com.kg.interceptor.TraceIdFilter - HTTP_REQUEST_START method=POST uri=/my-task/list query=null requestBody={"pageNum":1,"pageSize":5,"status":"0","startTimeEnd":"2026-07-06"} ip=0:0:0:0:0:0:0:1 userAgent=Mozilla/5.0 (Windows NT 10.0; Win64; x64) AppleWebKit/537.36 (KHTML, like Gecko) Chrome/123.0.0.0 Safari/537.36
2026-07-06 14:08:10.901 [http-nio-8080-exec-2] INFO  [traceId=718b65100e2445459737548dc016565a userId= role=] com.kg.interceptor.TraceIdFilter - HTTP_REQUEST_START method=GET uri=/study-phase/calendar query=startDate=2026-07-01&endDate=2026-07-31&classId=8 requestBody= ip=0:0:0:0:0:0:0:1 userAgent=Mozilla/5.0 (Windows NT 10.0; Win64; x64) AppleWebKit/537.36 (KHTML, like Gecko) Chrome/123.0.0.0 Safari/537.36
2026-07-06 14:08:10.905 [http-nio-8080-exec-2] DEBUG [traceId=718b65100e2445459737548dc016565a userId= role=] c.k.i.m.SysUserMapper.selectById - ==>  Preparing: SELECT id,account,name,password,role,gender,email,phone,openid,description,teacher_remark,class_id,status,create_by,create_time,update_by,update_time FROM sys_user WHERE id=?
2026-07-06 14:08:10.905 [http-nio-8080-exec-10] DEBUG [traceId=6468785bf1f44cb5a120081af73f38e0 userId= role=] c.k.i.m.SysUserMapper.selectById - ==>  Preparing: SELECT id,account,name,password,role,gender,email,phone,openid,description,teacher_remark,class_id,status,create_by,create_time,update_by,update_time FROM sys_user WHERE id=?
2026-07-06 14:08:10.905 [http-nio-8080-exec-4] DEBUG [traceId=ab54ca37883e4ca283443ba6e2599ee0 userId= role=] c.k.i.m.SysUserMapper.selectById - ==>  Preparing: SELECT id,account,name,password,role,gender,email,phone,openid,description,teacher_remark,class_id,status,create_by,create_time,update_by,update_time FROM sys_user WHERE id=?
2026-07-06 14:08:10.905 [http-nio-8080-exec-9] DEBUG [traceId=3b283fbc4c91454b8f13038b3a9a3524 userId= role=] c.k.i.m.SysUserMapper.selectById - ==>  Preparing: SELECT id,account,name,password,role,gender,email,phone,openid,description,teacher_remark,class_id,status,create_by,create_time,update_by,update_time FROM sys_user WHERE id=?
2026-07-06 14:08:10.905 [http-nio-8080-exec-10] DEBUG [traceId=6468785bf1f44cb5a120081af73f38e0 userId= role=] c.k.i.m.SysUserMapper.selectById - ==> Parameters: 29(Long)
2026-07-06 14:08:10.905 [http-nio-8080-exec-4] DEBUG [traceId=ab54ca37883e4ca283443ba6e2599ee0 userId= role=] c.k.i.m.SysUserMapper.selectById - ==> Parameters: 29(Long)
2026-07-06 14:08:10.905 [http-nio-8080-exec-2] DEBUG [traceId=718b65100e2445459737548dc016565a userId= role=] c.k.i.m.SysUserMapper.selectById - ==> Parameters: 29(Long)
2026-07-06 14:08:10.905 [http-nio-8080-exec-9] DEBUG [traceId=3b283fbc4c91454b8f13038b3a9a3524 userId= role=] c.k.i.m.SysUserMapper.selectById - ==> Parameters: 29(Long)
2026-07-06 14:08:10.906 [http-nio-8080-exec-9] DEBUG [traceId=3b283fbc4c91454b8f13038b3a9a3524 userId= role=] c.k.i.m.SysUserMapper.selectById - <==      Total: 1
2026-07-06 14:08:10.908 [http-nio-8080-exec-10] DEBUG [traceId=6468785bf1f44cb5a120081af73f38e0 userId= role=] c.k.i.m.SysUserMapper.selectById - <==      Total: 1
2026-07-06 14:08:10.908 [http-nio-8080-exec-2] DEBUG [traceId=718b65100e2445459737548dc016565a userId= role=] c.k.i.m.SysUserMapper.selectById - <==      Total: 1
2026-07-06 14:08:10.908 [http-nio-8080-exec-4] DEBUG [traceId=ab54ca37883e4ca283443ba6e2599ee0 userId= role=] c.k.i.m.SysUserMapper.selectById - <==      Total: 1
2026-07-06 14:08:10.909 [http-nio-8080-exec-2] DEBUG [traceId=718b65100e2445459737548dc016565a userId=29 role=2] c.k.i.m.S.selectList - ==>  Preparing: SELECT id,phase_id,class_id,create_time FROM study_phase_class WHERE (class_id = ?)
2026-07-06 14:08:10.909 [http-nio-8080-exec-2] DEBUG [traceId=718b65100e2445459737548dc016565a userId=29 role=2] c.k.i.m.S.selectList - ==> Parameters: 8(Long)
2026-07-06 14:08:10.914 [http-nio-8080-exec-2] DEBUG [traceId=718b65100e2445459737548dc016565a userId=29 role=2] c.k.i.m.S.selectList - <==      Total: 2
2026-07-06 14:08:10.916 [http-nio-8080-exec-2] DEBUG [traceId=718b65100e2445459737548dc016565a userId=29 role=2] c.k.i.m.StudyPhaseMapper.selectList - ==>  Preparing: SELECT id,phase_title,phase_content,start_date,end_date,display_color,status,create_by,create_time,update_by,update_time FROM study_phase WHERE (id IN (?,?) AND status = ? AND start_date <= ? AND end_date >= ?) ORDER BY start_date ASC
2026-07-06 14:08:10.916 [http-nio-8080-exec-2] DEBUG [traceId=718b65100e2445459737548dc016565a userId=29 role=2] c.k.i.m.StudyPhaseMapper.selectList - ==> Parameters: 2(Long), 1(Long), 1(Integer), 2026-07-31(LocalDate), 2026-07-01(LocalDate)
2026-07-06 14:08:10.920 [http-nio-8080-exec-2] DEBUG [traceId=718b65100e2445459737548dc016565a userId=29 role=2] c.k.i.m.StudyPhaseMapper.selectList - <==      Total: 2
2026-07-06 14:08:10.921 [http-nio-8080-exec-2] DEBUG [traceId=718b65100e2445459737548dc016565a userId=29 role=2] c.k.i.m.S.selectList - ==>  Preparing: SELECT id,phase_id,class_id,create_time FROM study_phase_class WHERE (phase_id = ?)
2026-07-06 14:08:10.921 [http-nio-8080-exec-2] DEBUG [traceId=718b65100e2445459737548dc016565a userId=29 role=2] c.k.i.m.S.selectList - ==> Parameters: 1(Long)
2026-07-06 14:08:10.923 [http-nio-8080-exec-2] DEBUG [traceId=718b65100e2445459737548dc016565a userId=29 role=2] c.k.i.m.S.selectList - <==      Total: 3
2026-07-06 14:08:10.923 [http-nio-8080-exec-2] DEBUG [traceId=718b65100e2445459737548dc016565a userId=29 role=2] c.k.i.m.ClassInfoMapper.selectById - ==>  Preparing: SELECT id,class_name,description,status,create_by,create_time,update_by,update_time FROM class_info WHERE id=?
2026-07-06 14:08:10.923 [http-nio-8080-exec-2] DEBUG [traceId=718b65100e2445459737548dc016565a userId=29 role=2] c.k.i.m.ClassInfoMapper.selectById - ==> Parameters: 8(Long)
2026-07-06 14:08:10.924 [http-nio-8080-exec-2] DEBUG [traceId=718b65100e2445459737548dc016565a userId=29 role=2] c.k.i.m.ClassInfoMapper.selectById - <==      Total: 1
2026-07-06 14:08:10.924 [http-nio-8080-exec-2] DEBUG [traceId=718b65100e2445459737548dc016565a userId=29 role=2] c.k.i.m.ClassInfoMapper.selectById - ==>  Preparing: SELECT id,class_name,description,status,create_by,create_time,update_by,update_time FROM class_info WHERE id=?
2026-07-06 14:08:10.924 [http-nio-8080-exec-2] DEBUG [traceId=718b65100e2445459737548dc016565a userId=29 role=2] c.k.i.m.ClassInfoMapper.selectById - ==> Parameters: 9(Long)
2026-07-06 14:08:10.926 [http-nio-8080-exec-2] DEBUG [traceId=718b65100e2445459737548dc016565a userId=29 role=2] c.k.i.m.ClassInfoMapper.selectById - <==      Total: 1
2026-07-06 14:08:10.927 [http-nio-8080-exec-2] DEBUG [traceId=718b65100e2445459737548dc016565a userId=29 role=2] c.k.i.m.ClassInfoMapper.selectById - ==>  Preparing: SELECT id,class_name,description,status,create_by,create_time,update_by,update_time FROM class_info WHERE id=?
2026-07-06 14:08:10.927 [http-nio-8080-exec-2] DEBUG [traceId=718b65100e2445459737548dc016565a userId=29 role=2] c.k.i.m.ClassInfoMapper.selectById - ==> Parameters: 10(Long)
2026-07-06 14:08:10.928 [http-nio-8080-exec-2] DEBUG [traceId=718b65100e2445459737548dc016565a userId=29 role=2] c.k.i.m.ClassInfoMapper.selectById - <==      Total: 1
2026-07-06 14:08:10.929 [http-nio-8080-exec-2] DEBUG [traceId=718b65100e2445459737548dc016565a userId=29 role=2] c.k.i.m.S.selectList - ==>  Preparing: SELECT id,phase_id,class_id,create_time FROM study_phase_class WHERE (phase_id = ?)
2026-07-06 14:08:10.929 [http-nio-8080-exec-2] DEBUG [traceId=718b65100e2445459737548dc016565a userId=29 role=2] c.k.i.m.S.selectList - ==> Parameters: 2(Long)
2026-07-06 14:08:10.930 [http-nio-8080-exec-9] DEBUG [traceId=3b283fbc4c91454b8f13038b3a9a3524 userId=29 role=2] c.k.i.mapper.MyTaskMapper.count - ==>  Preparing: SELECT COUNT(*) FROM task_user tu JOIN task t ON t.id = tu.task_id WHERE tu.user_id = ? AND tu.status = ? AND t.task_start_time <= ?
2026-07-06 14:08:10.930 [http-nio-8080-exec-10] DEBUG [traceId=6468785bf1f44cb5a120081af73f38e0 userId=29 role=2] c.k.i.mapper.MyTaskMapper.count - ==>  Preparing: SELECT COUNT(*) FROM task_user tu JOIN task t ON t.id = tu.task_id WHERE tu.user_id = ? AND tu.status = ?
2026-07-06 14:08:10.930 [http-nio-8080-exec-4] DEBUG [traceId=ab54ca37883e4ca283443ba6e2599ee0 userId=29 role=2] c.k.i.mapper.MyTaskMapper.count - ==>  Preparing: SELECT COUNT(*) FROM task_user tu JOIN task t ON t.id = tu.task_id WHERE tu.user_id = ? AND tu.status = ? AND tu.finish_time >= ? AND tu.finish_time <= ?
2026-07-06 14:08:10.930 [http-nio-8080-exec-2] DEBUG [traceId=718b65100e2445459737548dc016565a userId=29 role=2] c.k.i.m.S.selectList - <==      Total: 1
2026-07-06 14:08:10.930 [http-nio-8080-exec-9] DEBUG [traceId=3b283fbc4c91454b8f13038b3a9a3524 userId=29 role=2] c.k.i.mapper.MyTaskMapper.count - ==> Parameters: 29(Long), 0(String), 2026-07-06(String)
2026-07-06 14:08:10.930 [http-nio-8080-exec-10] DEBUG [traceId=6468785bf1f44cb5a120081af73f38e0 userId=29 role=2] c.k.i.mapper.MyTaskMapper.count - ==> Parameters: 29(Long), 1(String)
2026-07-06 14:08:10.930 [http-nio-8080-exec-4] DEBUG [traceId=ab54ca37883e4ca283443ba6e2599ee0 userId=29 role=2] c.k.i.mapper.MyTaskMapper.count - ==> Parameters: 29(Long), 1(String), 2026-07-06 00:00:00(String), 2026-07-06 23:59:59(String)
2026-07-06 14:08:10.930 [http-nio-8080-exec-2] DEBUG [traceId=718b65100e2445459737548dc016565a userId=29 role=2] c.k.i.m.ClassInfoMapper.selectById - ==>  Preparing: SELECT id,class_name,description,status,create_by,create_time,update_by,update_time FROM class_info WHERE id=?
2026-07-06 14:08:10.930 [http-nio-8080-exec-2] DEBUG [traceId=718b65100e2445459737548dc016565a userId=29 role=2] c.k.i.m.ClassInfoMapper.selectById - ==> Parameters: 8(Long)
2026-07-06 14:08:10.931 [http-nio-8080-exec-10] DEBUG [traceId=6468785bf1f44cb5a120081af73f38e0 userId=29 role=2] c.k.i.mapper.MyTaskMapper.count - <==      Total: 1
2026-07-06 14:08:10.931 [http-nio-8080-exec-2] DEBUG [traceId=718b65100e2445459737548dc016565a userId=29 role=2] c.k.i.m.ClassInfoMapper.selectById - <==      Total: 1
2026-07-06 14:08:10.931 [http-nio-8080-exec-4] DEBUG [traceId=ab54ca37883e4ca283443ba6e2599ee0 userId=29 role=2] c.k.i.mapper.MyTaskMapper.count - <==      Total: 1
2026-07-06 14:08:10.932 [http-nio-8080-exec-2] INFO  [traceId=718b65100e2445459737548dc016565a userId=29 role=2] com.kg.interceptor.TraceIdFilter - HTTP_REQUEST_END method=GET uri=/study-phase/calendar status=200 cost=31ms responseBody={"code":200,"message":"查询成功","data":[{"id":1,"phaseTitle":"测试阶段","phaseContent":"这是一条描述","startDate":"2026-07-01","endDate":"2026-07-03","displayColor":"#ee6262","status":1,"classIds":[8,9,10],"classNames":["1班","2班","线上学习1班"],"createTime":"2026-07-02 21:13:33"},{"id":2,"phaseTitle":"测试阶段2","phaseContent":"这是测试阶段2的描述","startDate":"2026-07-02","endDate":"2026-07-09","displayColor":"#6367d4","status":1,"classIds":[8],"classNames":["1班"],"createTime":"2026-07-02 21:23:49"}]}
2026-07-06 14:08:10.932 [http-nio-8080-exec-4] DEBUG [traceId=ab54ca37883e4ca283443ba6e2599ee0 userId=29 role=2] c.k.i.mapper.MyTaskMapper.page - ==>  Preparing: SELECT u.name AS task_create_name,t.round_no AS round_no,t.template_id AS template_id,t.id AS task_id, t.task_name, t.task_type, t.is_mandatory AS force_flag, t.task_description, t.priority, t.task_start_time AS start_time, t.task_end_time AS end_time, t.plan_id AS planId, t.plan_date AS planDate, t.is_repeat_task AS isRepeatTask, t.status AS taskStatus, tu.id AS task_user_id, tu.status, tu.total_score, tu.submit_time FROM task_user tu JOIN task t ON t.id = tu.task_id LEFT JOIN sys_user u ON u.id = t.create_by WHERE tu.user_id = ? AND tu.status = ? AND tu.finish_time >= ? AND tu.finish_time <= ? ORDER BY t.create_time DESC LIMIT ?, ?
2026-07-06 14:08:10.932 [http-nio-8080-exec-10] DEBUG [traceId=6468785bf1f44cb5a120081af73f38e0 userId=29 role=2] c.k.i.mapper.MyTaskMapper.page - ==>  Preparing: SELECT u.name AS task_create_name,t.round_no AS round_no,t.template_id AS template_id,t.id AS task_id, t.task_name, t.task_type, t.is_mandatory AS force_flag, t.task_description, t.priority, t.task_start_time AS start_time, t.task_end_time AS end_time, t.plan_id AS planId, t.plan_date AS planDate, t.is_repeat_task AS isRepeatTask, t.status AS taskStatus, tu.id AS task_user_id, tu.status, tu.total_score, tu.submit_time FROM task_user tu JOIN task t ON t.id = tu.task_id LEFT JOIN sys_user u ON u.id = t.create_by WHERE tu.user_id = ? AND tu.status = ? ORDER BY t.create_time DESC LIMIT ?, ?
2026-07-06 14:08:10.932 [http-nio-8080-exec-10] DEBUG [traceId=6468785bf1f44cb5a120081af73f38e0 userId=29 role=2] c.k.i.mapper.MyTaskMapper.page - ==> Parameters: 29(Long), 1(String), 0(Integer), 500(Integer)
2026-07-06 14:08:10.932 [http-nio-8080-exec-9] DEBUG [traceId=3b283fbc4c91454b8f13038b3a9a3524 userId=29 role=2] c.k.i.mapper.MyTaskMapper.count - <==      Total: 1
2026-07-06 14:08:10.932 [http-nio-8080-exec-4] DEBUG [traceId=ab54ca37883e4ca283443ba6e2599ee0 userId=29 role=2] c.k.i.mapper.MyTaskMapper.page - ==> Parameters: 29(Long), 1(String), 2026-07-06 00:00:00(String), 2026-07-06 23:59:59(String), 0(Integer), 5(Integer)
2026-07-06 14:08:10.932 [http-nio-8080-exec-9] DEBUG [traceId=3b283fbc4c91454b8f13038b3a9a3524 userId=29 role=2] c.k.i.mapper.MyTaskMapper.page - ==>  Preparing: SELECT u.name AS task_create_name,t.round_no AS round_no,t.template_id AS template_id,t.id AS task_id, t.task_name, t.task_type, t.is_mandatory AS force_flag, t.task_description, t.priority, t.task_start_time AS start_time, t.task_end_time AS end_time, t.plan_id AS planId, t.plan_date AS planDate, t.is_repeat_task AS isRepeatTask, t.status AS taskStatus, tu.id AS task_user_id, tu.status, tu.total_score, tu.submit_time FROM task_user tu JOIN task t ON t.id = tu.task_id LEFT JOIN sys_user u ON u.id = t.create_by WHERE tu.user_id = ? AND tu.status = ? AND t.task_start_time <= ? ORDER BY t.create_time DESC LIMIT ?, ?
2026-07-06 14:08:10.932 [http-nio-8080-exec-9] DEBUG [traceId=3b283fbc4c91454b8f13038b3a9a3524 userId=29 role=2] c.k.i.mapper.MyTaskMapper.page - ==> Parameters: 29(Long), 0(String), 2026-07-06(String), 0(Integer), 5(Integer)
2026-07-06 14:08:10.936 [http-nio-8080-exec-9] DEBUG [traceId=3b283fbc4c91454b8f13038b3a9a3524 userId=29 role=2] c.k.i.mapper.MyTaskMapper.page - <==      Total: 5
2026-07-06 14:08:10.941 [http-nio-8080-exec-9] INFO  [traceId=3b283fbc4c91454b8f13038b3a9a3524 userId=29 role=2] com.kg.interceptor.TraceIdFilter - HTTP_REQUEST_END method=POST uri=/my-task/list status=200 cost=40ms responseBody={"code":200,"message":"查询成功","data":{"total":30,"list":[{"taskId":94,"taskName":"每日打卡","taskType":"2","forceFlag":1,"taskDescription":null,"priority":0,"startTime":"2026-07-05 06:00:00","endTime":"2026-07-05 23:59:00","status":"0","totalScore":null,"submitTime":null,"roundNo":0,"templateId":null,"planId":null,"planDate":null,"isRepeatTask":0,"taskStatus":1,"taskUserId":492,"taskCreateName":null},{"taskId":95,"taskName":"每日复盘","taskType":"3","forceFlag":1,"taskDescription":null,"priority":0,"startTime":"2026-07-05 08:00:00","endTime":"2026-07-05 23:59:00","status":"0","totalScore":null,"submitTime":null,"roundNo":0,"templateId":null,"planId":null,"planDate":null,"isRepeatTask":0,"taskStatus":1,"taskUserId":503,"taskCreateName":null},{"taskId":93,"taskName":"每日复盘","taskType":"3","forceFlag":1,"taskDescription":null,"priority":0,"startTime":"2026-07-03 08:00:00","endTime":"2026-07-03 23:59:00","status":"0","totalScore":null,"submitTime":null,"roundNo":0,"templateId":null,"planId":null,"planDate":null,"isRepeatTask":0,"taskStatus":1,"taskUserId":481,"taskCreateName":null},{"taskId":89,"taskName":"每日复盘","taskType":"3","forceFlag":1,"taskDescription":null,"priority":0,"startTime":"2026-07-02 08:00:00","endTime":"2026-07-02 23:59:00","status":"0","totalScore":null,"submitTime":null,"roundNo":0,"templateId":null,"planId":null,"planDate":null,"isRepeatTask":0,"taskStatus":1,"taskUserId":458,"taskCreateName":null},{"taskId":80,"taskName":"测试重复任务 07-04","taskType":"0","forceFlag":1,"taskDescription":"","priority":1,"startTime":"2026-07-04 00:00:00","endTime":"2026-07-04 23:59:00","status":"0","totalScore":null,"submitTime":null,"roundNo":0,"templateId":null,"planId":1,"planDate":"2026-07-04","isRepeatTask":1,"taskStatus":1,"taskUserId":438,"taskCreateName":"管理员"}]}}
2026-07-06 14:08:10.942 [http-nio-8080-exec-4] DEBUG [traceId=ab54ca37883e4ca283443ba6e2599ee0 userId=29 role=2] c.k.i.mapper.MyTaskMapper.page - <==      Total: 0
2026-07-06 14:08:10.943 [http-nio-8080-exec-4] INFO  [traceId=ab54ca37883e4ca283443ba6e2599ee0 userId=29 role=2] com.kg.interceptor.TraceIdFilter - HTTP_REQUEST_END method=POST uri=/my-task/list status=200 cost=42ms responseBody={"code":200,"message":"查询成功","data":{"total":0,"list":[]}}
2026-07-06 14:08:10.943 [http-nio-8080-exec-10] DEBUG [traceId=6468785bf1f44cb5a120081af73f38e0 userId=29 role=2] c.k.i.mapper.MyTaskMapper.page - <==      Total: 21
2026-07-06 14:08:10.950 [http-nio-8080-exec-10] INFO  [traceId=6468785bf1f44cb5a120081af73f38e0 userId=29 role=2] com.kg.interceptor.TraceIdFilter - HTTP_REQUEST_END method=POST uri=/my-task/list status=200 cost=49ms responseBody={"code":200,"message":"查询成功","data":{"total":21,"list":[{"taskId":92,"taskName":"每日打卡","taskType":"2","forceFlag":1,"taskDescription":null,"priority":0,"startTime":"2026-07-03 06:00:00","endTime":"2026-07-03 23:59:00","status":"1","totalScore":null,"submitTime":"2026-07-03 08:47:44","roundNo":0,"templateId":null,"planId":null,"planDate":null,"isRepeatTask":0,"taskStatus":1,"taskUserId":470,"taskCreateName":null},{"taskId":88,"taskName":"每日打卡","taskType":"2","forceFlag":1,"taskDescription":null,"priority":0,"startTime":"2026-07-02 06:00:00","endTime":"2026-07-02 23:59:00","status":"1","totalScore":null,"submitTime":"2026-07-02 17:10:11","roundNo":0,"templateId":null,"planId":null,"planDate":null,"isRepeatTask":0,"taskStatus":1,"taskUserId":448,"taskCreateName":null},{"taskId":77,"taskName":"测试重复任务 07-01","taskType":"0","forceFlag":1,"taskDescription":"","priority":1,"startTime":"2026-07-01 00:00:00","endTime":"2026-07-01 23:59:00","status":"1","totalScore":null,"submitTime":"2026-07-02 17:07:59","roundNo":0,"templateId":null,"planId":1,"planDate":"2026-07-01","isRepeatTask":1,"taskStatus":1,"taskUserId":417,"taskCreateName":"管理员"},{"taskId":78,"taskName":"测试重复任务 07-02","taskType":"0","forceFlag":1,"taskDescription":"","priority":1,"startTime":"2026-07-02 00:00:00","endTime":"2026-07-02 23:59:00","status":"1","totalScore":null,"submitTime":"2026-07-02 17:08:03","roundNo":0,"templateId":null,"planId":1,"planDate":"2026-07-02","isRepeatTask":1,"taskStatus":1,"taskUserId":424,"taskCreateName":"管理员"},{"taskId":74,"taskName":"每日打卡","taskType":"2","forceFlag":1,"taskDescription":null,"priority":0,"startTime":"2026-07-01 06:00:00","endTime":"2026-07-01 23:59:00","status":"1","totalScore":null,"submitTime":"2026-07-01 16:15:10","roundNo":0,"templateId":null,"planId":null,"planDate":null,"isRepeatTask":0,"taskStatus":1,"taskUserId":393,"taskCreateName":null},{"taskId":71,"taskName":"每日打卡","taskType":"2","forceFlag":1,"taskDescription":null,"priority":0,"startTime":"2026-06-29 06:00:00","endTime":"2026-06-29 23:59:00","status":"1","totalScore":null,"submitTime":"2026-07-02 17:08:12","roundNo":0,"templateId":null,"planId":null,"planDate":null,"isRepeatTask":0,"taskStatus":1,"taskUserId":366,"taskCreateName":null},{"taskId":70,"taskName":"每日复盘","taskType":"3","forceFlag":1,"taskDescription":null,"priority":0,"startTime":"2026-06-28 08:00:00","endTime":"2026-06-28 23:59:00","status":"1","totalScore":null,"submitTime":"2026-07-01 17:47:20","roundNo":0,"templateId":null,"planId":null,"planDate":null,"isRepeatTask":0,"taskStatus":1,"taskUserId":356,"taskCreateName":null},{"taskId":69,"taskName":"每日打卡","taskType":"2","forceFlag":1,"taskDescription":null,"priority":0,"startTime":"2026-06-28 06:00:00","endTime":"2026-06-28 23:59:00","status":"1","totalScore":null,"submitTime":"2026-07-01 17:47:26","roundNo":0,"templateId":null,"planId":null,"planDate":null,"isRepeatTask":0,"taskStatus":1,"taskUserId":346,"taskCreateName":null},{"taskId":67,"taskName":"145测试题","taskType":"0","forceFlag":1,"taskDescription":"145测试题1","priority":1,"startTime":"2026-06-23 00:00:00","endTime":"2026-06-23 23:59:59","status":"1","totalScore":null,"submitTime":"2026-07-02 17:08:33","roundNo":1,"templateId":null,"planId":null,"planDate":null,"isRepeatTask":0,"taskStatus":1,"taskUserId":329,"taskCreateName":"杨少伟"},{"taskId":64,"taskName":"每日打卡","taskType":"2","forceFlag":1,"taskDescription":null,"priority":0,"startTime":"2026-06-23 06:00:00","endTime":"2026-06-23 23:59:00","status":"1","totalScore":null,"submitTime":"2026-06-23 09:53:13","roundNo":0,"templateId":null,"planId":null,"planDate":null,"isRepeatTask":0,"taskStatus":1,"taskUserId":305,"taskCreateName":null},{"taskId":55,"taskName":"每日打卡","taskType":"2","forceFlag":1,"taskDescription":null,"priority":0,"startTime":"2026-06-16 06:00:00","endTime":"2026-06-16 23:59:00","status":"1","totalScore":null,"submitTime":"2026-06-16 22:42:00","roundNo":0,"templateId":null,"planId":null,"planDate":null,"isRepeatTask":0,"taskStatus":1,"taskUserId":214,"taskCreateName":null},{"taskId":54,"taskName":"27年国考","taskType":"0","forceFlag":1,"taskDescription":"","priority":2,"startTime":"2026-06-15 00:00:00","endTime":"2026-06-15 23:59:59","status":"1","totalScore":105.00,"submitTime":"2026-06-15 09:26:18","roundNo":1,"templateId":null,"planId":null,"planDate":null,"isRepeatTask":0,"taskStatus":1,"taskUserId":204,"taskCreateName":"杨少伟"},{"taskId":52,"taskName":"每日打卡","taskType":"2","forceFlag":1,"taskDescription":null,"priority":0,"startTime":"2026-06-15 06:00:00","endTime":"2026-06-15 23:59:00","status":"1","totalScore":null,"submitTime":"2026-06-15 09:21:38","roundNo":0,"templateId":null,"planId":null,"planDate":null,"isRepeatTask":0,"taskStatus":1,"taskUserId":187,"taskCreateName":null},{"taskId":50,"taskName":"每日打卡","taskType":"2","forceFlag":1,"taskDescription":null,"priority":0,"startTime":"2026-06-14 06:00:00","endTime":"2026-06-14 23:59:00","status":"1","totalScore":null,"submitTime":"2026-06-14 19:54:27","r...[TRUNCATED length=7670]
2026-07-06 14:08:12.945 [http-nio-8080-exec-1] INFO  [traceId=f4edf1cb44ef4bbba68092e1a689e75a userId= role=] com.kg.interceptor.TraceIdFilter - HTTP_REQUEST_START method=GET uri=/dict/ROLE query=null requestBody= ip=0:0:0:0:0:0:0:1 userAgent=Mozilla/5.0 (Windows NT 10.0; Win64; x64) AppleWebKit/537.36 (KHTML, like Gecko) Chrome/123.0.0.0 Safari/537.36
2026-07-06 14:08:12.945 [http-nio-8080-exec-8] INFO  [traceId=86b20df839964845b1609fd9f8da7adf userId= role=] com.kg.interceptor.TraceIdFilter - HTTP_REQUEST_START method=POST uri=/class/page query=null requestBody={"pageNum":1,"pageSize":10} ip=0:0:0:0:0:0:0:1 userAgent=Mozilla/5.0 (Windows NT 10.0; Win64; x64) AppleWebKit/537.36 (KHTML, like Gecko) Chrome/123.0.0.0 Safari/537.36
2026-07-06 14:08:12.949 [http-nio-8080-exec-8] DEBUG [traceId=86b20df839964845b1609fd9f8da7adf userId= role=] c.k.i.m.SysUserMapper.selectById - ==>  Preparing: SELECT id,account,name,password,role,gender,email,phone,openid,description,teacher_remark,class_id,status,create_by,create_time,update_by,update_time FROM sys_user WHERE id=?
2026-07-06 14:08:12.949 [http-nio-8080-exec-1] DEBUG [traceId=f4edf1cb44ef4bbba68092e1a689e75a userId= role=] c.k.i.m.SysUserMapper.selectById - ==>  Preparing: SELECT id,account,name,password,role,gender,email,phone,openid,description,teacher_remark,class_id,status,create_by,create_time,update_by,update_time FROM sys_user WHERE id=?
2026-07-06 14:08:12.949 [http-nio-8080-exec-8] DEBUG [traceId=86b20df839964845b1609fd9f8da7adf userId= role=] c.k.i.m.SysUserMapper.selectById - ==> Parameters: 29(Long)
2026-07-06 14:08:12.949 [http-nio-8080-exec-1] DEBUG [traceId=f4edf1cb44ef4bbba68092e1a689e75a userId= role=] c.k.i.m.SysUserMapper.selectById - ==> Parameters: 29(Long)
2026-07-06 14:08:12.950 [http-nio-8080-exec-1] DEBUG [traceId=f4edf1cb44ef4bbba68092e1a689e75a userId= role=] c.k.i.m.SysUserMapper.selectById - <==      Total: 1
2026-07-06 14:08:12.950 [http-nio-8080-exec-8] DEBUG [traceId=86b20df839964845b1609fd9f8da7adf userId= role=] c.k.i.m.SysUserMapper.selectById - <==      Total: 1
2026-07-06 14:08:12.952 [http-nio-8080-exec-1] DEBUG [traceId=f4edf1cb44ef4bbba68092e1a689e75a userId=29 role=2] c.k.i.mapper.DictMapper.selectList - ==>  Preparing: SELECT id,dict_code,dict_name,dict_label,dict_value,display_color,sort_no,status,create_by,create_time,update_by,update_time FROM sys_dict WHERE (dict_code = ? AND status = ?) ORDER BY sort_no ASC
2026-07-06 14:08:12.952 [http-nio-8080-exec-1] DEBUG [traceId=f4edf1cb44ef4bbba68092e1a689e75a userId=29 role=2] c.k.i.mapper.DictMapper.selectList - ==> Parameters: ROLE(String), 1(Integer)
2026-07-06 14:08:12.952 [http-nio-8080-exec-1] DEBUG [traceId=f4edf1cb44ef4bbba68092e1a689e75a userId=29 role=2] c.k.i.mapper.DictMapper.selectList - <==      Total: 3
2026-07-06 14:08:12.953 [http-nio-8080-exec-1] INFO  [traceId=f4edf1cb44ef4bbba68092e1a689e75a userId=29 role=2] com.kg.interceptor.TraceIdFilter - HTTP_REQUEST_END method=GET uri=/dict/ROLE status=200 cost=8ms responseBody={"code":200,"message":"查询成功","data":[{"value":"1","label":"老师"},{"value":"2","label":"班长"},{"value":"3","label":"学生"}]}
2026-07-06 14:08:12.954 [http-nio-8080-exec-8] DEBUG [traceId=86b20df839964845b1609fd9f8da7adf userId=29 role=2] c.k.i.m.ClassInfoMapper.selectCount - ==>  Preparing: SELECT COUNT( * ) AS total FROM class_info
2026-07-06 14:08:12.954 [http-nio-8080-exec-8] DEBUG [traceId=86b20df839964845b1609fd9f8da7adf userId=29 role=2] c.k.i.m.ClassInfoMapper.selectCount - ==> Parameters: 
2026-07-06 14:08:12.954 [http-nio-8080-exec-8] DEBUG [traceId=86b20df839964845b1609fd9f8da7adf userId=29 role=2] c.k.i.m.ClassInfoMapper.selectCount - <==      Total: 1
2026-07-06 14:08:12.956 [http-nio-8080-exec-8] DEBUG [traceId=86b20df839964845b1609fd9f8da7adf userId=29 role=2] c.k.i.m.ClassInfoMapper.selectList - ==>  Preparing: SELECT id,class_name,description,status,create_by,create_time,update_by,update_time FROM class_info ORDER BY id DESC LIMIT 0,10
2026-07-06 14:08:12.957 [http-nio-8080-exec-8] DEBUG [traceId=86b20df839964845b1609fd9f8da7adf userId=29 role=2] c.k.i.m.ClassInfoMapper.selectList - ==> Parameters: 
2026-07-06 14:08:12.957 [http-nio-8080-exec-8] DEBUG [traceId=86b20df839964845b1609fd9f8da7adf userId=29 role=2] c.k.i.m.ClassInfoMapper.selectList - <==      Total: 3
2026-07-06 14:08:12.959 [http-nio-8080-exec-8] DEBUG [traceId=86b20df839964845b1609fd9f8da7adf userId=29 role=2] c.k.i.m.SysUserMapper.selectCount - ==>  Preparing: SELECT COUNT( * ) AS total FROM sys_user WHERE (class_id = ?)
2026-07-06 14:08:12.959 [http-nio-8080-exec-8] DEBUG [traceId=86b20df839964845b1609fd9f8da7adf userId=29 role=2] c.k.i.m.SysUserMapper.selectCount - ==> Parameters: 10(Long)
2026-07-06 14:08:12.960 [http-nio-8080-exec-8] DEBUG [traceId=86b20df839964845b1609fd9f8da7adf userId=29 role=2] c.k.i.m.SysUserMapper.selectCount - <==      Total: 1
2026-07-06 14:08:12.961 [http-nio-8080-exec-8] DEBUG [traceId=86b20df839964845b1609fd9f8da7adf userId=29 role=2] c.k.i.m.SysUserMapper.selectCount - ==>  Preparing: SELECT COUNT( * ) AS total FROM sys_user WHERE (class_id = ?)
2026-07-06 14:08:12.961 [http-nio-8080-exec-8] DEBUG [traceId=86b20df839964845b1609fd9f8da7adf userId=29 role=2] c.k.i.m.SysUserMapper.selectCount - ==> Parameters: 9(Long)
2026-07-06 14:08:12.961 [http-nio-8080-exec-8] DEBUG [traceId=86b20df839964845b1609fd9f8da7adf userId=29 role=2] c.k.i.m.SysUserMapper.selectCount - <==      Total: 1
2026-07-06 14:08:12.963 [http-nio-8080-exec-8] DEBUG [traceId=86b20df839964845b1609fd9f8da7adf userId=29 role=2] c.k.i.m.SysUserMapper.selectCount - ==>  Preparing: SELECT COUNT( * ) AS total FROM sys_user WHERE (class_id = ?)
2026-07-06 14:08:12.963 [http-nio-8080-exec-8] DEBUG [traceId=86b20df839964845b1609fd9f8da7adf userId=29 role=2] c.k.i.m.SysUserMapper.selectCount - ==> Parameters: 8(Long)
2026-07-06 14:08:12.964 [http-nio-8080-exec-8] DEBUG [traceId=86b20df839964845b1609fd9f8da7adf userId=29 role=2] c.k.i.m.SysUserMapper.selectCount - <==      Total: 1
2026-07-06 14:08:12.965 [http-nio-8080-exec-8] INFO  [traceId=86b20df839964845b1609fd9f8da7adf userId=29 role=2] com.kg.interceptor.TraceIdFilter - HTTP_REQUEST_END method=POST uri=/class/page status=200 cost=20ms responseBody={"code":200,"message":"查询成功","data":{"total":3,"list":[{"id":10,"className":"线上学习1班","description":"初创学员","studentCount":1,"createTime":"2026-07-02 17:25:28"},{"id":9,"className":"2班","description":"","studentCount":2,"createTime":"2026-06-01 00:20:21"},{"id":8,"className":"1班","description":"","studentCount":7,"createTime":"2026-06-01 00:20:12"}]}}
2026-07-06 14:11:43.434 [http-nio-8080-exec-5] INFO  [traceId=8115d16c375d464892d3596476904f04 userId= role=] com.kg.interceptor.TraceIdFilter - HTTP_REQUEST_START method=POST uri=/my-task/list query=null requestBody={"pageNum":1,"pageSize":10,"status":"0"} ip=0:0:0:0:0:0:0:1 userAgent=Mozilla/5.0 (Windows NT 10.0; Win64; x64) AppleWebKit/537.36 (KHTML, like Gecko) Chrome/123.0.0.0 Safari/537.36
2026-07-06 14:11:43.434 [http-nio-8080-exec-3] INFO  [traceId=1e12f490327046c4a0ec4213ead8f23d userId= role=] com.kg.interceptor.TraceIdFilter - HTTP_REQUEST_START method=GET uri=/dict/group/task_type query=null requestBody= ip=0:0:0:0:0:0:0:1 userAgent=Mozilla/5.0 (Windows NT 10.0; Win64; x64) AppleWebKit/537.36 (KHTML, like Gecko) Chrome/123.0.0.0 Safari/537.36
2026-07-06 14:11:43.434 [http-nio-8080-exec-6] INFO  [traceId=b38e15c005fd43f9afc36838df9bfc6e userId= role=] com.kg.interceptor.TraceIdFilter - HTTP_REQUEST_START method=POST uri=/my-task/stats query=null requestBody={} ip=0:0:0:0:0:0:0:1 userAgent=Mozilla/5.0 (Windows NT 10.0; Win64; x64) AppleWebKit/537.36 (KHTML, like Gecko) Chrome/123.0.0.0 Safari/537.36
2026-07-06 14:11:43.440 [http-nio-8080-exec-3] DEBUG [traceId=1e12f490327046c4a0ec4213ead8f23d userId= role=] c.k.i.m.SysUserMapper.selectById - ==>  Preparing: SELECT id,account,name,password,role,gender,email,phone,openid,description,teacher_remark,class_id,status,create_by,create_time,update_by,update_time FROM sys_user WHERE id=?
2026-07-06 14:11:43.440 [http-nio-8080-exec-6] DEBUG [traceId=b38e15c005fd43f9afc36838df9bfc6e userId= role=] c.k.i.m.SysUserMapper.selectById - ==>  Preparing: SELECT id,account,name,password,role,gender,email,phone,openid,description,teacher_remark,class_id,status,create_by,create_time,update_by,update_time FROM sys_user WHERE id=?
2026-07-06 14:11:43.440 [http-nio-8080-exec-5] DEBUG [traceId=8115d16c375d464892d3596476904f04 userId= role=] c.k.i.m.SysUserMapper.selectById - ==>  Preparing: SELECT id,account,name,password,role,gender,email,phone,openid,description,teacher_remark,class_id,status,create_by,create_time,update_by,update_time FROM sys_user WHERE id=?
2026-07-06 14:11:43.441 [http-nio-8080-exec-3] DEBUG [traceId=1e12f490327046c4a0ec4213ead8f23d userId= role=] c.k.i.m.SysUserMapper.selectById - ==> Parameters: 29(Long)
2026-07-06 14:11:43.441 [http-nio-8080-exec-5] DEBUG [traceId=8115d16c375d464892d3596476904f04 userId= role=] c.k.i.m.SysUserMapper.selectById - ==> Parameters: 29(Long)
2026-07-06 14:11:43.441 [http-nio-8080-exec-6] DEBUG [traceId=b38e15c005fd43f9afc36838df9bfc6e userId= role=] c.k.i.m.SysUserMapper.selectById - ==> Parameters: 29(Long)
2026-07-06 14:11:43.442 [http-nio-8080-exec-3] DEBUG [traceId=1e12f490327046c4a0ec4213ead8f23d userId= role=] c.k.i.m.SysUserMapper.selectById - <==      Total: 1
2026-07-06 14:11:43.442 [http-nio-8080-exec-5] DEBUG [traceId=8115d16c375d464892d3596476904f04 userId= role=] c.k.i.m.SysUserMapper.selectById - <==      Total: 1
2026-07-06 14:11:43.442 [http-nio-8080-exec-6] DEBUG [traceId=b38e15c005fd43f9afc36838df9bfc6e userId= role=] c.k.i.m.SysUserMapper.selectById - <==      Total: 1
2026-07-06 14:11:43.443 [http-nio-8080-exec-5] DEBUG [traceId=8115d16c375d464892d3596476904f04 userId=29 role=2] c.k.i.mapper.MyTaskMapper.count - ==>  Preparing: SELECT COUNT(*) FROM task_user tu JOIN task t ON t.id = tu.task_id WHERE tu.user_id = ? AND tu.status = ?
2026-07-06 14:11:43.443 [http-nio-8080-exec-5] DEBUG [traceId=8115d16c375d464892d3596476904f04 userId=29 role=2] c.k.i.mapper.MyTaskMapper.count - ==> Parameters: 29(Long), 0(String)
2026-07-06 14:11:43.443 [http-nio-8080-exec-3] DEBUG [traceId=1e12f490327046c4a0ec4213ead8f23d userId=29 role=2] c.k.i.mapper.DictMapper.selectList - ==>  Preparing: SELECT id,dict_code,dict_name,dict_label,dict_value,display_color,sort_no,status,create_by,create_time,update_by,update_time FROM sys_dict WHERE (dict_code = ?) ORDER BY sort_no ASC
2026-07-06 14:11:43.443 [http-nio-8080-exec-3] DEBUG [traceId=1e12f490327046c4a0ec4213ead8f23d userId=29 role=2] c.k.i.mapper.DictMapper.selectList - ==> Parameters: task_type(String)
2026-07-06 14:11:43.444 [http-nio-8080-exec-5] DEBUG [traceId=8115d16c375d464892d3596476904f04 userId=29 role=2] c.k.i.mapper.MyTaskMapper.count - <==      Total: 1
2026-07-06 14:11:43.444 [http-nio-8080-exec-3] DEBUG [traceId=1e12f490327046c4a0ec4213ead8f23d userId=29 role=2] c.k.i.mapper.DictMapper.selectList - <==      Total: 4
2026-07-06 14:11:43.445 [http-nio-8080-exec-5] DEBUG [traceId=8115d16c375d464892d3596476904f04 userId=29 role=2] c.k.i.mapper.MyTaskMapper.page - ==>  Preparing: SELECT u.name AS task_create_name,t.round_no AS round_no,t.template_id AS template_id,t.id AS task_id, t.task_name, t.task_type, t.is_mandatory AS force_flag, t.task_description, t.priority, t.task_start_time AS start_time, t.task_end_time AS end_time, t.plan_id AS planId, t.plan_date AS planDate, t.is_repeat_task AS isRepeatTask, t.status AS taskStatus, tu.id AS task_user_id, tu.status, tu.total_score, tu.submit_time FROM task_user tu JOIN task t ON t.id = tu.task_id LEFT JOIN sys_user u ON u.id = t.create_by WHERE tu.user_id = ? AND tu.status = ? ORDER BY t.create_time DESC LIMIT ?, ?
2026-07-06 14:11:43.445 [http-nio-8080-exec-6] DEBUG [traceId=b38e15c005fd43f9afc36838df9bfc6e userId=29 role=2] c.k.i.m.TaskUserMapper.selectCount - ==>  Preparing: SELECT COUNT( * ) AS total FROM task_user WHERE (user_id = ? AND status = ?)
2026-07-06 14:11:43.445 [http-nio-8080-exec-6] DEBUG [traceId=b38e15c005fd43f9afc36838df9bfc6e userId=29 role=2] c.k.i.m.TaskUserMapper.selectCount - ==> Parameters: 29(Long), 0(String)
2026-07-06 14:11:43.445 [http-nio-8080-exec-5] DEBUG [traceId=8115d16c375d464892d3596476904f04 userId=29 role=2] c.k.i.mapper.MyTaskMapper.page - ==> Parameters: 29(Long), 0(String), 0(Integer), 10(Integer)
2026-07-06 14:11:43.445 [http-nio-8080-exec-3] INFO  [traceId=1e12f490327046c4a0ec4213ead8f23d userId=29 role=2] com.kg.interceptor.TraceIdFilter - HTTP_REQUEST_END method=GET uri=/dict/group/task_type status=200 cost=11ms responseBody={"code":200,"message":"查询成功","data":{"dictCode":"task_type","dictName":"任务类型","items":[{"dictValue":"0","dictLabel":"刷题","sortNo":0,"status":1,"displayColor":"#ff6f00"},{"dictValue":"1","dictLabel":"学习","sortNo":1,"status":1,"displayColor":"#f7ff00"},{"dictValue":"2","dictLabel":"打卡","sortNo":2,"status":1,"displayColor":"#66ff00"},{"dictValue":"3","dictLabel":"每日复盘","sortNo":3,"status":1,"displayColor":"#00bfff"}]}}
2026-07-06 14:11:43.446 [http-nio-8080-exec-6] DEBUG [traceId=b38e15c005fd43f9afc36838df9bfc6e userId=29 role=2] c.k.i.m.TaskUserMapper.selectCount - <==      Total: 1
2026-07-06 14:11:43.447 [http-nio-8080-exec-5] DEBUG [traceId=8115d16c375d464892d3596476904f04 userId=29 role=2] c.k.i.mapper.MyTaskMapper.page - <==      Total: 10
2026-07-06 14:11:43.449 [http-nio-8080-exec-6] DEBUG [traceId=b38e15c005fd43f9afc36838df9bfc6e userId=29 role=2] c.k.i.m.TaskUserMapper.selectCount - ==>  Preparing: SELECT COUNT( * ) AS total FROM task_user WHERE (user_id = ? AND status IN (?,?))
2026-07-06 14:11:43.449 [http-nio-8080-exec-5] INFO  [traceId=8115d16c375d464892d3596476904f04 userId=29 role=2] com.kg.interceptor.TraceIdFilter - HTTP_REQUEST_END method=POST uri=/my-task/list status=200 cost=15ms responseBody={"code":200,"message":"查询成功","data":{"total":32,"list":[{"taskId":96,"taskName":"每日打卡","taskType":"2","forceFlag":1,"taskDescription":null,"priority":0,"startTime":"2026-07-06 06:00:00","endTime":"2026-07-06 23:59:00","status":"0","totalScore":null,"submitTime":null,"roundNo":0,"templateId":null,"planId":null,"planDate":null,"isRepeatTask":0,"taskStatus":1,"taskUserId":514,"taskCreateName":null},{"taskId":97,"taskName":"每日复盘","taskType":"3","forceFlag":1,"taskDescription":null,"priority":0,"startTime":"2026-07-06 08:00:00","endTime":"2026-07-06 23:59:00","status":"0","totalScore":null,"submitTime":null,"roundNo":0,"templateId":null,"planId":null,"planDate":null,"isRepeatTask":0,"taskStatus":1,"taskUserId":525,"taskCreateName":null},{"taskId":94,"taskName":"每日打卡","taskType":"2","forceFlag":1,"taskDescription":null,"priority":0,"startTime":"2026-07-05 06:00:00","endTime":"2026-07-05 23:59:00","status":"0","totalScore":null,"submitTime":null,"roundNo":0,"templateId":null,"planId":null,"planDate":null,"isRepeatTask":0,"taskStatus":1,"taskUserId":492,"taskCreateName":null},{"taskId":95,"taskName":"每日复盘","taskType":"3","forceFlag":1,"taskDescription":null,"priority":0,"startTime":"2026-07-05 08:00:00","endTime":"2026-07-05 23:59:00","status":"0","totalScore":null,"submitTime":null,"roundNo":0,"templateId":null,"planId":null,"planDate":null,"isRepeatTask":0,"taskStatus":1,"taskUserId":503,"taskCreateName":null},{"taskId":93,"taskName":"每日复盘","taskType":"3","forceFlag":1,"taskDescription":null,"priority":0,"startTime":"2026-07-03 08:00:00","endTime":"2026-07-03 23:59:00","status":"0","totalScore":null,"submitTime":null,"roundNo":0,"templateId":null,"planId":null,"planDate":null,"isRepeatTask":0,"taskStatus":1,"taskUserId":481,"taskCreateName":null},{"taskId":89,"taskName":"每日复盘","taskType":"3","forceFlag":1,"taskDescription":null,"priority":0,"startTime":"2026-07-02 08:00:00","endTime":"2026-07-02 23:59:00","status":"0","totalScore":null,"submitTime":null,"roundNo":0,"templateId":null,"planId":null,"planDate":null,"isRepeatTask":0,"taskStatus":1,"taskUserId":458,"taskCreateName":null},{"taskId":80,"taskName":"测试重复任务 07-04","taskType":"0","forceFlag":1,"taskDescription":"","priority":1,"startTime":"2026-07-04 00:00:00","endTime":"2026-07-04 23:59:00","status":"0","totalScore":null,"submitTime":null,"roundNo":0,"templateId":null,"planId":1,"planDate":"2026-07-04","isRepeatTask":1,"taskStatus":1,"taskUserId":438,"taskCreateName":"管理员"},{"taskId":76,"taskName":"普通刷题任务测试","taskType":"0","forceFlag":1,"taskDescription":"","priority":1,"startTime":"2026-07-01 00:00:00","endTime":"2026-07-03 23:59:59","status":"0","totalScore":null,"submitTime":null,"roundNo":1,"templateId":null,"planId":null,"planDate":null,"isRepeatTask":0,"taskStatus":1,"taskUserId":410,"taskCreateName":"管理员"},{"taskId":75,"taskName":"每日复盘","taskType":"3","forceFlag":1,"taskDescription":null,"priority":0,"startTime":"2026-07-01 08:00:00","endTime":"2026-07-01 23:59:00","status":"0","totalScore":null,"submitTime":null,"roundNo":0,"templateId":null,"planId":null,"planDate":null,"isRepeatTask":0,"taskStatus":1,"taskUserId":403,"taskCreateName":null},{"taskId":73,"taskName":"测试班级任务","taskType":"0","forceFlag":1,"taskDescription":"","priority":1,"startTime":"2026-06-29 00:00:00","endTime":"2026-06-30 23:59:59","status":"0","totalScore":null,"submitTime":null,"roundNo":1,"templateId":null,"planId":null,"planDate":null,"isRepeatTask":0,"taskStatus":1,"taskUserId":383,"taskCreateName":"杨少伟"}]}}
2026-07-06 14:11:43.449 [http-nio-8080-exec-6] DEBUG [traceId=b38e15c005fd43f9afc36838df9bfc6e userId=29 role=2] c.k.i.m.TaskUserMapper.selectCount - ==> Parameters: 29(Long), 1(String), 2(String)
2026-07-06 14:11:43.450 [http-nio-8080-exec-6] DEBUG [traceId=b38e15c005fd43f9afc36838df9bfc6e userId=29 role=2] c.k.i.m.TaskUserMapper.selectCount - <==      Total: 1
2026-07-06 14:11:43.450 [http-nio-8080-exec-6] INFO  [traceId=b38e15c005fd43f9afc36838df9bfc6e userId=29 role=2] com.kg.interceptor.TraceIdFilter - HTTP_REQUEST_END method=POST uri=/my-task/stats status=200 cost=16ms responseBody={"code":200,"message":"查询成功","data":{"unfinished":32,"finished":22}}
2026-07-06 14:11:47.800 [http-nio-8080-exec-7] INFO  [traceId=e2da6d76b3374b63870a23edf8478a4e userId= role=] com.kg.interceptor.TraceIdFilter - HTTP_REQUEST_START method=POST uri=/my-task/list query=null requestBody={"pageNum":1,"pageSize":10,"status":"1"} ip=0:0:0:0:0:0:0:1 userAgent=Mozilla/5.0 (Windows NT 10.0; Win64; x64) AppleWebKit/537.36 (KHTML, like Gecko) Chrome/123.0.0.0 Safari/537.36
2026-07-06 14:11:47.800 [http-nio-8080-exec-2] INFO  [traceId=6cf63f495cd0499487e2901b07e7232c userId= role=] com.kg.interceptor.TraceIdFilter - HTTP_REQUEST_START method=POST uri=/my-task/stats query=null requestBody={} ip=0:0:0:0:0:0:0:1 userAgent=Mozilla/5.0 (Windows NT 10.0; Win64; x64) AppleWebKit/537.36 (KHTML, like Gecko) Chrome/123.0.0.0 Safari/537.36
2026-07-06 14:11:47.804 [http-nio-8080-exec-2] DEBUG [traceId=6cf63f495cd0499487e2901b07e7232c userId= role=] c.k.i.m.SysUserMapper.selectById - ==>  Preparing: SELECT id,account,name,password,role,gender,email,phone,openid,description,teacher_remark,class_id,status,create_by,create_time,update_by,update_time FROM sys_user WHERE id=?
2026-07-06 14:11:47.804 [http-nio-8080-exec-7] DEBUG [traceId=e2da6d76b3374b63870a23edf8478a4e userId= role=] c.k.i.m.SysUserMapper.selectById - ==>  Preparing: SELECT id,account,name,password,role,gender,email,phone,openid,description,teacher_remark,class_id,status,create_by,create_time,update_by,update_time FROM sys_user WHERE id=?
2026-07-06 14:11:47.804 [http-nio-8080-exec-2] DEBUG [traceId=6cf63f495cd0499487e2901b07e7232c userId= role=] c.k.i.m.SysUserMapper.selectById - ==> Parameters: 29(Long)
2026-07-06 14:11:47.804 [http-nio-8080-exec-7] DEBUG [traceId=e2da6d76b3374b63870a23edf8478a4e userId= role=] c.k.i.m.SysUserMapper.selectById - ==> Parameters: 29(Long)
2026-07-06 14:11:47.805 [http-nio-8080-exec-7] DEBUG [traceId=e2da6d76b3374b63870a23edf8478a4e userId= role=] c.k.i.m.SysUserMapper.selectById - <==      Total: 1
2026-07-06 14:11:47.805 [http-nio-8080-exec-2] DEBUG [traceId=6cf63f495cd0499487e2901b07e7232c userId= role=] c.k.i.m.SysUserMapper.selectById - <==      Total: 1
2026-07-06 14:11:47.806 [http-nio-8080-exec-7] DEBUG [traceId=e2da6d76b3374b63870a23edf8478a4e userId=29 role=2] c.k.i.mapper.MyTaskMapper.count - ==>  Preparing: SELECT COUNT(*) FROM task_user tu JOIN task t ON t.id = tu.task_id WHERE tu.user_id = ? AND tu.status = ?
2026-07-06 14:11:47.806 [http-nio-8080-exec-7] DEBUG [traceId=e2da6d76b3374b63870a23edf8478a4e userId=29 role=2] c.k.i.mapper.MyTaskMapper.count - ==> Parameters: 29(Long), 1(String)
2026-07-06 14:11:47.807 [http-nio-8080-exec-2] DEBUG [traceId=6cf63f495cd0499487e2901b07e7232c userId=29 role=2] c.k.i.m.TaskUserMapper.selectCount - ==>  Preparing: SELECT COUNT( * ) AS total FROM task_user WHERE (user_id = ? AND status = ?)
2026-07-06 14:11:47.807 [http-nio-8080-exec-2] DEBUG [traceId=6cf63f495cd0499487e2901b07e7232c userId=29 role=2] c.k.i.m.TaskUserMapper.selectCount - ==> Parameters: 29(Long), 0(String)
2026-07-06 14:11:47.807 [http-nio-8080-exec-7] DEBUG [traceId=e2da6d76b3374b63870a23edf8478a4e userId=29 role=2] c.k.i.mapper.MyTaskMapper.count - <==      Total: 1
2026-07-06 14:11:47.807 [http-nio-8080-exec-2] DEBUG [traceId=6cf63f495cd0499487e2901b07e7232c userId=29 role=2] c.k.i.m.TaskUserMapper.selectCount - <==      Total: 1
2026-07-06 14:11:47.808 [http-nio-8080-exec-7] DEBUG [traceId=e2da6d76b3374b63870a23edf8478a4e userId=29 role=2] c.k.i.mapper.MyTaskMapper.page - ==>  Preparing: SELECT u.name AS task_create_name,t.round_no AS round_no,t.template_id AS template_id,t.id AS task_id, t.task_name, t.task_type, t.is_mandatory AS force_flag, t.task_description, t.priority, t.task_start_time AS start_time, t.task_end_time AS end_time, t.plan_id AS planId, t.plan_date AS planDate, t.is_repeat_task AS isRepeatTask, t.status AS taskStatus, tu.id AS task_user_id, tu.status, tu.total_score, tu.submit_time FROM task_user tu JOIN task t ON t.id = tu.task_id LEFT JOIN sys_user u ON u.id = t.create_by WHERE tu.user_id = ? AND tu.status = ? ORDER BY t.create_time DESC LIMIT ?, ?
2026-07-06 14:11:47.808 [http-nio-8080-exec-7] DEBUG [traceId=e2da6d76b3374b63870a23edf8478a4e userId=29 role=2] c.k.i.mapper.MyTaskMapper.page - ==> Parameters: 29(Long), 1(String), 0(Integer), 10(Integer)
2026-07-06 14:11:47.809 [http-nio-8080-exec-2] DEBUG [traceId=6cf63f495cd0499487e2901b07e7232c userId=29 role=2] c.k.i.m.TaskUserMapper.selectCount - ==>  Preparing: SELECT COUNT( * ) AS total FROM task_user WHERE (user_id = ? AND status IN (?,?))
2026-07-06 14:11:47.809 [http-nio-8080-exec-2] DEBUG [traceId=6cf63f495cd0499487e2901b07e7232c userId=29 role=2] c.k.i.m.TaskUserMapper.selectCount - ==> Parameters: 29(Long), 1(String), 2(String)
2026-07-06 14:11:47.810 [http-nio-8080-exec-2] DEBUG [traceId=6cf63f495cd0499487e2901b07e7232c userId=29 role=2] c.k.i.m.TaskUserMapper.selectCount - <==      Total: 1
2026-07-06 14:11:47.811 [http-nio-8080-exec-7] DEBUG [traceId=e2da6d76b3374b63870a23edf8478a4e userId=29 role=2] c.k.i.mapper.MyTaskMapper.page - <==      Total: 10
2026-07-06 14:11:47.811 [http-nio-8080-exec-2] INFO  [traceId=6cf63f495cd0499487e2901b07e7232c userId=29 role=2] com.kg.interceptor.TraceIdFilter - HTTP_REQUEST_END method=POST uri=/my-task/stats status=200 cost=11ms responseBody={"code":200,"message":"查询成功","data":{"unfinished":32,"finished":22}}
2026-07-06 14:11:47.812 [http-nio-8080-exec-7] INFO  [traceId=e2da6d76b3374b63870a23edf8478a4e userId=29 role=2] com.kg.interceptor.TraceIdFilter - HTTP_REQUEST_END method=POST uri=/my-task/list status=200 cost=12ms responseBody={"code":200,"message":"查询成功","data":{"total":21,"list":[{"taskId":92,"taskName":"每日打卡","taskType":"2","forceFlag":1,"taskDescription":null,"priority":0,"startTime":"2026-07-03 06:00:00","endTime":"2026-07-03 23:59:00","status":"1","totalScore":null,"submitTime":"2026-07-03 08:47:44","roundNo":0,"templateId":null,"planId":null,"planDate":null,"isRepeatTask":0,"taskStatus":1,"taskUserId":470,"taskCreateName":null},{"taskId":88,"taskName":"每日打卡","taskType":"2","forceFlag":1,"taskDescription":null,"priority":0,"startTime":"2026-07-02 06:00:00","endTime":"2026-07-02 23:59:00","status":"1","totalScore":null,"submitTime":"2026-07-02 17:10:11","roundNo":0,"templateId":null,"planId":null,"planDate":null,"isRepeatTask":0,"taskStatus":1,"taskUserId":448,"taskCreateName":null},{"taskId":77,"taskName":"测试重复任务 07-01","taskType":"0","forceFlag":1,"taskDescription":"","priority":1,"startTime":"2026-07-01 00:00:00","endTime":"2026-07-01 23:59:00","status":"1","totalScore":null,"submitTime":"2026-07-02 17:07:59","roundNo":0,"templateId":null,"planId":1,"planDate":"2026-07-01","isRepeatTask":1,"taskStatus":1,"taskUserId":417,"taskCreateName":"管理员"},{"taskId":78,"taskName":"测试重复任务 07-02","taskType":"0","forceFlag":1,"taskDescription":"","priority":1,"startTime":"2026-07-02 00:00:00","endTime":"2026-07-02 23:59:00","status":"1","totalScore":null,"submitTime":"2026-07-02 17:08:03","roundNo":0,"templateId":null,"planId":1,"planDate":"2026-07-02","isRepeatTask":1,"taskStatus":1,"taskUserId":424,"taskCreateName":"管理员"},{"taskId":74,"taskName":"每日打卡","taskType":"2","forceFlag":1,"taskDescription":null,"priority":0,"startTime":"2026-07-01 06:00:00","endTime":"2026-07-01 23:59:00","status":"1","totalScore":null,"submitTime":"2026-07-01 16:15:10","roundNo":0,"templateId":null,"planId":null,"planDate":null,"isRepeatTask":0,"taskStatus":1,"taskUserId":393,"taskCreateName":null},{"taskId":71,"taskName":"每日打卡","taskType":"2","forceFlag":1,"taskDescription":null,"priority":0,"startTime":"2026-06-29 06:00:00","endTime":"2026-06-29 23:59:00","status":"1","totalScore":null,"submitTime":"2026-07-02 17:08:12","roundNo":0,"templateId":null,"planId":null,"planDate":null,"isRepeatTask":0,"taskStatus":1,"taskUserId":366,"taskCreateName":null},{"taskId":70,"taskName":"每日复盘","taskType":"3","forceFlag":1,"taskDescription":null,"priority":0,"startTime":"2026-06-28 08:00:00","endTime":"2026-06-28 23:59:00","status":"1","totalScore":null,"submitTime":"2026-07-01 17:47:20","roundNo":0,"templateId":null,"planId":null,"planDate":null,"isRepeatTask":0,"taskStatus":1,"taskUserId":356,"taskCreateName":null},{"taskId":69,"taskName":"每日打卡","taskType":"2","forceFlag":1,"taskDescription":null,"priority":0,"startTime":"2026-06-28 06:00:00","endTime":"2026-06-28 23:59:00","status":"1","totalScore":null,"submitTime":"2026-07-01 17:47:26","roundNo":0,"templateId":null,"planId":null,"planDate":null,"isRepeatTask":0,"taskStatus":1,"taskUserId":346,"taskCreateName":null},{"taskId":67,"taskName":"145测试题","taskType":"0","forceFlag":1,"taskDescription":"145测试题1","priority":1,"startTime":"2026-06-23 00:00:00","endTime":"2026-06-23 23:59:59","status":"1","totalScore":null,"submitTime":"2026-07-02 17:08:33","roundNo":1,"templateId":null,"planId":null,"planDate":null,"isRepeatTask":0,"taskStatus":1,"taskUserId":329,"taskCreateName":"杨少伟"},{"taskId":64,"taskName":"每日打卡","taskType":"2","forceFlag":1,"taskDescription":null,"priority":0,"startTime":"2026-06-23 06:00:00","endTime":"2026-06-23 23:59:00","status":"1","totalScore":null,"submitTime":"2026-06-23 09:53:13","roundNo":0,"templateId":null,"planId":null,"planDate":null,"isRepeatTask":0,"taskStatus":1,"taskUserId":305,"taskCreateName":null}]}}
2026-07-06 14:14:11.396 [http-nio-8080-exec-9] INFO  [traceId=acaa09d1f7a441c3a0f29dbd5e451fdf userId= role=] com.kg.interceptor.TraceIdFilter - HTTP_REQUEST_START method=POST uri=/my-task/list query=null requestBody={"pageNum":1,"pageSize":10,"status":"1"} ip=0:0:0:0:0:0:0:1 userAgent=Mozilla/5.0 (Windows NT 10.0; Win64; x64) AppleWebKit/537.36 (KHTML, like Gecko) Chrome/123.0.0.0 Safari/537.36
2026-07-06 14:14:11.402 [http-nio-8080-exec-9] DEBUG [traceId=acaa09d1f7a441c3a0f29dbd5e451fdf userId= role=] c.k.i.m.SysUserMapper.selectById - ==>  Preparing: SELECT id,account,name,password,role,gender,email,phone,openid,description,teacher_remark,class_id,status,create_by,create_time,update_by,update_time FROM sys_user WHERE id=?
2026-07-06 14:14:11.403 [http-nio-8080-exec-9] DEBUG [traceId=acaa09d1f7a441c3a0f29dbd5e451fdf userId= role=] c.k.i.m.SysUserMapper.selectById - ==> Parameters: 29(Long)
2026-07-06 14:14:11.403 [http-nio-8080-exec-9] DEBUG [traceId=acaa09d1f7a441c3a0f29dbd5e451fdf userId= role=] c.k.i.m.SysUserMapper.selectById - <==      Total: 1
2026-07-06 14:14:11.405 [http-nio-8080-exec-9] DEBUG [traceId=acaa09d1f7a441c3a0f29dbd5e451fdf userId=29 role=2] c.k.i.mapper.MyTaskMapper.count - ==>  Preparing: SELECT COUNT(*) FROM task_user tu JOIN task t ON t.id = tu.task_id WHERE tu.user_id = ? AND tu.status = ?
2026-07-06 14:14:11.405 [http-nio-8080-exec-9] DEBUG [traceId=acaa09d1f7a441c3a0f29dbd5e451fdf userId=29 role=2] c.k.i.mapper.MyTaskMapper.count - ==> Parameters: 29(Long), 1(String)
2026-07-06 14:14:11.406 [http-nio-8080-exec-9] DEBUG [traceId=acaa09d1f7a441c3a0f29dbd5e451fdf userId=29 role=2] c.k.i.mapper.MyTaskMapper.count - <==      Total: 1
2026-07-06 14:14:11.406 [http-nio-8080-exec-9] DEBUG [traceId=acaa09d1f7a441c3a0f29dbd5e451fdf userId=29 role=2] c.k.i.mapper.MyTaskMapper.page - ==>  Preparing: SELECT u.name AS task_create_name,t.round_no AS round_no,t.template_id AS template_id,t.id AS task_id, t.task_name, t.task_type, t.is_mandatory AS force_flag, t.task_description, t.priority, t.task_start_time AS start_time, t.task_end_time AS end_time, t.plan_id AS planId, t.plan_date AS planDate, t.is_repeat_task AS isRepeatTask, t.status AS taskStatus, tu.id AS task_user_id, tu.status, tu.total_score, tu.submit_time FROM task_user tu JOIN task t ON t.id = tu.task_id LEFT JOIN sys_user u ON u.id = t.create_by WHERE tu.user_id = ? AND tu.status = ? ORDER BY t.create_time DESC LIMIT ?, ?
2026-07-06 14:14:11.407 [http-nio-8080-exec-9] DEBUG [traceId=acaa09d1f7a441c3a0f29dbd5e451fdf userId=29 role=2] c.k.i.mapper.MyTaskMapper.page - ==> Parameters: 29(Long), 1(String), 0(Integer), 10(Integer)
2026-07-06 14:14:11.409 [http-nio-8080-exec-9] DEBUG [traceId=acaa09d1f7a441c3a0f29dbd5e451fdf userId=29 role=2] c.k.i.mapper.MyTaskMapper.page - <==      Total: 10
2026-07-06 14:14:11.410 [http-nio-8080-exec-9] INFO  [traceId=acaa09d1f7a441c3a0f29dbd5e451fdf userId=29 role=2] com.kg.interceptor.TraceIdFilter - HTTP_REQUEST_END method=POST uri=/my-task/list status=200 cost=14ms responseBody={"code":200,"message":"查询成功","data":{"total":21,"list":[{"taskId":92,"taskName":"每日打卡","taskType":"2","forceFlag":1,"taskDescription":null,"priority":0,"startTime":"2026-07-03 06:00:00","endTime":"2026-07-03 23:59:00","status":"1","totalScore":null,"submitTime":"2026-07-03 08:47:44","roundNo":0,"templateId":null,"planId":null,"planDate":null,"isRepeatTask":0,"taskStatus":1,"taskUserId":470,"taskCreateName":null},{"taskId":88,"taskName":"每日打卡","taskType":"2","forceFlag":1,"taskDescription":null,"priority":0,"startTime":"2026-07-02 06:00:00","endTime":"2026-07-02 23:59:00","status":"1","totalScore":null,"submitTime":"2026-07-02 17:10:11","roundNo":0,"templateId":null,"planId":null,"planDate":null,"isRepeatTask":0,"taskStatus":1,"taskUserId":448,"taskCreateName":null},{"taskId":77,"taskName":"测试重复任务 07-01","taskType":"0","forceFlag":1,"taskDescription":"","priority":1,"startTime":"2026-07-01 00:00:00","endTime":"2026-07-01 23:59:00","status":"1","totalScore":null,"submitTime":"2026-07-02 17:07:59","roundNo":0,"templateId":null,"planId":1,"planDate":"2026-07-01","isRepeatTask":1,"taskStatus":1,"taskUserId":417,"taskCreateName":"管理员"},{"taskId":78,"taskName":"测试重复任务 07-02","taskType":"0","forceFlag":1,"taskDescription":"","priority":1,"startTime":"2026-07-02 00:00:00","endTime":"2026-07-02 23:59:00","status":"1","totalScore":null,"submitTime":"2026-07-02 17:08:03","roundNo":0,"templateId":null,"planId":1,"planDate":"2026-07-02","isRepeatTask":1,"taskStatus":1,"taskUserId":424,"taskCreateName":"管理员"},{"taskId":74,"taskName":"每日打卡","taskType":"2","forceFlag":1,"taskDescription":null,"priority":0,"startTime":"2026-07-01 06:00:00","endTime":"2026-07-01 23:59:00","status":"1","totalScore":null,"submitTime":"2026-07-01 16:15:10","roundNo":0,"templateId":null,"planId":null,"planDate":null,"isRepeatTask":0,"taskStatus":1,"taskUserId":393,"taskCreateName":null},{"taskId":71,"taskName":"每日打卡","taskType":"2","forceFlag":1,"taskDescription":null,"priority":0,"startTime":"2026-06-29 06:00:00","endTime":"2026-06-29 23:59:00","status":"1","totalScore":null,"submitTime":"2026-07-02 17:08:12","roundNo":0,"templateId":null,"planId":null,"planDate":null,"isRepeatTask":0,"taskStatus":1,"taskUserId":366,"taskCreateName":null},{"taskId":70,"taskName":"每日复盘","taskType":"3","forceFlag":1,"taskDescription":null,"priority":0,"startTime":"2026-06-28 08:00:00","endTime":"2026-06-28 23:59:00","status":"1","totalScore":null,"submitTime":"2026-07-01 17:47:20","roundNo":0,"templateId":null,"planId":null,"planDate":null,"isRepeatTask":0,"taskStatus":1,"taskUserId":356,"taskCreateName":null},{"taskId":69,"taskName":"每日打卡","taskType":"2","forceFlag":1,"taskDescription":null,"priority":0,"startTime":"2026-06-28 06:00:00","endTime":"2026-06-28 23:59:00","status":"1","totalScore":null,"submitTime":"2026-07-01 17:47:26","roundNo":0,"templateId":null,"planId":null,"planDate":null,"isRepeatTask":0,"taskStatus":1,"taskUserId":346,"taskCreateName":null},{"taskId":67,"taskName":"145测试题","taskType":"0","forceFlag":1,"taskDescription":"145测试题1","priority":1,"startTime":"2026-06-23 00:00:00","endTime":"2026-06-23 23:59:59","status":"1","totalScore":null,"submitTime":"2026-07-02 17:08:33","roundNo":1,"templateId":null,"planId":null,"planDate":null,"isRepeatTask":0,"taskStatus":1,"taskUserId":329,"taskCreateName":"杨少伟"},{"taskId":64,"taskName":"每日打卡","taskType":"2","forceFlag":1,"taskDescription":null,"priority":0,"startTime":"2026-06-23 06:00:00","endTime":"2026-06-23 23:59:00","status":"1","totalScore":null,"submitTime":"2026-06-23 09:53:13","roundNo":0,"templateId":null,"planId":null,"planDate":null,"isRepeatTask":0,"taskStatus":1,"taskUserId":305,"taskCreateName":null}]}}
2026-07-06 14:18:10.085 [http-nio-8080-exec-4] INFO  [traceId=830fc919d8484e46aa5725e784c6132c userId= role=] com.kg.interceptor.TraceIdFilter - HTTP_REQUEST_START method=GET uri=/dict/group/page query=pageNum=1&pageSize=10 requestBody= ip=0:0:0:0:0:0:0:1 userAgent=Mozilla/5.0 (Windows NT 10.0; Win64; x64) AppleWebKit/537.36 (KHTML, like Gecko) Chrome/123.0.0.0 Safari/537.36
2026-07-06 14:18:10.090 [http-nio-8080-exec-4] DEBUG [traceId=830fc919d8484e46aa5725e784c6132c userId= role=] c.k.i.m.SysUserMapper.selectById - ==>  Preparing: SELECT id,account,name,password,role,gender,email,phone,openid,description,teacher_remark,class_id,status,create_by,create_time,update_by,update_time FROM sys_user WHERE id=?
2026-07-06 14:18:10.090 [http-nio-8080-exec-4] DEBUG [traceId=830fc919d8484e46aa5725e784c6132c userId= role=] c.k.i.m.SysUserMapper.selectById - ==> Parameters: 21(Long)
2026-07-06 14:18:10.091 [http-nio-8080-exec-4] DEBUG [traceId=830fc919d8484e46aa5725e784c6132c userId= role=] c.k.i.m.SysUserMapper.selectById - <==      Total: 1
2026-07-06 14:18:10.097 [http-nio-8080-exec-4] DEBUG [traceId=830fc919d8484e46aa5725e784c6132c userId=21 role=1] c.k.i.mapper.DictMapper.selectList - ==>  Preparing: SELECT id,dict_code,dict_name,dict_label,dict_value,display_color,sort_no,status,create_by,create_time,update_by,update_time FROM sys_dict ORDER BY dict_code ASC
2026-07-06 14:18:10.097 [http-nio-8080-exec-4] DEBUG [traceId=830fc919d8484e46aa5725e784c6132c userId=21 role=1] c.k.i.mapper.DictMapper.selectList - ==> Parameters: 
2026-07-06 14:18:10.108 [http-nio-8080-exec-4] DEBUG [traceId=830fc919d8484e46aa5725e784c6132c userId=21 role=1] c.k.i.mapper.DictMapper.selectList - <==      Total: 31
2026-07-06 14:18:10.110 [http-nio-8080-exec-4] DEBUG [traceId=830fc919d8484e46aa5725e784c6132c userId=21 role=1] c.k.i.mapper.DictMapper.selectList - ==>  Preparing: SELECT id,dict_code,dict_name,dict_label,dict_value,display_color,sort_no,status,create_by,create_time,update_by,update_time FROM sys_dict ORDER BY dict_code ASC
2026-07-06 14:18:10.111 [http-nio-8080-exec-4] DEBUG [traceId=830fc919d8484e46aa5725e784c6132c userId=21 role=1] c.k.i.mapper.DictMapper.selectList - ==> Parameters: 
2026-07-06 14:18:10.112 [http-nio-8080-exec-4] DEBUG [traceId=830fc919d8484e46aa5725e784c6132c userId=21 role=1] c.k.i.mapper.DictMapper.selectList - <==      Total: 31
2026-07-06 14:18:10.115 [http-nio-8080-exec-4] DEBUG [traceId=830fc919d8484e46aa5725e784c6132c userId=21 role=1] c.k.i.mapper.DictMapper.selectList - ==>  Preparing: SELECT id,dict_code,dict_name,dict_label,dict_value,display_color,sort_no,status,create_by,create_time,update_by,update_time FROM sys_dict WHERE (dict_code = ?) ORDER BY sort_no ASC
2026-07-06 14:18:10.115 [http-nio-8080-exec-4] DEBUG [traceId=830fc919d8484e46aa5725e784c6132c userId=21 role=1] c.k.i.mapper.DictMapper.selectList - ==> Parameters: leave_period(String)
2026-07-06 14:18:10.116 [http-nio-8080-exec-4] DEBUG [traceId=830fc919d8484e46aa5725e784c6132c userId=21 role=1] c.k.i.mapper.DictMapper.selectList - <==      Total: 3
2026-07-06 14:18:10.118 [http-nio-8080-exec-4] DEBUG [traceId=830fc919d8484e46aa5725e784c6132c userId=21 role=1] c.k.i.mapper.DictMapper.selectList - ==>  Preparing: SELECT id,dict_code,dict_name,dict_label,dict_value,display_color,sort_no,status,create_by,create_time,update_by,update_time FROM sys_dict WHERE (dict_code = ?) ORDER BY sort_no ASC
2026-07-06 14:18:10.118 [http-nio-8080-exec-4] DEBUG [traceId=830fc919d8484e46aa5725e784c6132c userId=21 role=1] c.k.i.mapper.DictMapper.selectList - ==> Parameters: leave_status(String)
2026-07-06 14:18:10.119 [http-nio-8080-exec-4] DEBUG [traceId=830fc919d8484e46aa5725e784c6132c userId=21 role=1] c.k.i.mapper.DictMapper.selectList - <==      Total: 3
2026-07-06 14:18:10.122 [http-nio-8080-exec-4] DEBUG [traceId=830fc919d8484e46aa5725e784c6132c userId=21 role=1] c.k.i.mapper.DictMapper.selectList - ==>  Preparing: SELECT id,dict_code,dict_name,dict_label,dict_value,display_color,sort_no,status,create_by,create_time,update_by,update_time FROM sys_dict WHERE (dict_code = ?) ORDER BY sort_no ASC
2026-07-06 14:18:10.122 [http-nio-8080-exec-4] DEBUG [traceId=830fc919d8484e46aa5725e784c6132c userId=21 role=1] c.k.i.mapper.DictMapper.selectList - ==> Parameters: leave_type(String)
2026-07-06 14:18:10.123 [http-nio-8080-exec-4] DEBUG [traceId=830fc919d8484e46aa5725e784c6132c userId=21 role=1] c.k.i.mapper.DictMapper.selectList - <==      Total: 3
2026-07-06 14:18:10.125 [http-nio-8080-exec-4] DEBUG [traceId=830fc919d8484e46aa5725e784c6132c userId=21 role=1] c.k.i.mapper.DictMapper.selectList - ==>  Preparing: SELECT id,dict_code,dict_name,dict_label,dict_value,display_color,sort_no,status,create_by,create_time,update_by,update_time FROM sys_dict WHERE (dict_code = ?) ORDER BY sort_no ASC
2026-07-06 14:18:10.125 [http-nio-8080-exec-4] DEBUG [traceId=830fc919d8484e46aa5725e784c6132c userId=21 role=1] c.k.i.mapper.DictMapper.selectList - ==> Parameters: message_type(String)
2026-07-06 14:18:10.126 [http-nio-8080-exec-4] DEBUG [traceId=830fc919d8484e46aa5725e784c6132c userId=21 role=1] c.k.i.mapper.DictMapper.selectList - <==      Total: 3
2026-07-06 14:18:10.127 [http-nio-8080-exec-4] DEBUG [traceId=830fc919d8484e46aa5725e784c6132c userId=21 role=1] c.k.i.mapper.DictMapper.selectList - ==>  Preparing: SELECT id,dict_code,dict_name,dict_label,dict_value,display_color,sort_no,status,create_by,create_time,update_by,update_time FROM sys_dict WHERE (dict_code = ?) ORDER BY sort_no ASC
2026-07-06 14:18:10.128 [http-nio-8080-exec-4] DEBUG [traceId=830fc919d8484e46aa5725e784c6132c userId=21 role=1] c.k.i.mapper.DictMapper.selectList - ==> Parameters: module_name(String)
2026-07-06 14:18:10.129 [http-nio-8080-exec-4] DEBUG [traceId=830fc919d8484e46aa5725e784c6132c userId=21 role=1] c.k.i.mapper.DictMapper.selectList - <==      Total: 7
2026-07-06 14:18:10.130 [http-nio-8080-exec-4] DEBUG [traceId=830fc919d8484e46aa5725e784c6132c userId=21 role=1] c.k.i.mapper.DictMapper.selectList - ==>  Preparing: SELECT id,dict_code,dict_name,dict_label,dict_value,display_color,sort_no,status,create_by,create_time,update_by,update_time FROM sys_dict WHERE (dict_code = ?) ORDER BY sort_no ASC
2026-07-06 14:18:10.130 [http-nio-8080-exec-4] DEBUG [traceId=830fc919d8484e46aa5725e784c6132c userId=21 role=1] c.k.i.mapper.DictMapper.selectList - ==> Parameters: role(String)
2026-07-06 14:18:10.131 [http-nio-8080-exec-4] DEBUG [traceId=830fc919d8484e46aa5725e784c6132c userId=21 role=1] c.k.i.mapper.DictMapper.selectList - <==      Total: 3
2026-07-06 14:18:10.132 [http-nio-8080-exec-4] DEBUG [traceId=830fc919d8484e46aa5725e784c6132c userId=21 role=1] c.k.i.mapper.DictMapper.selectList - ==>  Preparing: SELECT id,dict_code,dict_name,dict_label,dict_value,display_color,sort_no,status,create_by,create_time,update_by,update_time FROM sys_dict WHERE (dict_code = ?) ORDER BY sort_no ASC
2026-07-06 14:18:10.132 [http-nio-8080-exec-4] DEBUG [traceId=830fc919d8484e46aa5725e784c6132c userId=21 role=1] c.k.i.mapper.DictMapper.selectList - ==> Parameters: task_status(String)
2026-07-06 14:18:10.133 [http-nio-8080-exec-4] DEBUG [traceId=830fc919d8484e46aa5725e784c6132c userId=21 role=1] c.k.i.mapper.DictMapper.selectList - <==      Total: 2
2026-07-06 14:18:10.134 [http-nio-8080-exec-4] DEBUG [traceId=830fc919d8484e46aa5725e784c6132c userId=21 role=1] c.k.i.mapper.DictMapper.selectList - ==>  Preparing: SELECT id,dict_code,dict_name,dict_label,dict_value,display_color,sort_no,status,create_by,create_time,update_by,update_time FROM sys_dict WHERE (dict_code = ?) ORDER BY sort_no ASC
2026-07-06 14:18:10.134 [http-nio-8080-exec-4] DEBUG [traceId=830fc919d8484e46aa5725e784c6132c userId=21 role=1] c.k.i.mapper.DictMapper.selectList - ==> Parameters: task_type(String)
2026-07-06 14:18:10.135 [http-nio-8080-exec-4] DEBUG [traceId=830fc919d8484e46aa5725e784c6132c userId=21 role=1] c.k.i.mapper.DictMapper.selectList - <==      Total: 4
2026-07-06 14:18:10.136 [http-nio-8080-exec-4] DEBUG [traceId=830fc919d8484e46aa5725e784c6132c userId=21 role=1] c.k.i.mapper.DictMapper.selectList - ==>  Preparing: SELECT id,dict_code,dict_name,dict_label,dict_value,display_color,sort_no,status,create_by,create_time,update_by,update_time FROM sys_dict WHERE (dict_code = ?) ORDER BY sort_no ASC
2026-07-06 14:18:10.137 [http-nio-8080-exec-4] DEBUG [traceId=830fc919d8484e46aa5725e784c6132c userId=21 role=1] c.k.i.mapper.DictMapper.selectList - ==> Parameters: task_user_status(String)
2026-07-06 14:18:10.137 [http-nio-8080-exec-4] DEBUG [traceId=830fc919d8484e46aa5725e784c6132c userId=21 role=1] c.k.i.mapper.DictMapper.selectList - <==      Total: 3
2026-07-06 14:18:10.138 [http-nio-8080-exec-4] INFO  [traceId=830fc919d8484e46aa5725e784c6132c userId=21 role=1] com.kg.interceptor.TraceIdFilter - HTTP_REQUEST_END method=GET uri=/dict/group/page status=200 cost=53ms responseBody={"code":200,"message":"查询成功","data":{"total":9,"list":[{"dictCode":"leave_period","dictName":"请假时段","items":[{"dictValue":"AM","dictLabel":"上午","sortNo":1,"status":1,"displayColor":null},{"dictValue":"PM","dictLabel":"下午","sortNo":2,"status":1,"displayColor":null},{"dictValue":"EV","dictLabel":"晚上","sortNo":3,"status":1,"displayColor":null}]},{"dictCode":"leave_status","dictName":"请假状态","items":[{"dictValue":"0","dictLabel":"待审批","sortNo":1,"status":1,"displayColor":null},{"dictValue":"1","dictLabel":"通过","sortNo":2,"status":1,"displayColor":null},{"dictValue":"2","dictLabel":"拒绝","sortNo":3,"status":1,"displayColor":null}]},{"dictCode":"leave_type","dictName":"请假类型","items":[{"dictValue":"1","dictLabel":"事假","sortNo":1,"status":1,"displayColor":null},{"dictValue":"2","dictLabel":"病假","sortNo":2,"status":1,"displayColor":null},{"dictValue":"3","dictLabel":"其他","sortNo":3,"status":1,"displayColor":null}]},{"dictCode":"message_type","dictName":"消息类型","items":[{"dictValue":"TASK_START","dictLabel":"任务开始","sortNo":1,"status":1,"displayColor":null},{"dictValue":"TASK_DEADLINE","dictLabel":"任务结束","sortNo":2,"status":1,"displayColor":null},{"dictValue":"LEAVE","dictLabel":"请假","sortNo":3,"status":1,"displayColor":null}]},{"dictCode":"module_name","dictName":"成绩模板名","items":[{"dictValue":"1","dictLabel":"行测-常识","sortNo":1,"status":1,"displayColor":null},{"dictValue":"2","dictLabel":"行测-言语","sortNo":2,"status":1,"displayColor":null},{"dictValue":"3","dictLabel":"行测-数量","sortNo":3,"status":1,"displayColor":null},{"dictValue":"4","dictLabel":"行测-判断推理","sortNo":4,"status":1,"displayColor":null},{"dictValue":"5","dictLabel":"行测-资料分析","sortNo":5,"status":1,"displayColor":null},{"dictValue":"6","dictLabel":"申论-小题","sortNo":6,"status":1,"displayColor":null},{"dictValue":"7","dictLabel":"申论-大作文","sortNo":7,"status":1,"displayColor":null}]},{"dictCode":"role","dictName":"角色","items":[{"dictValue":"1","dictLabel":"老师","sortNo":1,"status":1,"displayColor":null},{"dictValue":"2","dictLabel":"班长","sortNo":2,"status":1,"displayColor":null},{"dictValue":"3","dictLabel":"学生","sortNo":3,"status":1,"displayColor":null}]},{"dictCode":"task_status","dictName":"任务状态","items":[{"dictValue":"0","dictLabel":"未完成","sortNo":1,"status":1,"displayColor":null},{"dictValue":"1","dictLabel":"已完成","sortNo":2,"status":1,"displayColor":null}]},{"dictCode":"task_type","dictName":"任务类型","items":[{"dictValue":"0","dictLabel":"刷题","sortNo":0,"status":1,"displayColor":"#ff6f00"},{"dictValue":"1","dictLabel":"学习","sortNo":1,"status":1,"displayColor":"#f7ff00"},{"dictValue":"2","dictLabel":"打卡","sortNo":2,"status":1,"displayColor":"#66ff00"},{"dictValue":"3","dictLabel":"每日复盘","sortNo":3,"status":1,"displayColor":"#00bfff"}]},{"dictCode":"task_user_status","dictName":"学生任务状态","items":[{"dictValue":"0","dictLabel":"未完成","sortNo":1,"status":1,"displayColor":"#409EFF"},{"dictValue":"1","dictLabel":"已完成","sortNo":2,"status":1,"displayColor":"#67C23A"},{"dictValue":"2","dictLabel":"逾期完成","sortNo":3,"status":1,"displayColor":"#E6A23C"}]}]}}
2026-07-06 14:18:16.334 [http-nio-8080-exec-10] INFO  [traceId=f714f9d96a2c4d60b4d50cdb2da82107 userId= role=] com.kg.interceptor.TraceIdFilter - HTTP_REQUEST_START method=GET uri=/dict/group/task_type query=null requestBody= ip=0:0:0:0:0:0:0:1 userAgent=Mozilla/5.0 (Windows NT 10.0; Win64; x64) AppleWebKit/537.36 (KHTML, like Gecko) Chrome/123.0.0.0 Safari/537.36
2026-07-06 14:18:16.338 [http-nio-8080-exec-10] DEBUG [traceId=f714f9d96a2c4d60b4d50cdb2da82107 userId= role=] c.k.i.m.SysUserMapper.selectById - ==>  Preparing: SELECT id,account,name,password,role,gender,email,phone,openid,description,teacher_remark,class_id,status,create_by,create_time,update_by,update_time FROM sys_user WHERE id=?
2026-07-06 14:18:16.338 [http-nio-8080-exec-10] DEBUG [traceId=f714f9d96a2c4d60b4d50cdb2da82107 userId= role=] c.k.i.m.SysUserMapper.selectById - ==> Parameters: 21(Long)
2026-07-06 14:18:16.339 [http-nio-8080-exec-10] DEBUG [traceId=f714f9d96a2c4d60b4d50cdb2da82107 userId= role=] c.k.i.m.SysUserMapper.selectById - <==      Total: 1
2026-07-06 14:18:16.342 [http-nio-8080-exec-10] DEBUG [traceId=f714f9d96a2c4d60b4d50cdb2da82107 userId=21 role=1] c.k.i.mapper.DictMapper.selectList - ==>  Preparing: SELECT id,dict_code,dict_name,dict_label,dict_value,display_color,sort_no,status,create_by,create_time,update_by,update_time FROM sys_dict WHERE (dict_code = ?) ORDER BY sort_no ASC
2026-07-06 14:18:16.342 [http-nio-8080-exec-10] DEBUG [traceId=f714f9d96a2c4d60b4d50cdb2da82107 userId=21 role=1] c.k.i.mapper.DictMapper.selectList - ==> Parameters: task_type(String)
2026-07-06 14:18:16.343 [http-nio-8080-exec-10] DEBUG [traceId=f714f9d96a2c4d60b4d50cdb2da82107 userId=21 role=1] c.k.i.mapper.DictMapper.selectList - <==      Total: 4
2026-07-06 14:18:16.344 [http-nio-8080-exec-10] INFO  [traceId=f714f9d96a2c4d60b4d50cdb2da82107 userId=21 role=1] com.kg.interceptor.TraceIdFilter - HTTP_REQUEST_END method=GET uri=/dict/group/task_type status=200 cost=10ms responseBody={"code":200,"message":"查询成功","data":{"dictCode":"task_type","dictName":"任务类型","items":[{"dictValue":"0","dictLabel":"刷题","sortNo":0,"status":1,"displayColor":"#ff6f00"},{"dictValue":"1","dictLabel":"学习","sortNo":1,"status":1,"displayColor":"#f7ff00"},{"dictValue":"2","dictLabel":"打卡","sortNo":2,"status":1,"displayColor":"#66ff00"},{"dictValue":"3","dictLabel":"每日复盘","sortNo":3,"status":1,"displayColor":"#00bfff"}]}}
2026-07-06 14:18:16.353 [http-nio-8080-exec-1] INFO  [traceId=fed6d39172dd4f589be150824c48381f userId= role=] com.kg.interceptor.TraceIdFilter - HTTP_REQUEST_START method=POST uri=/task-template/page query=null requestBody={"pageNum":1,"pageSize":10} ip=0:0:0:0:0:0:0:1 userAgent=Mozilla/5.0 (Windows NT 10.0; Win64; x64) AppleWebKit/537.36 (KHTML, like Gecko) Chrome/123.0.0.0 Safari/537.36
2026-07-06 14:18:16.356 [http-nio-8080-exec-1] DEBUG [traceId=fed6d39172dd4f589be150824c48381f userId= role=] c.k.i.m.SysUserMapper.selectById - ==>  Preparing: SELECT id,account,name,password,role,gender,email,phone,openid,description,teacher_remark,class_id,status,create_by,create_time,update_by,update_time FROM sys_user WHERE id=?
2026-07-06 14:18:16.356 [http-nio-8080-exec-1] DEBUG [traceId=fed6d39172dd4f589be150824c48381f userId= role=] c.k.i.m.SysUserMapper.selectById - ==> Parameters: 21(Long)
2026-07-06 14:18:16.358 [http-nio-8080-exec-1] DEBUG [traceId=fed6d39172dd4f589be150824c48381f userId= role=] c.k.i.m.SysUserMapper.selectById - <==      Total: 1
2026-07-06 14:18:16.359 [http-nio-8080-exec-1] DEBUG [traceId=fed6d39172dd4f589be150824c48381f userId=21 role=1] c.k.i.m.T.selectCount - ==>  Preparing: SELECT COUNT( * ) AS total FROM task_template
2026-07-06 14:18:16.359 [http-nio-8080-exec-1] DEBUG [traceId=fed6d39172dd4f589be150824c48381f userId=21 role=1] c.k.i.m.T.selectCount - ==> Parameters: 
2026-07-06 14:18:16.362 [http-nio-8080-exec-1] DEBUG [traceId=fed6d39172dd4f589be150824c48381f userId=21 role=1] c.k.i.m.T.selectCount - <==      Total: 1
2026-07-06 14:18:16.363 [http-nio-8080-exec-1] DEBUG [traceId=fed6d39172dd4f589be150824c48381f userId=21 role=1] c.k.i.m.T.selectList - ==>  Preparing: SELECT id,template_name,task_type,is_mandatory,task_description,default_priority,create_by,create_time,update_by,update_time FROM task_template ORDER BY id DESC LIMIT 0,10
2026-07-06 14:18:16.364 [http-nio-8080-exec-1] DEBUG [traceId=fed6d39172dd4f589be150824c48381f userId=21 role=1] c.k.i.m.T.selectList - ==> Parameters: 
2026-07-06 14:18:16.364 [http-nio-8080-exec-1] DEBUG [traceId=fed6d39172dd4f589be150824c48381f userId=21 role=1] c.k.i.m.T.selectList - <==      Total: 3
2026-07-06 14:18:16.365 [http-nio-8080-exec-1] INFO  [traceId=fed6d39172dd4f589be150824c48381f userId=21 role=1] com.kg.interceptor.TraceIdFilter - HTTP_REQUEST_END method=POST uri=/task-template/page status=200 cost=12ms responseBody={"code":200,"message":"查询成功","data":{"total":3,"list":[{"id":6,"templateName":"2026真题","taskType":"0","isMandatory":1,"taskDescription":"真题模拟","defaultPriority":1,"createTime":"2026-06-09 21:45:43"},{"id":5,"templateName":"20260608","taskType":"2","isMandatory":1,"taskDescription":"做2026年国考","defaultPriority":1,"createTime":"2026-06-08 10:52:36"},{"id":4,"templateName":"模板任务1","taskType":"0","isMandatory":1,"taskDescription":"","defaultPriority":1,"createTime":"2026-06-01 00:27:11"}]}}
2026-07-06 14:18:17.034 [http-nio-8080-exec-8] INFO  [traceId=ad64bde1bacf4649b4e0c1f8be001d2b userId= role=] com.kg.interceptor.TraceIdFilter - HTTP_REQUEST_START method=GET uri=/dict/group/task_type query=null requestBody= ip=0:0:0:0:0:0:0:1 userAgent=Mozilla/5.0 (Windows NT 10.0; Win64; x64) AppleWebKit/537.36 (KHTML, like Gecko) Chrome/123.0.0.0 Safari/537.36
2026-07-06 14:18:17.037 [http-nio-8080-exec-8] DEBUG [traceId=ad64bde1bacf4649b4e0c1f8be001d2b userId= role=] c.k.i.m.SysUserMapper.selectById - ==>  Preparing: SELECT id,account,name,password,role,gender,email,phone,openid,description,teacher_remark,class_id,status,create_by,create_time,update_by,update_time FROM sys_user WHERE id=?
2026-07-06 14:18:17.038 [http-nio-8080-exec-8] DEBUG [traceId=ad64bde1bacf4649b4e0c1f8be001d2b userId= role=] c.k.i.m.SysUserMapper.selectById - ==> Parameters: 21(Long)
2026-07-06 14:18:17.038 [http-nio-8080-exec-8] DEBUG [traceId=ad64bde1bacf4649b4e0c1f8be001d2b userId= role=] c.k.i.m.SysUserMapper.selectById - <==      Total: 1
2026-07-06 14:18:17.040 [http-nio-8080-exec-8] DEBUG [traceId=ad64bde1bacf4649b4e0c1f8be001d2b userId=21 role=1] c.k.i.mapper.DictMapper.selectList - ==>  Preparing: SELECT id,dict_code,dict_name,dict_label,dict_value,display_color,sort_no,status,create_by,create_time,update_by,update_time FROM sys_dict WHERE (dict_code = ?) ORDER BY sort_no ASC
2026-07-06 14:18:17.040 [http-nio-8080-exec-8] DEBUG [traceId=ad64bde1bacf4649b4e0c1f8be001d2b userId=21 role=1] c.k.i.mapper.DictMapper.selectList - ==> Parameters: task_type(String)
2026-07-06 14:18:17.040 [http-nio-8080-exec-8] DEBUG [traceId=ad64bde1bacf4649b4e0c1f8be001d2b userId=21 role=1] c.k.i.mapper.DictMapper.selectList - <==      Total: 4
2026-07-06 14:18:17.041 [http-nio-8080-exec-8] INFO  [traceId=ad64bde1bacf4649b4e0c1f8be001d2b userId=21 role=1] com.kg.interceptor.TraceIdFilter - HTTP_REQUEST_END method=GET uri=/dict/group/task_type status=200 cost=7ms responseBody={"code":200,"message":"查询成功","data":{"dictCode":"task_type","dictName":"任务类型","items":[{"dictValue":"0","dictLabel":"刷题","sortNo":0,"status":1,"displayColor":"#ff6f00"},{"dictValue":"1","dictLabel":"学习","sortNo":1,"status":1,"displayColor":"#f7ff00"},{"dictValue":"2","dictLabel":"打卡","sortNo":2,"status":1,"displayColor":"#66ff00"},{"dictValue":"3","dictLabel":"每日复盘","sortNo":3,"status":1,"displayColor":"#00bfff"}]}}
2026-07-06 14:18:17.070 [http-nio-8080-exec-3] INFO  [traceId=882cbc805deb4119961d9beefccbb931 userId= role=] com.kg.interceptor.TraceIdFilter - HTTP_REQUEST_START method=POST uri=/task/page query=null requestBody={"pageNum":1,"pageSize":10} ip=0:0:0:0:0:0:0:1 userAgent=Mozilla/5.0 (Windows NT 10.0; Win64; x64) AppleWebKit/537.36 (KHTML, like Gecko) Chrome/123.0.0.0 Safari/537.36
2026-07-06 14:18:17.072 [http-nio-8080-exec-6] INFO  [traceId=287ab73513df413a883e21c8d0d6bdb5 userId= role=] com.kg.interceptor.TraceIdFilter - HTTP_REQUEST_START method=GET uri=/class/student-options query=null requestBody= ip=0:0:0:0:0:0:0:1 userAgent=Mozilla/5.0 (Windows NT 10.0; Win64; x64) AppleWebKit/537.36 (KHTML, like Gecko) Chrome/123.0.0.0 Safari/537.36
2026-07-06 14:18:17.072 [http-nio-8080-exec-5] INFO  [traceId=4e4120c9f600494d90a6ddbb458db466 userId= role=] com.kg.interceptor.TraceIdFilter - HTTP_REQUEST_START method=GET uri=/class/options query=null requestBody= ip=0:0:0:0:0:0:0:1 userAgent=Mozilla/5.0 (Windows NT 10.0; Win64; x64) AppleWebKit/537.36 (KHTML, like Gecko) Chrome/123.0.0.0 Safari/537.36
2026-07-06 14:18:17.076 [http-nio-8080-exec-3] DEBUG [traceId=882cbc805deb4119961d9beefccbb931 userId= role=] c.k.i.m.SysUserMapper.selectById - ==>  Preparing: SELECT id,account,name,password,role,gender,email,phone,openid,description,teacher_remark,class_id,status,create_by,create_time,update_by,update_time FROM sys_user WHERE id=?
2026-07-06 14:18:17.076 [http-nio-8080-exec-3] DEBUG [traceId=882cbc805deb4119961d9beefccbb931 userId= role=] c.k.i.m.SysUserMapper.selectById - ==> Parameters: 21(Long)
2026-07-06 14:18:17.078 [http-nio-8080-exec-3] DEBUG [traceId=882cbc805deb4119961d9beefccbb931 userId= role=] c.k.i.m.SysUserMapper.selectById - <==      Total: 1
2026-07-06 14:18:17.078 [http-nio-8080-exec-5] DEBUG [traceId=4e4120c9f600494d90a6ddbb458db466 userId= role=] c.k.i.m.SysUserMapper.selectById - ==>  Preparing: SELECT id,account,name,password,role,gender,email,phone,openid,description,teacher_remark,class_id,status,create_by,create_time,update_by,update_time FROM sys_user WHERE id=?
2026-07-06 14:18:17.078 [http-nio-8080-exec-6] DEBUG [traceId=287ab73513df413a883e21c8d0d6bdb5 userId= role=] c.k.i.m.SysUserMapper.selectById - ==>  Preparing: SELECT id,account,name,password,role,gender,email,phone,openid,description,teacher_remark,class_id,status,create_by,create_time,update_by,update_time FROM sys_user WHERE id=?
2026-07-06 14:18:17.079 [http-nio-8080-exec-5] DEBUG [traceId=4e4120c9f600494d90a6ddbb458db466 userId= role=] c.k.i.m.SysUserMapper.selectById - ==> Parameters: 21(Long)
2026-07-06 14:18:17.079 [http-nio-8080-exec-6] DEBUG [traceId=287ab73513df413a883e21c8d0d6bdb5 userId= role=] c.k.i.m.SysUserMapper.selectById - ==> Parameters: 21(Long)
2026-07-06 14:18:17.082 [http-nio-8080-exec-3] DEBUG [traceId=882cbc805deb4119961d9beefccbb931 userId=21 role=1] c.k.i.mapper.TaskMapper.selectList - ==>  Preparing: SELECT id,task_name,task_type,template_id,round_no,is_mandatory,task_description,task_start_time,task_end_time,priority,class_id,target_type,target_ids,plan_id,plan_date,is_repeat_task,status,create_by,create_time,update_by,update_time FROM task WHERE ((status = ? OR status IS NULL)) ORDER BY id DESC LIMIT 0,10
2026-07-06 14:18:17.082 [http-nio-8080-exec-3] DEBUG [traceId=882cbc805deb4119961d9beefccbb931 userId=21 role=1] c.k.i.mapper.TaskMapper.selectList - ==> Parameters: 1(Integer)
2026-07-06 14:18:17.086 [http-nio-8080-exec-3] DEBUG [traceId=882cbc805deb4119961d9beefccbb931 userId=21 role=1] c.k.i.mapper.TaskMapper.selectList - <==      Total: 10
2026-07-06 14:18:17.087 [http-nio-8080-exec-3] DEBUG [traceId=882cbc805deb4119961d9beefccbb931 userId=21 role=1] c.k.i.mapper.TaskMapper.selectCount - ==>  Preparing: SELECT COUNT( * ) AS total FROM task WHERE ((status = ? OR status IS NULL))
2026-07-06 14:18:17.087 [http-nio-8080-exec-3] DEBUG [traceId=882cbc805deb4119961d9beefccbb931 userId=21 role=1] c.k.i.mapper.TaskMapper.selectCount - ==> Parameters: 1(Integer)
2026-07-06 14:18:17.088 [http-nio-8080-exec-3] DEBUG [traceId=882cbc805deb4119961d9beefccbb931 userId=21 role=1] c.k.i.mapper.TaskMapper.selectCount - <==      Total: 1
2026-07-06 14:18:17.089 [http-nio-8080-exec-3] DEBUG [traceId=882cbc805deb4119961d9beefccbb931 userId=21 role=1] c.k.i.m.TaskUserMapper.selectList - ==>  Preparing: SELECT id,task_id,user_id,status,start_time,finish_time,duration_minutes,remark,total_score,submit_time,create_by,create_time,update_by,update_time FROM task_user WHERE (task_id = ?)
2026-07-06 14:18:17.089 [http-nio-8080-exec-3] DEBUG [traceId=882cbc805deb4119961d9beefccbb931 userId=21 role=1] c.k.i.m.TaskUserMapper.selectList - ==> Parameters: 97(Long)
2026-07-06 14:18:17.093 [http-nio-8080-exec-3] DEBUG [traceId=882cbc805deb4119961d9beefccbb931 userId=21 role=1] c.k.i.m.TaskUserMapper.selectList - <==      Total: 11
2026-07-06 14:18:17.093 [http-nio-8080-exec-3] DEBUG [traceId=882cbc805deb4119961d9beefccbb931 userId=21 role=1] c.k.i.m.ClassInfoMapper.selectById - ==>  Preparing: SELECT id,class_name,description,status,create_by,create_time,update_by,update_time FROM class_info WHERE id=?
2026-07-06 14:18:17.093 [http-nio-8080-exec-3] DEBUG [traceId=882cbc805deb4119961d9beefccbb931 userId=21 role=1] c.k.i.m.ClassInfoMapper.selectById - ==> Parameters: 8(Long)
2026-07-06 14:18:17.094 [http-nio-8080-exec-3] DEBUG [traceId=882cbc805deb4119961d9beefccbb931 userId=21 role=1] c.k.i.m.ClassInfoMapper.selectById - <==      Total: 1
2026-07-06 14:18:17.094 [http-nio-8080-exec-3] DEBUG [traceId=882cbc805deb4119961d9beefccbb931 userId=21 role=1] c.k.i.m.ClassInfoMapper.selectById - ==>  Preparing: SELECT id,class_name,description,status,create_by,create_time,update_by,update_time FROM class_info WHERE id=?
2026-07-06 14:18:17.094 [http-nio-8080-exec-3] DEBUG [traceId=882cbc805deb4119961d9beefccbb931 userId=21 role=1] c.k.i.m.ClassInfoMapper.selectById - ==> Parameters: 9(Long)
2026-07-06 14:18:17.094 [http-nio-8080-exec-3] DEBUG [traceId=882cbc805deb4119961d9beefccbb931 userId=21 role=1] c.k.i.m.ClassInfoMapper.selectById - <==      Total: 1
2026-07-06 14:18:17.095 [http-nio-8080-exec-3] DEBUG [traceId=882cbc805deb4119961d9beefccbb931 userId=21 role=1] c.k.i.m.ClassInfoMapper.selectById - ==>  Preparing: SELECT id,class_name,description,status,create_by,create_time,update_by,update_time FROM class_info WHERE id=?
2026-07-06 14:18:17.095 [http-nio-8080-exec-3] DEBUG [traceId=882cbc805deb4119961d9beefccbb931 userId=21 role=1] c.k.i.m.ClassInfoMapper.selectById - ==> Parameters: 10(Long)
2026-07-06 14:18:17.095 [http-nio-8080-exec-3] DEBUG [traceId=882cbc805deb4119961d9beefccbb931 userId=21 role=1] c.k.i.m.ClassInfoMapper.selectById - <==      Total: 1
2026-07-06 14:18:17.095 [http-nio-8080-exec-5] DEBUG [traceId=4e4120c9f600494d90a6ddbb458db466 userId= role=] c.k.i.m.SysUserMapper.selectById - <==      Total: 1
2026-07-06 14:18:17.096 [http-nio-8080-exec-3] DEBUG [traceId=882cbc805deb4119961d9beefccbb931 userId=21 role=1] c.k.i.m.TaskUserMapper.selectList - ==>  Preparing: SELECT id,task_id,user_id,status,start_time,finish_time,duration_minutes,remark,total_score,submit_time,create_by,create_time,update_by,update_time FROM task_user WHERE (task_id = ?)
2026-07-06 14:18:17.096 [http-nio-8080-exec-3] DEBUG [traceId=882cbc805deb4119961d9beefccbb931 userId=21 role=1] c.k.i.m.TaskUserMapper.selectList - ==> Parameters: 96(Long)
2026-07-06 14:18:17.096 [http-nio-8080-exec-5] DEBUG [traceId=4e4120c9f600494d90a6ddbb458db466 userId=21 role=1] c.k.i.m.ClassInfoMapper.selectList - ==>  Preparing: SELECT id,class_name,description,status,create_by,create_time,update_by,update_time FROM class_info WHERE (status = ?) ORDER BY class_name ASC
2026-07-06 14:18:17.096 [http-nio-8080-exec-5] DEBUG [traceId=4e4120c9f600494d90a6ddbb458db466 userId=21 role=1] c.k.i.m.ClassInfoMapper.selectList - ==> Parameters: 1(Integer)
2026-07-06 14:18:17.097 [http-nio-8080-exec-3] DEBUG [traceId=882cbc805deb4119961d9beefccbb931 userId=21 role=1] c.k.i.m.TaskUserMapper.selectList - <==      Total: 11
2026-07-06 14:18:17.097 [http-nio-8080-exec-5] DEBUG [traceId=4e4120c9f600494d90a6ddbb458db466 userId=21 role=1] c.k.i.m.ClassInfoMapper.selectList - <==      Total: 3
2026-07-06 14:18:17.097 [http-nio-8080-exec-3] DEBUG [traceId=882cbc805deb4119961d9beefccbb931 userId=21 role=1] c.k.i.m.ClassInfoMapper.selectById - ==>  Preparing: SELECT id,class_name,description,status,create_by,create_time,update_by,update_time FROM class_info WHERE id=?
2026-07-06 14:18:17.097 [http-nio-8080-exec-3] DEBUG [traceId=882cbc805deb4119961d9beefccbb931 userId=21 role=1] c.k.i.m.ClassInfoMapper.selectById - ==> Parameters: 8(Long)
2026-07-06 14:18:17.098 [http-nio-8080-exec-5] INFO  [traceId=4e4120c9f600494d90a6ddbb458db466 userId=21 role=1] com.kg.interceptor.TraceIdFilter - HTTP_REQUEST_END method=GET uri=/class/options status=200 cost=26ms responseBody={"code":200,"message":"查询成功","data":[{"id":8,"className":"1班"},{"id":9,"className":"2班"},{"id":10,"className":"线上学习1班"}]}
2026-07-06 14:18:17.098 [http-nio-8080-exec-3] DEBUG [traceId=882cbc805deb4119961d9beefccbb931 userId=21 role=1] c.k.i.m.ClassInfoMapper.selectById - <==      Total: 1
2026-07-06 14:18:17.098 [http-nio-8080-exec-3] DEBUG [traceId=882cbc805deb4119961d9beefccbb931 userId=21 role=1] c.k.i.m.ClassInfoMapper.selectById - ==>  Preparing: SELECT id,class_name,description,status,create_by,create_time,update_by,update_time FROM class_info WHERE id=?
2026-07-06 14:18:17.098 [http-nio-8080-exec-3] DEBUG [traceId=882cbc805deb4119961d9beefccbb931 userId=21 role=1] c.k.i.m.ClassInfoMapper.selectById - ==> Parameters: 9(Long)
2026-07-06 14:18:17.099 [http-nio-8080-exec-3] DEBUG [traceId=882cbc805deb4119961d9beefccbb931 userId=21 role=1] c.k.i.m.ClassInfoMapper.selectById - <==      Total: 1
2026-07-06 14:18:17.099 [http-nio-8080-exec-6] DEBUG [traceId=287ab73513df413a883e21c8d0d6bdb5 userId= role=] c.k.i.m.SysUserMapper.selectById - <==      Total: 1
2026-07-06 14:18:17.099 [http-nio-8080-exec-3] DEBUG [traceId=882cbc805deb4119961d9beefccbb931 userId=21 role=1] c.k.i.m.ClassInfoMapper.selectById - ==>  Preparing: SELECT id,class_name,description,status,create_by,create_time,update_by,update_time FROM class_info WHERE id=?
2026-07-06 14:18:17.099 [http-nio-8080-exec-3] DEBUG [traceId=882cbc805deb4119961d9beefccbb931 userId=21 role=1] c.k.i.m.ClassInfoMapper.selectById - ==> Parameters: 10(Long)
2026-07-06 14:18:17.101 [http-nio-8080-exec-3] DEBUG [traceId=882cbc805deb4119961d9beefccbb931 userId=21 role=1] c.k.i.m.ClassInfoMapper.selectById - <==      Total: 1
2026-07-06 14:18:17.101 [http-nio-8080-exec-6] DEBUG [traceId=287ab73513df413a883e21c8d0d6bdb5 userId=21 role=1] c.k.i.m.SysUserMapper.selectList - ==>  Preparing: SELECT id,account,name,password,role,gender,email,phone,openid,description,teacher_remark,class_id,status,create_by,create_time,update_by,update_time FROM sys_user WHERE (role IN (?,?) AND status = ?)
2026-07-06 14:18:17.101 [http-nio-8080-exec-6] DEBUG [traceId=287ab73513df413a883e21c8d0d6bdb5 userId=21 role=1] c.k.i.m.SysUserMapper.selectList - ==> Parameters: 2(String), 3(String), 1(Integer)
2026-07-06 14:18:17.101 [http-nio-8080-exec-3] DEBUG [traceId=882cbc805deb4119961d9beefccbb931 userId=21 role=1] c.k.i.m.TaskUserMapper.selectList - ==>  Preparing: SELECT id,task_id,user_id,status,start_time,finish_time,duration_minutes,remark,total_score,submit_time,create_by,create_time,update_by,update_time FROM task_user WHERE (task_id = ?)
2026-07-06 14:18:17.102 [http-nio-8080-exec-3] DEBUG [traceId=882cbc805deb4119961d9beefccbb931 userId=21 role=1] c.k.i.m.TaskUserMapper.selectList - ==> Parameters: 95(Long)
2026-07-06 14:18:17.102 [http-nio-8080-exec-6] DEBUG [traceId=287ab73513df413a883e21c8d0d6bdb5 userId=21 role=1] c.k.i.m.SysUserMapper.selectList - <==      Total: 11
2026-07-06 14:18:17.102 [http-nio-8080-exec-3] DEBUG [traceId=882cbc805deb4119961d9beefccbb931 userId=21 role=1] c.k.i.m.TaskUserMapper.selectList - <==      Total: 11
2026-07-06 14:18:17.102 [http-nio-8080-exec-3] DEBUG [traceId=882cbc805deb4119961d9beefccbb931 userId=21 role=1] c.k.i.m.ClassInfoMapper.selectById - ==>  Preparing: SELECT id,class_name,description,status,create_by,create_time,update_by,update_time FROM class_info WHERE id=?
2026-07-06 14:18:17.102 [http-nio-8080-exec-3] DEBUG [traceId=882cbc805deb4119961d9beefccbb931 userId=21 role=1] c.k.i.m.ClassInfoMapper.selectById - ==> Parameters: 8(Long)
2026-07-06 14:18:17.103 [http-nio-8080-exec-6] INFO  [traceId=287ab73513df413a883e21c8d0d6bdb5 userId=21 role=1] com.kg.interceptor.TraceIdFilter - HTTP_REQUEST_END method=GET uri=/class/student-options status=200 cost=31ms responseBody={"code":200,"message":"查询成功","data":[{"id":23,"name":"张三","classId":8},{"id":24,"name":"李四","classId":9},{"id":25,"name":"王五","classId":8},{"id":26,"name":"赵六","classId":9},{"id":27,"name":"赵七","classId":null},{"id":28,"name":"赵八","classId":8},{"id":29,"name":"杨少伟","classId":8},{"id":30,"name":"测试新增用户任务","classId":8},{"id":31,"name":"11","classId":8},{"id":32,"name":"11","classId":8},{"id":33,"name":"五四","classId":10}]}
2026-07-06 14:18:17.103 [http-nio-8080-exec-3] DEBUG [traceId=882cbc805deb4119961d9beefccbb931 userId=21 role=1] c.k.i.m.ClassInfoMapper.selectById - <==      Total: 1
2026-07-06 14:18:17.103 [http-nio-8080-exec-3] DEBUG [traceId=882cbc805deb4119961d9beefccbb931 userId=21 role=1] c.k.i.m.ClassInfoMapper.selectById - ==>  Preparing: SELECT id,class_name,description,status,create_by,create_time,update_by,update_time FROM class_info WHERE id=?
2026-07-06 14:18:17.103 [http-nio-8080-exec-3] DEBUG [traceId=882cbc805deb4119961d9beefccbb931 userId=21 role=1] c.k.i.m.ClassInfoMapper.selectById - ==> Parameters: 9(Long)
2026-07-06 14:18:17.104 [http-nio-8080-exec-3] DEBUG [traceId=882cbc805deb4119961d9beefccbb931 userId=21 role=1] c.k.i.m.ClassInfoMapper.selectById - <==      Total: 1
2026-07-06 14:18:17.104 [http-nio-8080-exec-3] DEBUG [traceId=882cbc805deb4119961d9beefccbb931 userId=21 role=1] c.k.i.m.ClassInfoMapper.selectById - ==>  Preparing: SELECT id,class_name,description,status,create_by,create_time,update_by,update_time FROM class_info WHERE id=?
2026-07-06 14:18:17.104 [http-nio-8080-exec-3] DEBUG [traceId=882cbc805deb4119961d9beefccbb931 userId=21 role=1] c.k.i.m.ClassInfoMapper.selectById - ==> Parameters: 10(Long)
2026-07-06 14:18:17.105 [http-nio-8080-exec-3] DEBUG [traceId=882cbc805deb4119961d9beefccbb931 userId=21 role=1] c.k.i.m.ClassInfoMapper.selectById - <==      Total: 1
2026-07-06 14:18:17.106 [http-nio-8080-exec-3] DEBUG [traceId=882cbc805deb4119961d9beefccbb931 userId=21 role=1] c.k.i.m.TaskUserMapper.selectList - ==>  Preparing: SELECT id,task_id,user_id,status,start_time,finish_time,duration_minutes,remark,total_score,submit_time,create_by,create_time,update_by,update_time FROM task_user WHERE (task_id = ?)
2026-07-06 14:18:17.106 [http-nio-8080-exec-3] DEBUG [traceId=882cbc805deb4119961d9beefccbb931 userId=21 role=1] c.k.i.m.TaskUserMapper.selectList - ==> Parameters: 94(Long)
2026-07-06 14:18:17.107 [http-nio-8080-exec-3] DEBUG [traceId=882cbc805deb4119961d9beefccbb931 userId=21 role=1] c.k.i.m.TaskUserMapper.selectList - <==      Total: 11
2026-07-06 14:18:17.107 [http-nio-8080-exec-3] DEBUG [traceId=882cbc805deb4119961d9beefccbb931 userId=21 role=1] c.k.i.m.ClassInfoMapper.selectById - ==>  Preparing: SELECT id,class_name,description,status,create_by,create_time,update_by,update_time FROM class_info WHERE id=?
2026-07-06 14:18:17.107 [http-nio-8080-exec-3] DEBUG [traceId=882cbc805deb4119961d9beefccbb931 userId=21 role=1] c.k.i.m.ClassInfoMapper.selectById - ==> Parameters: 8(Long)
2026-07-06 14:18:17.107 [http-nio-8080-exec-3] DEBUG [traceId=882cbc805deb4119961d9beefccbb931 userId=21 role=1] c.k.i.m.ClassInfoMapper.selectById - <==      Total: 1
2026-07-06 14:18:17.107 [http-nio-8080-exec-3] DEBUG [traceId=882cbc805deb4119961d9beefccbb931 userId=21 role=1] c.k.i.m.ClassInfoMapper.selectById - ==>  Preparing: SELECT id,class_name,description,status,create_by,create_time,update_by,update_time FROM class_info WHERE id=?
2026-07-06 14:18:17.107 [http-nio-8080-exec-3] DEBUG [traceId=882cbc805deb4119961d9beefccbb931 userId=21 role=1] c.k.i.m.ClassInfoMapper.selectById - ==> Parameters: 9(Long)
2026-07-06 14:18:17.108 [http-nio-8080-exec-3] DEBUG [traceId=882cbc805deb4119961d9beefccbb931 userId=21 role=1] c.k.i.m.ClassInfoMapper.selectById - <==      Total: 1
2026-07-06 14:18:17.108 [http-nio-8080-exec-3] DEBUG [traceId=882cbc805deb4119961d9beefccbb931 userId=21 role=1] c.k.i.m.ClassInfoMapper.selectById - ==>  Preparing: SELECT id,class_name,description,status,create_by,create_time,update_by,update_time FROM class_info WHERE id=?
2026-07-06 14:18:17.108 [http-nio-8080-exec-3] DEBUG [traceId=882cbc805deb4119961d9beefccbb931 userId=21 role=1] c.k.i.m.ClassInfoMapper.selectById - ==> Parameters: 10(Long)
2026-07-06 14:18:17.109 [http-nio-8080-exec-3] DEBUG [traceId=882cbc805deb4119961d9beefccbb931 userId=21 role=1] c.k.i.m.ClassInfoMapper.selectById - <==      Total: 1
2026-07-06 14:18:17.110 [http-nio-8080-exec-3] DEBUG [traceId=882cbc805deb4119961d9beefccbb931 userId=21 role=1] c.k.i.m.TaskUserMapper.selectList - ==>  Preparing: SELECT id,task_id,user_id,status,start_time,finish_time,duration_minutes,remark,total_score,submit_time,create_by,create_time,update_by,update_time FROM task_user WHERE (task_id = ?)
2026-07-06 14:18:17.110 [http-nio-8080-exec-3] DEBUG [traceId=882cbc805deb4119961d9beefccbb931 userId=21 role=1] c.k.i.m.TaskUserMapper.selectList - ==> Parameters: 93(Long)
2026-07-06 14:18:17.111 [http-nio-8080-exec-3] DEBUG [traceId=882cbc805deb4119961d9beefccbb931 userId=21 role=1] c.k.i.m.TaskUserMapper.selectList - <==      Total: 11
2026-07-06 14:18:17.111 [http-nio-8080-exec-3] DEBUG [traceId=882cbc805deb4119961d9beefccbb931 userId=21 role=1] c.k.i.m.ClassInfoMapper.selectById - ==>  Preparing: SELECT id,class_name,description,status,create_by,create_time,update_by,update_time FROM class_info WHERE id=?
2026-07-06 14:18:17.111 [http-nio-8080-exec-3] DEBUG [traceId=882cbc805deb4119961d9beefccbb931 userId=21 role=1] c.k.i.m.ClassInfoMapper.selectById - ==> Parameters: 8(Long)
2026-07-06 14:18:17.112 [http-nio-8080-exec-3] DEBUG [traceId=882cbc805deb4119961d9beefccbb931 userId=21 role=1] c.k.i.m.ClassInfoMapper.selectById - <==      Total: 1
2026-07-06 14:18:17.112 [http-nio-8080-exec-3] DEBUG [traceId=882cbc805deb4119961d9beefccbb931 userId=21 role=1] c.k.i.m.ClassInfoMapper.selectById - ==>  Preparing: SELECT id,class_name,description,status,create_by,create_time,update_by,update_time FROM class_info WHERE id=?
2026-07-06 14:18:17.112 [http-nio-8080-exec-3] DEBUG [traceId=882cbc805deb4119961d9beefccbb931 userId=21 role=1] c.k.i.m.ClassInfoMapper.selectById - ==> Parameters: 9(Long)
2026-07-06 14:18:17.112 [http-nio-8080-exec-3] DEBUG [traceId=882cbc805deb4119961d9beefccbb931 userId=21 role=1] c.k.i.m.ClassInfoMapper.selectById - <==      Total: 1
2026-07-06 14:18:17.113 [http-nio-8080-exec-3] DEBUG [traceId=882cbc805deb4119961d9beefccbb931 userId=21 role=1] c.k.i.m.ClassInfoMapper.selectById - ==>  Preparing: SELECT id,class_name,description,status,create_by,create_time,update_by,update_time FROM class_info WHERE id=?
2026-07-06 14:18:17.113 [http-nio-8080-exec-3] DEBUG [traceId=882cbc805deb4119961d9beefccbb931 userId=21 role=1] c.k.i.m.ClassInfoMapper.selectById - ==> Parameters: 10(Long)
2026-07-06 14:18:17.113 [http-nio-8080-exec-3] DEBUG [traceId=882cbc805deb4119961d9beefccbb931 userId=21 role=1] c.k.i.m.ClassInfoMapper.selectById - <==      Total: 1
2026-07-06 14:18:17.114 [http-nio-8080-exec-3] DEBUG [traceId=882cbc805deb4119961d9beefccbb931 userId=21 role=1] c.k.i.m.TaskUserMapper.selectList - ==>  Preparing: SELECT id,task_id,user_id,status,start_time,finish_time,duration_minutes,remark,total_score,submit_time,create_by,create_time,update_by,update_time FROM task_user WHERE (task_id = ?)
2026-07-06 14:18:17.114 [http-nio-8080-exec-3] DEBUG [traceId=882cbc805deb4119961d9beefccbb931 userId=21 role=1] c.k.i.m.TaskUserMapper.selectList - ==> Parameters: 92(Long)
2026-07-06 14:18:17.115 [http-nio-8080-exec-3] DEBUG [traceId=882cbc805deb4119961d9beefccbb931 userId=21 role=1] c.k.i.m.TaskUserMapper.selectList - <==      Total: 11
2026-07-06 14:18:17.115 [http-nio-8080-exec-3] DEBUG [traceId=882cbc805deb4119961d9beefccbb931 userId=21 role=1] c.k.i.m.ClassInfoMapper.selectById - ==>  Preparing: SELECT id,class_name,description,status,create_by,create_time,update_by,update_time FROM class_info WHERE id=?
2026-07-06 14:18:17.115 [http-nio-8080-exec-3] DEBUG [traceId=882cbc805deb4119961d9beefccbb931 userId=21 role=1] c.k.i.m.ClassInfoMapper.selectById - ==> Parameters: 8(Long)
2026-07-06 14:18:17.117 [http-nio-8080-exec-3] DEBUG [traceId=882cbc805deb4119961d9beefccbb931 userId=21 role=1] c.k.i.m.ClassInfoMapper.selectById - <==      Total: 1
2026-07-06 14:18:17.117 [http-nio-8080-exec-3] DEBUG [traceId=882cbc805deb4119961d9beefccbb931 userId=21 role=1] c.k.i.m.ClassInfoMapper.selectById - ==>  Preparing: SELECT id,class_name,description,status,create_by,create_time,update_by,update_time FROM class_info WHERE id=?
2026-07-06 14:18:17.117 [http-nio-8080-exec-3] DEBUG [traceId=882cbc805deb4119961d9beefccbb931 userId=21 role=1] c.k.i.m.ClassInfoMapper.selectById - ==> Parameters: 9(Long)
2026-07-06 14:18:17.118 [http-nio-8080-exec-3] DEBUG [traceId=882cbc805deb4119961d9beefccbb931 userId=21 role=1] c.k.i.m.ClassInfoMapper.selectById - <==      Total: 1
2026-07-06 14:18:17.118 [http-nio-8080-exec-3] DEBUG [traceId=882cbc805deb4119961d9beefccbb931 userId=21 role=1] c.k.i.m.ClassInfoMapper.selectById - ==>  Preparing: SELECT id,class_name,description,status,create_by,create_time,update_by,update_time FROM class_info WHERE id=?
2026-07-06 14:18:17.118 [http-nio-8080-exec-3] DEBUG [traceId=882cbc805deb4119961d9beefccbb931 userId=21 role=1] c.k.i.m.ClassInfoMapper.selectById - ==> Parameters: 10(Long)
2026-07-06 14:18:17.118 [http-nio-8080-exec-3] DEBUG [traceId=882cbc805deb4119961d9beefccbb931 userId=21 role=1] c.k.i.m.ClassInfoMapper.selectById - <==      Total: 1
2026-07-06 14:18:17.119 [http-nio-8080-exec-3] DEBUG [traceId=882cbc805deb4119961d9beefccbb931 userId=21 role=1] c.k.i.m.TaskUserMapper.selectList - ==>  Preparing: SELECT id,task_id,user_id,status,start_time,finish_time,duration_minutes,remark,total_score,submit_time,create_by,create_time,update_by,update_time FROM task_user WHERE (task_id = ?)
2026-07-06 14:18:17.119 [http-nio-8080-exec-3] DEBUG [traceId=882cbc805deb4119961d9beefccbb931 userId=21 role=1] c.k.i.m.TaskUserMapper.selectList - ==> Parameters: 91(Long)
2026-07-06 14:18:17.120 [http-nio-8080-exec-3] DEBUG [traceId=882cbc805deb4119961d9beefccbb931 userId=21 role=1] c.k.i.m.TaskUserMapper.selectList - <==      Total: 1
2026-07-06 14:18:17.120 [http-nio-8080-exec-3] DEBUG [traceId=882cbc805deb4119961d9beefccbb931 userId=21 role=1] c.k.i.m.ClassInfoMapper.selectById - ==>  Preparing: SELECT id,class_name,description,status,create_by,create_time,update_by,update_time FROM class_info WHERE id=?
2026-07-06 14:18:17.120 [http-nio-8080-exec-3] DEBUG [traceId=882cbc805deb4119961d9beefccbb931 userId=21 role=1] c.k.i.m.ClassInfoMapper.selectById - ==> Parameters: 10(Long)
2026-07-06 14:18:17.120 [http-nio-8080-exec-3] DEBUG [traceId=882cbc805deb4119961d9beefccbb931 userId=21 role=1] c.k.i.m.ClassInfoMapper.selectById - <==      Total: 1
2026-07-06 14:18:17.122 [http-nio-8080-exec-3] DEBUG [traceId=882cbc805deb4119961d9beefccbb931 userId=21 role=1] c.k.i.m.TaskUserMapper.selectList - ==>  Preparing: SELECT id,task_id,user_id,status,start_time,finish_time,duration_minutes,remark,total_score,submit_time,create_by,create_time,update_by,update_time FROM task_user WHERE (task_id = ?)
2026-07-06 14:18:17.122 [http-nio-8080-exec-3] DEBUG [traceId=882cbc805deb4119961d9beefccbb931 userId=21 role=1] c.k.i.m.TaskUserMapper.selectList - ==> Parameters: 90(Long)
2026-07-06 14:18:17.123 [http-nio-8080-exec-3] DEBUG [traceId=882cbc805deb4119961d9beefccbb931 userId=21 role=1] c.k.i.m.TaskUserMapper.selectList - <==      Total: 1
2026-07-06 14:18:17.123 [http-nio-8080-exec-3] DEBUG [traceId=882cbc805deb4119961d9beefccbb931 userId=21 role=1] c.k.i.m.ClassInfoMapper.selectById - ==>  Preparing: SELECT id,class_name,description,status,create_by,create_time,update_by,update_time FROM class_info WHERE id=?
2026-07-06 14:18:17.123 [http-nio-8080-exec-3] DEBUG [traceId=882cbc805deb4119961d9beefccbb931 userId=21 role=1] c.k.i.m.ClassInfoMapper.selectById - ==> Parameters: 10(Long)
2026-07-06 14:18:17.123 [http-nio-8080-exec-3] DEBUG [traceId=882cbc805deb4119961d9beefccbb931 userId=21 role=1] c.k.i.m.ClassInfoMapper.selectById - <==      Total: 1
2026-07-06 14:18:17.124 [http-nio-8080-exec-3] DEBUG [traceId=882cbc805deb4119961d9beefccbb931 userId=21 role=1] c.k.i.m.TaskUserMapper.selectList - ==>  Preparing: SELECT id,task_id,user_id,status,start_time,finish_time,duration_minutes,remark,total_score,submit_time,create_by,create_time,update_by,update_time FROM task_user WHERE (task_id = ?)
2026-07-06 14:18:17.124 [http-nio-8080-exec-3] DEBUG [traceId=882cbc805deb4119961d9beefccbb931 userId=21 role=1] c.k.i.m.TaskUserMapper.selectList - ==> Parameters: 89(Long)
2026-07-06 14:18:17.125 [http-nio-8080-exec-3] DEBUG [traceId=882cbc805deb4119961d9beefccbb931 userId=21 role=1] c.k.i.m.TaskUserMapper.selectList - <==      Total: 10
2026-07-06 14:18:17.125 [http-nio-8080-exec-3] DEBUG [traceId=882cbc805deb4119961d9beefccbb931 userId=21 role=1] c.k.i.m.ClassInfoMapper.selectById - ==>  Preparing: SELECT id,class_name,description,status,create_by,create_time,update_by,update_time FROM class_info WHERE id=?
2026-07-06 14:18:17.125 [http-nio-8080-exec-3] DEBUG [traceId=882cbc805deb4119961d9beefccbb931 userId=21 role=1] c.k.i.m.ClassInfoMapper.selectById - ==> Parameters: 8(Long)
2026-07-06 14:18:17.126 [http-nio-8080-exec-3] DEBUG [traceId=882cbc805deb4119961d9beefccbb931 userId=21 role=1] c.k.i.m.ClassInfoMapper.selectById - <==      Total: 1
2026-07-06 14:18:17.126 [http-nio-8080-exec-3] DEBUG [traceId=882cbc805deb4119961d9beefccbb931 userId=21 role=1] c.k.i.m.ClassInfoMapper.selectById - ==>  Preparing: SELECT id,class_name,description,status,create_by,create_time,update_by,update_time FROM class_info WHERE id=?
2026-07-06 14:18:17.126 [http-nio-8080-exec-3] DEBUG [traceId=882cbc805deb4119961d9beefccbb931 userId=21 role=1] c.k.i.m.ClassInfoMapper.selectById - ==> Parameters: 9(Long)
2026-07-06 14:18:17.126 [http-nio-8080-exec-3] DEBUG [traceId=882cbc805deb4119961d9beefccbb931 userId=21 role=1] c.k.i.m.ClassInfoMapper.selectById - <==      Total: 1
2026-07-06 14:18:17.127 [http-nio-8080-exec-3] DEBUG [traceId=882cbc805deb4119961d9beefccbb931 userId=21 role=1] c.k.i.m.TaskUserMapper.selectList - ==>  Preparing: SELECT id,task_id,user_id,status,start_time,finish_time,duration_minutes,remark,total_score,submit_time,create_by,create_time,update_by,update_time FROM task_user WHERE (task_id = ?)
2026-07-06 14:18:17.128 [http-nio-8080-exec-3] DEBUG [traceId=882cbc805deb4119961d9beefccbb931 userId=21 role=1] c.k.i.m.TaskUserMapper.selectList - ==> Parameters: 88(Long)
2026-07-06 14:18:17.129 [http-nio-8080-exec-3] DEBUG [traceId=882cbc805deb4119961d9beefccbb931 userId=21 role=1] c.k.i.m.TaskUserMapper.selectList - <==      Total: 10
2026-07-06 14:18:17.129 [http-nio-8080-exec-3] DEBUG [traceId=882cbc805deb4119961d9beefccbb931 userId=21 role=1] c.k.i.m.ClassInfoMapper.selectById - ==>  Preparing: SELECT id,class_name,description,status,create_by,create_time,update_by,update_time FROM class_info WHERE id=?
2026-07-06 14:18:17.129 [http-nio-8080-exec-3] DEBUG [traceId=882cbc805deb4119961d9beefccbb931 userId=21 role=1] c.k.i.m.ClassInfoMapper.selectById - ==> Parameters: 8(Long)
2026-07-06 14:18:17.129 [http-nio-8080-exec-3] DEBUG [traceId=882cbc805deb4119961d9beefccbb931 userId=21 role=1] c.k.i.m.ClassInfoMapper.selectById - <==      Total: 1
2026-07-06 14:18:17.130 [http-nio-8080-exec-3] DEBUG [traceId=882cbc805deb4119961d9beefccbb931 userId=21 role=1] c.k.i.m.ClassInfoMapper.selectById - ==>  Preparing: SELECT id,class_name,description,status,create_by,create_time,update_by,update_time FROM class_info WHERE id=?
2026-07-06 14:18:17.130 [http-nio-8080-exec-3] DEBUG [traceId=882cbc805deb4119961d9beefccbb931 userId=21 role=1] c.k.i.m.ClassInfoMapper.selectById - ==> Parameters: 9(Long)
2026-07-06 14:18:17.130 [http-nio-8080-exec-3] DEBUG [traceId=882cbc805deb4119961d9beefccbb931 userId=21 role=1] c.k.i.m.ClassInfoMapper.selectById - <==      Total: 1
2026-07-06 14:18:17.132 [http-nio-8080-exec-3] INFO  [traceId=882cbc805deb4119961d9beefccbb931 userId=21 role=1] com.kg.interceptor.TraceIdFilter - HTTP_REQUEST_END method=POST uri=/task/page status=200 cost=62ms responseBody={"code":200,"message":"查询成功","data":{"total":69,"list":[{"id":97,"taskName":"每日复盘","taskType":"3","templateId":null,"roundNo":0,"isMandatory":1,"taskDescription":null,"taskStartTime":"2026-07-06 08:00:00","taskEndTime":"2026-07-06 23:59:00","priority":0,"classId":null,"targetType":1,"targetIds":"8,9,10","selectedClassList":[{"id":8,"className":"1班"},{"id":9,"className":"2班"},{"id":10,"className":"线上学习1班"}],"selectedStudentList":null,"completedCount":0,"uncompletedCount":11,"completionPercent":0,"createTime":"2026-07-06 09:45:58","planId":null,"planDate":null,"isRepeatTask":0,"status":1},{"id":96,"taskName":"每日打卡","taskType":"2","templateId":null,"roundNo":0,"isMandatory":1,"taskDescription":null,"taskStartTime":"2026-07-06 06:00:00","taskEndTime":"2026-07-06 23:59:00","priority":0,"classId":null,"targetType":1,"targetIds":"8,9,10","selectedClassList":[{"id":8,"className":"1班"},{"id":9,"className":"2班"},{"id":10,"className":"线上学习1班"}],"selectedStudentList":null,"completedCount":0,"uncompletedCount":11,"completionPercent":0,"createTime":"2026-07-06 09:45:58","planId":null,"planDate":null,"isRepeatTask":0,"status":1},{"id":95,"taskName":"每日复盘","taskType":"3","templateId":null,"roundNo":0,"isMandatory":1,"taskDescription":null,"taskStartTime":"2026-07-05 08:00:00","taskEndTime":"2026-07-05 23:59:00","priority":0,"classId":null,"targetType":1,"targetIds":"8,9,10","selectedClassList":[{"id":8,"className":"1班"},{"id":9,"className":"2班"},{"id":10,"className":"线上学习1班"}],"selectedStudentList":null,"completedCount":0,"uncompletedCount":11,"completionPercent":0,"createTime":"2026-07-05 18:12:39","planId":null,"planDate":null,"isRepeatTask":0,"status":1},{"id":94,"taskName":"每日打卡","taskType":"2","templateId":null,"roundNo":0,"isMandatory":1,"taskDescription":null,"taskStartTime":"2026-07-05 06:00:00","taskEndTime":"2026-07-05 23:59:00","priority":0,"classId":null,"targetType":1,"targetIds":"8,9,10","selectedClassList":[{"id":8,"className":"1班"},{"id":9,"className":"2班"},{"id":10,"className":"线上学习1班"}],"selectedStudentList":null,"completedCount":0,"uncompletedCount":11,"completionPercent":0,"createTime":"2026-07-05 18:12:39","planId":null,"planDate":null,"isRepeatTask":0,"status":1},{"id":93,"taskName":"每日复盘","taskType":"3","templateId":null,"roundNo":0,"isMandatory":1,"taskDescription":null,"taskStartTime":"2026-07-03 08:00:00","taskEndTime":"2026-07-03 23:59:00","priority":0,"classId":null,"targetType":1,"targetIds":"8,9,10","selectedClassList":[{"id":8,"className":"1班"},{"id":9,"className":"2班"},{"id":10,"className":"线上学习1班"}],"selectedStudentList":null,"completedCount":0,"uncompletedCount":11,"completionPercent":0,"createTime":"2026-07-03 08:46:13","planId":null,"planDate":null,"isRepeatTask":0,"status":1},{"id":92,"taskName":"每日打卡","taskType":"2","templateId":null,"roundNo":0,"isMandatory":1,"taskDescription":null,"taskStartTime":"2026-07-03 06:00:00","taskEndTime":"2026-07-03 23:59:00","priority":0,"classId":null,"targetType":1,"targetIds":"8,9,10","selectedClassList":[{"id":8,"className":"1班"},{"id":9,"className":"2班"},{"id":10,"className":"线上学习1班"}],"selectedStudentList":null,"completedCount":1,"uncompletedCount":10,"completionPercent":9,"createTime":"2026-07-03 08:46:13","planId":null,"planDate":null,"isRepeatTask":0,"status":1},{"id":91,"taskName":"26行政执法","taskType":"0","templateId":null,"roundNo":1,"isMandatory":1,"taskDescription":"全做","taskStartTime":"2026-07-02 00:00:00","taskEndTime":"2026-07-02 23:59:59","priority":0,"classId":null,"targetType":1,"targetIds":"10","selectedClassList":[{"id":10,"className":"线上学习1班"}],"selectedStudentList":null,"completedCount":0,"uncompletedCount":1,"completionPercent":0,"createTime":"2026-07-02 17:32:35","planId":null,"planDate":null,"isRepeatTask":0,"status":1},{"id":90,"taskName":"资料分析第一章，一般增长率","taskType":"1","templateId":null,"roundNo":1,"isMandatory":1,"taskDescription":"做完后再做1套资料","taskStartTime":"2026-07-02 00:00:00","taskEndTime":"2026-07-02 23:59:59","priority":0,"classId":null,"targetType":1,"targetIds":"10","selectedClassList":[{"id":10,"className":"线上学习1班"}],"selectedStudentList":null,"completedCount":1,"uncompletedCount":0,"completionPercent":100,"createTime":"2026-07-02 17:32:06","planId":null,"planDate":null,"isRepeatTask":0,"status":1},{"id":89,"taskName":"每日复盘","taskType":"3","templateId":null,"roundNo":0,"isMandatory":1,"taskDescription":null,"taskStartTime":"2026-07-02 08:00:00","taskEndTime":"2026-07-02 23:59:00","priority":0,"classId":null,"targetType":1,"targetIds":"8,9","selectedClassList":[{"id":8,"className":"1班"},{"id":9,"className":"2班"}],"selectedStudentList":null,"completedCount":0,"uncompletedCount":10,"completionPercent":0,"createTime":"2026-07-02 08:00:00","planId":null,"planDate":null,"isRepeatTask":0,"status":1},{"id":88,"taskName":"每日打卡","taskType":"2","templateId":null,"roundNo":0,"isMandatory":1,"taskDescription":null,"taskStartTime":"2026-07-02 06:00:00","taskEndTime":"2026-07-02 23:59:00","priority":0,"classId":null,"targetType":1,"t...[TRUNCATED length=5276]
2026-07-06 14:18:18.188 [http-nio-8080-exec-2] INFO  [traceId=63294c26737442438a96341b1eecf585 userId= role=] com.kg.interceptor.TraceIdFilter - HTTP_REQUEST_START method=GET uri=/dict/group/task_type query=null requestBody= ip=0:0:0:0:0:0:0:1 userAgent=Mozilla/5.0 (Windows NT 10.0; Win64; x64) AppleWebKit/537.36 (KHTML, like Gecko) Chrome/123.0.0.0 Safari/537.36
2026-07-06 14:18:18.192 [http-nio-8080-exec-2] DEBUG [traceId=63294c26737442438a96341b1eecf585 userId= role=] c.k.i.m.SysUserMapper.selectById - ==>  Preparing: SELECT id,account,name,password,role,gender,email,phone,openid,description,teacher_remark,class_id,status,create_by,create_time,update_by,update_time FROM sys_user WHERE id=?
2026-07-06 14:18:18.192 [http-nio-8080-exec-2] DEBUG [traceId=63294c26737442438a96341b1eecf585 userId= role=] c.k.i.m.SysUserMapper.selectById - ==> Parameters: 21(Long)
2026-07-06 14:18:18.193 [http-nio-8080-exec-2] DEBUG [traceId=63294c26737442438a96341b1eecf585 userId= role=] c.k.i.m.SysUserMapper.selectById - <==      Total: 1
2026-07-06 14:18:18.196 [http-nio-8080-exec-2] DEBUG [traceId=63294c26737442438a96341b1eecf585 userId=21 role=1] c.k.i.mapper.DictMapper.selectList - ==>  Preparing: SELECT id,dict_code,dict_name,dict_label,dict_value,display_color,sort_no,status,create_by,create_time,update_by,update_time FROM sys_dict WHERE (dict_code = ?) ORDER BY sort_no ASC
2026-07-06 14:18:18.196 [http-nio-8080-exec-2] DEBUG [traceId=63294c26737442438a96341b1eecf585 userId=21 role=1] c.k.i.mapper.DictMapper.selectList - ==> Parameters: task_type(String)
2026-07-06 14:18:18.197 [http-nio-8080-exec-2] DEBUG [traceId=63294c26737442438a96341b1eecf585 userId=21 role=1] c.k.i.mapper.DictMapper.selectList - <==      Total: 4
2026-07-06 14:18:18.199 [http-nio-8080-exec-2] INFO  [traceId=63294c26737442438a96341b1eecf585 userId=21 role=1] com.kg.interceptor.TraceIdFilter - HTTP_REQUEST_END method=GET uri=/dict/group/task_type status=200 cost=11ms responseBody={"code":200,"message":"查询成功","data":{"dictCode":"task_type","dictName":"任务类型","items":[{"dictValue":"0","dictLabel":"刷题","sortNo":0,"status":1,"displayColor":"#ff6f00"},{"dictValue":"1","dictLabel":"学习","sortNo":1,"status":1,"displayColor":"#f7ff00"},{"dictValue":"2","dictLabel":"打卡","sortNo":2,"status":1,"displayColor":"#66ff00"},{"dictValue":"3","dictLabel":"每日复盘","sortNo":3,"status":1,"displayColor":"#00bfff"}]}}
2026-07-06 14:18:18.209 [http-nio-8080-exec-7] INFO  [traceId=7de8db227c834d72b27c328b43642cb7 userId= role=] com.kg.interceptor.TraceIdFilter - HTTP_REQUEST_START method=POST uri=/task-template/page query=null requestBody={"pageNum":1,"pageSize":10} ip=0:0:0:0:0:0:0:1 userAgent=Mozilla/5.0 (Windows NT 10.0; Win64; x64) AppleWebKit/537.36 (KHTML, like Gecko) Chrome/123.0.0.0 Safari/537.36
2026-07-06 14:18:18.212 [http-nio-8080-exec-7] DEBUG [traceId=7de8db227c834d72b27c328b43642cb7 userId= role=] c.k.i.m.SysUserMapper.selectById - ==>  Preparing: SELECT id,account,name,password,role,gender,email,phone,openid,description,teacher_remark,class_id,status,create_by,create_time,update_by,update_time FROM sys_user WHERE id=?
2026-07-06 14:18:18.212 [http-nio-8080-exec-7] DEBUG [traceId=7de8db227c834d72b27c328b43642cb7 userId= role=] c.k.i.m.SysUserMapper.selectById - ==> Parameters: 21(Long)
2026-07-06 14:18:18.213 [http-nio-8080-exec-7] DEBUG [traceId=7de8db227c834d72b27c328b43642cb7 userId= role=] c.k.i.m.SysUserMapper.selectById - <==      Total: 1
2026-07-06 14:18:18.214 [http-nio-8080-exec-7] DEBUG [traceId=7de8db227c834d72b27c328b43642cb7 userId=21 role=1] c.k.i.m.T.selectCount - ==>  Preparing: SELECT COUNT( * ) AS total FROM task_template
2026-07-06 14:18:18.214 [http-nio-8080-exec-7] DEBUG [traceId=7de8db227c834d72b27c328b43642cb7 userId=21 role=1] c.k.i.m.T.selectCount - ==> Parameters: 
2026-07-06 14:18:18.215 [http-nio-8080-exec-7] DEBUG [traceId=7de8db227c834d72b27c328b43642cb7 userId=21 role=1] c.k.i.m.T.selectCount - <==      Total: 1
2026-07-06 14:18:18.215 [http-nio-8080-exec-7] DEBUG [traceId=7de8db227c834d72b27c328b43642cb7 userId=21 role=1] c.k.i.m.T.selectList - ==>  Preparing: SELECT id,template_name,task_type,is_mandatory,task_description,default_priority,create_by,create_time,update_by,update_time FROM task_template ORDER BY id DESC LIMIT 0,10
2026-07-06 14:18:18.216 [http-nio-8080-exec-7] DEBUG [traceId=7de8db227c834d72b27c328b43642cb7 userId=21 role=1] c.k.i.m.T.selectList - ==> Parameters: 
2026-07-06 14:18:18.216 [http-nio-8080-exec-7] DEBUG [traceId=7de8db227c834d72b27c328b43642cb7 userId=21 role=1] c.k.i.m.T.selectList - <==      Total: 3
2026-07-06 14:18:18.217 [http-nio-8080-exec-7] INFO  [traceId=7de8db227c834d72b27c328b43642cb7 userId=21 role=1] com.kg.interceptor.TraceIdFilter - HTTP_REQUEST_END method=POST uri=/task-template/page status=200 cost=8ms responseBody={"code":200,"message":"查询成功","data":{"total":3,"list":[{"id":6,"templateName":"2026真题","taskType":"0","isMandatory":1,"taskDescription":"真题模拟","defaultPriority":1,"createTime":"2026-06-09 21:45:43"},{"id":5,"templateName":"20260608","taskType":"2","isMandatory":1,"taskDescription":"做2026年国考","defaultPriority":1,"createTime":"2026-06-08 10:52:36"},{"id":4,"templateName":"模板任务1","taskType":"0","isMandatory":1,"taskDescription":"","defaultPriority":1,"createTime":"2026-06-01 00:27:11"}]}}
2026-07-06 14:20:56.464 [http-nio-8080-exec-4] INFO  [traceId=68bbcda6107a4cf7a19f1996ef004d03 userId= role=] com.kg.interceptor.TraceIdFilter - HTTP_REQUEST_START method=POST uri=/student/page query=null requestBody={"pageNum":1,"pageSize":10} ip=0:0:0:0:0:0:0:1 userAgent=Mozilla/5.0 (Windows NT 10.0; Win64; x64) AppleWebKit/537.36 (KHTML, like Gecko) Chrome/123.0.0.0 Safari/537.36
2026-07-06 14:20:56.464 [http-nio-8080-exec-9] INFO  [traceId=9d6dd64e97734421a679796ee9115555 userId= role=] com.kg.interceptor.TraceIdFilter - HTTP_REQUEST_START method=GET uri=/dict/group/task_type query=null requestBody= ip=0:0:0:0:0:0:0:1 userAgent=Mozilla/5.0 (Windows NT 10.0; Win64; x64) AppleWebKit/537.36 (KHTML, like Gecko) Chrome/123.0.0.0 Safari/537.36
2026-07-06 14:20:56.468 [http-nio-8080-exec-10] INFO  [traceId=0305d59dffc04edd9bd25a0a3e15d42c userId= role=] com.kg.interceptor.TraceIdFilter - HTTP_REQUEST_START method=GET uri=/class/options query=null requestBody= ip=0:0:0:0:0:0:0:1 userAgent=Mozilla/5.0 (Windows NT 10.0; Win64; x64) AppleWebKit/537.36 (KHTML, like Gecko) Chrome/123.0.0.0 Safari/537.36
2026-07-06 14:20:56.471 [http-nio-8080-exec-9] DEBUG [traceId=9d6dd64e97734421a679796ee9115555 userId= role=] c.k.i.m.SysUserMapper.selectById - ==>  Preparing: SELECT id,account,name,password,role,gender,email,phone,openid,description,teacher_remark,class_id,status,create_by,create_time,update_by,update_time FROM sys_user WHERE id=?
2026-07-06 14:20:56.471 [http-nio-8080-exec-1] INFO  [traceId=ec67cb21f41847b19f718bbba5cd0d24 userId= role=] com.kg.interceptor.TraceIdFilter - HTTP_REQUEST_START method=GET uri=/dict/ROLE query=null requestBody= ip=0:0:0:0:0:0:0:1 userAgent=Mozilla/5.0 (Windows NT 10.0; Win64; x64) AppleWebKit/537.36 (KHTML, like Gecko) Chrome/123.0.0.0 Safari/537.36
2026-07-06 14:20:56.471 [http-nio-8080-exec-4] DEBUG [traceId=68bbcda6107a4cf7a19f1996ef004d03 userId= role=] c.k.i.m.SysUserMapper.selectById - ==>  Preparing: SELECT id,account,name,password,role,gender,email,phone,openid,description,teacher_remark,class_id,status,create_by,create_time,update_by,update_time FROM sys_user WHERE id=?
2026-07-06 14:20:56.472 [http-nio-8080-exec-9] DEBUG [traceId=9d6dd64e97734421a679796ee9115555 userId= role=] c.k.i.m.SysUserMapper.selectById - ==> Parameters: 21(Long)
2026-07-06 14:20:56.472 [http-nio-8080-exec-4] DEBUG [traceId=68bbcda6107a4cf7a19f1996ef004d03 userId= role=] c.k.i.m.SysUserMapper.selectById - ==> Parameters: 21(Long)
2026-07-06 14:20:56.473 [http-nio-8080-exec-4] DEBUG [traceId=68bbcda6107a4cf7a19f1996ef004d03 userId= role=] c.k.i.m.SysUserMapper.selectById - <==      Total: 1
2026-07-06 14:20:56.473 [http-nio-8080-exec-9] DEBUG [traceId=9d6dd64e97734421a679796ee9115555 userId= role=] c.k.i.m.SysUserMapper.selectById - <==      Total: 1
2026-07-06 14:20:56.473 [http-nio-8080-exec-10] DEBUG [traceId=0305d59dffc04edd9bd25a0a3e15d42c userId= role=] c.k.i.m.SysUserMapper.selectById - ==>  Preparing: SELECT id,account,name,password,role,gender,email,phone,openid,description,teacher_remark,class_id,status,create_by,create_time,update_by,update_time FROM sys_user WHERE id=?
2026-07-06 14:20:56.473 [http-nio-8080-exec-10] DEBUG [traceId=0305d59dffc04edd9bd25a0a3e15d42c userId= role=] c.k.i.m.SysUserMapper.selectById - ==> Parameters: 21(Long)
2026-07-06 14:20:56.475 [http-nio-8080-exec-9] DEBUG [traceId=9d6dd64e97734421a679796ee9115555 userId=21 role=1] c.k.i.mapper.DictMapper.selectList - ==>  Preparing: SELECT id,dict_code,dict_name,dict_label,dict_value,display_color,sort_no,status,create_by,create_time,update_by,update_time FROM sys_dict WHERE (dict_code = ?) ORDER BY sort_no ASC
2026-07-06 14:20:56.475 [http-nio-8080-exec-9] DEBUG [traceId=9d6dd64e97734421a679796ee9115555 userId=21 role=1] c.k.i.mapper.DictMapper.selectList - ==> Parameters: task_type(String)
2026-07-06 14:20:56.475 [http-nio-8080-exec-4] DEBUG [traceId=68bbcda6107a4cf7a19f1996ef004d03 userId=21 role=1] c.k.i.m.SysUserMapper.selectCount - ==>  Preparing: SELECT COUNT( * ) AS total FROM sys_user WHERE (role IN (?,?,?))
2026-07-06 14:20:56.475 [http-nio-8080-exec-4] DEBUG [traceId=68bbcda6107a4cf7a19f1996ef004d03 userId=21 role=1] c.k.i.m.SysUserMapper.selectCount - ==> Parameters: 1(String), 2(String), 3(String)
2026-07-06 14:20:56.477 [http-nio-8080-exec-4] DEBUG [traceId=68bbcda6107a4cf7a19f1996ef004d03 userId=21 role=1] c.k.i.m.SysUserMapper.selectCount - <==      Total: 1
2026-07-06 14:20:56.478 [http-nio-8080-exec-1] DEBUG [traceId=ec67cb21f41847b19f718bbba5cd0d24 userId= role=] c.k.i.m.SysUserMapper.selectById - ==>  Preparing: SELECT id,account,name,password,role,gender,email,phone,openid,description,teacher_remark,class_id,status,create_by,create_time,update_by,update_time FROM sys_user WHERE id=?
2026-07-06 14:20:56.478 [http-nio-8080-exec-10] DEBUG [traceId=0305d59dffc04edd9bd25a0a3e15d42c userId= role=] c.k.i.m.SysUserMapper.selectById - <==      Total: 1
2026-07-06 14:20:56.478 [http-nio-8080-exec-1] DEBUG [traceId=ec67cb21f41847b19f718bbba5cd0d24 userId= role=] c.k.i.m.SysUserMapper.selectById - ==> Parameters: 21(Long)
2026-07-06 14:20:56.478 [http-nio-8080-exec-10] DEBUG [traceId=0305d59dffc04edd9bd25a0a3e15d42c userId=21 role=1] c.k.i.m.ClassInfoMapper.selectList - ==>  Preparing: SELECT id,class_name,description,status,create_by,create_time,update_by,update_time FROM class_info WHERE (status = ?) ORDER BY class_name ASC
2026-07-06 14:20:56.479 [http-nio-8080-exec-4] DEBUG [traceId=68bbcda6107a4cf7a19f1996ef004d03 userId=21 role=1] c.k.i.m.SysUserMapper.selectList - ==>  Preparing: SELECT id,account,name,password,role,gender,email,phone,openid,description,teacher_remark,class_id,status,create_by,create_time,update_by,update_time FROM sys_user WHERE (role IN (?,?,?)) ORDER BY id DESC LIMIT 0,10
2026-07-06 14:20:56.479 [http-nio-8080-exec-10] DEBUG [traceId=0305d59dffc04edd9bd25a0a3e15d42c userId=21 role=1] c.k.i.m.ClassInfoMapper.selectList - ==> Parameters: 1(Integer)
2026-07-06 14:20:56.479 [http-nio-8080-exec-4] DEBUG [traceId=68bbcda6107a4cf7a19f1996ef004d03 userId=21 role=1] c.k.i.m.SysUserMapper.selectList - ==> Parameters: 1(String), 2(String), 3(String)
2026-07-06 14:20:56.480 [http-nio-8080-exec-10] DEBUG [traceId=0305d59dffc04edd9bd25a0a3e15d42c userId=21 role=1] c.k.i.m.ClassInfoMapper.selectList - <==      Total: 3
2026-07-06 14:20:56.480 [http-nio-8080-exec-1] DEBUG [traceId=ec67cb21f41847b19f718bbba5cd0d24 userId= role=] c.k.i.m.SysUserMapper.selectById - <==      Total: 1
2026-07-06 14:20:56.480 [http-nio-8080-exec-9] DEBUG [traceId=9d6dd64e97734421a679796ee9115555 userId=21 role=1] c.k.i.mapper.DictMapper.selectList - <==      Total: 4
2026-07-06 14:20:56.480 [http-nio-8080-exec-4] DEBUG [traceId=68bbcda6107a4cf7a19f1996ef004d03 userId=21 role=1] c.k.i.m.SysUserMapper.selectList - <==      Total: 10
2026-07-06 14:20:56.481 [http-nio-8080-exec-10] INFO  [traceId=0305d59dffc04edd9bd25a0a3e15d42c userId=21 role=1] com.kg.interceptor.TraceIdFilter - HTTP_REQUEST_END method=GET uri=/class/options status=200 cost=13ms responseBody={"code":200,"message":"查询成功","data":[{"id":8,"className":"1班"},{"id":9,"className":"2班"},{"id":10,"className":"线上学习1班"}]}
2026-07-06 14:20:56.481 [http-nio-8080-exec-9] INFO  [traceId=9d6dd64e97734421a679796ee9115555 userId=21 role=1] com.kg.interceptor.TraceIdFilter - HTTP_REQUEST_END method=GET uri=/dict/group/task_type status=200 cost=17ms responseBody={"code":200,"message":"查询成功","data":{"dictCode":"task_type","dictName":"任务类型","items":[{"dictValue":"0","dictLabel":"刷题","sortNo":0,"status":1,"displayColor":"#ff6f00"},{"dictValue":"1","dictLabel":"学习","sortNo":1,"status":1,"displayColor":"#f7ff00"},{"dictValue":"2","dictLabel":"打卡","sortNo":2,"status":1,"displayColor":"#66ff00"},{"dictValue":"3","dictLabel":"每日复盘","sortNo":3,"status":1,"displayColor":"#00bfff"}]}}
2026-07-06 14:20:56.484 [http-nio-8080-exec-1] DEBUG [traceId=ec67cb21f41847b19f718bbba5cd0d24 userId=21 role=1] c.k.i.mapper.DictMapper.selectList - ==>  Preparing: SELECT id,dict_code,dict_name,dict_label,dict_value,display_color,sort_no,status,create_by,create_time,update_by,update_time FROM sys_dict WHERE (dict_code = ? AND status = ?) ORDER BY sort_no ASC
2026-07-06 14:20:56.484 [http-nio-8080-exec-1] DEBUG [traceId=ec67cb21f41847b19f718bbba5cd0d24 userId=21 role=1] c.k.i.mapper.DictMapper.selectList - ==> Parameters: ROLE(String), 1(Integer)
2026-07-06 14:20:56.484 [http-nio-8080-exec-4] INFO  [traceId=68bbcda6107a4cf7a19f1996ef004d03 userId=21 role=1] com.kg.interceptor.TraceIdFilter - HTTP_REQUEST_END method=POST uri=/student/page status=200 cost=20ms responseBody={"code":200,"message":"查询成功","data":{"total":13,"list":[{"id":33,"name":"五四","role":"3","phone":"18135257653","classId":10,"gender":1,"email":"","status":1,"teacherRemark":"此人资料分析很强","createTime":"2026-07-02 17:26:00"},{"id":32,"name":"11","role":"3","phone":"123","classId":8,"gender":1,"email":"","status":1,"teacherRemark":null,"createTime":"2026-06-12 23:07:07"},{"id":31,"name":"11","role":"3","phone":"111122223333","classId":8,"gender":1,"email":"","status":1,"teacherRemark":null,"createTime":"2026-06-12 23:00:58"},{"id":30,"name":"测试新增用户任务","role":"3","phone":"13233571111","classId":8,"gender":1,"email":"","status":1,"teacherRemark":null,"createTime":"2026-06-12 22:58:24"},{"id":29,"name":"杨少伟","role":"2","phone":"18295917653","classId":8,"gender":1,"email":"2739244843@qq.com","status":1,"teacherRemark":"资料不行","createTime":"2026-06-08 10:51:02"},{"id":28,"name":"赵八","role":"2","phone":"17200615566","classId":8,"gender":1,"email":"","status":1,"teacherRemark":null,"createTime":"2026-06-01 00:25:25"},{"id":27,"name":"赵七","role":"2","phone":"17200615565","classId":null,"gender":1,"email":null,"status":1,"teacherRemark":null,"createTime":"2026-06-01 00:22:14"},{"id":26,"name":"赵六","role":"2","phone":"17200615564","classId":9,"gender":1,"email":null,"status":1,"teacherRemark":null,"createTime":"2026-06-01 00:14:23"},{"id":25,"name":"王五","role":"3","phone":"17200615560","classId":8,"gender":1,"email":"","status":1,"teacherRemark":"这是老师的备注","createTime":"2026-06-01 00:13:01"},{"id":24,"name":"李四","role":"3","phone":"17200615561","classId":9,"gender":2,"email":"","status":1,"teacherRemark":null,"createTime":"2026-06-01 00:12:50"}]}}
2026-07-06 14:20:56.485 [http-nio-8080-exec-8] INFO  [traceId=b206a88650a6428c81ed6cd41fb26169 userId= role=] com.kg.interceptor.TraceIdFilter - HTTP_REQUEST_START method=GET uri=/notification/unread-count query=null requestBody= ip=0:0:0:0:0:0:0:1 userAgent=Mozilla/5.0 (Windows NT 10.0; Win64; x64) AppleWebKit/537.36 (KHTML, like Gecko) Chrome/123.0.0.0 Safari/537.36
2026-07-06 14:20:56.486 [http-nio-8080-exec-1] DEBUG [traceId=ec67cb21f41847b19f718bbba5cd0d24 userId=21 role=1] c.k.i.mapper.DictMapper.selectList - <==      Total: 3
2026-07-06 14:20:56.488 [http-nio-8080-exec-1] INFO  [traceId=ec67cb21f41847b19f718bbba5cd0d24 userId=21 role=1] com.kg.interceptor.TraceIdFilter - HTTP_REQUEST_END method=GET uri=/dict/ROLE status=200 cost=18ms responseBody={"code":200,"message":"查询成功","data":[{"value":"1","label":"老师"},{"value":"2","label":"班长"},{"value":"3","label":"学生"}]}
2026-07-06 14:20:56.491 [http-nio-8080-exec-8] DEBUG [traceId=b206a88650a6428c81ed6cd41fb26169 userId= role=] c.k.i.m.SysUserMapper.selectById - ==>  Preparing: SELECT id,account,name,password,role,gender,email,phone,openid,description,teacher_remark,class_id,status,create_by,create_time,update_by,update_time FROM sys_user WHERE id=?
2026-07-06 14:20:56.492 [http-nio-8080-exec-8] DEBUG [traceId=b206a88650a6428c81ed6cd41fb26169 userId= role=] c.k.i.m.SysUserMapper.selectById - ==> Parameters: 21(Long)
2026-07-06 14:20:56.492 [http-nio-8080-exec-8] DEBUG [traceId=b206a88650a6428c81ed6cd41fb26169 userId= role=] c.k.i.m.SysUserMapper.selectById - <==      Total: 1
2026-07-06 14:20:56.494 [http-nio-8080-exec-8] DEBUG [traceId=b206a88650a6428c81ed6cd41fb26169 userId=21 role=1] c.k.i.m.N.selectCount - ==>  Preparing: SELECT COUNT( * ) AS total FROM notification_message WHERE (user_id = ? AND is_read = ? AND status = ? AND notify_time <= ?)
2026-07-06 14:20:56.494 [http-nio-8080-exec-8] DEBUG [traceId=b206a88650a6428c81ed6cd41fb26169 userId=21 role=1] c.k.i.m.N.selectCount - ==> Parameters: 21(Long), 0(Integer), 0(String), 2026-07-06T14:20:56.493(LocalDateTime)
2026-07-06 14:20:56.498 [http-nio-8080-exec-8] DEBUG [traceId=b206a88650a6428c81ed6cd41fb26169 userId=21 role=1] c.k.i.m.N.selectCount - <==      Total: 1
2026-07-06 14:20:56.499 [http-nio-8080-exec-8] INFO  [traceId=b206a88650a6428c81ed6cd41fb26169 userId=21 role=1] com.kg.interceptor.TraceIdFilter - HTTP_REQUEST_END method=GET uri=/notification/unread-count status=200 cost=14ms responseBody={"code":200,"message":"查询成功","data":0}
2026-07-06 14:20:58.205 [http-nio-8080-exec-5] INFO  [traceId=c839ff7bf9c44ae8a37a7ae646a2b165 userId= role=] com.kg.interceptor.TraceIdFilter - HTTP_REQUEST_START method=POST uri=/student/page query=null requestBody={"pageNum":1,"pageSize":10} ip=0:0:0:0:0:0:0:1 userAgent=Mozilla/5.0 (Windows NT 10.0; Win64; x64) AppleWebKit/537.36 (KHTML, like Gecko) Chrome/123.0.0.0 Safari/537.36
2026-07-06 14:20:58.206 [http-nio-8080-exec-6] INFO  [traceId=83c579695ae84331bedb11f5ce3970f1 userId= role=] com.kg.interceptor.TraceIdFilter - HTTP_REQUEST_START method=GET uri=/dict/group/task_type query=null requestBody= ip=0:0:0:0:0:0:0:1 userAgent=Mozilla/5.0 (Windows NT 10.0; Win64; x64) AppleWebKit/537.36 (KHTML, like Gecko) Chrome/123.0.0.0 Safari/537.36
2026-07-06 14:20:58.207 [http-nio-8080-exec-3] INFO  [traceId=7a78331ce9794660ac3a29555fe01e36 userId= role=] com.kg.interceptor.TraceIdFilter - HTTP_REQUEST_START method=GET uri=/class/options query=null requestBody= ip=0:0:0:0:0:0:0:1 userAgent=Mozilla/5.0 (Windows NT 10.0; Win64; x64) AppleWebKit/537.36 (KHTML, like Gecko) Chrome/123.0.0.0 Safari/537.36
2026-07-06 14:20:58.208 [http-nio-8080-exec-2] INFO  [traceId=028b2fde94a748fa8591ba485c8c197a userId= role=] com.kg.interceptor.TraceIdFilter - HTTP_REQUEST_START method=GET uri=/dict/ROLE query=null requestBody= ip=0:0:0:0:0:0:0:1 userAgent=Mozilla/5.0 (Windows NT 10.0; Win64; x64) AppleWebKit/537.36 (KHTML, like Gecko) Chrome/123.0.0.0 Safari/537.36
2026-07-06 14:20:58.208 [http-nio-8080-exec-7] INFO  [traceId=7336a70f0ee94b0589a013c9a7d1050e userId= role=] com.kg.interceptor.TraceIdFilter - HTTP_REQUEST_START method=GET uri=/notification/unread-count query=null requestBody= ip=0:0:0:0:0:0:0:1 userAgent=Mozilla/5.0 (Windows NT 10.0; Win64; x64) AppleWebKit/537.36 (KHTML, like Gecko) Chrome/123.0.0.0 Safari/537.36
2026-07-06 14:20:58.210 [http-nio-8080-exec-5] DEBUG [traceId=c839ff7bf9c44ae8a37a7ae646a2b165 userId= role=] c.k.i.m.SysUserMapper.selectById - ==>  Preparing: SELECT id,account,name,password,role,gender,email,phone,openid,description,teacher_remark,class_id,status,create_by,create_time,update_by,update_time FROM sys_user WHERE id=?
2026-07-06 14:20:58.210 [http-nio-8080-exec-6] DEBUG [traceId=83c579695ae84331bedb11f5ce3970f1 userId= role=] c.k.i.m.SysUserMapper.selectById - ==>  Preparing: SELECT id,account,name,password,role,gender,email,phone,openid,description,teacher_remark,class_id,status,create_by,create_time,update_by,update_time FROM sys_user WHERE id=?
2026-07-06 14:20:58.210 [http-nio-8080-exec-3] DEBUG [traceId=7a78331ce9794660ac3a29555fe01e36 userId= role=] c.k.i.m.SysUserMapper.selectById - ==>  Preparing: SELECT id,account,name,password,role,gender,email,phone,openid,description,teacher_remark,class_id,status,create_by,create_time,update_by,update_time FROM sys_user WHERE id=?
2026-07-06 14:20:58.210 [http-nio-8080-exec-6] DEBUG [traceId=83c579695ae84331bedb11f5ce3970f1 userId= role=] c.k.i.m.SysUserMapper.selectById - ==> Parameters: 21(Long)
2026-07-06 14:20:58.210 [http-nio-8080-exec-3] DEBUG [traceId=7a78331ce9794660ac3a29555fe01e36 userId= role=] c.k.i.m.SysUserMapper.selectById - ==> Parameters: 21(Long)
2026-07-06 14:20:58.210 [http-nio-8080-exec-5] DEBUG [traceId=c839ff7bf9c44ae8a37a7ae646a2b165 userId= role=] c.k.i.m.SysUserMapper.selectById - ==> Parameters: 21(Long)
2026-07-06 14:20:58.211 [http-nio-8080-exec-5] DEBUG [traceId=c839ff7bf9c44ae8a37a7ae646a2b165 userId= role=] c.k.i.m.SysUserMapper.selectById - <==      Total: 1
2026-07-06 14:20:58.211 [http-nio-8080-exec-6] DEBUG [traceId=83c579695ae84331bedb11f5ce3970f1 userId= role=] c.k.i.m.SysUserMapper.selectById - <==      Total: 1
2026-07-06 14:20:58.211 [http-nio-8080-exec-3] DEBUG [traceId=7a78331ce9794660ac3a29555fe01e36 userId= role=] c.k.i.m.SysUserMapper.selectById - <==      Total: 1
2026-07-06 14:20:58.211 [http-nio-8080-exec-2] DEBUG [traceId=028b2fde94a748fa8591ba485c8c197a userId= role=] c.k.i.m.SysUserMapper.selectById - ==>  Preparing: SELECT id,account,name,password,role,gender,email,phone,openid,description,teacher_remark,class_id,status,create_by,create_time,update_by,update_time FROM sys_user WHERE id=?
2026-07-06 14:20:58.212 [http-nio-8080-exec-2] DEBUG [traceId=028b2fde94a748fa8591ba485c8c197a userId= role=] c.k.i.m.SysUserMapper.selectById - ==> Parameters: 21(Long)
2026-07-06 14:20:58.212 [http-nio-8080-exec-7] DEBUG [traceId=7336a70f0ee94b0589a013c9a7d1050e userId= role=] c.k.i.m.SysUserMapper.selectById - ==>  Preparing: SELECT id,account,name,password,role,gender,email,phone,openid,description,teacher_remark,class_id,status,create_by,create_time,update_by,update_time FROM sys_user WHERE id=?
2026-07-06 14:20:58.212 [http-nio-8080-exec-7] DEBUG [traceId=7336a70f0ee94b0589a013c9a7d1050e userId= role=] c.k.i.m.SysUserMapper.selectById - ==> Parameters: 21(Long)
2026-07-06 14:20:58.213 [http-nio-8080-exec-7] DEBUG [traceId=7336a70f0ee94b0589a013c9a7d1050e userId= role=] c.k.i.m.SysUserMapper.selectById - <==      Total: 1
2026-07-06 14:20:58.213 [http-nio-8080-exec-3] DEBUG [traceId=7a78331ce9794660ac3a29555fe01e36 userId=21 role=1] c.k.i.m.ClassInfoMapper.selectList - ==>  Preparing: SELECT id,class_name,description,status,create_by,create_time,update_by,update_time FROM class_info WHERE (status = ?) ORDER BY class_name ASC
2026-07-06 14:20:58.213 [http-nio-8080-exec-2] DEBUG [traceId=028b2fde94a748fa8591ba485c8c197a userId= role=] c.k.i.m.SysUserMapper.selectById - <==      Total: 1
2026-07-06 14:20:58.213 [http-nio-8080-exec-6] DEBUG [traceId=83c579695ae84331bedb11f5ce3970f1 userId=21 role=1] c.k.i.mapper.DictMapper.selectList - ==>  Preparing: SELECT id,dict_code,dict_name,dict_label,dict_value,display_color,sort_no,status,create_by,create_time,update_by,update_time FROM sys_dict WHERE (dict_code = ?) ORDER BY sort_no ASC
2026-07-06 14:20:58.213 [http-nio-8080-exec-5] DEBUG [traceId=c839ff7bf9c44ae8a37a7ae646a2b165 userId=21 role=1] c.k.i.m.SysUserMapper.selectCount - ==>  Preparing: SELECT COUNT( * ) AS total FROM sys_user WHERE (role IN (?,?,?))
2026-07-06 14:20:58.213 [http-nio-8080-exec-3] DEBUG [traceId=7a78331ce9794660ac3a29555fe01e36 userId=21 role=1] c.k.i.m.ClassInfoMapper.selectList - ==> Parameters: 1(Integer)
2026-07-06 14:20:58.213 [http-nio-8080-exec-6] DEBUG [traceId=83c579695ae84331bedb11f5ce3970f1 userId=21 role=1] c.k.i.mapper.DictMapper.selectList - ==> Parameters: task_type(String)
2026-07-06 14:20:58.213 [http-nio-8080-exec-5] DEBUG [traceId=c839ff7bf9c44ae8a37a7ae646a2b165 userId=21 role=1] c.k.i.m.SysUserMapper.selectCount - ==> Parameters: 1(String), 2(String), 3(String)
2026-07-06 14:20:58.213 [http-nio-8080-exec-3] DEBUG [traceId=7a78331ce9794660ac3a29555fe01e36 userId=21 role=1] c.k.i.m.ClassInfoMapper.selectList - <==      Total: 3
2026-07-06 14:20:58.214 [http-nio-8080-exec-5] DEBUG [traceId=c839ff7bf9c44ae8a37a7ae646a2b165 userId=21 role=1] c.k.i.m.SysUserMapper.selectCount - <==      Total: 1
2026-07-06 14:20:58.214 [http-nio-8080-exec-6] DEBUG [traceId=83c579695ae84331bedb11f5ce3970f1 userId=21 role=1] c.k.i.mapper.DictMapper.selectList - <==      Total: 4
2026-07-06 14:20:58.214 [http-nio-8080-exec-3] INFO  [traceId=7a78331ce9794660ac3a29555fe01e36 userId=21 role=1] com.kg.interceptor.TraceIdFilter - HTTP_REQUEST_END method=GET uri=/class/options status=200 cost=7ms responseBody={"code":200,"message":"查询成功","data":[{"id":8,"className":"1班"},{"id":9,"className":"2班"},{"id":10,"className":"线上学习1班"}]}
2026-07-06 14:20:58.214 [http-nio-8080-exec-6] INFO  [traceId=83c579695ae84331bedb11f5ce3970f1 userId=21 role=1] com.kg.interceptor.TraceIdFilter - HTTP_REQUEST_END method=GET uri=/dict/group/task_type status=200 cost=9ms responseBody={"code":200,"message":"查询成功","data":{"dictCode":"task_type","dictName":"任务类型","items":[{"dictValue":"0","dictLabel":"刷题","sortNo":0,"status":1,"displayColor":"#ff6f00"},{"dictValue":"1","dictLabel":"学习","sortNo":1,"status":1,"displayColor":"#f7ff00"},{"dictValue":"2","dictLabel":"打卡","sortNo":2,"status":1,"displayColor":"#66ff00"},{"dictValue":"3","dictLabel":"每日复盘","sortNo":3,"status":1,"displayColor":"#00bfff"}]}}
2026-07-06 14:20:58.215 [http-nio-8080-exec-7] DEBUG [traceId=7336a70f0ee94b0589a013c9a7d1050e userId=21 role=1] c.k.i.m.N.selectCount - ==>  Preparing: SELECT COUNT( * ) AS total FROM notification_message WHERE (user_id = ? AND is_read = ? AND status = ? AND notify_time <= ?)
2026-07-06 14:20:58.214 [http-nio-8080-exec-2] DEBUG [traceId=028b2fde94a748fa8591ba485c8c197a userId=21 role=1] c.k.i.mapper.DictMapper.selectList - ==>  Preparing: SELECT id,dict_code,dict_name,dict_label,dict_value,display_color,sort_no,status,create_by,create_time,update_by,update_time FROM sys_dict WHERE (dict_code = ? AND status = ?) ORDER BY sort_no ASC
2026-07-06 14:20:58.215 [http-nio-8080-exec-2] DEBUG [traceId=028b2fde94a748fa8591ba485c8c197a userId=21 role=1] c.k.i.mapper.DictMapper.selectList - ==> Parameters: ROLE(String), 1(Integer)
2026-07-06 14:20:58.215 [http-nio-8080-exec-7] DEBUG [traceId=7336a70f0ee94b0589a013c9a7d1050e userId=21 role=1] c.k.i.m.N.selectCount - ==> Parameters: 21(Long), 0(Integer), 0(String), 2026-07-06T14:20:58.213(LocalDateTime)
2026-07-06 14:20:58.215 [http-nio-8080-exec-5] DEBUG [traceId=c839ff7bf9c44ae8a37a7ae646a2b165 userId=21 role=1] c.k.i.m.SysUserMapper.selectList - ==>  Preparing: SELECT id,account,name,password,role,gender,email,phone,openid,description,teacher_remark,class_id,status,create_by,create_time,update_by,update_time FROM sys_user WHERE (role IN (?,?,?)) ORDER BY id DESC LIMIT 0,10
2026-07-06 14:20:58.215 [http-nio-8080-exec-5] DEBUG [traceId=c839ff7bf9c44ae8a37a7ae646a2b165 userId=21 role=1] c.k.i.m.SysUserMapper.selectList - ==> Parameters: 1(String), 2(String), 3(String)
2026-07-06 14:20:58.215 [http-nio-8080-exec-7] DEBUG [traceId=7336a70f0ee94b0589a013c9a7d1050e userId=21 role=1] c.k.i.m.N.selectCount - <==      Total: 1
2026-07-06 14:20:58.216 [http-nio-8080-exec-2] DEBUG [traceId=028b2fde94a748fa8591ba485c8c197a userId=21 role=1] c.k.i.mapper.DictMapper.selectList - <==      Total: 3
2026-07-06 14:20:58.216 [http-nio-8080-exec-7] INFO  [traceId=7336a70f0ee94b0589a013c9a7d1050e userId=21 role=1] com.kg.interceptor.TraceIdFilter - HTTP_REQUEST_END method=GET uri=/notification/unread-count status=200 cost=8ms responseBody={"code":200,"message":"查询成功","data":0}
2026-07-06 14:20:58.216 [http-nio-8080-exec-2] INFO  [traceId=028b2fde94a748fa8591ba485c8c197a userId=21 role=1] com.kg.interceptor.TraceIdFilter - HTTP_REQUEST_END method=GET uri=/dict/ROLE status=200 cost=8ms responseBody={"code":200,"message":"查询成功","data":[{"value":"1","label":"老师"},{"value":"2","label":"班长"},{"value":"3","label":"学生"}]}
2026-07-06 14:20:58.216 [http-nio-8080-exec-5] DEBUG [traceId=c839ff7bf9c44ae8a37a7ae646a2b165 userId=21 role=1] c.k.i.m.SysUserMapper.selectList - <==      Total: 10
2026-07-06 14:20:58.217 [http-nio-8080-exec-5] INFO  [traceId=c839ff7bf9c44ae8a37a7ae646a2b165 userId=21 role=1] com.kg.interceptor.TraceIdFilter - HTTP_REQUEST_END method=POST uri=/student/page status=200 cost=12ms responseBody={"code":200,"message":"查询成功","data":{"total":13,"list":[{"id":33,"name":"五四","role":"3","phone":"18135257653","classId":10,"gender":1,"email":"","status":1,"teacherRemark":"此人资料分析很强","createTime":"2026-07-02 17:26:00"},{"id":32,"name":"11","role":"3","phone":"123","classId":8,"gender":1,"email":"","status":1,"teacherRemark":null,"createTime":"2026-06-12 23:07:07"},{"id":31,"name":"11","role":"3","phone":"111122223333","classId":8,"gender":1,"email":"","status":1,"teacherRemark":null,"createTime":"2026-06-12 23:00:58"},{"id":30,"name":"测试新增用户任务","role":"3","phone":"13233571111","classId":8,"gender":1,"email":"","status":1,"teacherRemark":null,"createTime":"2026-06-12 22:58:24"},{"id":29,"name":"杨少伟","role":"2","phone":"18295917653","classId":8,"gender":1,"email":"2739244843@qq.com","status":1,"teacherRemark":"资料不行","createTime":"2026-06-08 10:51:02"},{"id":28,"name":"赵八","role":"2","phone":"17200615566","classId":8,"gender":1,"email":"","status":1,"teacherRemark":null,"createTime":"2026-06-01 00:25:25"},{"id":27,"name":"赵七","role":"2","phone":"17200615565","classId":null,"gender":1,"email":null,"status":1,"teacherRemark":null,"createTime":"2026-06-01 00:22:14"},{"id":26,"name":"赵六","role":"2","phone":"17200615564","classId":9,"gender":1,"email":null,"status":1,"teacherRemark":null,"createTime":"2026-06-01 00:14:23"},{"id":25,"name":"王五","role":"3","phone":"17200615560","classId":8,"gender":1,"email":"","status":1,"teacherRemark":"这是老师的备注","createTime":"2026-06-01 00:13:01"},{"id":24,"name":"李四","role":"3","phone":"17200615561","classId":9,"gender":2,"email":"","status":1,"teacherRemark":null,"createTime":"2026-06-01 00:12:50"}]}}
2026-07-06 14:23:21.255 [SpringApplicationShutdownHook] INFO  [traceId= userId= role=] com.zaxxer.hikari.HikariDataSource - HikariPool-1 - Shutdown initiated...
2026-07-06 14:23:21.263 [SpringApplicationShutdownHook] INFO  [traceId= userId= role=] com.zaxxer.hikari.HikariDataSource - HikariPool-1 - Shutdown completed.
2026-07-06 14:23:29.125 [background-preinit] INFO  [traceId= userId= role=] o.h.validator.internal.util.Version - HV000001: Hibernate Validator 6.2.5.Final
2026-07-06 14:23:29.143 [main] INFO  [traceId= userId= role=] com.kg.KgApplication - Starting KgApplication using Java 1.8.0_271 on LAPTOP-O2F6G5FB with PID 34260 (F:\aiProject\smart-study-system\backend\target\classes started by 86198 in F:\aiProject\smart-study-system\backend)
2026-07-06 14:23:29.144 [main] INFO  [traceId= userId= role=] com.kg.KgApplication - No active profile set, falling back to 1 default profile: "default"
2026-07-06 14:23:31.316 [main] INFO  [traceId= userId= role=] o.s.b.w.e.tomcat.TomcatWebServer - Tomcat initialized with port(s): 8080 (http)
2026-07-06 14:23:31.325 [main] INFO  [traceId= userId= role=] o.a.coyote.http11.Http11NioProtocol - Initializing ProtocolHandler ["http-nio-8080"]
2026-07-06 14:23:31.327 [main] INFO  [traceId= userId= role=] o.a.catalina.core.StandardService - Starting service [Tomcat]
2026-07-06 14:23:31.329 [main] INFO  [traceId= userId= role=] o.a.catalina.core.StandardEngine - Starting Servlet engine: [Apache Tomcat/9.0.83]
2026-07-06 14:23:31.537 [main] INFO  [traceId= userId= role=] o.a.c.c.C.[Tomcat].[localhost].[/] - Initializing Spring embedded WebApplicationContext
2026-07-06 14:23:31.538 [main] INFO  [traceId= userId= role=] o.s.b.w.s.c.ServletWebServerApplicationContext - Root WebApplicationContext: initialization completed in 2320 ms
2026-07-06 14:23:34.581 [main] INFO  [traceId= userId= role=] o.a.coyote.http11.Http11NioProtocol - Starting ProtocolHandler ["http-nio-8080"]
2026-07-06 14:23:34.615 [main] INFO  [traceId= userId= role=] o.s.b.w.e.tomcat.TomcatWebServer - Tomcat started on port(s): 8080 (http) with context path ''
2026-07-06 14:23:34.634 [main] INFO  [traceId= userId= role=] com.kg.KgApplication - Started KgApplication in 6.295 seconds (JVM running for 7.065)
2026-07-06 14:23:34.711 [main] INFO  [traceId= userId= role=] com.zaxxer.hikari.HikariDataSource - HikariPool-1 - Starting...
2026-07-06 14:23:35.683 [main] INFO  [traceId= userId= role=] com.zaxxer.hikari.HikariDataSource - HikariPool-1 - Start completed.
2026-07-06 14:23:35.690 [main] DEBUG [traceId= userId= role=] c.k.i.m.SysUserMapper.selectList - ==>  Preparing: SELECT id,account,name,password,role,gender,email,phone,openid,description,teacher_remark,class_id,status,create_by,create_time,update_by,update_time FROM sys_user WHERE (account = ?)
2026-07-06 14:23:35.709 [main] DEBUG [traceId= userId= role=] c.k.i.m.SysUserMapper.selectList - ==> Parameters: root(String)
2026-07-06 14:23:35.728 [main] DEBUG [traceId= userId= role=] c.k.i.m.SysUserMapper.selectList - <==      Total: 1
2026-07-06 14:23:35.733 [main] INFO  [traceId= userId= role=] com.kg.config.DataInitializer - 默认管理员账号已存在：account=root
2026-07-06 14:23:35.733 [main] INFO  [traceId= userId= role=] c.k.scheduler.DailyTaskStartupRunner - ====== 开始执行每日任务补偿检查 ======
2026-07-06 14:23:35.748 [main] DEBUG [traceId= userId= role=] c.k.i.mapper.TaskMapper.selectList - ==>  Preparing: SELECT id,task_name,task_type,template_id,round_no,is_mandatory,task_description,task_start_time,task_end_time,priority,class_id,target_type,target_ids,plan_id,plan_date,is_repeat_task,status,create_by,create_time,update_by,update_time FROM task WHERE ((status = ? OR status IS NULL)) ORDER BY id DESC LIMIT 0,500
2026-07-06 14:23:35.748 [main] DEBUG [traceId= userId= role=] c.k.i.mapper.TaskMapper.selectList - ==> Parameters: 1(Integer)
2026-07-06 14:23:35.767 [main] DEBUG [traceId= userId= role=] c.k.i.mapper.TaskMapper.selectList - <==      Total: 69
2026-07-06 14:23:35.768 [main] INFO  [traceId= userId= role=] c.k.a.service.BatchTaskService - 【启动补偿】每日打卡 (2026-07-06) 已存在，跳过
2026-07-06 14:23:35.769 [main] DEBUG [traceId= userId= role=] c.k.i.mapper.TaskMapper.selectList - ==>  Preparing: SELECT id,task_name,task_type,template_id,round_no,is_mandatory,task_description,task_start_time,task_end_time,priority,class_id,target_type,target_ids,plan_id,plan_date,is_repeat_task,status,create_by,create_time,update_by,update_time FROM task WHERE ((status = ? OR status IS NULL)) ORDER BY id DESC LIMIT 0,500
2026-07-06 14:23:35.770 [main] DEBUG [traceId= userId= role=] c.k.i.mapper.TaskMapper.selectList - ==> Parameters: 1(Integer)
2026-07-06 14:23:35.778 [main] DEBUG [traceId= userId= role=] c.k.i.mapper.TaskMapper.selectList - <==      Total: 69
2026-07-06 14:23:35.778 [main] INFO  [traceId= userId= role=] c.k.a.service.BatchTaskService - 【启动补偿】每日复盘 (2026-07-06) 已存在，跳过
2026-07-06 14:23:35.778 [main] INFO  [traceId= userId= role=] c.k.scheduler.DailyTaskStartupRunner - ====== 每日任务补偿检查完成 ======
2026-07-06 14:24:06.120 [http-nio-8080-exec-1] INFO  [traceId= userId= role=] o.a.c.c.C.[Tomcat].[localhost].[/] - Initializing Spring DispatcherServlet 'dispatcherServlet'
2026-07-06 14:24:06.120 [http-nio-8080-exec-1] INFO  [traceId= userId= role=] o.s.web.servlet.DispatcherServlet - Initializing Servlet 'dispatcherServlet'
2026-07-06 14:24:06.121 [http-nio-8080-exec-1] INFO  [traceId= userId= role=] o.s.web.servlet.DispatcherServlet - Completed initialization in 1 ms
2026-07-06 14:24:06.131 [http-nio-8080-exec-1] INFO  [traceId=d975d4539ce94a46b1447554fb32e0f6 userId= role=] com.kg.interceptor.TraceIdFilter - HTTP_REQUEST_START method=POST uri=/my-task/list query=null requestBody={"pageNum":1,"pageSize":10,"status":"1"} ip=0:0:0:0:0:0:0:1 userAgent=Mozilla/5.0 (Windows NT 10.0; Win64; x64) AppleWebKit/537.36 (KHTML, like Gecko) Chrome/123.0.0.0 Safari/537.36
2026-07-06 14:24:06.212 [http-nio-8080-exec-1] DEBUG [traceId=d975d4539ce94a46b1447554fb32e0f6 userId= role=] c.k.i.m.SysUserMapper.selectById - ==>  Preparing: SELECT id,account,name,password,role,gender,email,phone,openid,description,teacher_remark,class_id,status,create_by,create_time,update_by,update_time FROM sys_user WHERE id=?
2026-07-06 14:24:06.212 [http-nio-8080-exec-1] DEBUG [traceId=d975d4539ce94a46b1447554fb32e0f6 userId= role=] c.k.i.m.SysUserMapper.selectById - ==> Parameters: 29(Long)
2026-07-06 14:24:06.213 [http-nio-8080-exec-1] DEBUG [traceId=d975d4539ce94a46b1447554fb32e0f6 userId= role=] c.k.i.m.SysUserMapper.selectById - <==      Total: 1
2026-07-06 14:24:06.364 [http-nio-8080-exec-1] DEBUG [traceId=d975d4539ce94a46b1447554fb32e0f6 userId=29 role=2] c.k.i.mapper.MyTaskMapper.count - ==>  Preparing: SELECT COUNT(*) FROM task_user tu JOIN task t ON t.id = tu.task_id WHERE tu.user_id = ? AND tu.status IN ('1','2')
2026-07-06 14:24:06.364 [http-nio-8080-exec-1] DEBUG [traceId=d975d4539ce94a46b1447554fb32e0f6 userId=29 role=2] c.k.i.mapper.MyTaskMapper.count - ==> Parameters: 29(Long)
2026-07-06 14:24:06.366 [http-nio-8080-exec-1] DEBUG [traceId=d975d4539ce94a46b1447554fb32e0f6 userId=29 role=2] c.k.i.mapper.MyTaskMapper.count - <==      Total: 1
2026-07-06 14:24:06.368 [http-nio-8080-exec-1] DEBUG [traceId=d975d4539ce94a46b1447554fb32e0f6 userId=29 role=2] c.k.i.mapper.MyTaskMapper.page - ==>  Preparing: SELECT u.name AS task_create_name,t.round_no AS round_no,t.template_id AS template_id,t.id AS task_id, t.task_name, t.task_type, t.is_mandatory AS force_flag, t.task_description, t.priority, t.task_start_time AS start_time, t.task_end_time AS end_time, t.plan_id AS planId, t.plan_date AS planDate, t.is_repeat_task AS isRepeatTask, t.status AS taskStatus, tu.id AS task_user_id, tu.status, tu.total_score, tu.submit_time FROM task_user tu JOIN task t ON t.id = tu.task_id LEFT JOIN sys_user u ON u.id = t.create_by WHERE tu.user_id = ? AND tu.status IN ('1','2') ORDER BY t.create_time DESC LIMIT ?, ?
2026-07-06 14:24:06.368 [http-nio-8080-exec-1] DEBUG [traceId=d975d4539ce94a46b1447554fb32e0f6 userId=29 role=2] c.k.i.mapper.MyTaskMapper.page - ==> Parameters: 29(Long), 0(Integer), 10(Integer)
2026-07-06 14:24:06.387 [http-nio-8080-exec-1] DEBUG [traceId=d975d4539ce94a46b1447554fb32e0f6 userId=29 role=2] c.k.i.mapper.MyTaskMapper.page - <==      Total: 10
2026-07-06 14:24:06.423 [http-nio-8080-exec-1] INFO  [traceId=d975d4539ce94a46b1447554fb32e0f6 userId=29 role=2] com.kg.interceptor.TraceIdFilter - HTTP_REQUEST_END method=POST uri=/my-task/list status=200 cost=298ms responseBody={"code":200,"message":"查询成功","data":{"total":22,"list":[{"taskId":92,"taskName":"每日打卡","taskType":"2","forceFlag":1,"taskDescription":null,"priority":0,"startTime":"2026-07-03 06:00:00","endTime":"2026-07-03 23:59:00","status":"1","totalScore":null,"submitTime":"2026-07-03 08:47:44","roundNo":0,"templateId":null,"planId":null,"planDate":null,"isRepeatTask":0,"taskStatus":1,"taskUserId":470,"taskCreateName":null},{"taskId":88,"taskName":"每日打卡","taskType":"2","forceFlag":1,"taskDescription":null,"priority":0,"startTime":"2026-07-02 06:00:00","endTime":"2026-07-02 23:59:00","status":"1","totalScore":null,"submitTime":"2026-07-02 17:10:11","roundNo":0,"templateId":null,"planId":null,"planDate":null,"isRepeatTask":0,"taskStatus":1,"taskUserId":448,"taskCreateName":null},{"taskId":77,"taskName":"测试重复任务 07-01","taskType":"0","forceFlag":1,"taskDescription":"","priority":1,"startTime":"2026-07-01 00:00:00","endTime":"2026-07-01 23:59:00","status":"1","totalScore":null,"submitTime":"2026-07-02 17:07:59","roundNo":0,"templateId":null,"planId":1,"planDate":"2026-07-01","isRepeatTask":1,"taskStatus":1,"taskUserId":417,"taskCreateName":"管理员"},{"taskId":78,"taskName":"测试重复任务 07-02","taskType":"0","forceFlag":1,"taskDescription":"","priority":1,"startTime":"2026-07-02 00:00:00","endTime":"2026-07-02 23:59:00","status":"1","totalScore":null,"submitTime":"2026-07-02 17:08:03","roundNo":0,"templateId":null,"planId":1,"planDate":"2026-07-02","isRepeatTask":1,"taskStatus":1,"taskUserId":424,"taskCreateName":"管理员"},{"taskId":79,"taskName":"测试重复任务 07-03","taskType":"0","forceFlag":1,"taskDescription":"","priority":1,"startTime":"2026-07-03 00:00:00","endTime":"2026-07-03 23:59:00","status":"2","totalScore":null,"submitTime":"2026-07-05 22:45:31","roundNo":0,"templateId":null,"planId":1,"planDate":"2026-07-03","isRepeatTask":1,"taskStatus":0,"taskUserId":431,"taskCreateName":"管理员"},{"taskId":74,"taskName":"每日打卡","taskType":"2","forceFlag":1,"taskDescription":null,"priority":0,"startTime":"2026-07-01 06:00:00","endTime":"2026-07-01 23:59:00","status":"1","totalScore":null,"submitTime":"2026-07-01 16:15:10","roundNo":0,"templateId":null,"planId":null,"planDate":null,"isRepeatTask":0,"taskStatus":1,"taskUserId":393,"taskCreateName":null},{"taskId":71,"taskName":"每日打卡","taskType":"2","forceFlag":1,"taskDescription":null,"priority":0,"startTime":"2026-06-29 06:00:00","endTime":"2026-06-29 23:59:00","status":"1","totalScore":null,"submitTime":"2026-07-02 17:08:12","roundNo":0,"templateId":null,"planId":null,"planDate":null,"isRepeatTask":0,"taskStatus":1,"taskUserId":366,"taskCreateName":null},{"taskId":70,"taskName":"每日复盘","taskType":"3","forceFlag":1,"taskDescription":null,"priority":0,"startTime":"2026-06-28 08:00:00","endTime":"2026-06-28 23:59:00","status":"1","totalScore":null,"submitTime":"2026-07-01 17:47:20","roundNo":0,"templateId":null,"planId":null,"planDate":null,"isRepeatTask":0,"taskStatus":1,"taskUserId":356,"taskCreateName":null},{"taskId":69,"taskName":"每日打卡","taskType":"2","forceFlag":1,"taskDescription":null,"priority":0,"startTime":"2026-06-28 06:00:00","endTime":"2026-06-28 23:59:00","status":"1","totalScore":null,"submitTime":"2026-07-01 17:47:26","roundNo":0,"templateId":null,"planId":null,"planDate":null,"isRepeatTask":0,"taskStatus":1,"taskUserId":346,"taskCreateName":null},{"taskId":67,"taskName":"145测试题","taskType":"0","forceFlag":1,"taskDescription":"145测试题1","priority":1,"startTime":"2026-06-23 00:00:00","endTime":"2026-06-23 23:59:59","status":"1","totalScore":null,"submitTime":"2026-07-02 17:08:33","roundNo":1,"templateId":null,"planId":null,"planDate":null,"isRepeatTask":0,"taskStatus":1,"taskUserId":329,"taskCreateName":"杨少伟"}]}}
2026-07-06 14:24:09.729 [http-nio-8080-exec-2] INFO  [traceId=b85006158eeb48c79905f54ae1b6cebc userId= role=] com.kg.interceptor.TraceIdFilter - HTTP_REQUEST_START method=POST uri=/my-task/list query=null requestBody={"pageNum":2,"pageSize":10,"status":"1"} ip=0:0:0:0:0:0:0:1 userAgent=Mozilla/5.0 (Windows NT 10.0; Win64; x64) AppleWebKit/537.36 (KHTML, like Gecko) Chrome/123.0.0.0 Safari/537.36
2026-07-06 14:24:09.736 [http-nio-8080-exec-2] DEBUG [traceId=b85006158eeb48c79905f54ae1b6cebc userId= role=] c.k.i.m.SysUserMapper.selectById - ==>  Preparing: SELECT id,account,name,password,role,gender,email,phone,openid,description,teacher_remark,class_id,status,create_by,create_time,update_by,update_time FROM sys_user WHERE id=?
2026-07-06 14:24:09.737 [http-nio-8080-exec-2] DEBUG [traceId=b85006158eeb48c79905f54ae1b6cebc userId= role=] c.k.i.m.SysUserMapper.selectById - ==> Parameters: 29(Long)
2026-07-06 14:24:09.739 [http-nio-8080-exec-2] DEBUG [traceId=b85006158eeb48c79905f54ae1b6cebc userId= role=] c.k.i.m.SysUserMapper.selectById - <==      Total: 1
2026-07-06 14:24:09.741 [http-nio-8080-exec-2] DEBUG [traceId=b85006158eeb48c79905f54ae1b6cebc userId=29 role=2] c.k.i.mapper.MyTaskMapper.count - ==>  Preparing: SELECT COUNT(*) FROM task_user tu JOIN task t ON t.id = tu.task_id WHERE tu.user_id = ? AND tu.status IN ('1','2')
2026-07-06 14:24:09.741 [http-nio-8080-exec-2] DEBUG [traceId=b85006158eeb48c79905f54ae1b6cebc userId=29 role=2] c.k.i.mapper.MyTaskMapper.count - ==> Parameters: 29(Long)
2026-07-06 14:24:09.742 [http-nio-8080-exec-2] DEBUG [traceId=b85006158eeb48c79905f54ae1b6cebc userId=29 role=2] c.k.i.mapper.MyTaskMapper.count - <==      Total: 1
2026-07-06 14:24:09.743 [http-nio-8080-exec-2] DEBUG [traceId=b85006158eeb48c79905f54ae1b6cebc userId=29 role=2] c.k.i.mapper.MyTaskMapper.page - ==>  Preparing: SELECT u.name AS task_create_name,t.round_no AS round_no,t.template_id AS template_id,t.id AS task_id, t.task_name, t.task_type, t.is_mandatory AS force_flag, t.task_description, t.priority, t.task_start_time AS start_time, t.task_end_time AS end_time, t.plan_id AS planId, t.plan_date AS planDate, t.is_repeat_task AS isRepeatTask, t.status AS taskStatus, tu.id AS task_user_id, tu.status, tu.total_score, tu.submit_time FROM task_user tu JOIN task t ON t.id = tu.task_id LEFT JOIN sys_user u ON u.id = t.create_by WHERE tu.user_id = ? AND tu.status IN ('1','2') ORDER BY t.create_time DESC LIMIT ?, ?
2026-07-06 14:24:09.743 [http-nio-8080-exec-2] DEBUG [traceId=b85006158eeb48c79905f54ae1b6cebc userId=29 role=2] c.k.i.mapper.MyTaskMapper.page - ==> Parameters: 29(Long), 10(Integer), 10(Integer)
2026-07-06 14:24:09.746 [http-nio-8080-exec-2] DEBUG [traceId=b85006158eeb48c79905f54ae1b6cebc userId=29 role=2] c.k.i.mapper.MyTaskMapper.page - <==      Total: 10
2026-07-06 14:24:09.755 [http-nio-8080-exec-2] INFO  [traceId=b85006158eeb48c79905f54ae1b6cebc userId=29 role=2] com.kg.interceptor.TraceIdFilter - HTTP_REQUEST_END method=POST uri=/my-task/list status=200 cost=26ms responseBody={"code":200,"message":"查询成功","data":{"total":22,"list":[{"taskId":64,"taskName":"每日打卡","taskType":"2","forceFlag":1,"taskDescription":null,"priority":0,"startTime":"2026-06-23 06:00:00","endTime":"2026-06-23 23:59:00","status":"1","totalScore":null,"submitTime":"2026-06-23 09:53:13","roundNo":0,"templateId":null,"planId":null,"planDate":null,"isRepeatTask":0,"taskStatus":1,"taskUserId":305,"taskCreateName":null},{"taskId":55,"taskName":"每日打卡","taskType":"2","forceFlag":1,"taskDescription":null,"priority":0,"startTime":"2026-06-16 06:00:00","endTime":"2026-06-16 23:59:00","status":"1","totalScore":null,"submitTime":"2026-06-16 22:42:00","roundNo":0,"templateId":null,"planId":null,"planDate":null,"isRepeatTask":0,"taskStatus":1,"taskUserId":214,"taskCreateName":null},{"taskId":54,"taskName":"27年国考","taskType":"0","forceFlag":1,"taskDescription":"","priority":2,"startTime":"2026-06-15 00:00:00","endTime":"2026-06-15 23:59:59","status":"1","totalScore":105.00,"submitTime":"2026-06-15 09:26:18","roundNo":1,"templateId":null,"planId":null,"planDate":null,"isRepeatTask":0,"taskStatus":1,"taskUserId":204,"taskCreateName":"杨少伟"},{"taskId":52,"taskName":"每日打卡","taskType":"2","forceFlag":1,"taskDescription":null,"priority":0,"startTime":"2026-06-15 06:00:00","endTime":"2026-06-15 23:59:00","status":"1","totalScore":null,"submitTime":"2026-06-15 09:21:38","roundNo":0,"templateId":null,"planId":null,"planDate":null,"isRepeatTask":0,"taskStatus":1,"taskUserId":187,"taskCreateName":null},{"taskId":50,"taskName":"每日打卡","taskType":"2","forceFlag":1,"taskDescription":null,"priority":0,"startTime":"2026-06-14 06:00:00","endTime":"2026-06-14 23:59:00","status":"1","totalScore":null,"submitTime":"2026-06-14 19:54:27","roundNo":0,"templateId":null,"planId":null,"planDate":null,"isRepeatTask":0,"taskStatus":1,"taskUserId":167,"taskCreateName":null},{"taskId":41,"taskName":"测试颜色4","taskType":"3","forceFlag":1,"taskDescription":"","priority":1,"startTime":"2026-06-13 00:00:00","endTime":"2026-06-15 23:59:59","status":"1","totalScore":null,"submitTime":"2026-06-12 00:03:44","roundNo":1,"templateId":null,"planId":null,"planDate":null,"isRepeatTask":0,"taskStatus":1,"taskUserId":122,"taskCreateName":"杨少伟"},{"taskId":39,"taskName":"测试颜色2","taskType":"2","forceFlag":1,"taskDescription":"","priority":1,"startTime":"2026-06-11 00:00:00","endTime":"2026-06-12 23:59:59","status":"1","totalScore":null,"submitTime":"2026-06-12 00:03:40","roundNo":1,"templateId":null,"planId":null,"planDate":null,"isRepeatTask":0,"taskStatus":1,"taskUserId":114,"taskCreateName":"杨少伟"},{"taskId":38,"taskName":"2026真题 第2轮","taskType":"0","forceFlag":1,"taskDescription":"真题模拟","priority":5,"startTime":"2026-06-12 00:00:00","endTime":"2026-06-13 23:59:59","status":"1","totalScore":70.00,"submitTime":"2026-06-22 23:21:50","roundNo":2,"templateId":6,"planId":null,"planDate":null,"isRepeatTask":0,"taskStatus":1,"taskUserId":298,"taskCreateName":"管理员"},{"taskId":37,"taskName":"2026真题 第1轮","taskType":"0","forceFlag":1,"taskDescription":"真题模拟","priority":2,"startTime":"2026-06-09 00:00:00","endTime":"2026-06-10 23:59:59","status":"1","totalScore":50.00,"submitTime":"2026-06-22 23:21:39","roundNo":1,"templateId":6,"planId":null,"planDate":null,"isRepeatTask":0,"taskStatus":1,"taskUserId":297,"taskCreateName":"管理员"},{"taskId":34,"taskName":"测试1","taskType":"2","forceFlag":1,"taskDescription":"","priority":1,"startTime":"2026-06-09 00:00:00","endTime":"2026-06-10 23:59:59","status":"1","totalScore":null,"submitTime":"2026-06-12 00:03:37","roundNo":1,"templateId":null,"planId":null,"planDate":null,"isRepeatTask":0,"taskStatus":1,"taskUserId":111,"taskCreateName":"管理员"}]}}
2026-07-06 14:24:10.368 [http-nio-8080-exec-3] INFO  [traceId=38eed330ce7942cc95686c513d33e36a userId= role=] com.kg.interceptor.TraceIdFilter - HTTP_REQUEST_START method=POST uri=/my-task/list query=null requestBody={"pageNum":3,"pageSize":10,"status":"1"} ip=0:0:0:0:0:0:0:1 userAgent=Mozilla/5.0 (Windows NT 10.0; Win64; x64) AppleWebKit/537.36 (KHTML, like Gecko) Chrome/123.0.0.0 Safari/537.36
2026-07-06 14:24:10.372 [http-nio-8080-exec-3] DEBUG [traceId=38eed330ce7942cc95686c513d33e36a userId= role=] c.k.i.m.SysUserMapper.selectById - ==>  Preparing: SELECT id,account,name,password,role,gender,email,phone,openid,description,teacher_remark,class_id,status,create_by,create_time,update_by,update_time FROM sys_user WHERE id=?
2026-07-06 14:24:10.372 [http-nio-8080-exec-3] DEBUG [traceId=38eed330ce7942cc95686c513d33e36a userId= role=] c.k.i.m.SysUserMapper.selectById - ==> Parameters: 29(Long)
2026-07-06 14:24:10.374 [http-nio-8080-exec-3] DEBUG [traceId=38eed330ce7942cc95686c513d33e36a userId= role=] c.k.i.m.SysUserMapper.selectById - <==      Total: 1
2026-07-06 14:24:10.375 [http-nio-8080-exec-3] DEBUG [traceId=38eed330ce7942cc95686c513d33e36a userId=29 role=2] c.k.i.mapper.MyTaskMapper.count - ==>  Preparing: SELECT COUNT(*) FROM task_user tu JOIN task t ON t.id = tu.task_id WHERE tu.user_id = ? AND tu.status IN ('1','2')
2026-07-06 14:24:10.375 [http-nio-8080-exec-3] DEBUG [traceId=38eed330ce7942cc95686c513d33e36a userId=29 role=2] c.k.i.mapper.MyTaskMapper.count - ==> Parameters: 29(Long)
2026-07-06 14:24:10.376 [http-nio-8080-exec-3] DEBUG [traceId=38eed330ce7942cc95686c513d33e36a userId=29 role=2] c.k.i.mapper.MyTaskMapper.count - <==      Total: 1
2026-07-06 14:24:10.376 [http-nio-8080-exec-3] DEBUG [traceId=38eed330ce7942cc95686c513d33e36a userId=29 role=2] c.k.i.mapper.MyTaskMapper.page - ==>  Preparing: SELECT u.name AS task_create_name,t.round_no AS round_no,t.template_id AS template_id,t.id AS task_id, t.task_name, t.task_type, t.is_mandatory AS force_flag, t.task_description, t.priority, t.task_start_time AS start_time, t.task_end_time AS end_time, t.plan_id AS planId, t.plan_date AS planDate, t.is_repeat_task AS isRepeatTask, t.status AS taskStatus, tu.id AS task_user_id, tu.status, tu.total_score, tu.submit_time FROM task_user tu JOIN task t ON t.id = tu.task_id LEFT JOIN sys_user u ON u.id = t.create_by WHERE tu.user_id = ? AND tu.status IN ('1','2') ORDER BY t.create_time DESC LIMIT ?, ?
2026-07-06 14:24:10.377 [http-nio-8080-exec-3] DEBUG [traceId=38eed330ce7942cc95686c513d33e36a userId=29 role=2] c.k.i.mapper.MyTaskMapper.page - ==> Parameters: 29(Long), 20(Integer), 10(Integer)
2026-07-06 14:24:10.379 [http-nio-8080-exec-3] DEBUG [traceId=38eed330ce7942cc95686c513d33e36a userId=29 role=2] c.k.i.mapper.MyTaskMapper.page - <==      Total: 2
2026-07-06 14:24:10.380 [http-nio-8080-exec-3] INFO  [traceId=38eed330ce7942cc95686c513d33e36a userId=29 role=2] com.kg.interceptor.TraceIdFilter - HTTP_REQUEST_END method=POST uri=/my-task/list status=200 cost=12ms responseBody={"code":200,"message":"查询成功","data":{"total":22,"list":[{"taskId":33,"taskName":"26山西","taskType":"3","forceFlag":1,"taskDescription":"26","priority":1,"startTime":"2026-06-08 00:00:00","endTime":"2026-06-09 23:59:59","status":"1","totalScore":67.00,"submitTime":"2026-06-08 11:31:16","roundNo":1,"templateId":null,"planId":null,"planDate":null,"isRepeatTask":0,"taskStatus":1,"taskUserId":110,"taskCreateName":"李老师"},{"taskId":32,"taskName":"123","taskType":"3","forceFlag":1,"taskDescription":"26年国考","priority":1,"startTime":"2026-06-09 00:00:00","endTime":"2026-06-10 23:59:59","status":"1","totalScore":72.00,"submitTime":"2026-06-08 11:34:12","roundNo":1,"templateId":null,"planId":null,"planDate":null,"isRepeatTask":0,"taskStatus":1,"taskUserId":106,"taskCreateName":"李老师"}]}}
2026-07-06 14:24:11.503 [http-nio-8080-exec-4] INFO  [traceId=4ba034f8126048d6bb19de31581ba820 userId= role=] com.kg.interceptor.TraceIdFilter - HTTP_REQUEST_START method=POST uri=/my-task/list query=null requestBody={"pageNum":1,"pageSize":10,"status":"1"} ip=0:0:0:0:0:0:0:1 userAgent=Mozilla/5.0 (Windows NT 10.0; Win64; x64) AppleWebKit/537.36 (KHTML, like Gecko) Chrome/123.0.0.0 Safari/537.36
2026-07-06 14:24:11.506 [http-nio-8080-exec-4] DEBUG [traceId=4ba034f8126048d6bb19de31581ba820 userId= role=] c.k.i.m.SysUserMapper.selectById - ==>  Preparing: SELECT id,account,name,password,role,gender,email,phone,openid,description,teacher_remark,class_id,status,create_by,create_time,update_by,update_time FROM sys_user WHERE id=?
2026-07-06 14:24:11.506 [http-nio-8080-exec-4] DEBUG [traceId=4ba034f8126048d6bb19de31581ba820 userId= role=] c.k.i.m.SysUserMapper.selectById - ==> Parameters: 29(Long)
2026-07-06 14:24:11.507 [http-nio-8080-exec-4] DEBUG [traceId=4ba034f8126048d6bb19de31581ba820 userId= role=] c.k.i.m.SysUserMapper.selectById - <==      Total: 1
2026-07-06 14:24:11.508 [http-nio-8080-exec-4] DEBUG [traceId=4ba034f8126048d6bb19de31581ba820 userId=29 role=2] c.k.i.mapper.MyTaskMapper.count - ==>  Preparing: SELECT COUNT(*) FROM task_user tu JOIN task t ON t.id = tu.task_id WHERE tu.user_id = ? AND tu.status IN ('1','2')
2026-07-06 14:24:11.509 [http-nio-8080-exec-4] DEBUG [traceId=4ba034f8126048d6bb19de31581ba820 userId=29 role=2] c.k.i.mapper.MyTaskMapper.count - ==> Parameters: 29(Long)
2026-07-06 14:24:11.509 [http-nio-8080-exec-4] DEBUG [traceId=4ba034f8126048d6bb19de31581ba820 userId=29 role=2] c.k.i.mapper.MyTaskMapper.count - <==      Total: 1
2026-07-06 14:24:11.510 [http-nio-8080-exec-4] DEBUG [traceId=4ba034f8126048d6bb19de31581ba820 userId=29 role=2] c.k.i.mapper.MyTaskMapper.page - ==>  Preparing: SELECT u.name AS task_create_name,t.round_no AS round_no,t.template_id AS template_id,t.id AS task_id, t.task_name, t.task_type, t.is_mandatory AS force_flag, t.task_description, t.priority, t.task_start_time AS start_time, t.task_end_time AS end_time, t.plan_id AS planId, t.plan_date AS planDate, t.is_repeat_task AS isRepeatTask, t.status AS taskStatus, tu.id AS task_user_id, tu.status, tu.total_score, tu.submit_time FROM task_user tu JOIN task t ON t.id = tu.task_id LEFT JOIN sys_user u ON u.id = t.create_by WHERE tu.user_id = ? AND tu.status IN ('1','2') ORDER BY t.create_time DESC LIMIT ?, ?
2026-07-06 14:24:11.510 [http-nio-8080-exec-4] DEBUG [traceId=4ba034f8126048d6bb19de31581ba820 userId=29 role=2] c.k.i.mapper.MyTaskMapper.page - ==> Parameters: 29(Long), 0(Integer), 10(Integer)
2026-07-06 14:24:11.513 [http-nio-8080-exec-4] DEBUG [traceId=4ba034f8126048d6bb19de31581ba820 userId=29 role=2] c.k.i.mapper.MyTaskMapper.page - <==      Total: 10
2026-07-06 14:24:11.514 [http-nio-8080-exec-4] INFO  [traceId=4ba034f8126048d6bb19de31581ba820 userId=29 role=2] com.kg.interceptor.TraceIdFilter - HTTP_REQUEST_END method=POST uri=/my-task/list status=200 cost=11ms responseBody={"code":200,"message":"查询成功","data":{"total":22,"list":[{"taskId":92,"taskName":"每日打卡","taskType":"2","forceFlag":1,"taskDescription":null,"priority":0,"startTime":"2026-07-03 06:00:00","endTime":"2026-07-03 23:59:00","status":"1","totalScore":null,"submitTime":"2026-07-03 08:47:44","roundNo":0,"templateId":null,"planId":null,"planDate":null,"isRepeatTask":0,"taskStatus":1,"taskUserId":470,"taskCreateName":null},{"taskId":88,"taskName":"每日打卡","taskType":"2","forceFlag":1,"taskDescription":null,"priority":0,"startTime":"2026-07-02 06:00:00","endTime":"2026-07-02 23:59:00","status":"1","totalScore":null,"submitTime":"2026-07-02 17:10:11","roundNo":0,"templateId":null,"planId":null,"planDate":null,"isRepeatTask":0,"taskStatus":1,"taskUserId":448,"taskCreateName":null},{"taskId":77,"taskName":"测试重复任务 07-01","taskType":"0","forceFlag":1,"taskDescription":"","priority":1,"startTime":"2026-07-01 00:00:00","endTime":"2026-07-01 23:59:00","status":"1","totalScore":null,"submitTime":"2026-07-02 17:07:59","roundNo":0,"templateId":null,"planId":1,"planDate":"2026-07-01","isRepeatTask":1,"taskStatus":1,"taskUserId":417,"taskCreateName":"管理员"},{"taskId":78,"taskName":"测试重复任务 07-02","taskType":"0","forceFlag":1,"taskDescription":"","priority":1,"startTime":"2026-07-02 00:00:00","endTime":"2026-07-02 23:59:00","status":"1","totalScore":null,"submitTime":"2026-07-02 17:08:03","roundNo":0,"templateId":null,"planId":1,"planDate":"2026-07-02","isRepeatTask":1,"taskStatus":1,"taskUserId":424,"taskCreateName":"管理员"},{"taskId":79,"taskName":"测试重复任务 07-03","taskType":"0","forceFlag":1,"taskDescription":"","priority":1,"startTime":"2026-07-03 00:00:00","endTime":"2026-07-03 23:59:00","status":"2","totalScore":null,"submitTime":"2026-07-05 22:45:31","roundNo":0,"templateId":null,"planId":1,"planDate":"2026-07-03","isRepeatTask":1,"taskStatus":0,"taskUserId":431,"taskCreateName":"管理员"},{"taskId":74,"taskName":"每日打卡","taskType":"2","forceFlag":1,"taskDescription":null,"priority":0,"startTime":"2026-07-01 06:00:00","endTime":"2026-07-01 23:59:00","status":"1","totalScore":null,"submitTime":"2026-07-01 16:15:10","roundNo":0,"templateId":null,"planId":null,"planDate":null,"isRepeatTask":0,"taskStatus":1,"taskUserId":393,"taskCreateName":null},{"taskId":71,"taskName":"每日打卡","taskType":"2","forceFlag":1,"taskDescription":null,"priority":0,"startTime":"2026-06-29 06:00:00","endTime":"2026-06-29 23:59:00","status":"1","totalScore":null,"submitTime":"2026-07-02 17:08:12","roundNo":0,"templateId":null,"planId":null,"planDate":null,"isRepeatTask":0,"taskStatus":1,"taskUserId":366,"taskCreateName":null},{"taskId":70,"taskName":"每日复盘","taskType":"3","forceFlag":1,"taskDescription":null,"priority":0,"startTime":"2026-06-28 08:00:00","endTime":"2026-06-28 23:59:00","status":"1","totalScore":null,"submitTime":"2026-07-01 17:47:20","roundNo":0,"templateId":null,"planId":null,"planDate":null,"isRepeatTask":0,"taskStatus":1,"taskUserId":356,"taskCreateName":null},{"taskId":69,"taskName":"每日打卡","taskType":"2","forceFlag":1,"taskDescription":null,"priority":0,"startTime":"2026-06-28 06:00:00","endTime":"2026-06-28 23:59:00","status":"1","totalScore":null,"submitTime":"2026-07-01 17:47:26","roundNo":0,"templateId":null,"planId":null,"planDate":null,"isRepeatTask":0,"taskStatus":1,"taskUserId":346,"taskCreateName":null},{"taskId":67,"taskName":"145测试题","taskType":"0","forceFlag":1,"taskDescription":"145测试题1","priority":1,"startTime":"2026-06-23 00:00:00","endTime":"2026-06-23 23:59:59","status":"1","totalScore":null,"submitTime":"2026-07-02 17:08:33","roundNo":1,"templateId":null,"planId":null,"planDate":null,"isRepeatTask":0,"taskStatus":1,"taskUserId":329,"taskCreateName":"杨少伟"}]}}
2026-07-06 14:48:35.094 [http-nio-8080-exec-5] INFO  [traceId=1e5c877060d84a338157178f56c5cd7b userId= role=] com.kg.interceptor.TraceIdFilter - HTTP_REQUEST_START method=GET uri=/notification/unread-count query=null requestBody= ip=0:0:0:0:0:0:0:1 userAgent=Mozilla/5.0 (Windows NT 10.0; Win64; x64) AppleWebKit/537.36 (KHTML, like Gecko) Chrome/123.0.0.0 Safari/537.36
2026-07-06 14:48:35.094 [http-nio-8080-exec-6] INFO  [traceId=cdff0142761b4920a29a74e34b47ba9c userId= role=] com.kg.interceptor.TraceIdFilter - HTTP_REQUEST_START method=GET uri=/dict/group/task_type query=null requestBody= ip=0:0:0:0:0:0:0:1 userAgent=Mozilla/5.0 (Windows NT 10.0; Win64; x64) AppleWebKit/537.36 (KHTML, like Gecko) Chrome/123.0.0.0 Safari/537.36
2026-07-06 14:48:35.103 [http-nio-8080-exec-6] DEBUG [traceId=cdff0142761b4920a29a74e34b47ba9c userId= role=] c.k.i.m.SysUserMapper.selectById - ==>  Preparing: SELECT id,account,name,password,role,gender,email,phone,openid,description,teacher_remark,class_id,status,create_by,create_time,update_by,update_time FROM sys_user WHERE id=?
2026-07-06 14:48:35.104 [http-nio-8080-exec-5] DEBUG [traceId=1e5c877060d84a338157178f56c5cd7b userId= role=] c.k.i.m.SysUserMapper.selectById - ==>  Preparing: SELECT id,account,name,password,role,gender,email,phone,openid,description,teacher_remark,class_id,status,create_by,create_time,update_by,update_time FROM sys_user WHERE id=?
2026-07-06 14:48:35.104 [http-nio-8080-exec-5] DEBUG [traceId=1e5c877060d84a338157178f56c5cd7b userId= role=] c.k.i.m.SysUserMapper.selectById - ==> Parameters: 21(Long)
2026-07-06 14:48:35.104 [http-nio-8080-exec-6] DEBUG [traceId=cdff0142761b4920a29a74e34b47ba9c userId= role=] c.k.i.m.SysUserMapper.selectById - ==> Parameters: 21(Long)
2026-07-06 14:48:35.108 [http-nio-8080-exec-6] DEBUG [traceId=cdff0142761b4920a29a74e34b47ba9c userId= role=] c.k.i.m.SysUserMapper.selectById - <==      Total: 1
2026-07-06 14:48:35.108 [http-nio-8080-exec-5] DEBUG [traceId=1e5c877060d84a338157178f56c5cd7b userId= role=] c.k.i.m.SysUserMapper.selectById - <==      Total: 1
2026-07-06 14:48:35.116 [http-nio-8080-exec-5] DEBUG [traceId=1e5c877060d84a338157178f56c5cd7b userId=21 role=1] c.k.i.m.N.selectCount - ==>  Preparing: SELECT COUNT( * ) AS total FROM notification_message WHERE (user_id = ? AND is_read = ? AND status = ? AND notify_time <= ?)
2026-07-06 14:48:35.117 [http-nio-8080-exec-5] DEBUG [traceId=1e5c877060d84a338157178f56c5cd7b userId=21 role=1] c.k.i.m.N.selectCount - ==> Parameters: 21(Long), 0(Integer), 0(String), 2026-07-06T14:48:35.114(LocalDateTime)
2026-07-06 14:48:35.123 [http-nio-8080-exec-5] DEBUG [traceId=1e5c877060d84a338157178f56c5cd7b userId=21 role=1] c.k.i.m.N.selectCount - <==      Total: 1
2026-07-06 14:48:35.125 [http-nio-8080-exec-5] INFO  [traceId=1e5c877060d84a338157178f56c5cd7b userId=21 role=1] com.kg.interceptor.TraceIdFilter - HTTP_REQUEST_END method=GET uri=/notification/unread-count status=200 cost=31ms responseBody={"code":200,"message":"查询成功","data":0}
2026-07-06 14:48:35.129 [http-nio-8080-exec-6] DEBUG [traceId=cdff0142761b4920a29a74e34b47ba9c userId=21 role=1] c.k.i.mapper.DictMapper.selectList - ==>  Preparing: SELECT id,dict_code,dict_name,dict_label,dict_value,display_color,sort_no,status,create_by,create_time,update_by,update_time FROM sys_dict WHERE (dict_code = ?) ORDER BY sort_no ASC
2026-07-06 14:48:35.130 [http-nio-8080-exec-6] DEBUG [traceId=cdff0142761b4920a29a74e34b47ba9c userId=21 role=1] c.k.i.mapper.DictMapper.selectList - ==> Parameters: task_type(String)
2026-07-06 14:48:35.133 [http-nio-8080-exec-6] DEBUG [traceId=cdff0142761b4920a29a74e34b47ba9c userId=21 role=1] c.k.i.mapper.DictMapper.selectList - <==      Total: 4
2026-07-06 14:48:35.140 [http-nio-8080-exec-6] INFO  [traceId=cdff0142761b4920a29a74e34b47ba9c userId=21 role=1] com.kg.interceptor.TraceIdFilter - HTTP_REQUEST_END method=GET uri=/dict/group/task_type status=200 cost=46ms responseBody={"code":200,"message":"查询成功","data":{"dictCode":"task_type","dictName":"任务类型","items":[{"dictValue":"0","dictLabel":"刷题","sortNo":0,"status":1,"displayColor":"#ff6f00"},{"dictValue":"1","dictLabel":"学习","sortNo":1,"status":1,"displayColor":"#f7ff00"},{"dictValue":"2","dictLabel":"打卡","sortNo":2,"status":1,"displayColor":"#66ff00"},{"dictValue":"3","dictLabel":"每日复盘","sortNo":3,"status":1,"displayColor":"#00bfff"}]}}
2026-07-06 14:48:35.157 [http-nio-8080-exec-7] INFO  [traceId=fe43752ff03547baa4fc8e2c0c64a8ee userId= role=] com.kg.interceptor.TraceIdFilter - HTTP_REQUEST_START method=POST uri=/task-template/page query=null requestBody={"pageNum":1,"pageSize":10} ip=0:0:0:0:0:0:0:1 userAgent=Mozilla/5.0 (Windows NT 10.0; Win64; x64) AppleWebKit/537.36 (KHTML, like Gecko) Chrome/123.0.0.0 Safari/537.36
2026-07-06 14:48:35.161 [http-nio-8080-exec-7] DEBUG [traceId=fe43752ff03547baa4fc8e2c0c64a8ee userId= role=] c.k.i.m.SysUserMapper.selectById - ==>  Preparing: SELECT id,account,name,password,role,gender,email,phone,openid,description,teacher_remark,class_id,status,create_by,create_time,update_by,update_time FROM sys_user WHERE id=?
2026-07-06 14:48:35.161 [http-nio-8080-exec-7] DEBUG [traceId=fe43752ff03547baa4fc8e2c0c64a8ee userId= role=] c.k.i.m.SysUserMapper.selectById - ==> Parameters: 21(Long)
2026-07-06 14:48:35.163 [http-nio-8080-exec-7] DEBUG [traceId=fe43752ff03547baa4fc8e2c0c64a8ee userId= role=] c.k.i.m.SysUserMapper.selectById - <==      Total: 1
2026-07-06 14:48:35.173 [http-nio-8080-exec-7] DEBUG [traceId=fe43752ff03547baa4fc8e2c0c64a8ee userId=21 role=1] c.k.i.m.T.selectCount - ==>  Preparing: SELECT COUNT( * ) AS total FROM task_template
2026-07-06 14:48:35.173 [http-nio-8080-exec-7] DEBUG [traceId=fe43752ff03547baa4fc8e2c0c64a8ee userId=21 role=1] c.k.i.m.T.selectCount - ==> Parameters: 
2026-07-06 14:48:35.174 [http-nio-8080-exec-7] DEBUG [traceId=fe43752ff03547baa4fc8e2c0c64a8ee userId=21 role=1] c.k.i.m.T.selectCount - <==      Total: 1
2026-07-06 14:48:35.176 [http-nio-8080-exec-7] DEBUG [traceId=fe43752ff03547baa4fc8e2c0c64a8ee userId=21 role=1] c.k.i.m.T.selectList - ==>  Preparing: SELECT id,template_name,task_type,is_mandatory,task_description,default_priority,create_by,create_time,update_by,update_time FROM task_template ORDER BY id DESC LIMIT 0,10
2026-07-06 14:48:35.177 [http-nio-8080-exec-7] DEBUG [traceId=fe43752ff03547baa4fc8e2c0c64a8ee userId=21 role=1] c.k.i.m.T.selectList - ==> Parameters: 
2026-07-06 14:48:35.178 [http-nio-8080-exec-7] DEBUG [traceId=fe43752ff03547baa4fc8e2c0c64a8ee userId=21 role=1] c.k.i.m.T.selectList - <==      Total: 3
2026-07-06 14:48:35.183 [http-nio-8080-exec-7] INFO  [traceId=fe43752ff03547baa4fc8e2c0c64a8ee userId=21 role=1] com.kg.interceptor.TraceIdFilter - HTTP_REQUEST_END method=POST uri=/task-template/page status=200 cost=26ms responseBody={"code":200,"message":"查询成功","data":{"total":3,"list":[{"id":6,"templateName":"2026真题","taskType":"0","isMandatory":1,"taskDescription":"真题模拟","defaultPriority":1,"createTime":"2026-06-09 21:45:43"},{"id":5,"templateName":"20260608","taskType":"2","isMandatory":1,"taskDescription":"做2026年国考","defaultPriority":1,"createTime":"2026-06-08 10:52:36"},{"id":4,"templateName":"模板任务1","taskType":"0","isMandatory":1,"taskDescription":"","defaultPriority":1,"createTime":"2026-06-01 00:27:11"}]}}
2026-07-06 14:48:35.289 [http-nio-8080-exec-8] INFO  [traceId=860347789dab4ca889adf30741c5dcab userId= role=] com.kg.interceptor.TraceIdFilter - HTTP_REQUEST_START method=GET uri=/dict/group/task_type query=null requestBody= ip=0:0:0:0:0:0:0:1 userAgent=Mozilla/5.0 (Windows NT 10.0; Win64; x64) AppleWebKit/537.36 (KHTML, like Gecko) Chrome/123.0.0.0 Safari/537.36
2026-07-06 14:48:35.293 [http-nio-8080-exec-10] INFO  [traceId=d3ba5ac2cfdf4899b830a41ba9aede8a userId= role=] com.kg.interceptor.TraceIdFilter - HTTP_REQUEST_START method=POST uri=/my-task/list query=null requestBody={"pageNum":1,"pageSize":10,"status":"0"} ip=0:0:0:0:0:0:0:1 userAgent=Mozilla/5.0 (Windows NT 10.0; Win64; x64) AppleWebKit/537.36 (KHTML, like Gecko) Chrome/123.0.0.0 Safari/537.36
2026-07-06 14:48:35.293 [http-nio-8080-exec-1] INFO  [traceId=624b1699d78e42439003ddb44dcf7491 userId= role=] com.kg.interceptor.TraceIdFilter - HTTP_REQUEST_START method=GET uri=/notification/unread-count query=null requestBody= ip=0:0:0:0:0:0:0:1 userAgent=Mozilla/5.0 (Windows NT 10.0; Win64; x64) AppleWebKit/537.36 (KHTML, like Gecko) Chrome/123.0.0.0 Safari/537.36
2026-07-06 14:48:35.293 [http-nio-8080-exec-9] INFO  [traceId=4914fa74ada946b989095111d5d53b2f userId= role=] com.kg.interceptor.TraceIdFilter - HTTP_REQUEST_START method=POST uri=/my-task/stats query=null requestBody={} ip=0:0:0:0:0:0:0:1 userAgent=Mozilla/5.0 (Windows NT 10.0; Win64; x64) AppleWebKit/537.36 (KHTML, like Gecko) Chrome/123.0.0.0 Safari/537.36
2026-07-06 14:48:35.295 [http-nio-8080-exec-8] DEBUG [traceId=860347789dab4ca889adf30741c5dcab userId= role=] c.k.i.m.SysUserMapper.selectById - ==>  Preparing: SELECT id,account,name,password,role,gender,email,phone,openid,description,teacher_remark,class_id,status,create_by,create_time,update_by,update_time FROM sys_user WHERE id=?
2026-07-06 14:48:35.296 [http-nio-8080-exec-8] DEBUG [traceId=860347789dab4ca889adf30741c5dcab userId= role=] c.k.i.m.SysUserMapper.selectById - ==> Parameters: 29(Long)
2026-07-06 14:48:35.297 [http-nio-8080-exec-1] DEBUG [traceId=624b1699d78e42439003ddb44dcf7491 userId= role=] c.k.i.m.SysUserMapper.selectById - ==>  Preparing: SELECT id,account,name,password,role,gender,email,phone,openid,description,teacher_remark,class_id,status,create_by,create_time,update_by,update_time FROM sys_user WHERE id=?
2026-07-06 14:48:35.297 [http-nio-8080-exec-1] DEBUG [traceId=624b1699d78e42439003ddb44dcf7491 userId= role=] c.k.i.m.SysUserMapper.selectById - ==> Parameters: 29(Long)
2026-07-06 14:48:35.299 [http-nio-8080-exec-8] DEBUG [traceId=860347789dab4ca889adf30741c5dcab userId= role=] c.k.i.m.SysUserMapper.selectById - <==      Total: 1
2026-07-06 14:48:35.299 [http-nio-8080-exec-9] DEBUG [traceId=4914fa74ada946b989095111d5d53b2f userId= role=] c.k.i.m.SysUserMapper.selectById - ==>  Preparing: SELECT id,account,name,password,role,gender,email,phone,openid,description,teacher_remark,class_id,status,create_by,create_time,update_by,update_time FROM sys_user WHERE id=?
2026-07-06 14:48:35.299 [http-nio-8080-exec-10] DEBUG [traceId=d3ba5ac2cfdf4899b830a41ba9aede8a userId= role=] c.k.i.m.SysUserMapper.selectById - ==>  Preparing: SELECT id,account,name,password,role,gender,email,phone,openid,description,teacher_remark,class_id,status,create_by,create_time,update_by,update_time FROM sys_user WHERE id=?
2026-07-06 14:48:35.299 [http-nio-8080-exec-9] DEBUG [traceId=4914fa74ada946b989095111d5d53b2f userId= role=] c.k.i.m.SysUserMapper.selectById - ==> Parameters: 29(Long)
2026-07-06 14:48:35.299 [http-nio-8080-exec-10] DEBUG [traceId=d3ba5ac2cfdf4899b830a41ba9aede8a userId= role=] c.k.i.m.SysUserMapper.selectById - ==> Parameters: 29(Long)
2026-07-06 14:48:35.300 [http-nio-8080-exec-1] DEBUG [traceId=624b1699d78e42439003ddb44dcf7491 userId= role=] c.k.i.m.SysUserMapper.selectById - <==      Total: 1
2026-07-06 14:48:35.301 [http-nio-8080-exec-10] DEBUG [traceId=d3ba5ac2cfdf4899b830a41ba9aede8a userId= role=] c.k.i.m.SysUserMapper.selectById - <==      Total: 1
2026-07-06 14:48:35.301 [http-nio-8080-exec-9] DEBUG [traceId=4914fa74ada946b989095111d5d53b2f userId= role=] c.k.i.m.SysUserMapper.selectById - <==      Total: 1
2026-07-06 14:48:35.301 [http-nio-8080-exec-8] DEBUG [traceId=860347789dab4ca889adf30741c5dcab userId=29 role=2] c.k.i.mapper.DictMapper.selectList - ==>  Preparing: SELECT id,dict_code,dict_name,dict_label,dict_value,display_color,sort_no,status,create_by,create_time,update_by,update_time FROM sys_dict WHERE (dict_code = ?) ORDER BY sort_no ASC
2026-07-06 14:48:35.302 [http-nio-8080-exec-1] DEBUG [traceId=624b1699d78e42439003ddb44dcf7491 userId=29 role=2] c.k.i.m.N.selectCount - ==>  Preparing: SELECT COUNT( * ) AS total FROM notification_message WHERE (user_id = ? AND is_read = ? AND status = ? AND notify_time <= ?)
2026-07-06 14:48:35.302 [http-nio-8080-exec-1] DEBUG [traceId=624b1699d78e42439003ddb44dcf7491 userId=29 role=2] c.k.i.m.N.selectCount - ==> Parameters: 29(Long), 0(Integer), 0(String), 2026-07-06T14:48:35.300(LocalDateTime)
2026-07-06 14:48:35.302 [http-nio-8080-exec-8] DEBUG [traceId=860347789dab4ca889adf30741c5dcab userId=29 role=2] c.k.i.mapper.DictMapper.selectList - ==> Parameters: task_type(String)
2026-07-06 14:48:35.303 [http-nio-8080-exec-10] DEBUG [traceId=d3ba5ac2cfdf4899b830a41ba9aede8a userId=29 role=2] c.k.i.mapper.MyTaskMapper.count - ==>  Preparing: SELECT COUNT(*) FROM task_user tu JOIN task t ON t.id = tu.task_id WHERE tu.user_id = ? AND tu.status = '0'
2026-07-06 14:48:35.303 [http-nio-8080-exec-10] DEBUG [traceId=d3ba5ac2cfdf4899b830a41ba9aede8a userId=29 role=2] c.k.i.mapper.MyTaskMapper.count - ==> Parameters: 29(Long)
2026-07-06 14:48:35.303 [http-nio-8080-exec-1] DEBUG [traceId=624b1699d78e42439003ddb44dcf7491 userId=29 role=2] c.k.i.m.N.selectCount - <==      Total: 1
2026-07-06 14:48:35.304 [http-nio-8080-exec-8] DEBUG [traceId=860347789dab4ca889adf30741c5dcab userId=29 role=2] c.k.i.mapper.DictMapper.selectList - <==      Total: 4
2026-07-06 14:48:35.305 [http-nio-8080-exec-10] DEBUG [traceId=d3ba5ac2cfdf4899b830a41ba9aede8a userId=29 role=2] c.k.i.mapper.MyTaskMapper.count - <==      Total: 1
2026-07-06 14:48:35.305 [http-nio-8080-exec-1] INFO  [traceId=624b1699d78e42439003ddb44dcf7491 userId=29 role=2] com.kg.interceptor.TraceIdFilter - HTTP_REQUEST_END method=GET uri=/notification/unread-count status=200 cost=12ms responseBody={"code":200,"message":"查询成功","data":9}
2026-07-06 14:48:35.305 [http-nio-8080-exec-10] DEBUG [traceId=d3ba5ac2cfdf4899b830a41ba9aede8a userId=29 role=2] c.k.i.mapper.MyTaskMapper.page - ==>  Preparing: SELECT u.name AS task_create_name,t.round_no AS round_no,t.template_id AS template_id,t.id AS task_id, t.task_name, t.task_type, t.is_mandatory AS force_flag, t.task_description, t.priority, t.task_start_time AS start_time, t.task_end_time AS end_time, t.plan_id AS planId, t.plan_date AS planDate, t.is_repeat_task AS isRepeatTask, t.status AS taskStatus, tu.id AS task_user_id, tu.status, tu.total_score, tu.submit_time FROM task_user tu JOIN task t ON t.id = tu.task_id LEFT JOIN sys_user u ON u.id = t.create_by WHERE tu.user_id = ? AND tu.status = '0' ORDER BY t.create_time DESC LIMIT ?, ?
2026-07-06 14:48:35.306 [http-nio-8080-exec-8] INFO  [traceId=860347789dab4ca889adf30741c5dcab userId=29 role=2] com.kg.interceptor.TraceIdFilter - HTTP_REQUEST_END method=GET uri=/dict/group/task_type status=200 cost=17ms responseBody={"code":200,"message":"查询成功","data":{"dictCode":"task_type","dictName":"任务类型","items":[{"dictValue":"0","dictLabel":"刷题","sortNo":0,"status":1,"displayColor":"#ff6f00"},{"dictValue":"1","dictLabel":"学习","sortNo":1,"status":1,"displayColor":"#f7ff00"},{"dictValue":"2","dictLabel":"打卡","sortNo":2,"status":1,"displayColor":"#66ff00"},{"dictValue":"3","dictLabel":"每日复盘","sortNo":3,"status":1,"displayColor":"#00bfff"}]}}
2026-07-06 14:48:35.306 [http-nio-8080-exec-10] DEBUG [traceId=d3ba5ac2cfdf4899b830a41ba9aede8a userId=29 role=2] c.k.i.mapper.MyTaskMapper.page - ==> Parameters: 29(Long), 0(Integer), 10(Integer)
2026-07-06 14:48:35.307 [http-nio-8080-exec-9] DEBUG [traceId=4914fa74ada946b989095111d5d53b2f userId=29 role=2] c.k.i.m.TaskUserMapper.selectCount - ==>  Preparing: SELECT COUNT( * ) AS total FROM task_user WHERE (user_id = ? AND status = ?)
2026-07-06 14:48:35.307 [http-nio-8080-exec-9] DEBUG [traceId=4914fa74ada946b989095111d5d53b2f userId=29 role=2] c.k.i.m.TaskUserMapper.selectCount - ==> Parameters: 29(Long), 0(String)
2026-07-06 14:48:35.309 [http-nio-8080-exec-9] DEBUG [traceId=4914fa74ada946b989095111d5d53b2f userId=29 role=2] c.k.i.m.TaskUserMapper.selectCount - <==      Total: 1
2026-07-06 14:48:35.310 [http-nio-8080-exec-10] DEBUG [traceId=d3ba5ac2cfdf4899b830a41ba9aede8a userId=29 role=2] c.k.i.mapper.MyTaskMapper.page - <==      Total: 10
2026-07-06 14:48:35.312 [http-nio-8080-exec-10] INFO  [traceId=d3ba5ac2cfdf4899b830a41ba9aede8a userId=29 role=2] com.kg.interceptor.TraceIdFilter - HTTP_REQUEST_END method=POST uri=/my-task/list status=200 cost=19ms responseBody={"code":200,"message":"查询成功","data":{"total":32,"list":[{"taskId":96,"taskName":"每日打卡","taskType":"2","forceFlag":1,"taskDescription":null,"priority":0,"startTime":"2026-07-06 06:00:00","endTime":"2026-07-06 23:59:00","status":"0","totalScore":null,"submitTime":null,"roundNo":0,"templateId":null,"planId":null,"planDate":null,"isRepeatTask":0,"taskStatus":1,"taskUserId":514,"taskCreateName":null},{"taskId":97,"taskName":"每日复盘","taskType":"3","forceFlag":1,"taskDescription":null,"priority":0,"startTime":"2026-07-06 08:00:00","endTime":"2026-07-06 23:59:00","status":"0","totalScore":null,"submitTime":null,"roundNo":0,"templateId":null,"planId":null,"planDate":null,"isRepeatTask":0,"taskStatus":1,"taskUserId":525,"taskCreateName":null},{"taskId":94,"taskName":"每日打卡","taskType":"2","forceFlag":1,"taskDescription":null,"priority":0,"startTime":"2026-07-05 06:00:00","endTime":"2026-07-05 23:59:00","status":"0","totalScore":null,"submitTime":null,"roundNo":0,"templateId":null,"planId":null,"planDate":null,"isRepeatTask":0,"taskStatus":1,"taskUserId":492,"taskCreateName":null},{"taskId":95,"taskName":"每日复盘","taskType":"3","forceFlag":1,"taskDescription":null,"priority":0,"startTime":"2026-07-05 08:00:00","endTime":"2026-07-05 23:59:00","status":"0","totalScore":null,"submitTime":null,"roundNo":0,"templateId":null,"planId":null,"planDate":null,"isRepeatTask":0,"taskStatus":1,"taskUserId":503,"taskCreateName":null},{"taskId":93,"taskName":"每日复盘","taskType":"3","forceFlag":1,"taskDescription":null,"priority":0,"startTime":"2026-07-03 08:00:00","endTime":"2026-07-03 23:59:00","status":"0","totalScore":null,"submitTime":null,"roundNo":0,"templateId":null,"planId":null,"planDate":null,"isRepeatTask":0,"taskStatus":1,"taskUserId":481,"taskCreateName":null},{"taskId":89,"taskName":"每日复盘","taskType":"3","forceFlag":1,"taskDescription":null,"priority":0,"startTime":"2026-07-02 08:00:00","endTime":"2026-07-02 23:59:00","status":"0","totalScore":null,"submitTime":null,"roundNo":0,"templateId":null,"planId":null,"planDate":null,"isRepeatTask":0,"taskStatus":1,"taskUserId":458,"taskCreateName":null},{"taskId":80,"taskName":"测试重复任务 07-04","taskType":"0","forceFlag":1,"taskDescription":"","priority":1,"startTime":"2026-07-04 00:00:00","endTime":"2026-07-04 23:59:00","status":"0","totalScore":null,"submitTime":null,"roundNo":0,"templateId":null,"planId":1,"planDate":"2026-07-04","isRepeatTask":1,"taskStatus":1,"taskUserId":438,"taskCreateName":"管理员"},{"taskId":76,"taskName":"普通刷题任务测试","taskType":"0","forceFlag":1,"taskDescription":"","priority":1,"startTime":"2026-07-01 00:00:00","endTime":"2026-07-03 23:59:59","status":"0","totalScore":null,"submitTime":null,"roundNo":1,"templateId":null,"planId":null,"planDate":null,"isRepeatTask":0,"taskStatus":1,"taskUserId":410,"taskCreateName":"管理员"},{"taskId":75,"taskName":"每日复盘","taskType":"3","forceFlag":1,"taskDescription":null,"priority":0,"startTime":"2026-07-01 08:00:00","endTime":"2026-07-01 23:59:00","status":"0","totalScore":null,"submitTime":null,"roundNo":0,"templateId":null,"planId":null,"planDate":null,"isRepeatTask":0,"taskStatus":1,"taskUserId":403,"taskCreateName":null},{"taskId":73,"taskName":"测试班级任务","taskType":"0","forceFlag":1,"taskDescription":"","priority":1,"startTime":"2026-06-29 00:00:00","endTime":"2026-06-30 23:59:59","status":"0","totalScore":null,"submitTime":null,"roundNo":1,"templateId":null,"planId":null,"planDate":null,"isRepeatTask":0,"taskStatus":1,"taskUserId":383,"taskCreateName":"杨少伟"}]}}
2026-07-06 14:48:35.313 [http-nio-8080-exec-9] DEBUG [traceId=4914fa74ada946b989095111d5d53b2f userId=29 role=2] c.k.i.m.TaskUserMapper.selectCount - ==>  Preparing: SELECT COUNT( * ) AS total FROM task_user WHERE (user_id = ? AND status IN (?,?))
2026-07-06 14:48:35.313 [http-nio-8080-exec-9] DEBUG [traceId=4914fa74ada946b989095111d5d53b2f userId=29 role=2] c.k.i.m.TaskUserMapper.selectCount - ==> Parameters: 29(Long), 1(String), 2(String)
2026-07-06 14:48:35.314 [http-nio-8080-exec-9] DEBUG [traceId=4914fa74ada946b989095111d5d53b2f userId=29 role=2] c.k.i.m.TaskUserMapper.selectCount - <==      Total: 1
2026-07-06 14:48:35.315 [http-nio-8080-exec-9] INFO  [traceId=4914fa74ada946b989095111d5d53b2f userId=29 role=2] com.kg.interceptor.TraceIdFilter - HTTP_REQUEST_END method=POST uri=/my-task/stats status=200 cost=22ms responseBody={"code":200,"message":"查询成功","data":{"unfinished":32,"finished":22}}
2026-07-06 14:48:47.651 [http-nio-8080-exec-2] INFO  [traceId=2bc4c5a3697f4898b31ed70ca8fa673d userId= role=] com.kg.interceptor.TraceIdFilter - HTTP_REQUEST_START method=GET uri=/dict/group/task_type query=null requestBody= ip=0:0:0:0:0:0:0:1 userAgent=Mozilla/5.0 (Windows NT 10.0; Win64; x64) AppleWebKit/537.36 (KHTML, like Gecko) Chrome/123.0.0.0 Safari/537.36
2026-07-06 14:48:47.651 [http-nio-8080-exec-3] INFO  [traceId=67c8e710053b45b5a6a32b505bcf6576 userId= role=] com.kg.interceptor.TraceIdFilter - HTTP_REQUEST_START method=GET uri=/notification/unread-count query=null requestBody= ip=0:0:0:0:0:0:0:1 userAgent=Mozilla/5.0 (Windows NT 10.0; Win64; x64) AppleWebKit/537.36 (KHTML, like Gecko) Chrome/123.0.0.0 Safari/537.36
2026-07-06 14:48:47.656 [http-nio-8080-exec-2] DEBUG [traceId=2bc4c5a3697f4898b31ed70ca8fa673d userId= role=] c.k.i.m.SysUserMapper.selectById - ==>  Preparing: SELECT id,account,name,password,role,gender,email,phone,openid,description,teacher_remark,class_id,status,create_by,create_time,update_by,update_time FROM sys_user WHERE id=?
2026-07-06 14:48:47.656 [http-nio-8080-exec-3] DEBUG [traceId=67c8e710053b45b5a6a32b505bcf6576 userId= role=] c.k.i.m.SysUserMapper.selectById - ==>  Preparing: SELECT id,account,name,password,role,gender,email,phone,openid,description,teacher_remark,class_id,status,create_by,create_time,update_by,update_time FROM sys_user WHERE id=?
2026-07-06 14:48:47.656 [http-nio-8080-exec-2] DEBUG [traceId=2bc4c5a3697f4898b31ed70ca8fa673d userId= role=] c.k.i.m.SysUserMapper.selectById - ==> Parameters: 21(Long)
2026-07-06 14:48:47.656 [http-nio-8080-exec-3] DEBUG [traceId=67c8e710053b45b5a6a32b505bcf6576 userId= role=] c.k.i.m.SysUserMapper.selectById - ==> Parameters: 21(Long)
2026-07-06 14:48:47.658 [http-nio-8080-exec-3] DEBUG [traceId=67c8e710053b45b5a6a32b505bcf6576 userId= role=] c.k.i.m.SysUserMapper.selectById - <==      Total: 1
2026-07-06 14:48:47.658 [http-nio-8080-exec-2] DEBUG [traceId=2bc4c5a3697f4898b31ed70ca8fa673d userId= role=] c.k.i.m.SysUserMapper.selectById - <==      Total: 1
2026-07-06 14:48:47.659 [http-nio-8080-exec-2] DEBUG [traceId=2bc4c5a3697f4898b31ed70ca8fa673d userId=21 role=1] c.k.i.mapper.DictMapper.selectList - ==>  Preparing: SELECT id,dict_code,dict_name,dict_label,dict_value,display_color,sort_no,status,create_by,create_time,update_by,update_time FROM sys_dict WHERE (dict_code = ?) ORDER BY sort_no ASC
2026-07-06 14:48:47.659 [http-nio-8080-exec-3] DEBUG [traceId=67c8e710053b45b5a6a32b505bcf6576 userId=21 role=1] c.k.i.m.N.selectCount - ==>  Preparing: SELECT COUNT( * ) AS total FROM notification_message WHERE (user_id = ? AND is_read = ? AND status = ? AND notify_time <= ?)
2026-07-06 14:48:47.660 [http-nio-8080-exec-2] DEBUG [traceId=2bc4c5a3697f4898b31ed70ca8fa673d userId=21 role=1] c.k.i.mapper.DictMapper.selectList - ==> Parameters: task_type(String)
2026-07-06 14:48:47.660 [http-nio-8080-exec-3] DEBUG [traceId=67c8e710053b45b5a6a32b505bcf6576 userId=21 role=1] c.k.i.m.N.selectCount - ==> Parameters: 21(Long), 0(Integer), 0(String), 2026-07-06T14:48:47.658(LocalDateTime)
2026-07-06 14:48:47.662 [http-nio-8080-exec-2] DEBUG [traceId=2bc4c5a3697f4898b31ed70ca8fa673d userId=21 role=1] c.k.i.mapper.DictMapper.selectList - <==      Total: 4
2026-07-06 14:48:47.663 [http-nio-8080-exec-2] INFO  [traceId=2bc4c5a3697f4898b31ed70ca8fa673d userId=21 role=1] com.kg.interceptor.TraceIdFilter - HTTP_REQUEST_END method=GET uri=/dict/group/task_type status=200 cost=12ms responseBody={"code":200,"message":"查询成功","data":{"dictCode":"task_type","dictName":"任务类型","items":[{"dictValue":"0","dictLabel":"刷题","sortNo":0,"status":1,"displayColor":"#ff6f00"},{"dictValue":"1","dictLabel":"学习","sortNo":1,"status":1,"displayColor":"#f7ff00"},{"dictValue":"2","dictLabel":"打卡","sortNo":2,"status":1,"displayColor":"#66ff00"},{"dictValue":"3","dictLabel":"每日复盘","sortNo":3,"status":1,"displayColor":"#00bfff"}]}}
2026-07-06 14:48:47.666 [http-nio-8080-exec-3] DEBUG [traceId=67c8e710053b45b5a6a32b505bcf6576 userId=21 role=1] c.k.i.m.N.selectCount - <==      Total: 1
2026-07-06 14:48:47.667 [http-nio-8080-exec-3] INFO  [traceId=67c8e710053b45b5a6a32b505bcf6576 userId=21 role=1] com.kg.interceptor.TraceIdFilter - HTTP_REQUEST_END method=GET uri=/notification/unread-count status=200 cost=16ms responseBody={"code":200,"message":"查询成功","data":0}
2026-07-06 14:48:47.678 [http-nio-8080-exec-4] INFO  [traceId=0eb4122fbb0f4626ac04dfbba14fd768 userId= role=] com.kg.interceptor.TraceIdFilter - HTTP_REQUEST_START method=POST uri=/task-template/page query=null requestBody={"pageNum":1,"pageSize":10} ip=0:0:0:0:0:0:0:1 userAgent=Mozilla/5.0 (Windows NT 10.0; Win64; x64) AppleWebKit/537.36 (KHTML, like Gecko) Chrome/123.0.0.0 Safari/537.36
2026-07-06 14:48:47.684 [http-nio-8080-exec-4] DEBUG [traceId=0eb4122fbb0f4626ac04dfbba14fd768 userId= role=] c.k.i.m.SysUserMapper.selectById - ==>  Preparing: SELECT id,account,name,password,role,gender,email,phone,openid,description,teacher_remark,class_id,status,create_by,create_time,update_by,update_time FROM sys_user WHERE id=?
2026-07-06 14:48:47.684 [http-nio-8080-exec-4] DEBUG [traceId=0eb4122fbb0f4626ac04dfbba14fd768 userId= role=] c.k.i.m.SysUserMapper.selectById - ==> Parameters: 21(Long)
2026-07-06 14:48:47.685 [http-nio-8080-exec-4] DEBUG [traceId=0eb4122fbb0f4626ac04dfbba14fd768 userId= role=] c.k.i.m.SysUserMapper.selectById - <==      Total: 1
2026-07-06 14:48:47.688 [http-nio-8080-exec-4] DEBUG [traceId=0eb4122fbb0f4626ac04dfbba14fd768 userId=21 role=1] c.k.i.m.T.selectCount - ==>  Preparing: SELECT COUNT( * ) AS total FROM task_template
2026-07-06 14:48:47.688 [http-nio-8080-exec-4] DEBUG [traceId=0eb4122fbb0f4626ac04dfbba14fd768 userId=21 role=1] c.k.i.m.T.selectCount - ==> Parameters: 
2026-07-06 14:48:47.689 [http-nio-8080-exec-4] DEBUG [traceId=0eb4122fbb0f4626ac04dfbba14fd768 userId=21 role=1] c.k.i.m.T.selectCount - <==      Total: 1
2026-07-06 14:48:47.691 [http-nio-8080-exec-4] DEBUG [traceId=0eb4122fbb0f4626ac04dfbba14fd768 userId=21 role=1] c.k.i.m.T.selectList - ==>  Preparing: SELECT id,template_name,task_type,is_mandatory,task_description,default_priority,create_by,create_time,update_by,update_time FROM task_template ORDER BY id DESC LIMIT 0,10
2026-07-06 14:48:47.691 [http-nio-8080-exec-4] DEBUG [traceId=0eb4122fbb0f4626ac04dfbba14fd768 userId=21 role=1] c.k.i.m.T.selectList - ==> Parameters: 
2026-07-06 14:48:47.692 [http-nio-8080-exec-4] DEBUG [traceId=0eb4122fbb0f4626ac04dfbba14fd768 userId=21 role=1] c.k.i.m.T.selectList - <==      Total: 3
2026-07-06 14:48:47.694 [http-nio-8080-exec-4] INFO  [traceId=0eb4122fbb0f4626ac04dfbba14fd768 userId=21 role=1] com.kg.interceptor.TraceIdFilter - HTTP_REQUEST_END method=POST uri=/task-template/page status=200 cost=16ms responseBody={"code":200,"message":"查询成功","data":{"total":3,"list":[{"id":6,"templateName":"2026真题","taskType":"0","isMandatory":1,"taskDescription":"真题模拟","defaultPriority":1,"createTime":"2026-06-09 21:45:43"},{"id":5,"templateName":"20260608","taskType":"2","isMandatory":1,"taskDescription":"做2026年国考","defaultPriority":1,"createTime":"2026-06-08 10:52:36"},{"id":4,"templateName":"模板任务1","taskType":"0","isMandatory":1,"taskDescription":"","defaultPriority":1,"createTime":"2026-06-01 00:27:11"}]}}
2026-07-06 14:48:47.875 [http-nio-8080-exec-5] INFO  [traceId=1558c1f366ec4a168206cece88f22cfa userId= role=] com.kg.interceptor.TraceIdFilter - HTTP_REQUEST_START method=GET uri=/dict/group/task_type query=null requestBody= ip=0:0:0:0:0:0:0:1 userAgent=Mozilla/5.0 (Windows NT 10.0; Win64; x64) AppleWebKit/537.36 (KHTML, like Gecko) Chrome/123.0.0.0 Safari/537.36
2026-07-06 14:48:47.875 [http-nio-8080-exec-6] INFO  [traceId=ac4d06f5e78c487f889d0f4abad214f0 userId= role=] com.kg.interceptor.TraceIdFilter - HTTP_REQUEST_START method=POST uri=/my-task/list query=null requestBody={"pageNum":1,"pageSize":10,"status":"0"} ip=0:0:0:0:0:0:0:1 userAgent=Mozilla/5.0 (Windows NT 10.0; Win64; x64) AppleWebKit/537.36 (KHTML, like Gecko) Chrome/123.0.0.0 Safari/537.36
2026-07-06 14:48:47.876 [http-nio-8080-exec-7] INFO  [traceId=df089e3649d24086a858d6785e998d95 userId= role=] com.kg.interceptor.TraceIdFilter - HTTP_REQUEST_START method=POST uri=/my-task/stats query=null requestBody={} ip=0:0:0:0:0:0:0:1 userAgent=Mozilla/5.0 (Windows NT 10.0; Win64; x64) AppleWebKit/537.36 (KHTML, like Gecko) Chrome/123.0.0.0 Safari/537.36
2026-07-06 14:48:47.876 [http-nio-8080-exec-8] INFO  [traceId=1924e3c785384fde9f00059817309480 userId= role=] com.kg.interceptor.TraceIdFilter - HTTP_REQUEST_START method=GET uri=/notification/unread-count query=null requestBody= ip=0:0:0:0:0:0:0:1 userAgent=Mozilla/5.0 (Windows NT 10.0; Win64; x64) AppleWebKit/537.36 (KHTML, like Gecko) Chrome/123.0.0.0 Safari/537.36
2026-07-06 14:48:47.878 [http-nio-8080-exec-6] DEBUG [traceId=ac4d06f5e78c487f889d0f4abad214f0 userId= role=] c.k.i.m.SysUserMapper.selectById - ==>  Preparing: SELECT id,account,name,password,role,gender,email,phone,openid,description,teacher_remark,class_id,status,create_by,create_time,update_by,update_time FROM sys_user WHERE id=?
2026-07-06 14:48:47.878 [http-nio-8080-exec-8] DEBUG [traceId=1924e3c785384fde9f00059817309480 userId= role=] c.k.i.m.SysUserMapper.selectById - ==>  Preparing: SELECT id,account,name,password,role,gender,email,phone,openid,description,teacher_remark,class_id,status,create_by,create_time,update_by,update_time FROM sys_user WHERE id=?
2026-07-06 14:48:47.878 [http-nio-8080-exec-6] DEBUG [traceId=ac4d06f5e78c487f889d0f4abad214f0 userId= role=] c.k.i.m.SysUserMapper.selectById - ==> Parameters: 29(Long)
2026-07-06 14:48:47.878 [http-nio-8080-exec-7] DEBUG [traceId=df089e3649d24086a858d6785e998d95 userId= role=] c.k.i.m.SysUserMapper.selectById - ==>  Preparing: SELECT id,account,name,password,role,gender,email,phone,openid,description,teacher_remark,class_id,status,create_by,create_time,update_by,update_time FROM sys_user WHERE id=?
2026-07-06 14:48:47.878 [http-nio-8080-exec-8] DEBUG [traceId=1924e3c785384fde9f00059817309480 userId= role=] c.k.i.m.SysUserMapper.selectById - ==> Parameters: 29(Long)
2026-07-06 14:48:47.878 [http-nio-8080-exec-5] DEBUG [traceId=1558c1f366ec4a168206cece88f22cfa userId= role=] c.k.i.m.SysUserMapper.selectById - ==>  Preparing: SELECT id,account,name,password,role,gender,email,phone,openid,description,teacher_remark,class_id,status,create_by,create_time,update_by,update_time FROM sys_user WHERE id=?
2026-07-06 14:48:47.879 [http-nio-8080-exec-7] DEBUG [traceId=df089e3649d24086a858d6785e998d95 userId= role=] c.k.i.m.SysUserMapper.selectById - ==> Parameters: 29(Long)
2026-07-06 14:48:47.879 [http-nio-8080-exec-5] DEBUG [traceId=1558c1f366ec4a168206cece88f22cfa userId= role=] c.k.i.m.SysUserMapper.selectById - ==> Parameters: 29(Long)
2026-07-06 14:48:47.881 [http-nio-8080-exec-8] DEBUG [traceId=1924e3c785384fde9f00059817309480 userId= role=] c.k.i.m.SysUserMapper.selectById - <==      Total: 1
2026-07-06 14:48:47.881 [http-nio-8080-exec-7] DEBUG [traceId=df089e3649d24086a858d6785e998d95 userId= role=] c.k.i.m.SysUserMapper.selectById - <==      Total: 1
2026-07-06 14:48:47.881 [http-nio-8080-exec-5] DEBUG [traceId=1558c1f366ec4a168206cece88f22cfa userId= role=] c.k.i.m.SysUserMapper.selectById - <==      Total: 1
2026-07-06 14:48:47.881 [http-nio-8080-exec-6] DEBUG [traceId=ac4d06f5e78c487f889d0f4abad214f0 userId= role=] c.k.i.m.SysUserMapper.selectById - <==      Total: 1
2026-07-06 14:48:47.883 [http-nio-8080-exec-6] DEBUG [traceId=ac4d06f5e78c487f889d0f4abad214f0 userId=29 role=2] c.k.i.mapper.MyTaskMapper.count - ==>  Preparing: SELECT COUNT(*) FROM task_user tu JOIN task t ON t.id = tu.task_id WHERE tu.user_id = ? AND tu.status = '0'
2026-07-06 14:48:47.883 [http-nio-8080-exec-5] DEBUG [traceId=1558c1f366ec4a168206cece88f22cfa userId=29 role=2] c.k.i.mapper.DictMapper.selectList - ==>  Preparing: SELECT id,dict_code,dict_name,dict_label,dict_value,display_color,sort_no,status,create_by,create_time,update_by,update_time FROM sys_dict WHERE (dict_code = ?) ORDER BY sort_no ASC
2026-07-06 14:48:47.883 [http-nio-8080-exec-6] DEBUG [traceId=ac4d06f5e78c487f889d0f4abad214f0 userId=29 role=2] c.k.i.mapper.MyTaskMapper.count - ==> Parameters: 29(Long)
2026-07-06 14:48:47.883 [http-nio-8080-exec-8] DEBUG [traceId=1924e3c785384fde9f00059817309480 userId=29 role=2] c.k.i.m.N.selectCount - ==>  Preparing: SELECT COUNT( * ) AS total FROM notification_message WHERE (user_id = ? AND is_read = ? AND status = ? AND notify_time <= ?)
2026-07-06 14:48:47.884 [http-nio-8080-exec-5] DEBUG [traceId=1558c1f366ec4a168206cece88f22cfa userId=29 role=2] c.k.i.mapper.DictMapper.selectList - ==> Parameters: task_type(String)
2026-07-06 14:48:47.884 [http-nio-8080-exec-8] DEBUG [traceId=1924e3c785384fde9f00059817309480 userId=29 role=2] c.k.i.m.N.selectCount - ==> Parameters: 29(Long), 0(Integer), 0(String), 2026-07-06T14:48:47.883(LocalDateTime)
2026-07-06 14:48:47.884 [http-nio-8080-exec-7] DEBUG [traceId=df089e3649d24086a858d6785e998d95 userId=29 role=2] c.k.i.m.TaskUserMapper.selectCount - ==>  Preparing: SELECT COUNT( * ) AS total FROM task_user WHERE (user_id = ? AND status = ?)
2026-07-06 14:48:47.885 [http-nio-8080-exec-8] DEBUG [traceId=1924e3c785384fde9f00059817309480 userId=29 role=2] c.k.i.m.N.selectCount - <==      Total: 1
2026-07-06 14:48:47.885 [http-nio-8080-exec-7] DEBUG [traceId=df089e3649d24086a858d6785e998d95 userId=29 role=2] c.k.i.m.TaskUserMapper.selectCount - ==> Parameters: 29(Long), 0(String)
2026-07-06 14:48:47.885 [http-nio-8080-exec-6] DEBUG [traceId=ac4d06f5e78c487f889d0f4abad214f0 userId=29 role=2] c.k.i.mapper.MyTaskMapper.count - <==      Total: 1
2026-07-06 14:48:47.885 [http-nio-8080-exec-8] INFO  [traceId=1924e3c785384fde9f00059817309480 userId=29 role=2] com.kg.interceptor.TraceIdFilter - HTTP_REQUEST_END method=GET uri=/notification/unread-count status=200 cost=9ms responseBody={"code":200,"message":"查询成功","data":9}
2026-07-06 14:48:47.885 [http-nio-8080-exec-6] DEBUG [traceId=ac4d06f5e78c487f889d0f4abad214f0 userId=29 role=2] c.k.i.mapper.MyTaskMapper.page - ==>  Preparing: SELECT u.name AS task_create_name,t.round_no AS round_no,t.template_id AS template_id,t.id AS task_id, t.task_name, t.task_type, t.is_mandatory AS force_flag, t.task_description, t.priority, t.task_start_time AS start_time, t.task_end_time AS end_time, t.plan_id AS planId, t.plan_date AS planDate, t.is_repeat_task AS isRepeatTask, t.status AS taskStatus, tu.id AS task_user_id, tu.status, tu.total_score, tu.submit_time FROM task_user tu JOIN task t ON t.id = tu.task_id LEFT JOIN sys_user u ON u.id = t.create_by WHERE tu.user_id = ? AND tu.status = '0' ORDER BY t.create_time DESC LIMIT ?, ?
2026-07-06 14:48:47.887 [http-nio-8080-exec-6] DEBUG [traceId=ac4d06f5e78c487f889d0f4abad214f0 userId=29 role=2] c.k.i.mapper.MyTaskMapper.page - ==> Parameters: 29(Long), 0(Integer), 10(Integer)
2026-07-06 14:48:47.887 [http-nio-8080-exec-7] DEBUG [traceId=df089e3649d24086a858d6785e998d95 userId=29 role=2] c.k.i.m.TaskUserMapper.selectCount - <==      Total: 1
2026-07-06 14:48:47.888 [http-nio-8080-exec-5] DEBUG [traceId=1558c1f366ec4a168206cece88f22cfa userId=29 role=2] c.k.i.mapper.DictMapper.selectList - <==      Total: 4
2026-07-06 14:48:47.889 [http-nio-8080-exec-7] DEBUG [traceId=df089e3649d24086a858d6785e998d95 userId=29 role=2] c.k.i.m.TaskUserMapper.selectCount - ==>  Preparing: SELECT COUNT( * ) AS total FROM task_user WHERE (user_id = ? AND status IN (?,?))
2026-07-06 14:48:47.889 [http-nio-8080-exec-7] DEBUG [traceId=df089e3649d24086a858d6785e998d95 userId=29 role=2] c.k.i.m.TaskUserMapper.selectCount - ==> Parameters: 29(Long), 1(String), 2(String)
2026-07-06 14:48:47.890 [http-nio-8080-exec-5] INFO  [traceId=1558c1f366ec4a168206cece88f22cfa userId=29 role=2] com.kg.interceptor.TraceIdFilter - HTTP_REQUEST_END method=GET uri=/dict/group/task_type status=200 cost=15ms responseBody={"code":200,"message":"查询成功","data":{"dictCode":"task_type","dictName":"任务类型","items":[{"dictValue":"0","dictLabel":"刷题","sortNo":0,"status":1,"displayColor":"#ff6f00"},{"dictValue":"1","dictLabel":"学习","sortNo":1,"status":1,"displayColor":"#f7ff00"},{"dictValue":"2","dictLabel":"打卡","sortNo":2,"status":1,"displayColor":"#66ff00"},{"dictValue":"3","dictLabel":"每日复盘","sortNo":3,"status":1,"displayColor":"#00bfff"}]}}
2026-07-06 14:48:47.890 [http-nio-8080-exec-7] DEBUG [traceId=df089e3649d24086a858d6785e998d95 userId=29 role=2] c.k.i.m.TaskUserMapper.selectCount - <==      Total: 1
2026-07-06 14:48:47.890 [http-nio-8080-exec-6] DEBUG [traceId=ac4d06f5e78c487f889d0f4abad214f0 userId=29 role=2] c.k.i.mapper.MyTaskMapper.page - <==      Total: 10
2026-07-06 14:48:47.891 [http-nio-8080-exec-7] INFO  [traceId=df089e3649d24086a858d6785e998d95 userId=29 role=2] com.kg.interceptor.TraceIdFilter - HTTP_REQUEST_END method=POST uri=/my-task/stats status=200 cost=15ms responseBody={"code":200,"message":"查询成功","data":{"unfinished":32,"finished":22}}
2026-07-06 14:48:47.891 [http-nio-8080-exec-6] INFO  [traceId=ac4d06f5e78c487f889d0f4abad214f0 userId=29 role=2] com.kg.interceptor.TraceIdFilter - HTTP_REQUEST_END method=POST uri=/my-task/list status=200 cost=16ms responseBody={"code":200,"message":"查询成功","data":{"total":32,"list":[{"taskId":96,"taskName":"每日打卡","taskType":"2","forceFlag":1,"taskDescription":null,"priority":0,"startTime":"2026-07-06 06:00:00","endTime":"2026-07-06 23:59:00","status":"0","totalScore":null,"submitTime":null,"roundNo":0,"templateId":null,"planId":null,"planDate":null,"isRepeatTask":0,"taskStatus":1,"taskUserId":514,"taskCreateName":null},{"taskId":97,"taskName":"每日复盘","taskType":"3","forceFlag":1,"taskDescription":null,"priority":0,"startTime":"2026-07-06 08:00:00","endTime":"2026-07-06 23:59:00","status":"0","totalScore":null,"submitTime":null,"roundNo":0,"templateId":null,"planId":null,"planDate":null,"isRepeatTask":0,"taskStatus":1,"taskUserId":525,"taskCreateName":null},{"taskId":94,"taskName":"每日打卡","taskType":"2","forceFlag":1,"taskDescription":null,"priority":0,"startTime":"2026-07-05 06:00:00","endTime":"2026-07-05 23:59:00","status":"0","totalScore":null,"submitTime":null,"roundNo":0,"templateId":null,"planId":null,"planDate":null,"isRepeatTask":0,"taskStatus":1,"taskUserId":492,"taskCreateName":null},{"taskId":95,"taskName":"每日复盘","taskType":"3","forceFlag":1,"taskDescription":null,"priority":0,"startTime":"2026-07-05 08:00:00","endTime":"2026-07-05 23:59:00","status":"0","totalScore":null,"submitTime":null,"roundNo":0,"templateId":null,"planId":null,"planDate":null,"isRepeatTask":0,"taskStatus":1,"taskUserId":503,"taskCreateName":null},{"taskId":93,"taskName":"每日复盘","taskType":"3","forceFlag":1,"taskDescription":null,"priority":0,"startTime":"2026-07-03 08:00:00","endTime":"2026-07-03 23:59:00","status":"0","totalScore":null,"submitTime":null,"roundNo":0,"templateId":null,"planId":null,"planDate":null,"isRepeatTask":0,"taskStatus":1,"taskUserId":481,"taskCreateName":null},{"taskId":89,"taskName":"每日复盘","taskType":"3","forceFlag":1,"taskDescription":null,"priority":0,"startTime":"2026-07-02 08:00:00","endTime":"2026-07-02 23:59:00","status":"0","totalScore":null,"submitTime":null,"roundNo":0,"templateId":null,"planId":null,"planDate":null,"isRepeatTask":0,"taskStatus":1,"taskUserId":458,"taskCreateName":null},{"taskId":80,"taskName":"测试重复任务 07-04","taskType":"0","forceFlag":1,"taskDescription":"","priority":1,"startTime":"2026-07-04 00:00:00","endTime":"2026-07-04 23:59:00","status":"0","totalScore":null,"submitTime":null,"roundNo":0,"templateId":null,"planId":1,"planDate":"2026-07-04","isRepeatTask":1,"taskStatus":1,"taskUserId":438,"taskCreateName":"管理员"},{"taskId":76,"taskName":"普通刷题任务测试","taskType":"0","forceFlag":1,"taskDescription":"","priority":1,"startTime":"2026-07-01 00:00:00","endTime":"2026-07-03 23:59:59","status":"0","totalScore":null,"submitTime":null,"roundNo":1,"templateId":null,"planId":null,"planDate":null,"isRepeatTask":0,"taskStatus":1,"taskUserId":410,"taskCreateName":"管理员"},{"taskId":75,"taskName":"每日复盘","taskType":"3","forceFlag":1,"taskDescription":null,"priority":0,"startTime":"2026-07-01 08:00:00","endTime":"2026-07-01 23:59:00","status":"0","totalScore":null,"submitTime":null,"roundNo":0,"templateId":null,"planId":null,"planDate":null,"isRepeatTask":0,"taskStatus":1,"taskUserId":403,"taskCreateName":null},{"taskId":73,"taskName":"测试班级任务","taskType":"0","forceFlag":1,"taskDescription":"","priority":1,"startTime":"2026-06-29 00:00:00","endTime":"2026-06-30 23:59:59","status":"0","totalScore":null,"submitTime":null,"roundNo":1,"templateId":null,"planId":null,"planDate":null,"isRepeatTask":0,"taskStatus":1,"taskUserId":383,"taskCreateName":"杨少伟"}]}}
2026-07-06 14:50:57.357 [http-nio-8080-exec-1] INFO  [traceId=814c633aba03403fb122304d978f9afb userId= role=] com.kg.interceptor.TraceIdFilter - HTTP_REQUEST_START method=POST uri=/auth/login query=null requestBody={"account":"root","password":"000000"} ip=0:0:0:0:0:0:0:1 userAgent=Mozilla/5.0 (Windows NT 10.0; Win64; x64) AppleWebKit/537.36 (KHTML, like Gecko) Chrome/123.0.0.0 Safari/537.36
2026-07-06 14:50:57.364 [http-nio-8080-exec-1] DEBUG [traceId=814c633aba03403fb122304d978f9afb userId= role=] c.k.i.m.SysUserMapper.selectList - ==>  Preparing: SELECT id,account,name,password,role,gender,email,phone,openid,description,teacher_remark,class_id,status,create_by,create_time,update_by,update_time FROM sys_user WHERE (account = ?)
2026-07-06 14:50:57.365 [http-nio-8080-exec-1] DEBUG [traceId=814c633aba03403fb122304d978f9afb userId= role=] c.k.i.m.SysUserMapper.selectList - ==> Parameters: root(String)
2026-07-06 14:50:57.366 [http-nio-8080-exec-1] DEBUG [traceId=814c633aba03403fb122304d978f9afb userId= role=] c.k.i.m.SysUserMapper.selectList - <==      Total: 1
2026-07-06 14:50:57.439 [http-nio-8080-exec-1] INFO  [traceId=814c633aba03403fb122304d978f9afb userId= role=] c.k.a.service.AuthApplicationService - 登录成功: userId=21, account=root, role=1
2026-07-06 14:50:57.441 [http-nio-8080-exec-1] INFO  [traceId=814c633aba03403fb122304d978f9afb userId= role=] com.kg.interceptor.TraceIdFilter - HTTP_REQUEST_END method=POST uri=/auth/login status=200 cost=84ms responseBody={"code":200,"message":"登录成功","data":{"token":"eyJhbGciOiJIUzI1NiJ9.eyJyb2xlIjoiMSIsInN1YiI6IjIxIiwiaWF0IjoxNzgzMzIwNjU3LCJleHAiOjE3ODM0MDcwNTd9.A71ooCp0kFPg86UoGNG8riZgHk5TYMa7gwsv9OkqFUo","userId":21,"account":"root","name":"管理员","role":"1","classId":null,"className":""}}
2026-07-06 14:50:57.531 [http-nio-8080-exec-9] INFO  [traceId=179cd4243b354dadb1d75e98e47937e5 userId= role=] com.kg.interceptor.TraceIdFilter - HTTP_REQUEST_START method=GET uri=/notification/unread-count query=null requestBody= ip=0:0:0:0:0:0:0:1 userAgent=Mozilla/5.0 (Windows NT 10.0; Win64; x64) AppleWebKit/537.36 (KHTML, like Gecko) Chrome/123.0.0.0 Safari/537.36
2026-07-06 14:50:57.531 [http-nio-8080-exec-10] INFO  [traceId=6746d41ed13b4ccf9cea2a5f672c3aa7 userId= role=] com.kg.interceptor.TraceIdFilter - HTTP_REQUEST_START method=GET uri=/home/stat query=null requestBody= ip=0:0:0:0:0:0:0:1 userAgent=Mozilla/5.0 (Windows NT 10.0; Win64; x64) AppleWebKit/537.36 (KHTML, like Gecko) Chrome/123.0.0.0 Safari/537.36
2026-07-06 14:50:57.536 [http-nio-8080-exec-10] DEBUG [traceId=6746d41ed13b4ccf9cea2a5f672c3aa7 userId= role=] c.k.i.m.SysUserMapper.selectById - ==>  Preparing: SELECT id,account,name,password,role,gender,email,phone,openid,description,teacher_remark,class_id,status,create_by,create_time,update_by,update_time FROM sys_user WHERE id=?
2026-07-06 14:50:57.536 [http-nio-8080-exec-9] DEBUG [traceId=179cd4243b354dadb1d75e98e47937e5 userId= role=] c.k.i.m.SysUserMapper.selectById - ==>  Preparing: SELECT id,account,name,password,role,gender,email,phone,openid,description,teacher_remark,class_id,status,create_by,create_time,update_by,update_time FROM sys_user WHERE id=?
2026-07-06 14:50:57.536 [http-nio-8080-exec-9] DEBUG [traceId=179cd4243b354dadb1d75e98e47937e5 userId= role=] c.k.i.m.SysUserMapper.selectById - ==> Parameters: 21(Long)
2026-07-06 14:50:57.536 [http-nio-8080-exec-10] DEBUG [traceId=6746d41ed13b4ccf9cea2a5f672c3aa7 userId= role=] c.k.i.m.SysUserMapper.selectById - ==> Parameters: 21(Long)
2026-07-06 14:50:57.537 [http-nio-8080-exec-10] DEBUG [traceId=6746d41ed13b4ccf9cea2a5f672c3aa7 userId= role=] c.k.i.m.SysUserMapper.selectById - <==      Total: 1
2026-07-06 14:50:57.537 [http-nio-8080-exec-9] DEBUG [traceId=179cd4243b354dadb1d75e98e47937e5 userId= role=] c.k.i.m.SysUserMapper.selectById - <==      Total: 1
2026-07-06 14:50:57.538 [http-nio-8080-exec-10] DEBUG [traceId=6746d41ed13b4ccf9cea2a5f672c3aa7 userId=21 role=1] c.k.i.m.H.countCurrentTasksForTeacher - ==>  Preparing: SELECT COUNT(*) FROM task WHERE task_start_time <= NOW() AND task_end_time >= NOW()
2026-07-06 14:50:57.538 [http-nio-8080-exec-10] DEBUG [traceId=6746d41ed13b4ccf9cea2a5f672c3aa7 userId=21 role=1] c.k.i.m.H.countCurrentTasksForTeacher - ==> Parameters: 
2026-07-06 14:50:57.539 [http-nio-8080-exec-9] DEBUG [traceId=179cd4243b354dadb1d75e98e47937e5 userId=21 role=1] c.k.i.m.N.selectCount - ==>  Preparing: SELECT COUNT( * ) AS total FROM notification_message WHERE (user_id = ? AND is_read = ? AND status = ? AND notify_time <= ?)
2026-07-06 14:50:57.539 [http-nio-8080-exec-10] DEBUG [traceId=6746d41ed13b4ccf9cea2a5f672c3aa7 userId=21 role=1] c.k.i.m.H.countCurrentTasksForTeacher - <==      Total: 1
2026-07-06 14:50:57.539 [http-nio-8080-exec-9] DEBUG [traceId=179cd4243b354dadb1d75e98e47937e5 userId=21 role=1] c.k.i.m.N.selectCount - ==> Parameters: 21(Long), 0(Integer), 0(String), 2026-07-06T14:50:57.538(LocalDateTime)
2026-07-06 14:50:57.539 [http-nio-8080-exec-10] DEBUG [traceId=6746d41ed13b4ccf9cea2a5f672c3aa7 userId=21 role=1] c.k.i.m.H.countForceTasksForTeacher - ==>  Preparing: SELECT COUNT(*) FROM task WHERE is_mandatory = 1
2026-07-06 14:50:57.540 [http-nio-8080-exec-10] DEBUG [traceId=6746d41ed13b4ccf9cea2a5f672c3aa7 userId=21 role=1] c.k.i.m.H.countForceTasksForTeacher - ==> Parameters: 
2026-07-06 14:50:57.540 [http-nio-8080-exec-10] DEBUG [traceId=6746d41ed13b4ccf9cea2a5f672c3aa7 userId=21 role=1] c.k.i.m.H.countForceTasksForTeacher - <==      Total: 1
2026-07-06 14:50:57.540 [http-nio-8080-exec-10] DEBUG [traceId=6746d41ed13b4ccf9cea2a5f672c3aa7 userId=21 role=1] c.k.i.m.H.countTotalTasksForTeacher - ==>  Preparing: SELECT COUNT(*) FROM task
2026-07-06 14:50:57.540 [http-nio-8080-exec-10] DEBUG [traceId=6746d41ed13b4ccf9cea2a5f672c3aa7 userId=21 role=1] c.k.i.m.H.countTotalTasksForTeacher - ==> Parameters: 
2026-07-06 14:50:57.540 [http-nio-8080-exec-9] DEBUG [traceId=179cd4243b354dadb1d75e98e47937e5 userId=21 role=1] c.k.i.m.N.selectCount - <==      Total: 1
2026-07-06 14:50:57.540 [http-nio-8080-exec-10] DEBUG [traceId=6746d41ed13b4ccf9cea2a5f672c3aa7 userId=21 role=1] c.k.i.m.H.countTotalTasksForTeacher - <==      Total: 1
2026-07-06 14:50:57.542 [http-nio-8080-exec-10] DEBUG [traceId=6746d41ed13b4ccf9cea2a5f672c3aa7 userId=21 role=1] c.k.i.m.H.completionStatsForTeacher - ==>  Preparing: SELECT COUNT(*) AS total, SUM(CASE WHEN tu.status IN ('1','2') THEN 1 ELSE 0 END) AS completed, SUM(CASE WHEN tu.status = '0' THEN 1 ELSE 0 END) AS uncompleted FROM task_user tu JOIN task t ON t.id = tu.task_id
2026-07-06 14:50:57.542 [http-nio-8080-exec-9] INFO  [traceId=179cd4243b354dadb1d75e98e47937e5 userId=21 role=1] com.kg.interceptor.TraceIdFilter - HTTP_REQUEST_END method=GET uri=/notification/unread-count status=200 cost=11ms responseBody={"code":200,"message":"查询成功","data":0}
2026-07-06 14:50:57.542 [http-nio-8080-exec-10] DEBUG [traceId=6746d41ed13b4ccf9cea2a5f672c3aa7 userId=21 role=1] c.k.i.m.H.completionStatsForTeacher - ==> Parameters: 
2026-07-06 14:50:57.543 [http-nio-8080-exec-10] DEBUG [traceId=6746d41ed13b4ccf9cea2a5f672c3aa7 userId=21 role=1] c.k.i.m.H.completionStatsForTeacher - <==      Total: 1
2026-07-06 14:50:57.544 [http-nio-8080-exec-10] DEBUG [traceId=6746d41ed13b4ccf9cea2a5f672c3aa7 userId=21 role=1] c.k.i.m.H.lowCompletedTop3ForTeacher - ==>  Preparing: SELECT t.id AS task_id, t.task_name, t.task_end_time AS end_time, COUNT(*) AS total, SUM(CASE WHEN tu.status IN ('1','2') THEN 1 ELSE 0 END) AS completed, SUM(CASE WHEN tu.status = '0' THEN 1 ELSE 0 END) AS uncompleted FROM task t JOIN task_user tu ON tu.task_id = t.id GROUP BY t.id, t.task_name, t.task_end_time ORDER BY (SUM(CASE WHEN tu.status IN ('1','2') THEN 1 ELSE 0 END) * 1.0 / COUNT(*)) ASC LIMIT 3
2026-07-06 14:50:57.544 [http-nio-8080-exec-10] DEBUG [traceId=6746d41ed13b4ccf9cea2a5f672c3aa7 userId=21 role=1] c.k.i.m.H.lowCompletedTop3ForTeacher - ==> Parameters: 
2026-07-06 14:50:57.546 [http-nio-8080-exec-10] DEBUG [traceId=6746d41ed13b4ccf9cea2a5f672c3aa7 userId=21 role=1] c.k.i.m.H.lowCompletedTop3ForTeacher - <==      Total: 3
2026-07-06 14:50:57.551 [http-nio-8080-exec-10] INFO  [traceId=6746d41ed13b4ccf9cea2a5f672c3aa7 userId=21 role=1] com.kg.interceptor.TraceIdFilter - HTTP_REQUEST_END method=GET uri=/home/stat status=200 cost=20ms responseBody={"code":200,"message":"查询成功","data":{"currentTaskCount":3,"forceTaskCount":74,"totalTaskCount":76,"completedTaskUserCount":33,"unCompletedTaskUserCount":429,"completedRate":7,"lowCompletedTasks":[{"taskId":89,"taskName":"每日复盘","totalUserCount":10,"completedUserCount":0,"unCompletedUserCount":10,"completedRate":0,"endTime":"2026-07-02T23:59"},{"taskId":94,"taskName":"每日打卡","totalUserCount":11,"completedUserCount":0,"unCompletedUserCount":11,"completedRate":0,"endTime":"2026-07-05T23:59"},{"taskId":60,"taskName":"每日打卡","totalUserCount":10,"completedUserCount":0,"unCompletedUserCount":10,"completedRate":0,"endTime":"2026-06-21T23:59"}]}}
2026-07-06 14:50:57.568 [http-nio-8080-exec-2] INFO  [traceId=e7bc1677512d41b4b7d3f1ffa44ca770 userId= role=] com.kg.interceptor.TraceIdFilter - HTTP_REQUEST_START method=GET uri=/class/options query=null requestBody= ip=0:0:0:0:0:0:0:1 userAgent=Mozilla/5.0 (Windows NT 10.0; Win64; x64) AppleWebKit/537.36 (KHTML, like Gecko) Chrome/123.0.0.0 Safari/537.36
2026-07-06 14:50:57.573 [http-nio-8080-exec-2] DEBUG [traceId=e7bc1677512d41b4b7d3f1ffa44ca770 userId= role=] c.k.i.m.SysUserMapper.selectById - ==>  Preparing: SELECT id,account,name,password,role,gender,email,phone,openid,description,teacher_remark,class_id,status,create_by,create_time,update_by,update_time FROM sys_user WHERE id=?
2026-07-06 14:50:57.573 [http-nio-8080-exec-2] DEBUG [traceId=e7bc1677512d41b4b7d3f1ffa44ca770 userId= role=] c.k.i.m.SysUserMapper.selectById - ==> Parameters: 21(Long)
2026-07-06 14:50:57.574 [http-nio-8080-exec-2] DEBUG [traceId=e7bc1677512d41b4b7d3f1ffa44ca770 userId= role=] c.k.i.m.SysUserMapper.selectById - <==      Total: 1
2026-07-06 14:50:57.580 [http-nio-8080-exec-2] DEBUG [traceId=e7bc1677512d41b4b7d3f1ffa44ca770 userId=21 role=1] c.k.i.m.ClassInfoMapper.selectList - ==>  Preparing: SELECT id,class_name,description,status,create_by,create_time,update_by,update_time FROM class_info WHERE (status = ?) ORDER BY class_name ASC
2026-07-06 14:50:57.581 [http-nio-8080-exec-2] DEBUG [traceId=e7bc1677512d41b4b7d3f1ffa44ca770 userId=21 role=1] c.k.i.m.ClassInfoMapper.selectList - ==> Parameters: 1(Integer)
2026-07-06 14:50:57.581 [http-nio-8080-exec-2] DEBUG [traceId=e7bc1677512d41b4b7d3f1ffa44ca770 userId=21 role=1] c.k.i.m.ClassInfoMapper.selectList - <==      Total: 3
2026-07-06 14:50:57.585 [http-nio-8080-exec-2] INFO  [traceId=e7bc1677512d41b4b7d3f1ffa44ca770 userId=21 role=1] com.kg.interceptor.TraceIdFilter - HTTP_REQUEST_END method=GET uri=/class/options status=200 cost=17ms responseBody={"code":200,"message":"查询成功","data":[{"id":8,"className":"1班"},{"id":9,"className":"2班"},{"id":10,"className":"线上学习1班"}]}
2026-07-06 14:50:57.599 [http-nio-8080-exec-3] INFO  [traceId=6d8bcb63909e4119bb3c2606b9904d04 userId= role=] com.kg.interceptor.TraceIdFilter - HTTP_REQUEST_START method=GET uri=/study-phase/calendar query=startDate=2026-07-01&endDate=2026-07-31&classId=8 requestBody= ip=0:0:0:0:0:0:0:1 userAgent=Mozilla/5.0 (Windows NT 10.0; Win64; x64) AppleWebKit/537.36 (KHTML, like Gecko) Chrome/123.0.0.0 Safari/537.36
2026-07-06 14:50:57.603 [http-nio-8080-exec-3] DEBUG [traceId=6d8bcb63909e4119bb3c2606b9904d04 userId= role=] c.k.i.m.SysUserMapper.selectById - ==>  Preparing: SELECT id,account,name,password,role,gender,email,phone,openid,description,teacher_remark,class_id,status,create_by,create_time,update_by,update_time FROM sys_user WHERE id=?
2026-07-06 14:50:57.603 [http-nio-8080-exec-3] DEBUG [traceId=6d8bcb63909e4119bb3c2606b9904d04 userId= role=] c.k.i.m.SysUserMapper.selectById - ==> Parameters: 21(Long)
2026-07-06 14:50:57.604 [http-nio-8080-exec-3] DEBUG [traceId=6d8bcb63909e4119bb3c2606b9904d04 userId= role=] c.k.i.m.SysUserMapper.selectById - <==      Total: 1
2026-07-06 14:50:57.614 [http-nio-8080-exec-3] DEBUG [traceId=6d8bcb63909e4119bb3c2606b9904d04 userId=21 role=1] c.k.i.m.S.selectList - ==>  Preparing: SELECT id,phase_id,class_id,create_time FROM study_phase_class WHERE (class_id = ?)
2026-07-06 14:50:57.614 [http-nio-8080-exec-3] DEBUG [traceId=6d8bcb63909e4119bb3c2606b9904d04 userId=21 role=1] c.k.i.m.S.selectList - ==> Parameters: 8(Long)
2026-07-06 14:50:57.616 [http-nio-8080-exec-3] DEBUG [traceId=6d8bcb63909e4119bb3c2606b9904d04 userId=21 role=1] c.k.i.m.S.selectList - <==      Total: 2
2026-07-06 14:50:57.619 [http-nio-8080-exec-3] DEBUG [traceId=6d8bcb63909e4119bb3c2606b9904d04 userId=21 role=1] c.k.i.m.StudyPhaseMapper.selectList - ==>  Preparing: SELECT id,phase_title,phase_content,start_date,end_date,display_color,status,create_by,create_time,update_by,update_time FROM study_phase WHERE (id IN (?,?) AND status = ? AND start_date <= ? AND end_date >= ?) ORDER BY start_date ASC
2026-07-06 14:50:57.620 [http-nio-8080-exec-3] DEBUG [traceId=6d8bcb63909e4119bb3c2606b9904d04 userId=21 role=1] c.k.i.m.StudyPhaseMapper.selectList - ==> Parameters: 2(Long), 1(Long), 1(Integer), 2026-07-31(LocalDate), 2026-07-01(LocalDate)
2026-07-06 14:50:57.622 [http-nio-8080-exec-3] DEBUG [traceId=6d8bcb63909e4119bb3c2606b9904d04 userId=21 role=1] c.k.i.m.StudyPhaseMapper.selectList - <==      Total: 2
2026-07-06 14:50:57.624 [http-nio-8080-exec-3] DEBUG [traceId=6d8bcb63909e4119bb3c2606b9904d04 userId=21 role=1] c.k.i.m.S.selectList - ==>  Preparing: SELECT id,phase_id,class_id,create_time FROM study_phase_class WHERE (phase_id = ?)
2026-07-06 14:50:57.625 [http-nio-8080-exec-3] DEBUG [traceId=6d8bcb63909e4119bb3c2606b9904d04 userId=21 role=1] c.k.i.m.S.selectList - ==> Parameters: 1(Long)
2026-07-06 14:50:57.626 [http-nio-8080-exec-3] DEBUG [traceId=6d8bcb63909e4119bb3c2606b9904d04 userId=21 role=1] c.k.i.m.S.selectList - <==      Total: 3
2026-07-06 14:50:57.628 [http-nio-8080-exec-3] DEBUG [traceId=6d8bcb63909e4119bb3c2606b9904d04 userId=21 role=1] c.k.i.m.ClassInfoMapper.selectById - ==>  Preparing: SELECT id,class_name,description,status,create_by,create_time,update_by,update_time FROM class_info WHERE id=?
2026-07-06 14:50:57.628 [http-nio-8080-exec-3] DEBUG [traceId=6d8bcb63909e4119bb3c2606b9904d04 userId=21 role=1] c.k.i.m.ClassInfoMapper.selectById - ==> Parameters: 8(Long)
2026-07-06 14:50:57.628 [http-nio-8080-exec-3] DEBUG [traceId=6d8bcb63909e4119bb3c2606b9904d04 userId=21 role=1] c.k.i.m.ClassInfoMapper.selectById - <==      Total: 1
2026-07-06 14:50:57.629 [http-nio-8080-exec-3] DEBUG [traceId=6d8bcb63909e4119bb3c2606b9904d04 userId=21 role=1] c.k.i.m.ClassInfoMapper.selectById - ==>  Preparing: SELECT id,class_name,description,status,create_by,create_time,update_by,update_time FROM class_info WHERE id=?
2026-07-06 14:50:57.629 [http-nio-8080-exec-3] DEBUG [traceId=6d8bcb63909e4119bb3c2606b9904d04 userId=21 role=1] c.k.i.m.ClassInfoMapper.selectById - ==> Parameters: 9(Long)
2026-07-06 14:50:57.630 [http-nio-8080-exec-3] DEBUG [traceId=6d8bcb63909e4119bb3c2606b9904d04 userId=21 role=1] c.k.i.m.ClassInfoMapper.selectById - <==      Total: 1
2026-07-06 14:50:57.630 [http-nio-8080-exec-3] DEBUG [traceId=6d8bcb63909e4119bb3c2606b9904d04 userId=21 role=1] c.k.i.m.ClassInfoMapper.selectById - ==>  Preparing: SELECT id,class_name,description,status,create_by,create_time,update_by,update_time FROM class_info WHERE id=?
2026-07-06 14:50:57.630 [http-nio-8080-exec-3] DEBUG [traceId=6d8bcb63909e4119bb3c2606b9904d04 userId=21 role=1] c.k.i.m.ClassInfoMapper.selectById - ==> Parameters: 10(Long)
2026-07-06 14:50:57.631 [http-nio-8080-exec-3] DEBUG [traceId=6d8bcb63909e4119bb3c2606b9904d04 userId=21 role=1] c.k.i.m.ClassInfoMapper.selectById - <==      Total: 1
2026-07-06 14:50:57.632 [http-nio-8080-exec-3] DEBUG [traceId=6d8bcb63909e4119bb3c2606b9904d04 userId=21 role=1] c.k.i.m.S.selectList - ==>  Preparing: SELECT id,phase_id,class_id,create_time FROM study_phase_class WHERE (phase_id = ?)
2026-07-06 14:50:57.632 [http-nio-8080-exec-3] DEBUG [traceId=6d8bcb63909e4119bb3c2606b9904d04 userId=21 role=1] c.k.i.m.S.selectList - ==> Parameters: 2(Long)
2026-07-06 14:50:57.632 [http-nio-8080-exec-3] DEBUG [traceId=6d8bcb63909e4119bb3c2606b9904d04 userId=21 role=1] c.k.i.m.S.selectList - <==      Total: 1
2026-07-06 14:50:57.632 [http-nio-8080-exec-3] DEBUG [traceId=6d8bcb63909e4119bb3c2606b9904d04 userId=21 role=1] c.k.i.m.ClassInfoMapper.selectById - ==>  Preparing: SELECT id,class_name,description,status,create_by,create_time,update_by,update_time FROM class_info WHERE id=?
2026-07-06 14:50:57.632 [http-nio-8080-exec-3] DEBUG [traceId=6d8bcb63909e4119bb3c2606b9904d04 userId=21 role=1] c.k.i.m.ClassInfoMapper.selectById - ==> Parameters: 8(Long)
2026-07-06 14:50:57.633 [http-nio-8080-exec-3] DEBUG [traceId=6d8bcb63909e4119bb3c2606b9904d04 userId=21 role=1] c.k.i.m.ClassInfoMapper.selectById - <==      Total: 1
2026-07-06 14:50:57.636 [http-nio-8080-exec-3] INFO  [traceId=6d8bcb63909e4119bb3c2606b9904d04 userId=21 role=1] com.kg.interceptor.TraceIdFilter - HTTP_REQUEST_END method=GET uri=/study-phase/calendar status=200 cost=37ms responseBody={"code":200,"message":"查询成功","data":[{"id":1,"phaseTitle":"测试阶段","phaseContent":"这是一条描述","startDate":"2026-07-01","endDate":"2026-07-03","displayColor":"#ee6262","status":1,"classIds":[8,9,10],"classNames":["1班","2班","线上学习1班"],"createTime":"2026-07-02 21:13:33"},{"id":2,"phaseTitle":"测试阶段2","phaseContent":"这是测试阶段2的描述","startDate":"2026-07-02","endDate":"2026-07-09","displayColor":"#6367d4","status":1,"classIds":[8],"classNames":["1班"],"createTime":"2026-07-02 21:23:49"}]}
2026-07-06 14:51:04.148 [http-nio-8080-exec-4] INFO  [traceId=df43c52865df4a47bcdf6049ddb71f7a userId= role=] com.kg.interceptor.TraceIdFilter - HTTP_REQUEST_START method=POST uri=/auth/login query=null requestBody={"account":"root","password":"000000"} ip=0:0:0:0:0:0:0:1 userAgent=Mozilla/5.0 (Windows NT 10.0; Win64; x64) AppleWebKit/537.36 (KHTML, like Gecko) Chrome/123.0.0.0 Safari/537.36
2026-07-06 14:51:04.152 [http-nio-8080-exec-4] DEBUG [traceId=df43c52865df4a47bcdf6049ddb71f7a userId= role=] c.k.i.m.SysUserMapper.selectList - ==>  Preparing: SELECT id,account,name,password,role,gender,email,phone,openid,description,teacher_remark,class_id,status,create_by,create_time,update_by,update_time FROM sys_user WHERE (account = ?)
2026-07-06 14:51:04.152 [http-nio-8080-exec-4] DEBUG [traceId=df43c52865df4a47bcdf6049ddb71f7a userId= role=] c.k.i.m.SysUserMapper.selectList - ==> Parameters: root(String)
2026-07-06 14:51:04.153 [http-nio-8080-exec-4] DEBUG [traceId=df43c52865df4a47bcdf6049ddb71f7a userId= role=] c.k.i.m.SysUserMapper.selectList - <==      Total: 1
2026-07-06 14:51:04.212 [http-nio-8080-exec-4] INFO  [traceId=df43c52865df4a47bcdf6049ddb71f7a userId= role=] c.k.a.service.AuthApplicationService - 登录成功: userId=21, account=root, role=1
2026-07-06 14:51:04.213 [http-nio-8080-exec-4] INFO  [traceId=df43c52865df4a47bcdf6049ddb71f7a userId= role=] com.kg.interceptor.TraceIdFilter - HTTP_REQUEST_END method=POST uri=/auth/login status=200 cost=65ms responseBody={"code":200,"message":"登录成功","data":{"token":"eyJhbGciOiJIUzI1NiJ9.eyJyb2xlIjoiMSIsInN1YiI6IjIxIiwiaWF0IjoxNzgzMzIwNjY0LCJleHAiOjE3ODM0MDcwNjR9.aeUtlELVVVOJmJa1V5AvV8ksnG_-aHD7inGZGZ_3Nm0","userId":21,"account":"root","name":"管理员","role":"1","classId":null,"className":""}}
2026-07-06 14:51:04.267 [http-nio-8080-exec-8] INFO  [traceId=1a23b1875d3446e7b8421d2eb1723a67 userId= role=] com.kg.interceptor.TraceIdFilter - HTTP_REQUEST_START method=GET uri=/home/stat query=null requestBody= ip=0:0:0:0:0:0:0:1 userAgent=Mozilla/5.0 (Windows NT 10.0; Win64; x64) AppleWebKit/537.36 (KHTML, like Gecko) Chrome/123.0.0.0 Safari/537.36
2026-07-06 14:51:04.267 [http-nio-8080-exec-5] INFO  [traceId=c91760224f43459a9f2371abe3b5b364 userId= role=] com.kg.interceptor.TraceIdFilter - HTTP_REQUEST_START method=GET uri=/notification/unread-count query=null requestBody= ip=0:0:0:0:0:0:0:1 userAgent=Mozilla/5.0 (Windows NT 10.0; Win64; x64) AppleWebKit/537.36 (KHTML, like Gecko) Chrome/123.0.0.0 Safari/537.36
2026-07-06 14:51:04.270 [http-nio-8080-exec-8] DEBUG [traceId=1a23b1875d3446e7b8421d2eb1723a67 userId= role=] c.k.i.m.SysUserMapper.selectById - ==>  Preparing: SELECT id,account,name,password,role,gender,email,phone,openid,description,teacher_remark,class_id,status,create_by,create_time,update_by,update_time FROM sys_user WHERE id=?
2026-07-06 14:51:04.270 [http-nio-8080-exec-8] DEBUG [traceId=1a23b1875d3446e7b8421d2eb1723a67 userId= role=] c.k.i.m.SysUserMapper.selectById - ==> Parameters: 21(Long)
2026-07-06 14:51:04.270 [http-nio-8080-exec-5] DEBUG [traceId=c91760224f43459a9f2371abe3b5b364 userId= role=] c.k.i.m.SysUserMapper.selectById - ==>  Preparing: SELECT id,account,name,password,role,gender,email,phone,openid,description,teacher_remark,class_id,status,create_by,create_time,update_by,update_time FROM sys_user WHERE id=?
2026-07-06 14:51:04.270 [http-nio-8080-exec-5] DEBUG [traceId=c91760224f43459a9f2371abe3b5b364 userId= role=] c.k.i.m.SysUserMapper.selectById - ==> Parameters: 21(Long)
2026-07-06 14:51:04.272 [http-nio-8080-exec-8] DEBUG [traceId=1a23b1875d3446e7b8421d2eb1723a67 userId= role=] c.k.i.m.SysUserMapper.selectById - <==      Total: 1
2026-07-06 14:51:04.272 [http-nio-8080-exec-5] DEBUG [traceId=c91760224f43459a9f2371abe3b5b364 userId= role=] c.k.i.m.SysUserMapper.selectById - <==      Total: 1
2026-07-06 14:51:04.272 [http-nio-8080-exec-8] DEBUG [traceId=1a23b1875d3446e7b8421d2eb1723a67 userId=21 role=1] c.k.i.m.H.countCurrentTasksForTeacher - ==>  Preparing: SELECT COUNT(*) FROM task WHERE task_start_time <= NOW() AND task_end_time >= NOW()
2026-07-06 14:51:04.272 [http-nio-8080-exec-8] DEBUG [traceId=1a23b1875d3446e7b8421d2eb1723a67 userId=21 role=1] c.k.i.m.H.countCurrentTasksForTeacher - ==> Parameters: 
2026-07-06 14:51:04.272 [http-nio-8080-exec-5] DEBUG [traceId=c91760224f43459a9f2371abe3b5b364 userId=21 role=1] c.k.i.m.N.selectCount - ==>  Preparing: SELECT COUNT( * ) AS total FROM notification_message WHERE (user_id = ? AND is_read = ? AND status = ? AND notify_time <= ?)
2026-07-06 14:51:04.273 [http-nio-8080-exec-8] DEBUG [traceId=1a23b1875d3446e7b8421d2eb1723a67 userId=21 role=1] c.k.i.m.H.countCurrentTasksForTeacher - <==      Total: 1
2026-07-06 14:51:04.273 [http-nio-8080-exec-5] DEBUG [traceId=c91760224f43459a9f2371abe3b5b364 userId=21 role=1] c.k.i.m.N.selectCount - ==> Parameters: 21(Long), 0(Integer), 0(String), 2026-07-06T14:51:04.272(LocalDateTime)
2026-07-06 14:51:04.273 [http-nio-8080-exec-8] DEBUG [traceId=1a23b1875d3446e7b8421d2eb1723a67 userId=21 role=1] c.k.i.m.H.countForceTasksForTeacher - ==>  Preparing: SELECT COUNT(*) FROM task WHERE is_mandatory = 1
2026-07-06 14:51:04.273 [http-nio-8080-exec-8] DEBUG [traceId=1a23b1875d3446e7b8421d2eb1723a67 userId=21 role=1] c.k.i.m.H.countForceTasksForTeacher - ==> Parameters: 
2026-07-06 14:51:04.273 [http-nio-8080-exec-8] DEBUG [traceId=1a23b1875d3446e7b8421d2eb1723a67 userId=21 role=1] c.k.i.m.H.countForceTasksForTeacher - <==      Total: 1
2026-07-06 14:51:04.273 [http-nio-8080-exec-5] DEBUG [traceId=c91760224f43459a9f2371abe3b5b364 userId=21 role=1] c.k.i.m.N.selectCount - <==      Total: 1
2026-07-06 14:51:04.273 [http-nio-8080-exec-8] DEBUG [traceId=1a23b1875d3446e7b8421d2eb1723a67 userId=21 role=1] c.k.i.m.H.countTotalTasksForTeacher - ==>  Preparing: SELECT COUNT(*) FROM task
2026-07-06 14:51:04.273 [http-nio-8080-exec-8] DEBUG [traceId=1a23b1875d3446e7b8421d2eb1723a67 userId=21 role=1] c.k.i.m.H.countTotalTasksForTeacher - ==> Parameters: 
2026-07-06 14:51:04.274 [http-nio-8080-exec-8] DEBUG [traceId=1a23b1875d3446e7b8421d2eb1723a67 userId=21 role=1] c.k.i.m.H.countTotalTasksForTeacher - <==      Total: 1
2026-07-06 14:51:04.274 [http-nio-8080-exec-5] INFO  [traceId=c91760224f43459a9f2371abe3b5b364 userId=21 role=1] com.kg.interceptor.TraceIdFilter - HTTP_REQUEST_END method=GET uri=/notification/unread-count status=200 cost=7ms responseBody={"code":200,"message":"查询成功","data":0}
2026-07-06 14:51:04.274 [http-nio-8080-exec-8] DEBUG [traceId=1a23b1875d3446e7b8421d2eb1723a67 userId=21 role=1] c.k.i.m.H.completionStatsForTeacher - ==>  Preparing: SELECT COUNT(*) AS total, SUM(CASE WHEN tu.status IN ('1','2') THEN 1 ELSE 0 END) AS completed, SUM(CASE WHEN tu.status = '0' THEN 1 ELSE 0 END) AS uncompleted FROM task_user tu JOIN task t ON t.id = tu.task_id
2026-07-06 14:51:04.274 [http-nio-8080-exec-8] DEBUG [traceId=1a23b1875d3446e7b8421d2eb1723a67 userId=21 role=1] c.k.i.m.H.completionStatsForTeacher - ==> Parameters: 
2026-07-06 14:51:04.276 [http-nio-8080-exec-8] DEBUG [traceId=1a23b1875d3446e7b8421d2eb1723a67 userId=21 role=1] c.k.i.m.H.completionStatsForTeacher - <==      Total: 1
2026-07-06 14:51:04.276 [http-nio-8080-exec-8] DEBUG [traceId=1a23b1875d3446e7b8421d2eb1723a67 userId=21 role=1] c.k.i.m.H.lowCompletedTop3ForTeacher - ==>  Preparing: SELECT t.id AS task_id, t.task_name, t.task_end_time AS end_time, COUNT(*) AS total, SUM(CASE WHEN tu.status IN ('1','2') THEN 1 ELSE 0 END) AS completed, SUM(CASE WHEN tu.status = '0' THEN 1 ELSE 0 END) AS uncompleted FROM task t JOIN task_user tu ON tu.task_id = t.id GROUP BY t.id, t.task_name, t.task_end_time ORDER BY (SUM(CASE WHEN tu.status IN ('1','2') THEN 1 ELSE 0 END) * 1.0 / COUNT(*)) ASC LIMIT 3
2026-07-06 14:51:04.276 [http-nio-8080-exec-8] DEBUG [traceId=1a23b1875d3446e7b8421d2eb1723a67 userId=21 role=1] c.k.i.m.H.lowCompletedTop3ForTeacher - ==> Parameters: 
2026-07-06 14:51:04.279 [http-nio-8080-exec-8] DEBUG [traceId=1a23b1875d3446e7b8421d2eb1723a67 userId=21 role=1] c.k.i.m.H.lowCompletedTop3ForTeacher - <==      Total: 3
2026-07-06 14:51:04.280 [http-nio-8080-exec-8] INFO  [traceId=1a23b1875d3446e7b8421d2eb1723a67 userId=21 role=1] com.kg.interceptor.TraceIdFilter - HTTP_REQUEST_END method=GET uri=/home/stat status=200 cost=13ms responseBody={"code":200,"message":"查询成功","data":{"currentTaskCount":3,"forceTaskCount":74,"totalTaskCount":76,"completedTaskUserCount":33,"unCompletedTaskUserCount":429,"completedRate":7,"lowCompletedTasks":[{"taskId":89,"taskName":"每日复盘","totalUserCount":10,"completedUserCount":0,"unCompletedUserCount":10,"completedRate":0,"endTime":"2026-07-02T23:59"},{"taskId":94,"taskName":"每日打卡","totalUserCount":11,"completedUserCount":0,"unCompletedUserCount":11,"completedRate":0,"endTime":"2026-07-05T23:59"},{"taskId":60,"taskName":"每日打卡","totalUserCount":10,"completedUserCount":0,"unCompletedUserCount":10,"completedRate":0,"endTime":"2026-06-21T23:59"}]}}
2026-07-06 14:51:04.297 [http-nio-8080-exec-6] INFO  [traceId=e7c12da3227545a0839eacbef4010843 userId= role=] com.kg.interceptor.TraceIdFilter - HTTP_REQUEST_START method=GET uri=/class/options query=null requestBody= ip=0:0:0:0:0:0:0:1 userAgent=Mozilla/5.0 (Windows NT 10.0; Win64; x64) AppleWebKit/537.36 (KHTML, like Gecko) Chrome/123.0.0.0 Safari/537.36
2026-07-06 14:51:04.301 [http-nio-8080-exec-6] DEBUG [traceId=e7c12da3227545a0839eacbef4010843 userId= role=] c.k.i.m.SysUserMapper.selectById - ==>  Preparing: SELECT id,account,name,password,role,gender,email,phone,openid,description,teacher_remark,class_id,status,create_by,create_time,update_by,update_time FROM sys_user WHERE id=?
2026-07-06 14:51:04.301 [http-nio-8080-exec-6] DEBUG [traceId=e7c12da3227545a0839eacbef4010843 userId= role=] c.k.i.m.SysUserMapper.selectById - ==> Parameters: 21(Long)
2026-07-06 14:51:04.302 [http-nio-8080-exec-6] DEBUG [traceId=e7c12da3227545a0839eacbef4010843 userId= role=] c.k.i.m.SysUserMapper.selectById - <==      Total: 1
2026-07-06 14:51:04.303 [http-nio-8080-exec-6] DEBUG [traceId=e7c12da3227545a0839eacbef4010843 userId=21 role=1] c.k.i.m.ClassInfoMapper.selectList - ==>  Preparing: SELECT id,class_name,description,status,create_by,create_time,update_by,update_time FROM class_info WHERE (status = ?) ORDER BY class_name ASC
2026-07-06 14:51:04.303 [http-nio-8080-exec-6] DEBUG [traceId=e7c12da3227545a0839eacbef4010843 userId=21 role=1] c.k.i.m.ClassInfoMapper.selectList - ==> Parameters: 1(Integer)
2026-07-06 14:51:04.304 [http-nio-8080-exec-6] DEBUG [traceId=e7c12da3227545a0839eacbef4010843 userId=21 role=1] c.k.i.m.ClassInfoMapper.selectList - <==      Total: 3
2026-07-06 14:51:04.305 [http-nio-8080-exec-6] INFO  [traceId=e7c12da3227545a0839eacbef4010843 userId=21 role=1] com.kg.interceptor.TraceIdFilter - HTTP_REQUEST_END method=GET uri=/class/options status=200 cost=8ms responseBody={"code":200,"message":"查询成功","data":[{"id":8,"className":"1班"},{"id":9,"className":"2班"},{"id":10,"className":"线上学习1班"}]}
2026-07-06 14:51:04.322 [http-nio-8080-exec-7] INFO  [traceId=49087667482f4e23a4b86707847d9a85 userId= role=] com.kg.interceptor.TraceIdFilter - HTTP_REQUEST_START method=GET uri=/study-phase/calendar query=startDate=2026-07-01&endDate=2026-07-31&classId=8 requestBody= ip=0:0:0:0:0:0:0:1 userAgent=Mozilla/5.0 (Windows NT 10.0; Win64; x64) AppleWebKit/537.36 (KHTML, like Gecko) Chrome/123.0.0.0 Safari/537.36
2026-07-06 14:51:04.325 [http-nio-8080-exec-7] DEBUG [traceId=49087667482f4e23a4b86707847d9a85 userId= role=] c.k.i.m.SysUserMapper.selectById - ==>  Preparing: SELECT id,account,name,password,role,gender,email,phone,openid,description,teacher_remark,class_id,status,create_by,create_time,update_by,update_time FROM sys_user WHERE id=?
2026-07-06 14:51:04.326 [http-nio-8080-exec-7] DEBUG [traceId=49087667482f4e23a4b86707847d9a85 userId= role=] c.k.i.m.SysUserMapper.selectById - ==> Parameters: 21(Long)
2026-07-06 14:51:04.327 [http-nio-8080-exec-7] DEBUG [traceId=49087667482f4e23a4b86707847d9a85 userId= role=] c.k.i.m.SysUserMapper.selectById - <==      Total: 1
2026-07-06 14:51:04.328 [http-nio-8080-exec-7] DEBUG [traceId=49087667482f4e23a4b86707847d9a85 userId=21 role=1] c.k.i.m.S.selectList - ==>  Preparing: SELECT id,phase_id,class_id,create_time FROM study_phase_class WHERE (class_id = ?)
2026-07-06 14:51:04.328 [http-nio-8080-exec-7] DEBUG [traceId=49087667482f4e23a4b86707847d9a85 userId=21 role=1] c.k.i.m.S.selectList - ==> Parameters: 8(Long)
2026-07-06 14:51:04.332 [http-nio-8080-exec-7] DEBUG [traceId=49087667482f4e23a4b86707847d9a85 userId=21 role=1] c.k.i.m.S.selectList - <==      Total: 2
2026-07-06 14:51:04.332 [http-nio-8080-exec-7] DEBUG [traceId=49087667482f4e23a4b86707847d9a85 userId=21 role=1] c.k.i.m.StudyPhaseMapper.selectList - ==>  Preparing: SELECT id,phase_title,phase_content,start_date,end_date,display_color,status,create_by,create_time,update_by,update_time FROM study_phase WHERE (id IN (?,?) AND status = ? AND start_date <= ? AND end_date >= ?) ORDER BY start_date ASC
2026-07-06 14:51:04.332 [http-nio-8080-exec-7] DEBUG [traceId=49087667482f4e23a4b86707847d9a85 userId=21 role=1] c.k.i.m.StudyPhaseMapper.selectList - ==> Parameters: 2(Long), 1(Long), 1(Integer), 2026-07-31(LocalDate), 2026-07-01(LocalDate)
2026-07-06 14:51:04.337 [http-nio-8080-exec-7] DEBUG [traceId=49087667482f4e23a4b86707847d9a85 userId=21 role=1] c.k.i.m.StudyPhaseMapper.selectList - <==      Total: 2
2026-07-06 14:51:04.338 [http-nio-8080-exec-7] DEBUG [traceId=49087667482f4e23a4b86707847d9a85 userId=21 role=1] c.k.i.m.S.selectList - ==>  Preparing: SELECT id,phase_id,class_id,create_time FROM study_phase_class WHERE (phase_id = ?)
2026-07-06 14:51:04.338 [http-nio-8080-exec-7] DEBUG [traceId=49087667482f4e23a4b86707847d9a85 userId=21 role=1] c.k.i.m.S.selectList - ==> Parameters: 1(Long)
2026-07-06 14:51:04.339 [http-nio-8080-exec-7] DEBUG [traceId=49087667482f4e23a4b86707847d9a85 userId=21 role=1] c.k.i.m.S.selectList - <==      Total: 3
2026-07-06 14:51:04.339 [http-nio-8080-exec-7] DEBUG [traceId=49087667482f4e23a4b86707847d9a85 userId=21 role=1] c.k.i.m.ClassInfoMapper.selectById - ==>  Preparing: SELECT id,class_name,description,status,create_by,create_time,update_by,update_time FROM class_info WHERE id=?
2026-07-06 14:51:04.339 [http-nio-8080-exec-7] DEBUG [traceId=49087667482f4e23a4b86707847d9a85 userId=21 role=1] c.k.i.m.ClassInfoMapper.selectById - ==> Parameters: 8(Long)
2026-07-06 14:51:04.340 [http-nio-8080-exec-7] DEBUG [traceId=49087667482f4e23a4b86707847d9a85 userId=21 role=1] c.k.i.m.ClassInfoMapper.selectById - <==      Total: 1
2026-07-06 14:51:04.340 [http-nio-8080-exec-7] DEBUG [traceId=49087667482f4e23a4b86707847d9a85 userId=21 role=1] c.k.i.m.ClassInfoMapper.selectById - ==>  Preparing: SELECT id,class_name,description,status,create_by,create_time,update_by,update_time FROM class_info WHERE id=?
2026-07-06 14:51:04.340 [http-nio-8080-exec-7] DEBUG [traceId=49087667482f4e23a4b86707847d9a85 userId=21 role=1] c.k.i.m.ClassInfoMapper.selectById - ==> Parameters: 9(Long)
2026-07-06 14:51:04.340 [http-nio-8080-exec-7] DEBUG [traceId=49087667482f4e23a4b86707847d9a85 userId=21 role=1] c.k.i.m.ClassInfoMapper.selectById - <==      Total: 1
2026-07-06 14:51:04.340 [http-nio-8080-exec-7] DEBUG [traceId=49087667482f4e23a4b86707847d9a85 userId=21 role=1] c.k.i.m.ClassInfoMapper.selectById - ==>  Preparing: SELECT id,class_name,description,status,create_by,create_time,update_by,update_time FROM class_info WHERE id=?
2026-07-06 14:51:04.341 [http-nio-8080-exec-7] DEBUG [traceId=49087667482f4e23a4b86707847d9a85 userId=21 role=1] c.k.i.m.ClassInfoMapper.selectById - ==> Parameters: 10(Long)
2026-07-06 14:51:04.341 [http-nio-8080-exec-7] DEBUG [traceId=49087667482f4e23a4b86707847d9a85 userId=21 role=1] c.k.i.m.ClassInfoMapper.selectById - <==      Total: 1
2026-07-06 14:51:04.342 [http-nio-8080-exec-7] DEBUG [traceId=49087667482f4e23a4b86707847d9a85 userId=21 role=1] c.k.i.m.S.selectList - ==>  Preparing: SELECT id,phase_id,class_id,create_time FROM study_phase_class WHERE (phase_id = ?)
2026-07-06 14:51:04.342 [http-nio-8080-exec-7] DEBUG [traceId=49087667482f4e23a4b86707847d9a85 userId=21 role=1] c.k.i.m.S.selectList - ==> Parameters: 2(Long)
2026-07-06 14:51:04.342 [http-nio-8080-exec-7] DEBUG [traceId=49087667482f4e23a4b86707847d9a85 userId=21 role=1] c.k.i.m.S.selectList - <==      Total: 1
2026-07-06 14:51:04.343 [http-nio-8080-exec-7] DEBUG [traceId=49087667482f4e23a4b86707847d9a85 userId=21 role=1] c.k.i.m.ClassInfoMapper.selectById - ==>  Preparing: SELECT id,class_name,description,status,create_by,create_time,update_by,update_time FROM class_info WHERE id=?
2026-07-06 14:51:04.343 [http-nio-8080-exec-7] DEBUG [traceId=49087667482f4e23a4b86707847d9a85 userId=21 role=1] c.k.i.m.ClassInfoMapper.selectById - ==> Parameters: 8(Long)
2026-07-06 14:51:04.343 [http-nio-8080-exec-7] DEBUG [traceId=49087667482f4e23a4b86707847d9a85 userId=21 role=1] c.k.i.m.ClassInfoMapper.selectById - <==      Total: 1
2026-07-06 14:51:04.345 [http-nio-8080-exec-7] INFO  [traceId=49087667482f4e23a4b86707847d9a85 userId=21 role=1] com.kg.interceptor.TraceIdFilter - HTTP_REQUEST_END method=GET uri=/study-phase/calendar status=200 cost=23ms responseBody={"code":200,"message":"查询成功","data":[{"id":1,"phaseTitle":"测试阶段","phaseContent":"这是一条描述","startDate":"2026-07-01","endDate":"2026-07-03","displayColor":"#ee6262","status":1,"classIds":[8,9,10],"classNames":["1班","2班","线上学习1班"],"createTime":"2026-07-02 21:13:33"},{"id":2,"phaseTitle":"测试阶段2","phaseContent":"这是测试阶段2的描述","startDate":"2026-07-02","endDate":"2026-07-09","displayColor":"#6367d4","status":1,"classIds":[8],"classNames":["1班"],"createTime":"2026-07-02 21:23:49"}]}
